id;count;sample:E00944163-S0001plqA-A0000Rep1_IonCode_0229;sample:E00944164-S0001plqA-A0000Rep1_IonCode_0230;sample:E00944165-S0001plqA-A0000Rep1_IonCode_0231;sample:E00944166-S0001plqA-A0000Rep1_IonCode_0232;sample:E00944168-S0001plqA-A0000Rep1_IonCode_0233;sample:E00944194-S0001plqA-A0000Rep1_IonCode_0234;sample:E00944195-S0001plqA-A0000Rep1_IonCode_0235;sample:E00944196-S0001plqA-A0000Rep1_IonCode_0236;sample:E00944200-S0001plqA-A0000Rep1_IonCode_0237;sample:E00944201-S0001plqA-A0000Rep1_IonCode_0238;sample:E00944202-S0001plqA-A0000Rep1_IonCode_0239;sample:E00944203-S0001plqA-A0000Rep1_IonCode_0240;sample:E00944205-S0001plqA-A0000Rep1_IonCode_0242;sample:E00944206-S0001plqA-A0000Rep1_IonCode_0243;sample:E00944208-S0001plqA-A0000Rep1_IonCode_0244;sample:E00944209-S0001plqA-A0000Rep1_IonCode_0245;sample:E00944210-S0001plqA-A0000Rep1_IonCode_0246;sample:E00944211-S0001plqA-A0000Rep1_IonCode_0247;sample:E00944213-S0001plqA-A0000Rep1_IonCode_0248;sample:E00944215-S0001plqA-A0000Rep1_IonCode_0249;sample:E00944217-S0001plqA-A0000Rep1_IonCode_0250;sample:E00944218-S0001plqA-A0000Rep1_IonCode_0251;sample:E00944563-S0001plqA-A0000Rep1_IonCode_0266;sample:E00944564-S0001plqA-A0000Rep1_IonCode_0267;sample:E00963479-S0001plqA-A0000Rep1_IonCode_0202;sample:E00963480-S0001plqA-A0000Rep1_IonCode_0203;sample:E00963481-S0001plqA-A0000Rep1_IonCode_0204;sample:E00963487-S0001plqA-A0000Rep1_IonCode_0205;sample:E00963489-S0001plqA-A0000Rep1_IonCode_0206;sample:E00963503-S0001plqA-A0000Rep1_IonCode_0207;sample:E00963504-S0001plqA-A0000Rep1_IonCode_0208;sample:E00963513-S0001plqA-A0000Rep1_IonCode_0209;sample:E00963514-S0001plqA-A0000Rep1_IonCode_0210;sample:E00963678-S0001plqA-A0000Rep1_IonCode_0211;sample:E00963680-S0001plqA-A0000Rep1_IonCode_0212;sample:E00963683-S0001plqA-A0000Rep1_IonCode_0213;sample:E00963715-S0001plqA-A0000Rep1_IonCode_0268;sample:E00963717-S0001plqA-A0000Rep1_IonCode_0269;sample:E00963721-S0001plqA-A0000Rep1_IonCode_0270;sample:E00963722-S0001plqA-A0000Rep1_IonCode_0271;sample:E00963725-S0001plqA-A0000Rep1_IonCode_0272;sample:E00963726-S0001plqA-A0000Rep1_IonCode_0273;sample:E00963727-S0001plqA-A0000Rep1_IonCode_0274;sample:E00963728-S0001plqA-A0000Rep1_IonCode_0275;sample:E00963729-S0001plqA-A0000Rep1_IonCode_0276;sample:E00963731-S0001plqA-A0000Rep1_IonCode_0277;sample:E00963732-S0001plqA-A0000Rep1_IonCode_0278;sample:E00963734-S0001plqA-A0000Rep1_IonCode_0280;sample:E00963736-S0001plqA-A0000Rep1_IonCode_0282;sample:E00963738-S0001plqA-A0000Rep1_IonCode_0283;sample:E00963739-S0001plqA-A0000Rep1_IonCode_0284;sample:E00963744-S0001plqA-A0000Rep1_IonCode_0252;sample:E00963749-S0001plqA-A0000Rep1_IonCode_0253;sample:E00963754-S0001plqA-A0000Rep1_IonCode_0254;sample:E00963758-S0001plqA-A0000Rep1_IonCode_0255;sample:E00963760-S0001plqA-A0000Rep1_IonCode_0256;sample:E00963814-S0001plqA-A0000Rep1_IonCode_0257;sample:E00963840-S0001plqA-A0000Rep1_IonCode_0285;sample:E00963841-S0001plqA-A0000Rep1_IonCode_0286;sample:E00963849-S0001plqA-A0000Rep1_IonCode_0287;sample:E00963851-S0001plqA-A0000Rep1_IonCode_0288;sample:E00963854-S0001plqA-A0000Rep1_IonCode_0289;sample:E00963858-S0001plqA-A0000Rep1_IonCode_0290;sample:E00963860-S0001plqA-A0000Rep1_IonCode_0291;sample:E00963861-S0001plqA-A0000Rep1_IonCode_0292;sample:E00963862-S0001plqA-A0000Rep1_IonCode_0293;sample:E00963863-S0001plqA-A0000Rep1_IonCode_0294;sample:E00963872-S0001plqA-A0000Rep1_IonCode_0215;sample:E00963876-S0001plqA-A0000Rep1_IonCode_0216;sample:E00963878-S0001plqA-A0000Rep1_IonCode_0217;sample:E00963882-S0001plqA-A0000Rep1_IonCode_0218;sample:E00963887-S0001plqA-A0000Rep1_IonCode_0219;sample:E00963888-S0001plqA-A0000Rep1_IonCode_0220;sample:E00982243-S0001plqA-A0000Rep1_IonCode_0258;sample:E00982245-S0001plqA-A0000Rep1_IonCode_0259;sample:E00982261-S0001plqA-A0000Rep1_IonCode_0260;sample:E00982267-S0001plqA-A0000Rep1_IonCode_0261;sample:E00982269-S0001plqA-A0000Rep1_IonCode_0262;sample:E00982272-S0001plqA-A0000Rep1_IonCode_0263;sample:E00982274-S0001plqA-A0000Rep1_IonCode_0264;sample:E00982275-S0001plqA-A0000Rep1_IonCode_0265;sample:E00982461-S0001plqA-A0000Rep1_IonCode_0221;sample:E00982463-S0001plqA-A0000Rep1_IonCode_0222;sample:E00982464-S0001plqA-A0000Rep1_IonCode_0223;sample:E00982467-S0001plqA-A0000Rep1_IonCode_0224;sample:E00982468-S0001plqA-A0000Rep1_IonCode_0225;sample:E00982469-S0001plqA-A0000Rep1_IonCode_0226;sample:E00982473-S0001plqA-A0000Rep1_IonCode_0227;sample:E00982474-S0001plqA-A0000Rep1_IonCode_0228;sample:E00982498-S0001plqA-A0000Rep1_IonCode_0295
P8S2G:04007:06615_SUB_SUB;10995;0;38;202;83;13;45;80;0;396;367;0;13;70;43;0;56;32;399;110;768;21;74;0;0;57;95;28;0;0;33;0;0;12;0;79;0;0;0;619;192;0;0;2;0;0;0;120;198;5;31;189;0;125;32;19;33;281;2;0;69;0;222;1059;27;1360;0;2059;0;0;674;1;0;0;18;29;203;0;120;77;34;0;0;0;0;30;29;0;1;11;10
P8S2G:04016:06614_SUB_SUB;3601;0;0;0;0;0;0;0;0;0;0;0;0;0;0;0;0;0;0;0;0;0;0;0;0;0;0;0;0;0;0;3475;0;0;0;0;0;0;0;0;0;0;0;0;86;0;0;0;0;0;0;0;0;0;0;0;0;0;0;0;0;0;0;0;0;0;0;0;0;0;0;0;0;0;0;0;0;0;0;0;0;0;0;0;26;0;0;0;14;0;0
P8S2G:03999:06681_SUB_SUB;17590;0;33;314;87;8;68;157;0;641;470;0;17;101;45;0;75;55;517;158;787;24;114;2;0;62;176;57;0;0;31;0;0;31;0;109;0;0;0;1065;237;0;0;0;2;0;0;180;360;10;56;307;3;189;49;28;53;557;2;0;110;0;365;1995;33;2215;0;3760;0;0;958;1;0;0;13;46;325;0;238;107;65;0;0;0;0;32;32;0;2;23;33
P8S2G:03984:06701_SUB_SUB;110;0;2;4;21;0;0;0;0;0;83;0;0;0;0;0;0;0;0;0;0;0;0;0;0;0;0;0;0;0;0;0;0;0;0;0;0;0;0;0;0;0;0;0;0;0;0;0;0;0;0;0;0;0;0;0;0;0;0;0;0;0;0;0;0;0;0;0;0;0;0;0;0;0;0;0;0;0;0;0;0;0;0;0;0;0;0;0;0;0;0
P8S2G:04012:06796_SUB_SUB;569;0;12;5;7;1;8;52;0;5;0;0;0;7;15;0;0;0;7;0;5;6;16;13;0;0;0;0;0;0;0;0;50;0;26;0;0;0;0;0;31;1;0;0;0;0;0;0;1;0;77;0;1;22;29;87;8;0;2;0;0;0;0;10;6;0;16;8;0;0;0;0;0;0;20;1;11;0;0;0;0;0;0;0;0;0;0;0;0;0;3
P8S2G:04019:06950_SUB_SUB;2636;0;0;71;33;0;0;0;0;0;0;0;0;0;0;0;0;579;0;0;0;8;0;0;0;0;0;0;0;0;0;0;0;0;0;0;0;0;0;0;0;0;0;0;0;0;0;0;0;0;0;0;170;556;15;12;24;21;0;0;0;0;0;0;0;0;0;0;0;0;1119;0;0;0;12;16;0;0;0;0;0;0;0;0;0;0;0;0;0;0;0
P8S2G:03991:07024_SUB_SUB;1840;0;10;30;9;2;5;13;0;81;38;0;1;11;11;0;9;1;47;12;151;5;7;0;0;11;30;3;0;0;8;0;0;3;0;8;0;0;0;99;42;0;0;0;0;0;0;18;42;1;4;29;0;32;13;7;11;45;0;0;23;0;69;167;11;255;1;258;0;0;86;0;0;0;5;3;41;0;18;19;16;0;0;0;0;4;5;0;0;2;8
P8S2G:04036:06440_SUB_SUB;384;0;1;6;5;1;2;5;0;17;15;0;1;0;2;0;0;2;7;4;43;3;2;0;0;1;6;0;0;0;0;0;0;1;0;2;0;0;0;18;10;0;0;0;0;0;0;4;9;0;1;5;0;6;2;2;2;10;0;0;2;0;19;23;2;42;0;53;0;0;20;0;0;0;1;1;13;0;4;5;1;0;0;0;0;1;0;0;0;1;1
P8S2G:04036:06442_SUB_SUB;21457;0;0;1;0;0;0;0;0;0;0;0;0;0;0;0;0;0;0;0;0;0;0;0;0;2;0;0;0;0;0;0;0;0;0;0;0;0;0;3509;0;0;0;0;0;0;0;0;0;0;0;0;0;0;0;0;0;0;0;0;0;3;0;2;6;1787;1;16145;0;0;1;0;0;0;0;0;0;0;0;0;0;0;0;0;0;0;0;0;0;0;0
P8S2G:04049:06413_SUB_SUB;4232;0;27;93;33;6;15;44;0;178;138;0;2;29;35;0;34;10;151;39;330;15;25;0;0;25;99;10;0;0;10;0;0;7;0;24;0;0;0;178;113;0;0;0;0;0;0;46;89;6;8;52;0;58;38;14;18;70;0;0;64;0;288;320;25;525;0;445;0;0;236;0;0;0;18;8;77;0;50;50;41;0;0;0;0;4;2;0;1;2;7
P8S2G:04044:06815_SUB_SUB;16586;0;69;231;117;20;53;150;0;746;482;0;14;87;54;0;77;34;492;123;687;21;84;0;0;69;292;55;0;0;25;0;0;17;0;90;0;0;0;800;387;0;0;0;0;0;0;195;295;11;30;204;4;284;109;38;54;464;2;0;115;0;1085;1713;51;2264;0;2460;0;0;905;0;0;1;21;46;355;0;209;157;121;0;0;0;0;32;29;0;0;13;43
P8S2G:04076:06806_SUB_SUB;22328;0;119;397;191;21;73;206;0;954;747;0;18;117;84;0;103;59;751;212;1219;44;108;0;0;87;400;51;0;0;52;0;0;30;0;139;0;0;0;1025;576;1;1;1;0;0;0;229;453;15;58;290;7;376;149;52;99;485;3;0;226;0;1212;2104;79;3025;1;2968;0;0;1286;3;0;0;73;43;464;0;291;202;205;0;0;0;0;33;34;1;2;14;60
P8S2G:04044:06978_SUB_SUB;234;0;0;8;3;0;0;0;0;0;0;0;0;0;0;0;0;50;0;0;0;2;0;0;0;0;0;0;0;0;0;0;0;0;0;0;0;0;0;0;0;0;0;0;0;0;0;0;0;0;0;0;20;58;3;0;1;0;0;0;0;0;0;0;0;0;0;0;0;0;85;0;0;0;1;3;0;0;0;0;0;0;0;0;0;0;0;0;0;0;0
P8S2G:04108:06471_SUB_SUB;2110;1;134;4;5;10;0;298;0;226;0;0;0;0;0;0;930;0;339;50;88;0;4;0;0;0;1;0;0;0;0;0;0;0;0;0;0;0;0;0;0;0;0;0;0;0;0;0;0;0;0;0;0;0;0;0;0;0;0;0;0;0;0;0;0;0;0;0;0;0;0;1;0;0;0;0;0;0;19;0;0;0;0;0;0;0;0;0;0;0;0
P8S2G:04110:06620_SUB_SUB;6074;0;247;71;18;10;0;0;0;27;3745;0;0;51;0;0;428;0;29;51;0;1;14;42;0;0;0;0;0;0;0;0;0;0;0;0;0;0;0;0;66;0;0;0;0;0;0;0;56;0;564;13;77;226;25;7;27;49;45;0;0;0;0;87;0;0;0;0;0;0;0;2;0;0;8;12;0;0;19;0;0;0;0;0;0;0;0;0;0;0;57
P8S2G:04118:06631_SUB_SUB;204270;0;306;1439;628;5808;3;3;0;241;1;0;0;429;2;1;79;0;130;975;2;54;37;5333;13832;2272;2487;0;2958;251;1062;364;3244;0;290;3711;2;675;153;2645;4831;995;1210;20233;3;2;744;2396;863;3687;7683;289;252;3474;1110;602;591;25;840;0;2975;5;0;1681;517;4464;4276;6453;2490;3818;9695;429;649;7505;331;402;30131;2079;15000;1522;1721;2156;1;378;122;704;90;3517;965;204;743
P8S2G:04153:06706_SUB_SUB;1154;0;0;0;0;0;0;0;0;0;0;0;0;0;0;0;0;0;0;0;0;0;0;0;0;0;0;0;0;0;0;1136;0;0;0;0;0;0;0;0;0;0;0;0;15;0;0;0;0;0;0;0;0;0;0;0;0;0;0;0;0;0;0;0;0;0;0;0;0;0;0;0;0;0;0;0;0;0;0;0;0;0;0;0;0;0;0;0;3;0;0
P8S2G:04233:06413_SUB_SUB;1221;0;0;0;0;0;0;756;0;0;0;0;0;0;0;0;0;0;0;0;0;0;0;80;0;0;0;0;0;0;0;0;385;0;0;0;0;0;0;0;0;0;0;0;0;0;0;0;0;0;0;0;0;0;0;0;0;0;0;0;0;0;0;0;0;0;0;0;0;0;0;0;0;0;0;0;0;0;0;0;0;0;0;0;0;0;0;0;0;0;0
P8S2G:04208:06556_SUB_SUB;453;0;47;2;2;2;0;76;0;42;0;0;0;0;0;0;187;0;68;5;22;0;0;0;0;0;0;0;0;0;0;0;0;0;0;0;0;0;0;0;0;0;0;0;0;0;0;0;0;0;0;0;0;0;0;0;0;0;0;0;0;0;0;0;0;0;0;0;0;0;0;0;0;0;0;0;0;0;0;0;0;0;0;0;0;0;0;0;0;0;0
P8S2G:04263:06507_SUB_SUB;174;0;2;0;0;0;0;0;0;1;0;0;0;0;0;0;0;0;1;0;0;0;0;0;7;0;0;0;0;0;0;0;0;0;0;0;0;0;0;0;0;0;0;0;0;0;0;0;0;0;0;0;3;79;21;5;36;0;0;0;0;0;0;0;0;0;0;0;0;0;0;0;0;0;0;19;0;0;0;0;0;0;0;0;0;0;0;0;0;0;0
P8S2G:04277:06614_SUB_SUB;1543;0;6;19;13;2;10;14;0;84;44;0;3;4;6;0;4;3;46;8;91;3;4;0;0;9;22;4;0;0;2;0;0;3;0;6;0;0;0;68;43;0;0;0;1;0;0;20;33;0;0;31;1;22;12;1;5;38;1;0;9;1;95;148;6;220;1;231;0;0;64;0;0;0;1;2;36;0;16;7;13;0;0;0;0;2;3;0;0;0;2
P8S2G:04268:06771_SUB_SUB;632;0;176;0;0;0;65;0;0;1;0;0;0;12;99;110;51;0;0;0;0;60;55;0;0;0;0;0;0;0;0;0;0;0;0;0;0;0;0;0;0;0;0;0;0;0;0;0;0;0;2;0;0;0;0;0;0;0;0;0;0;0;0;0;0;0;0;0;0;0;0;0;0;1;0;0;0;0;0;0;0;0;0;0;0;0;0;0;0;0;0
P8S2G:04271:06930_SUB_SUB;6691;0;44;104;58;7;159;584;0;66;0;0;0;141;177;0;0;0;72;4;46;70;185;217;6;0;0;0;0;0;0;0;565;0;397;0;0;0;0;0;305;23;0;0;2;1;0;0;16;0;968;13;5;219;162;968;57;0;0;0;0;0;0;148;62;0;159;250;0;0;0;0;0;0;119;28;172;0;47;0;0;0;0;0;0;0;0;0;0;0;65
P8S2G:04315:06754_SUB_SUB;441;0;0;4;2;1;1;3;0;11;12;0;0;1;0;0;1;0;19;9;28;2;1;0;0;3;8;5;0;0;1;0;0;0;0;2;0;0;0;23;8;0;0;0;0;0;0;6;4;0;1;8;0;3;1;0;1;10;1;0;4;0;15;42;1;61;0;102;0;0;20;0;0;0;0;0;2;0;8;3;0;0;0;0;0;2;1;0;0;0;0
P8S2G:04432:06697_SUB_SUB;1615;0;61;114;38;21;30;165;0;19;382;0;0;14;0;0;283;0;12;6;27;18;23;6;1;0;0;0;61;0;0;0;0;0;0;0;0;0;0;0;0;0;0;0;0;0;0;0;0;0;0;0;1;57;35;13;14;98;0;0;0;0;0;2;0;0;0;0;0;0;0;50;0;0;12;3;34;0;15;0;0;0;0;0;0;0;0;0;0;0;0
P8S2G:04426:06716_SUB_SUB;318;0;14;0;2;0;0;40;0;48;0;0;0;0;0;0;153;0;38;6;13;0;0;0;0;0;1;0;0;0;0;0;0;0;0;0;0;0;0;0;0;0;0;0;0;0;0;0;0;0;0;0;0;0;0;0;0;0;0;0;0;0;0;0;0;0;0;0;0;0;0;0;0;0;0;0;0;0;3;0;0;0;0;0;0;0;0;0;0;0;0
P8S2G:04433:06741_SUB_SUB;421;0;0;0;0;0;0;0;0;0;0;0;0;0;0;0;0;0;0;0;0;0;0;0;0;0;0;0;0;0;0;412;0;0;0;0;0;0;0;0;0;0;0;0;8;0;0;0;0;0;0;0;0;0;0;0;0;0;0;0;0;0;0;0;0;0;0;0;0;0;0;0;0;0;0;0;0;0;0;0;0;0;0;0;1;0;0;0;0;0;0
P8S2G:04395:06893_SUB_SUB;151200;2;8411;200;37;287;3970;2328;0;41;1;0;0;5911;3761;1201;12461;807;54;500;174;5029;3583;66;118;1161;1;0;0;1;4;0;277;0;0;265;3;0;0;664;11538;5996;1813;150;2;1193;0;13;1696;310;40627;172;17;254;129;21;39;28;8;0;439;2;0;1258;7941;732;10774;1762;0;7;0;17;68;360;19;11;3;4160;75;0;0;17;0;0;0;81;0;4;8;0;8138
P8S2G:04388:07015_SUB_SUB;4045;0;0;0;0;0;0;0;0;0;0;0;0;0;0;0;0;0;0;0;0;0;0;0;0;0;0;0;0;0;0;0;0;0;0;0;3648;0;0;0;0;0;0;53;0;0;0;0;0;0;0;0;0;0;0;0;0;0;0;0;0;0;0;0;1;0;0;0;0;0;0;0;343;0;0;0;0;0;0;0;0;0;0;0;0;0;0;0;0;0;0
P8S2G:04461:06740_SUB_SUB;985;0;0;0;0;0;0;0;0;0;0;0;445;0;0;0;0;0;0;3;0;0;0;0;0;0;0;0;0;3;0;0;0;46;0;0;10;75;0;0;0;0;0;0;0;0;0;0;0;42;2;0;0;0;6;0;2;0;5;0;27;0;0;0;0;0;0;0;0;0;0;40;0;0;0;0;0;0;43;0;17;0;0;0;48;2;119;12;3;0;35
P8S2G:04493:06541_SUB_SUB;1057;0;1;14;6;1;8;6;0;41;26;0;0;5;3;0;4;2;41;8;120;3;5;0;0;0;9;0;0;0;3;0;0;1;0;10;0;0;0;57;13;0;0;0;0;0;0;9;22;1;4;27;0;9;2;0;5;29;0;0;5;0;17;103;7;119;0;208;0;0;44;0;0;0;2;1;28;0;9;7;4;0;0;0;0;3;2;0;0;3;0
P8S2G:04645:06785_SUB_SUB;880;0;19;52;23;3;13;81;0;17;134;0;0;23;0;0;144;0;19;2;42;26;21;1;1;0;0;0;15;0;0;0;0;0;0;0;0;0;0;0;0;0;0;0;0;0;0;0;0;0;0;0;2;103;25;15;12;53;0;0;0;0;0;0;0;0;0;0;0;0;0;11;0;0;5;3;13;0;2;0;0;0;0;0;0;0;0;0;0;0;0
P8S2G:04635:06851_SUB_SUB;289;0;20;149;70;4;0;0;0;42;0;0;0;0;0;0;0;0;0;3;0;0;0;0;0;0;0;0;0;0;0;0;0;0;0;0;0;0;0;0;0;0;0;0;0;0;0;0;0;0;0;0;0;0;0;0;0;0;0;0;0;0;0;0;0;0;0;0;0;0;0;1;0;0;0;0;0;0;0;0;0;0;0;0;0;0;0;0;0;0;0
P8S2G:00686:05773_SUB_SUB;453;0;7;14;7;0;3;0;0;18;13;0;1;5;2;0;2;1;9;4;46;2;3;0;0;5;11;1;0;0;0;0;0;4;0;2;0;0;0;9;19;0;0;0;0;0;0;7;9;0;4;8;0;2;3;2;2;9;0;0;6;0;64;27;1;40;0;19;0;0;37;0;0;0;3;0;6;0;5;4;5;0;0;0;0;0;0;0;0;1;1
P8S2G:00696:06007_SUB_SUB;841;0;7;36;132;20;0;0;0;1;642;0;0;0;0;0;0;0;0;0;0;1;0;0;0;0;0;0;0;0;0;0;0;0;0;0;0;0;0;0;0;0;0;0;0;0;0;0;0;0;0;0;0;0;0;0;0;0;0;0;0;0;0;0;0;0;0;0;0;0;0;2;0;0;0;0;0;0;0;0;0;0;0;0;0;0;0;0;0;0;0
P8S2G:00705:06238_SUB_SUB;1719;0;397;55;20;0;185;0;0;143;420;0;0;0;0;0;0;0;174;68;0;166;89;0;0;0;0;0;0;0;0;0;0;0;0;0;0;0;0;0;0;0;0;0;0;0;0;0;0;0;0;0;0;1;0;0;0;0;0;0;0;0;0;0;0;0;0;0;0;0;0;1;0;0;0;0;0;0;0;0;0;0;0;0;0;0;0;0;0;0;0
P8S2G:00740:05912_SUB_SUB;685;0;7;12;12;0;3;2;0;22;18;0;1;8;0;0;5;1;31;3;48;1;0;0;0;6;9;1;0;0;0;0;0;0;0;5;0;0;0;22;29;0;0;0;0;0;0;11;21;0;3;6;0;8;8;2;1;18;0;0;10;0;84;51;1;81;0;48;0;0;58;0;0;0;3;1;9;0;6;3;3;0;0;0;0;3;0;0;0;0;0
P8S2G:00782:06285_SUB_SUB;1090;0;11;30;15;0;3;10;0;41;34;0;0;4;6;0;3;1;35;4;87;3;6;0;0;7;19;2;0;0;3;0;0;3;0;6;0;0;0;32;32;0;0;0;0;0;0;11;27;0;2;8;0;20;2;1;4;16;0;0;25;0;139;78;3;123;1;80;0;0;95;0;0;0;6;2;21;0;10;7;9;0;0;0;0;2;0;0;0;0;1
P8S2G:00778:06347_SUB_SUB;1887;0;45;131;45;29;48;195;0;39;266;0;0;40;11;0;303;0;27;13;70;43;44;8;1;0;0;0;37;0;0;0;0;0;0;0;0;0;0;0;0;0;0;0;0;0;0;0;0;0;0;0;4;138;60;24;17;145;0;0;0;0;0;1;0;0;0;0;0;0;0;25;0;0;7;13;53;0;5;0;0;0;0;0;0;0;0;0;0;0;0
P8S2G:00827:06193_SUB_SUB;15805;0;716;11;4;22;430;225;0;5;0;0;0;651;371;88;1134;65;1;41;14;583;317;9;10;110;0;0;0;0;4;0;30;0;0;28;0;0;0;55;1284;462;129;14;0;94;0;2;191;32;4676;10;1;26;6;1;11;4;2;0;44;0;0;125;1119;61;1179;173;0;0;1;2;4;26;4;1;2;367;5;0;0;0;0;0;0;17;0;0;0;0;806
P8S2G:00978:06113_SUB_SUB;970;0;197;0;0;0;116;0;0;4;0;0;0;31;138;187;70;0;0;0;0;105;112;0;0;0;0;0;0;0;0;0;0;0;0;0;0;0;0;0;0;0;0;0;0;0;0;0;0;0;7;0;0;1;0;0;0;0;0;0;0;0;0;0;0;0;0;0;0;0;0;1;0;0;0;0;0;0;0;0;0;0;0;0;0;0;0;1;0;0;0
P8S2G:00968:06247_SUB_SUB;188;0;6;2;0;0;0;31;0;13;0;0;0;0;0;0;93;0;28;1;14;0;0;0;0;0;0;0;0;0;0;0;0;0;0;0;0;0;0;0;0;0;0;0;0;0;0;0;0;0;0;0;0;0;0;0;0;0;0;0;0;0;0;0;0;0;0;0;0;0;0;0;0;0;0;0;0;0;0;0;0;0;0;0;0;0;0;0;0;0;0
P8S2G:01015:06039_SUB_SUB;133;0;0;0;0;6;0;0;0;0;0;0;0;0;0;0;0;0;0;0;0;0;0;0;0;0;0;0;0;0;0;0;0;0;0;0;0;0;0;0;0;0;0;0;0;0;0;0;117;0;0;0;0;0;0;0;0;0;0;0;1;0;1;1;7;0;0;0;0;0;0;0;0;0;0;0;0;0;0;0;0;0;0;0;0;0;0;0;0;0;0
P8S2G:01054:06031_SUB_SUB;486;0;4;15;6;1;1;7;0;15;19;0;0;2;1;0;4;0;18;5;56;1;4;0;0;2;7;0;0;0;1;0;0;0;0;4;0;0;0;16;10;0;0;0;0;0;0;2;3;1;3;6;1;3;6;3;4;11;0;0;6;0;20;66;1;56;0;43;0;0;35;0;0;0;0;1;5;0;7;1;3;0;0;0;0;0;0;0;0;0;0
P8S2G:01112:06041_SUB_SUB;1642;0;6;31;16;2;6;19;0;55;56;0;0;9;5;0;13;1;58;15;120;2;14;0;0;7;24;2;0;0;4;0;0;3;0;12;0;0;0;68;41;0;0;1;0;0;0;17;50;0;8;25;0;33;14;4;11;40;1;0;16;0;146;113;7;181;0;196;0;0;108;0;0;0;4;2;18;0;17;15;13;0;0;0;0;4;4;0;0;1;4
P8S2G:01121:06239_SUB_SUB;523;0;0;0;0;0;0;0;0;0;0;0;0;0;0;0;0;0;0;1;0;0;0;0;0;0;0;0;0;3;0;0;0;0;136;0;0;132;0;0;0;0;0;0;0;0;0;0;0;11;0;0;0;0;0;0;1;0;0;0;18;0;0;0;0;0;0;42;0;0;0;66;0;0;0;0;0;0;0;0;0;0;0;0;10;6;97;0;0;0;0
P8S2G:01275:05783_SUB_SUB;2291;0;6;13;1;0;0;0;0;24;0;0;0;0;0;0;1609;0;37;18;14;0;7;0;0;0;0;0;0;0;0;0;0;0;0;0;0;0;0;0;0;0;0;0;0;0;0;0;0;0;0;0;0;0;0;0;0;545;0;0;0;0;0;1;0;0;0;0;0;0;0;0;0;0;0;0;13;0;2;0;0;1;0;0;0;0;0;0;0;0;0
P8S2G:01291:06120_SUB_SUB;2230;0;10;46;14;3;6;23;0;111;73;0;3;11;9;0;16;7;83;17;94;5;11;0;0;5;30;4;0;0;3;0;0;2;0;10;0;0;0;116;53;0;0;0;0;0;0;20;37;2;6;22;0;37;9;3;10;67;1;0;14;0;58;233;9;349;0;311;0;0;105;0;0;0;8;5;65;0;28;24;15;0;0;0;0;9;8;0;0;4;6
P8S2G:01299:06214_SUB_SUB;338;0;0;6;2;0;0;7;0;12;15;0;1;0;4;0;3;0;8;4;34;0;4;0;0;1;6;3;0;0;2;0;0;2;0;0;0;0;0;10;14;0;0;0;0;0;0;5;1;0;1;7;1;4;2;0;1;4;0;0;1;0;28;31;0;40;0;31;0;0;13;0;0;0;0;0;13;0;3;6;6;0;0;0;0;2;0;0;0;0;0
P8S2G:00048:02229_SUB_SUB;1711;0;2;29;5;1;8;18;0;71;33;0;3;15;7;0;6;3;53;10;110;1;12;0;0;4;14;6;0;0;4;0;0;2;0;7;0;0;0;111;17;0;0;0;0;0;0;9;31;2;1;38;0;18;5;4;4;56;0;0;6;0;28;182;6;180;1;419;0;0;72;0;0;0;2;1;43;0;20;17;3;0;0;0;0;2;5;0;1;1;2
P8S2G:00036:02415_SUB_SUB;4010;0;13;58;13;3;13;43;0;148;83;0;2;16;14;0;12;11;110;27;149;9;24;0;0;10;50;17;0;0;5;0;0;4;1;18;0;0;0;240;71;0;0;0;0;0;0;42;75;4;8;70;1;59;11;2;12;129;0;0;26;0;164;440;11;528;0;821;0;0;209;0;0;0;5;8;85;0;45;47;16;0;0;0;0;9;11;0;0;1;7
P8S2G:00081:01949_SUB_SUB;2673;0;18;24;25;1;14;24;0;83;68;0;3;8;2;0;17;3;54;24;72;2;8;0;0;11;73;5;0;0;2;0;0;3;0;7;0;0;0;88;87;0;0;0;0;0;0;42;36;1;6;27;0;36;13;2;8;55;0;0;21;0;586;202;5;321;1;298;0;0;123;0;0;0;3;9;42;0;41;17;33;0;0;0;0;10;2;0;0;2;5
P8S2G:00131:02129_SUB_SUB;449;0;86;0;0;0;67;0;0;1;0;0;0;9;61;85;29;0;0;0;0;39;71;0;0;0;0;0;0;0;0;0;0;0;0;0;0;0;0;0;0;0;0;0;0;0;0;0;0;0;0;0;0;1;0;0;0;0;0;0;0;0;0;0;0;0;0;0;0;0;0;0;0;0;0;0;0;0;0;0;0;0;0;0;0;0;0;0;0;0;0
P8S2G:00160:02042_SUB_SUB;3127;0;5;39;18;3;18;20;0;185;70;0;5;24;10;0;15;9;102;23;84;5;15;0;0;9;47;11;0;0;5;0;0;3;0;21;0;0;0;127;51;0;0;0;0;0;0;19;34;2;8;27;1;51;12;3;20;120;0;0;19;0;103;478;4;529;0;389;0;0;188;0;0;0;5;14;77;0;30;22;24;0;0;0;0;5;7;0;0;2;10
P8S2G:00183:02509_SUB_SUB;356;0;1;3;0;0;0;5;0;7;13;0;0;1;2;0;0;1;11;1;27;0;1;0;0;0;4;2;0;0;1;0;0;0;0;3;0;0;0;10;8;0;0;0;0;0;0;2;9;0;0;9;0;4;0;0;0;12;0;0;7;0;8;38;2;38;0;83;0;0;21;0;0;0;0;2;7;0;5;4;2;0;0;0;0;1;0;0;0;0;1
P8S2G:00221:01958_SUB_SUB;286;0;0;1;5;0;4;2;0;13;9;0;0;1;0;0;0;0;5;0;2;2;0;0;0;0;4;0;0;0;1;0;0;0;0;3;0;0;0;5;9;0;0;0;0;0;0;4;2;0;1;2;0;4;1;0;0;9;0;0;3;0;5;50;3;67;0;32;0;0;21;0;0;0;0;1;5;0;2;0;4;0;0;0;0;0;1;0;0;0;3
P8S2G:00238:02277_SUB_SUB;3508;0;116;218;105;51;60;354;0;60;718;0;0;44;2;0;601;0;40;13;60;88;56;10;7;0;0;0;126;0;0;0;0;0;0;0;0;0;0;0;0;0;0;0;0;0;0;0;0;0;0;0;3;199;84;41;37;194;0;0;0;0;0;2;0;0;0;0;0;0;0;56;0;0;13;15;122;0;13;0;0;0;0;0;0;0;0;0;0;0;0
P8S2G:00275:02100_SUB_SUB;232;0;0;1;1;0;2;1;0;6;9;0;0;2;0;0;0;0;9;2;32;0;0;0;0;2;4;0;0;0;1;0;0;0;0;0;0;0;0;12;8;0;0;0;0;0;0;2;8;0;0;3;0;2;4;0;0;4;0;0;0;0;9;13;1;33;0;38;0;0;6;0;0;0;0;0;6;0;7;2;0;0;0;0;0;0;0;0;0;1;1
P8S2G:00290:02078_SUB_SUB;1936;0;9;33;21;2;5;22;0;74;82;0;1;5;16;0;5;5;75;19;105;5;10;0;0;11;20;2;0;0;3;0;0;3;0;11;0;0;0;86;49;0;0;0;0;0;0;26;49;1;5;37;1;31;9;3;4;61;1;0;19;0;113;172;8;212;0;311;0;0;88;0;0;0;5;5;27;0;24;20;10;0;0;0;0;5;4;0;0;2;4
P8S2G:00273:02177_SUB_SUB;902;0;11;26;10;0;2;8;0;26;31;0;2;6;6;0;7;2;36;13;93;1;2;0;0;9;10;1;0;0;6;0;0;0;0;9;0;0;0;29;23;0;0;0;0;0;0;5;24;1;4;11;0;10;5;2;4;17;0;0;15;0;68;50;6;103;0;81;0;0;61;0;0;0;10;2;22;0;11;9;5;0;0;0;0;3;2;0;0;1;1
P8S2G:00360:02148_SUB_SUB;163;0;0;1;0;0;1;2;0;8;1;0;0;0;0;0;0;0;1;0;4;0;0;0;0;1;6;1;0;0;0;0;0;1;0;0;0;0;0;6;2;0;0;0;0;0;0;1;0;0;0;2;0;2;1;0;1;3;0;0;1;0;20;20;2;19;0;26;0;0;25;0;0;0;1;1;0;0;1;1;0;0;0;0;0;1;0;0;0;0;0
P8S2G:00374:02177_SUB_SUB;2779;0;8;32;10;2;21;11;0;104;51;0;3;22;11;0;13;17;67;16;92;2;13;0;0;6;27;14;0;0;5;0;0;7;0;16;0;0;0;169;44;0;0;1;0;0;0;25;38;2;2;41;0;36;5;8;21;75;1;0;9;1;64;360;4;429;0;520;0;0;185;0;0;0;4;8;76;0;38;18;10;0;0;0;0;5;2;0;1;4;3
P8S2G:00352:02317_SUB_SUB;107;0;0;1;0;0;0;1;0;2;0;0;0;0;0;0;0;0;0;1;0;0;1;0;0;0;0;0;0;0;4;0;0;0;0;4;0;0;0;3;0;0;0;0;0;0;0;0;0;0;0;0;0;1;0;0;0;0;0;0;0;0;2;2;0;2;0;1;0;0;82;0;0;0;0;0;0;0;0;0;0;0;0;0;0;0;0;0;0;0;0
P8S2G:00359:02291_SUB_SUB;477;0;0;17;0;0;1;7;0;19;15;0;0;3;3;0;3;0;13;3;34;0;1;0;0;2;3;3;0;0;1;0;0;0;0;3;0;0;0;28;9;0;0;0;0;0;0;3;11;0;4;4;0;3;2;2;1;12;0;0;2;0;15;36;0;57;0;98;0;0;39;0;0;0;0;1;3;0;6;5;1;0;0;0;0;1;1;0;0;1;1
P8S2G:00391:02406_SUB_SUB;558;0;1;12;3;1;5;3;0;18;18;0;1;0;1;0;2;1;17;10;20;4;3;0;0;3;9;1;0;0;0;0;0;0;0;1;0;0;0;35;12;0;0;0;0;0;0;4;11;1;0;11;0;7;3;0;3;13;0;0;8;0;81;42;1;71;0;69;0;0;30;0;0;0;1;0;6;0;5;3;5;0;0;0;0;0;1;0;0;0;1
P8S2G:00363:02552_SUB_SUB;2555;0;9;81;20;3;6;25;0;78;90;0;4;12;14;0;5;10;112;25;231;5;18;0;0;18;29;6;0;0;12;0;0;2;0;24;0;0;0;143;48;0;0;0;0;0;0;26;79;1;8;41;1;19;8;6;12;53;1;0;25;1;105;169;6;256;0;437;0;0;139;2;0;0;10;9;40;0;29;21;13;0;0;0;0;3;1;0;0;0;4
P8S2G:00436:01952_SUB_SUB;1274;0;5;29;5;0;4;12;0;28;46;0;1;6;7;0;5;2;50;12;79;2;11;0;0;8;7;5;0;0;2;0;0;1;0;10;0;0;1;81;12;0;0;0;0;0;0;21;24;2;4;35;0;17;1;3;3;31;1;0;3;0;21;94;2;115;0;340;0;0;73;0;0;0;1;4;19;0;15;8;1;0;0;0;0;2;1;0;0;2;0
P8S2G:00434:02039_SUB_SUB;554;0;4;21;4;0;0;6;0;16;29;0;0;3;6;0;4;2;18;9;44;1;1;0;0;2;11;1;0;0;3;0;0;1;0;5;0;0;0;21;15;0;0;0;0;0;0;8;13;1;4;4;0;6;5;1;0;13;1;0;9;0;42;38;0;37;0;67;0;0;46;1;0;0;3;0;10;0;6;5;5;0;0;0;0;0;0;0;0;0;2
P8S2G:00483:01934_SUB_SUB;362;0;1;6;0;0;2;4;0;12;9;0;0;1;0;0;5;2;4;1;8;1;0;0;0;3;6;1;0;0;1;0;0;0;0;2;0;0;0;14;13;0;0;0;0;0;0;0;5;0;1;1;0;7;1;1;0;12;0;0;1;0;9;51;0;75;0;46;0;0;28;0;0;0;0;3;13;0;2;5;2;0;0;0;0;1;1;0;0;1;0
P8S2G:00478:02184_SUB_SUB;4929;0;17;90;39;5;13;61;0;217;163;0;9;31;24;0;23;14;143;40;244;9;22;0;0;24;64;14;0;0;8;0;0;8;0;33;0;0;0;252;103;0;1;2;0;0;0;72;119;1;9;82;2;70;17;10;18;152;0;0;42;0;109;477;17;649;1;827;0;0;315;0;0;0;6;18;88;0;74;37;18;0;0;0;0;5;4;0;0;4;13
P8S2G:00498:02173_SUB_SUB;173;0;0;7;1;0;0;3;0;3;4;0;0;2;1;0;1;1;2;1;6;0;2;0;0;2;6;0;0;0;1;0;0;0;0;2;0;0;0;6;4;0;0;0;0;0;0;2;4;0;1;4;0;0;2;0;1;6;0;0;2;0;25;10;0;17;0;29;0;0;11;0;0;0;0;0;0;0;3;1;0;0;0;0;0;0;0;0;0;0;0
P8S2G:00473:02394_SUB_SUB;805;0;6;6;5;0;5;3;0;38;13;0;3;2;2;0;7;0;19;4;20;2;2;0;0;6;23;1;0;0;0;0;0;2;0;2;0;0;0;27;28;0;0;0;0;0;0;12;10;0;2;8;0;9;3;0;2;23;0;0;5;0;79;110;1;124;0;79;0;0;52;0;0;0;1;2;21;0;12;12;5;0;0;0;0;4;0;0;0;1;2
P8S2G:00477:02404_SUB_SUB;134;0;1;0;2;0;0;0;0;1;1;0;1;0;0;0;0;0;2;1;1;0;0;0;0;1;4;0;0;0;0;0;0;0;0;0;0;0;0;2;12;0;0;0;0;0;0;3;0;0;0;1;0;2;4;0;0;1;1;0;2;0;69;2;0;7;0;2;0;0;6;0;0;0;1;0;0;0;0;1;3;0;0;0;0;0;0;0;0;0;0
P8S2G:00509:02327_SUB_SUB;308;0;3;3;2;0;0;3;0;18;8;0;0;4;2;0;3;1;8;1;14;1;1;0;0;2;4;1;0;0;0;0;0;0;0;3;0;0;0;9;9;0;0;0;0;0;0;1;5;0;0;2;0;3;2;0;3;8;0;0;3;0;20;33;2;55;0;26;0;0;25;0;0;0;0;1;9;0;4;3;3;0;0;0;0;0;0;0;0;0;0
P8S2G:00519:02437_SUB_SUB;5730;0;0;4;0;19;0;0;1;0;0;0;3698;0;0;0;0;0;10;21;0;1;0;0;0;0;0;0;0;0;0;1;0;0;0;0;0;126;0;0;0;0;0;0;0;0;0;0;0;0;0;0;0;2;14;4;0;0;2;0;114;0;0;0;0;0;0;0;0;0;0;0;0;0;0;0;8;6;239;0;604;319;0;8;148;0;381;0;0;0;0
P8S2G:00531:02430_SUB_SUB;369;0;1;2;2;1;3;7;0;16;14;0;0;1;0;0;0;1;2;4;10;1;3;0;0;2;16;1;0;0;0;0;0;0;0;3;0;0;0;15;14;0;0;0;0;0;0;3;5;0;0;4;0;7;2;1;0;4;0;0;2;0;76;33;0;43;0;39;0;0;15;1;0;0;2;0;5;0;2;1;3;0;0;0;0;1;0;0;0;0;1
P8S2G:00511:02529_SUB_SUB;204;0;1;2;1;0;1;1;0;8;11;0;0;3;3;0;0;1;7;2;15;0;1;0;0;0;1;0;0;0;1;0;0;1;0;0;0;0;0;6;6;0;0;0;0;0;0;3;7;0;1;3;0;3;2;0;0;3;0;0;1;0;28;17;0;24;0;18;0;0;14;0;0;0;1;1;3;0;1;1;1;0;0;0;0;0;0;0;0;0;0
P8S2G:00582:02195_SUB_SUB;172;0;0;0;0;0;0;0;0;0;0;0;0;0;0;0;0;0;0;0;0;0;0;0;0;0;0;0;0;0;0;170;0;0;0;0;0;0;0;0;0;0;0;0;2;0;0;0;0;0;0;0;0;0;0;0;0;0;0;0;0;0;0;0;0;0;0;0;0;0;0;0;0;0;0;0;0;0;0;0;0;0;0;0;0;0;0;0;0;0;0
P8S2G:00553:02379_SUB_SUB;145;0;1;3;2;0;0;2;0;2;10;0;0;0;2;0;1;2;8;1;11;0;1;0;0;2;1;0;0;0;0;0;0;0;0;2;0;0;0;9;4;0;0;0;0;0;0;2;4;0;0;2;0;0;2;0;0;3;0;0;3;0;15;9;0;8;0;15;0;0;8;0;0;0;2;0;2;0;2;1;2;0;0;0;0;1;0;0;0;0;0
P8S2G:00626:01928_SUB_SUB;417;0;1;7;5;0;2;5;0;21;13;0;1;2;2;0;1;1;8;4;47;0;4;0;0;6;3;1;0;0;0;0;0;0;0;2;0;0;0;21;13;0;0;0;0;0;0;1;13;0;0;5;1;1;4;0;0;8;0;0;6;0;11;34;0;47;0;73;0;0;21;0;0;0;2;1;7;0;6;3;1;0;0;0;0;1;0;0;0;1;0
P8S2G:00636:02391_SUB_SUB;118;0;17;1;0;0;20;0;0;4;30;0;0;0;0;0;0;0;18;6;0;12;10;0;0;0;0;0;0;0;0;0;0;0;0;0;0;0;0;0;0;0;0;0;0;0;0;0;0;0;0;0;0;0;0;0;0;0;0;0;0;0;0;0;0;0;0;0;0;0;0;0;0;0;0;0;0;0;0;0;0;0;0;0;0;0;0;0;0;0;0
P8S2G:00658:02056_SUB_SUB;747;0;3;20;5;1;1;10;0;18;34;0;1;8;7;0;1;1;33;15;57;2;8;0;0;6;10;4;0;0;0;0;0;2;0;7;0;0;0;37;19;0;0;0;0;0;0;13;23;0;1;14;0;5;3;2;1;21;0;0;6;0;27;48;2;64;0;124;0;0;45;0;0;0;1;1;10;0;9;10;3;0;0;0;0;0;0;0;0;2;2
P8S2G:00663:02121_SUB_SUB;203;0;2;6;2;0;0;3;0;11;9;0;0;2;1;0;1;0;7;3;23;2;1;0;0;2;5;1;0;0;1;0;0;0;0;3;0;0;0;10;3;0;0;0;0;0;0;4;6;0;0;2;0;3;1;1;1;4;0;0;7;0;5;7;0;24;0;25;0;0;5;0;0;0;1;0;5;0;1;1;0;0;0;0;0;0;2;0;0;0;0
P8S2G:00660:02234_SUB_SUB;564;0;1;8;4;0;2;6;0;14;29;0;0;3;3;0;0;4;23;4;38;0;4;0;0;6;3;2;0;0;1;0;0;1;0;3;0;0;0;35;11;0;0;0;0;0;0;5;26;1;2;12;0;5;0;2;3;11;0;0;7;0;5;33;2;58;0;131;0;0;25;0;0;0;2;0;8;0;15;4;0;0;0;0;0;1;0;0;0;0;1
P8S2G:00660:02240_SUB_SUB;1422;0;6;48;7;2;3;18;0;40;45;0;0;15;19;0;9;1;77;27;166;1;10;0;0;4;22;4;0;0;7;0;0;1;0;14;0;0;0;73;19;0;0;0;0;0;0;18;34;2;3;21;0;22;2;3;1;39;1;0;15;0;46;90;5;133;0;194;0;0;61;1;0;0;8;1;17;0;16;18;15;0;0;0;0;4;3;0;0;2;9
P8S2G:00134:01196_SUB_SUB;1644;0;2;31;7;1;8;8;0;57;41;0;1;15;9;0;12;7;39;18;60;2;9;0;0;5;10;6;0;0;4;0;0;2;0;12;0;0;0;104;17;0;0;0;0;0;0;11;23;1;4;28;0;14;1;2;2;54;0;0;5;0;23;221;5;195;0;390;0;0;91;0;0;0;1;3;38;0;18;13;5;0;0;0;0;0;4;0;0;2;3
P8S2G:00321:00776_SUB_SUB;364;0;3;8;4;0;1;5;0;11;7;0;1;2;3;0;0;1;12;4;16;1;3;0;0;2;2;1;0;0;0;0;0;0;0;1;0;0;0;11;11;0;0;0;0;0;0;3;6;0;0;6;0;5;2;1;1;23;0;0;2;1;13;51;0;42;0;58;0;0;24;0;0;0;0;4;6;0;1;2;1;0;0;0;0;2;0;0;0;0;0
P8S2G:00302:01046_SUB_SUB;2317;0;6;24;21;0;7;30;0;96;55;0;2;13;7;0;19;4;72;16;80;7;13;0;0;11;42;4;0;0;2;0;0;3;0;14;0;0;0;113;53;0;1;0;0;0;0;32;44;0;7;28;2;13;9;7;9;56;1;0;20;0;197;222;5;306;0;341;0;0;171;0;0;0;6;2;47;0;33;17;15;0;0;0;0;5;1;0;0;4;2
P8S2G:00300:01150_SUB_SUB;101;0;0;1;0;0;0;0;0;5;3;0;0;1;0;0;0;0;2;0;5;0;0;0;0;0;0;0;0;0;0;0;0;0;0;1;0;0;0;4;2;0;0;0;0;0;0;3;1;0;0;1;0;2;0;0;0;0;0;0;1;0;22;5;0;18;0;13;0;0;6;0;0;0;2;0;1;0;1;1;0;0;0;0;0;0;0;0;0;0;0
P8S2G:00394:01150_SUB_SUB;3560;0;8;32;27;0;27;23;0;213;63;0;3;26;11;0;17;12;74;18;71;8;8;0;0;12;81;8;0;0;4;0;0;10;0;16;0;0;0;148;90;0;0;1;0;0;0;29;40;2;2;24;1;58;9;5;16;108;0;0;12;0;116;532;13;659;0;408;0;0;256;0;0;0;6;7;109;0;29;38;33;0;0;0;0;10;11;0;0;3;13
P8S2G:00405:00988_SUB_SUB;672;0;3;10;3;1;5;3;0;23;20;0;1;4;4;0;3;2;18;2;24;0;3;0;0;3;14;3;0;0;2;0;0;2;0;3;0;0;0;43;11;0;0;0;0;0;0;4;10;0;0;12;0;5;2;0;2;31;0;0;3;0;15;80;1;87;0;128;0;0;44;0;0;0;0;1;14;0;8;9;1;0;0;0;0;1;3;0;1;0;0
P8S2G:00403:01265_SUB_SUB;431;0;7;4;3;0;1;1;0;16;9;0;0;2;0;0;1;0;16;1;13;1;1;0;0;7;9;0;0;0;1;0;0;0;0;0;0;0;0;16;28;0;0;0;0;0;0;7;8;0;1;4;1;3;7;2;0;6;0;0;2;0;116;23;1;28;0;39;0;0;23;0;0;0;0;1;5;0;3;3;7;0;0;0;0;1;0;0;0;1;2
P8S2G:00481:00661_SUB_SUB;893;0;6;2;6;0;2;4;0;32;14;0;2;5;1;0;5;1;4;2;9;5;0;0;0;3;37;1;0;0;0;0;0;1;0;2;0;0;0;28;55;0;0;0;0;0;0;14;3;0;2;6;0;10;11;2;1;24;0;0;6;0;190;93;0;140;0;58;0;0;58;0;0;0;1;1;14;0;3;7;12;0;0;0;0;5;3;0;0;0;2
P8S2G:00491:00884_SUB_SUB;5610;0;856;115;37;6;336;110;189;987;229;0;0;265;312;114;311;0;861;89;282;78;229;0;0;0;0;0;1;0;0;0;0;0;1;1;0;0;1;0;0;0;0;0;0;0;0;0;0;0;0;0;0;49;27;15;31;47;0;0;0;0;0;0;0;0;0;0;0;0;0;1;0;0;13;16;0;0;0;0;1;0;0;0;0;0;0;0;0;0;0
P8S2G:00454:01107_SUB_SUB;496;0;2;3;3;1;3;2;0;19;12;0;1;1;1;0;2;1;11;3;21;0;1;0;0;0;10;0;0;0;1;0;0;2;0;2;0;0;0;15;23;0;0;0;0;0;0;7;4;1;3;5;0;2;6;3;1;6;0;0;13;0;135;39;0;33;0;47;0;0;33;0;0;0;0;4;4;0;1;2;5;0;0;0;0;0;0;0;0;0;2
P8S2G:00461:01169_SUB_SUB;121;0;1;0;1;0;0;1;0;7;0;0;0;1;0;0;2;2;3;0;3;0;1;0;0;1;1;0;0;0;0;0;0;0;0;1;0;0;0;3;3;0;0;0;0;0;0;0;2;0;0;2;0;3;0;0;1;4;0;0;1;0;6;9;1;22;0;10;0;0;18;0;0;0;0;1;6;0;1;0;0;0;0;0;0;1;2;0;0;0;0
P8S2G:00532:00840_SUB_SUB;4581;0;15;65;37;5;25;27;0;246;111;0;5;24;14;0;17;11;116;25;144;13;10;1;0;9;76;12;0;0;7;0;0;19;0;26;0;0;0;191;83;0;0;0;0;0;0;40;50;5;7;47;1;100;20;10;23;156;0;0;17;0;94;646;21;821;0;535;1;0;300;2;0;0;9;22;131;0;57;40;43;0;0;0;0;9;17;0;1;7;15
P8S2G:00521:01041_SUB_SUB;1957;0;6;44;16;3;4;24;0;80;58;0;0;13;11;0;5;8;75;21;149;4;18;0;0;12;34;3;0;0;6;0;0;7;0;12;0;0;0;66;34;0;0;0;1;0;0;32;48;2;7;24;1;27;11;7;3;58;0;0;17;1;76;183;6;234;0;262;0;0;129;0;0;0;8;4;41;0;20;20;12;0;0;0;0;3;3;0;0;1;3
P8S2G:00550:00706_SUB_SUB;792;0;2;11;5;1;3;3;0;53;19;0;0;1;2;0;6;3;28;7;26;2;2;0;0;3;10;2;0;0;2;0;0;1;0;7;0;0;0;40;14;0;0;0;0;0;0;9;17;1;3;7;1;14;3;1;2;22;0;0;6;0;23;92;2;130;0;127;0;0;33;0;0;0;1;3;19;0;8;6;4;0;0;0;0;1;1;0;0;3;0
P8S2G:00590:00776_SUB_SUB;2380;0;0;0;0;0;0;0;0;0;0;0;0;0;0;0;0;0;0;0;0;0;0;0;0;0;0;0;0;0;0;0;0;0;0;0;0;0;0;398;0;0;0;0;0;0;0;0;0;0;0;0;0;0;0;0;0;0;0;0;0;0;0;0;0;109;0;1873;0;0;0;0;0;0;0;0;0;0;0;0;0;0;0;0;0;0;0;0;0;0;0
P8S2G:00559:01183_SUB_SUB;327;0;2;1;4;0;0;5;0;10;12;0;0;1;0;0;2;0;8;0;12;2;0;0;0;2;7;1;0;0;0;0;0;1;0;5;0;0;0;10;9;0;0;0;0;0;0;4;12;0;0;4;0;5;3;2;4;6;0;0;1;0;7;38;1;59;0;42;0;0;28;0;0;0;1;0;4;0;6;4;2;0;0;0;0;0;0;0;0;0;0
P8S2G:00582:01220_SUB_SUB;254;0;0;12;1;2;2;7;0;10;7;0;0;2;2;0;0;0;6;1;21;0;4;0;0;1;4;0;0;0;1;0;0;0;0;2;0;0;0;14;6;0;0;0;0;0;0;1;4;0;0;8;0;2;3;1;4;8;0;0;1;0;15;14;0;20;1;31;0;0;22;0;0;0;1;0;2;0;3;3;3;0;0;0;0;1;0;0;0;0;1
P8S2G:00623:00919_SUB_SUB;278;0;0;13;0;0;0;1;0;6;10;0;0;0;2;0;0;2;11;8;34;1;5;0;0;1;1;0;0;0;0;0;0;0;0;3;0;0;0;21;2;0;0;0;0;0;0;4;7;0;0;9;0;1;1;0;1;8;0;0;3;0;4;12;1;19;0;65;0;0;5;0;0;0;2;0;3;0;7;2;1;0;0;0;0;0;0;0;0;1;1
P8S2G:00631:01058_SUB_SUB;213;0;1;0;4;1;0;1;0;5;2;0;1;6;1;0;3;0;1;1;4;1;0;0;0;2;7;2;0;0;0;0;0;0;0;2;0;0;0;5;4;0;0;0;0;0;0;3;1;0;1;2;0;2;1;0;1;6;0;0;0;0;7;35;1;36;0;26;0;0;22;0;0;0;0;0;4;0;7;1;1;0;0;0;0;1;1;0;0;0;0
P8S2G:00621:01184_SUB_SUB;124;0;0;5;1;0;0;0;0;1;7;0;1;0;1;0;1;0;5;0;17;0;0;0;0;2;2;0;0;0;0;0;0;0;0;1;0;0;0;2;3;0;0;0;0;0;0;0;3;0;0;0;0;3;1;1;1;1;0;0;2;0;9;17;0;10;0;15;0;0;7;0;0;0;0;0;2;0;1;1;1;0;0;0;0;0;0;0;0;0;0
P8S2G:00191:04668_SUB_SUB;176;0;0;3;2;0;0;0;0;0;0;0;0;0;0;0;0;9;0;0;0;0;0;0;0;0;0;0;0;0;0;0;0;0;0;0;0;0;0;0;0;0;0;0;0;0;0;0;0;0;0;0;8;36;4;0;4;0;0;0;0;0;0;0;0;0;0;0;0;0;106;1;0;0;1;2;0;0;0;0;0;0;0;0;0;0;0;0;0;0;0
P8S2G:00158:05025_SUB_SUB;135;0;1;1;0;0;1;0;0;11;0;0;0;1;1;0;1;0;2;0;0;1;0;0;0;0;8;0;0;0;0;0;0;0;0;0;0;0;0;2;6;0;0;0;0;0;0;1;1;0;1;0;0;2;1;0;1;2;0;0;3;0;47;5;0;15;0;4;0;0;8;0;0;0;1;0;0;0;0;3;4;0;0;0;0;0;0;0;0;0;0
P8S2G:00195:05025_SUB_SUB;103;0;11;12;6;0;0;0;0;16;1;0;0;1;1;0;0;0;8;16;0;0;1;0;0;0;0;0;0;0;0;0;0;0;0;0;0;0;0;0;0;0;0;0;0;0;0;0;0;0;0;0;0;0;0;0;0;30;0;0;0;0;0;0;0;0;0;0;0;0;0;0;0;0;0;0;0;0;0;0;0;0;0;0;0;0;0;0;0;0;0
P8S2G:00187:05089_SUB_SUB;282;0;0;0;0;0;0;0;0;0;0;0;0;0;0;0;0;0;0;0;0;0;0;0;0;0;0;0;0;0;0;0;0;0;0;0;0;0;0;47;0;0;0;0;0;0;0;0;0;0;0;0;0;0;0;0;0;0;0;0;0;0;0;0;0;17;1;217;0;0;0;0;0;0;0;0;0;0;0;0;0;0;0;0;0;0;0;0;0;0;0
P8S2G:00248:05048_SUB_SUB;154;0;57;0;0;0;19;0;0;2;0;0;0;5;20;20;11;0;1;0;0;8;10;0;0;0;0;0;0;0;0;0;0;0;0;0;0;0;0;0;0;0;0;0;0;0;0;0;0;0;1;0;0;0;0;0;0;0;0;0;0;0;0;0;0;0;0;0;0;0;0;0;0;0;0;0;0;0;0;0;0;0;0;0;0;0;0;0;0;0;0
P8S2G:00288:05103_SUB_SUB;511;0;18;1;0;0;9;10;0;0;0;0;0;34;14;1;24;3;0;3;1;13;14;1;0;4;0;0;0;0;0;0;1;0;0;0;0;0;0;0;28;5;5;1;0;1;0;0;7;0;154;1;0;0;0;0;0;0;0;0;3;0;0;2;32;1;78;4;0;0;0;0;1;0;0;0;0;18;0;0;0;0;0;0;0;0;0;0;0;0;19
P8S2G:00349:04586_SUB_SUB;2073;0;0;11;14;47;0;0;0;1;0;0;0;7;0;0;1;0;2;6;0;0;0;44;199;36;30;0;33;8;4;5;30;0;1;33;0;11;1;13;59;7;6;224;0;0;3;15;7;34;81;3;3;37;13;6;6;1;12;0;25;0;0;16;4;48;35;49;26;34;153;6;4;65;5;6;278;17;123;11;33;18;0;3;4;9;0;28;8;4;7
P8S2G:00370:04603_SUB_SUB;507;0;0;0;0;0;0;0;20;0;0;0;84;0;0;0;0;0;1;1;0;0;0;0;0;0;0;0;0;15;0;0;0;0;0;0;0;0;0;4;0;0;0;2;0;0;4;0;0;6;0;0;0;5;0;0;0;0;5;0;98;1;0;4;0;0;0;24;0;0;0;0;0;0;0;2;0;0;11;0;137;0;0;0;8;0;75;0;0;0;0
P8S2G:00362:04831_SUB_SUB;323;0;0;4;6;0;0;3;0;17;13;0;0;0;3;0;2;3;14;6;25;0;1;0;0;0;6;0;0;0;0;0;0;1;0;1;0;0;0;11;5;0;0;0;0;0;0;2;8;0;3;2;0;4;3;2;1;5;0;0;2;0;23;23;1;40;0;36;0;0;21;0;0;0;2;1;6;0;6;5;5;0;0;0;0;1;0;0;0;0;0
P8S2G:00537:04864_SUB_SUB;526;0;6;12;5;1;2;3;0;20;9;0;0;0;5;0;3;1;15;4;32;3;0;0;0;0;16;0;0;0;0;0;0;1;0;1;0;0;0;9;20;0;0;0;0;0;0;3;8;2;2;1;0;4;3;0;2;4;0;0;3;0;105;41;0;52;0;55;0;0;46;0;0;0;1;0;8;0;6;6;4;0;0;0;0;2;0;0;0;0;0
P8S2G:00577:04761_SUB_SUB;703;0;5;17;6;2;0;7;0;24;18;0;1;2;4;0;1;2;19;7;37;4;4;0;0;2;15;1;0;0;1;0;0;1;0;1;0;0;0;23;26;0;0;0;0;0;0;6;8;0;2;12;2;16;7;1;3;18;1;0;8;0;77;58;3;106;0;61;0;0;40;0;0;0;5;2;5;0;10;6;10;0;0;0;0;2;0;0;0;0;4
P8S2G:00600:04914_SUB_SUB;1003;0;94;7;7;1;13;18;0;5;0;0;0;46;12;0;26;0;1;12;4;1;79;0;1;0;0;0;0;0;0;0;0;0;0;0;0;0;0;25;82;0;0;0;0;5;0;0;127;1;105;10;2;19;1;2;1;5;0;0;20;0;0;107;31;5;5;91;0;0;0;1;0;0;0;1;0;0;0;0;0;0;0;0;0;0;0;0;0;0;30
P8S2G:00016:03751_SUB_SUB;132;0;0;0;0;0;0;0;0;0;0;0;0;0;0;0;0;0;0;0;0;0;0;0;0;0;0;0;0;0;0;0;0;0;0;0;124;0;0;0;0;0;0;0;0;0;0;0;0;0;0;0;7;0;0;0;0;0;0;0;0;0;0;0;0;0;0;0;0;0;0;0;0;0;0;0;0;0;0;0;0;0;0;0;1;0;0;0;0;0;0
P8S2G:00109:03680_SUB_SUB;267;0;2;1;1;0;1;2;0;16;1;0;0;0;0;0;3;1;12;2;3;0;0;0;0;1;9;1;0;0;1;0;0;0;0;2;0;0;0;7;7;0;0;0;0;0;0;3;1;0;0;3;0;5;2;0;1;12;0;0;0;0;5;46;1;54;0;18;0;0;24;0;0;0;0;0;7;0;4;2;4;0;0;0;0;0;2;0;0;0;0
P8S2G:00314:03224_SUB_SUB;135;0;0;0;1;0;1;0;0;9;6;0;0;1;2;0;1;0;6;0;3;0;0;0;0;3;2;0;0;0;1;0;0;0;0;0;0;0;0;2;4;0;0;0;0;0;0;1;2;0;0;1;0;6;0;0;2;6;0;0;2;0;10;20;0;22;0;8;0;0;8;0;0;0;0;0;1;0;1;0;3;0;0;0;0;0;0;0;0;0;0
P8S2G:00318:03278_SUB_SUB;287;0;4;7;2;0;0;1;0;4;9;0;0;4;2;0;1;1;19;3;51;0;0;0;0;4;1;0;0;0;2;0;0;0;0;1;0;0;0;6;3;0;0;0;0;0;0;5;13;1;3;6;0;2;3;0;0;3;0;0;4;0;19;12;3;19;0;40;0;0;17;0;0;0;1;1;0;0;5;2;0;0;0;0;0;1;0;0;0;0;2
P8S2G:00302:03582_SUB_SUB;179;0;1;8;2;0;0;1;0;11;6;0;0;1;0;0;0;0;8;0;16;2;0;0;0;0;4;0;0;0;0;0;0;0;0;0;0;0;0;7;9;0;0;0;0;0;0;4;4;0;0;3;0;1;1;0;0;1;0;0;2;0;14;16;2;16;0;22;0;0;9;0;0;0;2;1;3;0;0;2;0;0;0;0;0;0;0;0;0;0;0
P8S2G:00415:03676_SUB_SUB;190;0;1;2;3;0;0;1;0;2;5;0;0;0;0;0;1;0;6;1;9;1;1;0;0;2;3;0;0;0;0;0;0;0;0;0;0;0;0;8;2;0;0;0;0;0;0;5;6;0;0;4;0;2;3;0;0;5;0;0;1;0;44;12;0;22;0;15;0;0;10;0;0;0;2;0;3;0;0;5;3;0;0;0;0;0;0;0;0;0;0
P8S2G:00469:03757_SUB_SUB;242;0;2;4;2;1;2;2;0;10;8;0;0;1;0;0;0;0;5;2;9;0;1;0;0;0;6;1;0;0;0;0;0;0;0;1;0;0;0;14;6;0;0;0;0;0;0;1;9;0;1;5;0;9;3;0;1;7;0;0;3;0;16;14;0;35;0;30;0;0;16;0;0;0;0;0;5;0;3;0;3;0;0;0;0;0;3;0;0;1;0
P8S2G:00558:03351_SUB_SUB;146;0;0;1;1;0;0;2;0;6;5;0;0;0;1;0;0;0;4;1;7;1;1;0;0;0;3;0;0;0;0;0;0;0;0;0;0;0;0;2;4;0;0;0;0;0;0;1;1;0;0;4;0;3;1;0;0;5;0;0;5;0;26;10;0;20;0;13;0;0;7;0;0;1;1;0;2;0;1;2;2;0;0;0;0;0;1;0;0;0;1
P8S2G:00594:03370_SUB_SUB;1386;0;90;2;0;2;30;27;0;0;0;0;0;57;45;5;102;6;0;10;2;41;25;0;2;10;0;0;0;0;0;0;0;0;0;1;0;0;0;6;113;39;11;1;0;6;0;0;23;1;371;1;0;0;2;0;0;2;0;0;6;0;0;5;69;5;133;26;0;0;0;0;1;3;0;0;0;47;0;0;0;0;0;0;0;0;0;0;0;0;58
P8S2G:00574:03480_SUB_SUB;812;0;2;7;5;0;9;10;0;29;18;0;0;4;3;0;3;1;16;6;24;1;5;0;0;4;14;5;0;0;0;0;0;0;0;5;0;0;0;30;21;0;0;0;0;0;0;11;12;1;3;9;0;9;2;1;0;30;0;0;5;0;37;110;3;130;0;123;0;0;55;0;0;0;1;2;26;0;5;5;7;0;0;0;0;1;2;0;0;0;0
P8S2G:00256:06120_SUB_SUB;318;0;4;3;6;0;1;2;0;12;7;0;1;0;2;0;1;1;13;0;31;0;3;0;0;3;5;1;0;0;0;0;0;0;0;0;0;0;0;17;16;0;0;0;0;0;0;4;8;1;0;0;0;4;2;0;1;3;0;0;4;0;41;17;0;38;0;33;0;0;23;0;0;0;0;2;3;0;0;1;1;0;0;0;0;1;0;0;0;0;2
P8S2G:00255:06308_SUB_SUB;1696;0;0;74;38;18;0;0;0;11;0;0;0;3;0;0;0;0;7;23;0;0;0;10;30;2;8;0;0;8;8;0;4;0;0;7;0;0;0;96;33;0;2;39;0;0;0;3;44;2;26;18;46;223;48;23;46;2;2;0;54;0;0;139;2;74;1;276;0;11;21;2;0;0;13;14;87;0;79;4;1;0;0;0;0;5;0;0;0;0;9
P8S2G:00288:06382_SUB_SUB;170;0;0;0;0;0;0;1;0;5;2;0;0;1;1;0;0;1;7;0;17;0;1;0;0;1;4;0;0;0;0;0;0;0;0;1;0;0;0;12;5;0;0;0;0;0;0;2;2;0;0;3;0;5;0;0;1;5;0;0;2;0;4;11;2;25;0;35;0;0;4;0;0;0;0;0;5;0;2;0;2;0;0;0;0;0;0;0;0;0;1
P8S2G:00532:05877_SUB_SUB;3519;0;321;5;1;4;88;41;0;1;0;0;0;122;49;28;352;12;1;9;6;134;60;2;6;35;1;0;0;0;0;0;10;0;0;6;0;0;0;13;316;135;36;4;0;35;0;0;39;2;829;4;1;9;4;2;1;0;0;0;10;0;0;36;127;20;249;32;0;0;0;0;0;6;1;0;0;73;2;0;0;2;0;0;0;1;0;0;1;0;235
P8S2G:00513:06042_SUB_SUB;103;0;2;1;1;0;0;0;0;4;0;0;0;1;2;0;0;1;2;0;6;2;1;0;0;0;1;1;0;0;0;0;0;0;0;2;0;0;0;1;4;0;0;0;0;0;0;0;2;0;0;0;1;0;1;0;0;3;0;0;4;0;15;9;0;12;0;9;0;0;12;0;0;0;2;0;0;0;0;0;1;0;0;0;0;0;0;0;0;0;0
P8S2G:00599:06280_SUB_SUB;130;0;1;2;0;0;3;14;0;1;0;0;0;4;3;0;0;0;1;0;2;1;3;4;1;0;0;0;0;0;0;0;10;0;8;0;0;0;0;0;9;0;0;0;0;0;0;0;0;0;14;1;0;2;4;17;2;0;0;0;0;0;0;2;2;0;3;4;0;0;0;0;0;0;7;1;1;0;1;0;0;0;0;0;0;0;0;0;0;0;2
P8S2G:00610:06061_SUB_SUB;1470;0;2;32;10;2;7;16;0;41;57;0;0;8;11;0;7;1;41;14;128;1;9;0;0;6;21;5;0;0;4;0;0;0;0;12;0;0;0;88;22;0;0;0;0;0;0;17;23;0;5;22;1;19;13;4;3;29;0;0;9;0;37;117;5;193;1;252;0;0;99;0;0;0;3;2;28;0;14;16;4;0;0;0;0;3;3;0;0;3;0
P8S2G:03332:01597_SUB_SUB;180;0;1;1;2;0;2;1;0;12;1;0;0;1;0;0;2;0;3;0;4;0;0;0;0;1;5;0;0;0;0;0;0;0;0;1;0;0;0;7;2;0;0;0;0;0;0;0;3;0;2;0;0;4;2;0;1;3;0;0;1;0;10;34;0;26;0;19;0;0;17;0;0;0;0;3;6;0;2;0;0;0;0;0;0;0;1;0;0;0;0
P8S2G:03323:01740_SUB_SUB;416;0;2;15;1;0;1;4;0;11;7;0;0;2;3;0;2;1;22;4;61;0;3;0;0;0;4;2;0;0;0;0;0;0;0;3;0;0;0;20;13;0;0;0;0;0;0;6;16;0;0;9;0;2;1;0;2;14;1;0;7;0;11;22;3;41;0;63;0;0;17;0;0;0;2;0;5;0;7;1;3;0;0;0;0;1;0;0;0;1;0
P8S2G:03451:01294_SUB_SUB;142;0;0;0;0;0;0;0;0;0;0;0;0;0;0;0;0;0;0;0;0;0;0;0;0;0;0;0;0;0;0;137;0;0;0;0;0;0;0;0;0;0;0;0;5;0;0;0;0;0;0;0;0;0;0;0;0;0;0;0;0;0;0;0;0;0;0;0;0;0;0;0;0;0;0;0;0;0;0;0;0;0;0;0;0;0;0;0;0;0;0
P8S2G:03421:01680_SUB_SUB;114;0;0;0;0;0;0;1;0;4;7;0;0;1;0;0;0;0;6;0;5;0;2;0;0;0;1;0;0;0;0;0;0;1;0;0;0;0;0;6;4;0;0;0;0;0;0;0;1;0;0;0;0;3;1;0;3;3;0;0;1;0;6;12;0;19;0;13;0;0;7;0;0;0;0;1;1;0;2;1;0;0;0;0;0;0;1;0;0;1;0
P8S2G:03499:01681_SUB_SUB;102;0;1;0;1;0;0;2;0;8;5;0;0;0;0;0;0;1;1;0;4;0;0;0;0;1;1;0;0;0;0;0;0;0;0;1;0;0;0;1;4;0;0;0;0;0;0;1;2;0;0;1;0;2;1;0;1;0;0;0;0;0;10;8;0;14;0;14;0;0;12;0;0;0;0;0;1;0;1;1;1;0;0;0;0;0;0;0;0;0;1
P8S2G:03495:01864_SUB_SUB;120;0;0;0;1;0;1;2;0;5;4;0;0;0;0;0;2;0;4;0;4;0;0;0;0;1;1;0;0;0;0;0;0;0;0;0;0;0;0;0;3;0;0;0;0;0;0;2;1;0;0;0;0;4;0;0;0;5;0;0;0;0;8;17;0;24;0;11;0;0;11;0;0;0;0;0;5;0;1;0;2;0;0;0;0;1;0;0;0;0;0
P8S2G:03614:01664_SUB_SUB;435;0;1;11;1;0;6;0;0;21;10;0;1;4;2;0;2;1;10;2;16;1;3;0;0;1;8;0;0;0;1;0;0;0;0;2;0;0;0;23;3;0;0;0;0;0;0;6;5;2;1;6;0;4;0;0;0;15;0;0;3;0;12;46;2;62;0;81;0;0;34;0;0;0;0;1;13;0;2;4;2;0;0;0;0;2;1;0;0;1;0
P8S2G:03646:01528_SUB_SUB;7639;0;243;21;1;19;75;125;0;3;1;0;0;325;355;22;279;18;2;51;27;124;182;1;3;43;0;0;0;0;0;0;19;0;0;10;0;0;0;68;314;134;120;0;0;22;0;1;104;21;1803;13;2;9;4;1;0;0;3;0;27;0;0;21;682;16;1677;44;0;0;0;1;4;20;5;0;0;366;1;0;0;0;0;0;0;2;0;1;0;0;204
P8S2G:03636:01657_SUB_SUB;113;0;0;0;0;0;1;0;0;4;2;0;0;0;0;0;2;0;2;1;1;1;0;0;0;0;2;0;0;0;0;0;0;0;0;1;0;0;0;6;2;0;0;0;0;0;0;3;1;0;0;0;0;3;1;0;0;1;0;0;1;0;12;18;0;16;0;18;0;0;9;0;0;0;0;1;2;0;0;1;0;0;0;0;0;0;1;0;0;0;0
P8S2G:03759:01436_SUB_SUB;106;0;0;0;2;0;0;0;0;4;4;0;0;2;0;0;0;0;2;0;3;1;0;0;0;1;2;1;0;0;0;0;0;1;0;1;0;0;0;4;3;0;0;0;0;0;0;0;3;0;0;1;0;2;0;0;0;2;0;0;2;0;5;10;0;12;0;22;0;0;13;0;0;0;0;0;2;0;0;1;0;0;0;0;0;0;0;0;0;0;0
P8S2G:03789:01363_SUB_SUB;301;0;1;1;0;0;3;1;0;18;5;0;0;0;3;0;2;0;3;1;4;0;0;0;0;0;3;0;0;0;1;0;0;0;0;1;0;0;0;10;7;0;0;0;0;0;0;6;7;0;1;3;0;4;2;1;2;10;0;0;2;0;11;45;2;52;0;51;0;0;20;0;0;0;1;0;5;0;5;1;3;0;0;0;0;1;1;0;0;0;1
P8S2G:03817:01506_SUB_SUB;2252;0;6;48;12;5;13;12;0;59;77;0;0;14;10;0;12;7;63;19;109;4;19;0;0;11;13;5;0;0;7;0;0;4;0;11;0;0;0;154;20;0;0;0;0;0;0;21;34;1;4;37;0;21;6;5;7;95;0;0;14;0;45;247;6;258;0;496;0;0;114;0;0;0;1;5;56;0;24;18;6;0;0;0;0;1;6;0;0;6;4
P8S2G:03895:01298_SUB_SUB;474;0;2;11;7;0;1;6;0;31;13;0;3;2;1;0;3;2;18;2;29;0;1;0;0;2;8;0;0;0;1;0;0;0;0;5;0;0;0;15;15;0;0;0;0;0;0;3;8;0;0;5;0;8;1;1;2;15;0;0;8;0;14;49;2;67;0;46;0;0;31;1;0;0;1;1;17;0;5;4;3;0;0;0;0;0;2;0;0;1;1
P8S2G:03878:01399_SUB_SUB;130;0;1;0;0;0;1;0;0;11;5;0;0;0;0;0;0;0;0;0;0;0;0;0;0;0;5;0;0;0;1;0;0;0;0;0;0;0;0;4;6;0;0;0;0;0;0;3;2;0;1;1;0;4;1;0;4;1;0;0;1;0;7;18;2;23;0;7;0;0;11;0;0;0;0;0;4;0;2;1;1;0;0;0;0;0;0;0;0;0;2
P8S2G:03890:01559_SUB_SUB;1373;0;4;31;7;1;4;18;0;57;55;0;1;13;5;0;2;3;56;11;91;1;10;0;0;5;10;6;0;0;4;0;0;2;0;12;0;0;0;82;22;0;0;1;0;0;0;16;39;1;1;22;0;13;6;3;6;39;0;0;14;0;28;82;8;169;0;239;0;0;71;0;0;0;8;4;31;0;30;13;4;0;0;0;0;7;3;0;0;0;2
P8S2G:03908:01863_SUB_SUB;186;0;1;1;1;0;0;5;0;6;2;0;0;4;0;0;1;0;11;4;11;0;2;0;0;0;1;0;0;0;1;0;0;0;0;3;0;0;0;13;0;0;0;0;0;0;0;4;3;0;0;1;0;1;0;0;1;9;0;0;1;0;7;18;0;20;0;31;0;0;9;0;0;0;0;0;5;0;5;1;2;0;0;0;0;0;1;0;0;0;0
P8S2G:03966:01667_SUB_SUB;123;0;1;0;0;0;1;2;0;5;4;0;0;1;0;0;0;0;0;1;10;0;1;0;0;1;5;0;0;0;0;0;0;0;0;0;0;0;0;6;6;0;0;0;0;0;0;2;1;0;0;1;0;2;1;0;0;0;0;0;4;0;23;4;0;22;0;10;0;0;5;0;0;0;0;0;1;0;1;1;0;0;0;0;0;1;0;0;0;0;0
P8S2G:03920:01860_SUB_SUB;1621;0;48;95;48;25;42;166;0;27;371;0;0;19;2;0;260;0;14;5;33;33;29;3;1;0;0;0;47;0;0;0;0;0;0;0;0;0;0;0;0;0;0;0;0;0;0;0;0;0;0;0;0;68;37;12;7;133;0;0;0;0;0;1;0;0;0;0;0;0;0;27;0;0;7;4;47;0;10;0;0;0;0;0;0;0;0;0;0;0;0
P8S2G:04675:01356_SUB_SUB;196;0;44;0;0;0;31;0;0;4;0;0;0;3;21;41;11;0;0;0;0;28;13;0;0;0;0;0;0;0;0;0;0;0;0;0;0;0;0;0;0;0;0;0;0;0;0;0;0;0;0;0;0;0;0;0;0;0;0;0;0;0;0;0;0;0;0;0;0;0;0;0;0;0;0;0;0;0;0;0;0;0;0;0;0;0;0;0;0;0;0
P8S2G:04670:01728_SUB_SUB;152;0;0;3;1;0;0;2;0;6;6;0;1;0;1;0;1;1;3;0;16;2;0;0;0;1;3;0;0;0;0;0;0;0;0;2;0;0;0;10;3;0;0;0;0;0;0;3;1;0;0;4;0;2;1;1;0;3;0;0;0;0;2;19;1;16;0;22;0;0;8;0;0;0;1;0;4;0;1;0;1;0;0;0;0;0;0;0;0;0;0
P8S2G:04649:01916_SUB_SUB;387;0;1;5;7;0;2;4;0;33;8;0;2;1;2;0;3;0;4;0;12;0;0;0;0;2;7;0;0;0;1;0;0;0;0;2;0;0;0;9;6;0;0;1;0;0;0;3;5;0;1;4;0;9;4;0;3;6;0;0;0;0;11;54;0;83;0;35;0;0;21;0;0;0;0;2;8;0;6;4;11;0;0;0;0;0;3;0;0;0;2
P8S2G:04796:01761_SUB_SUB;615;0;3;11;7;0;3;3;0;24;20;0;0;4;6;0;4;2;33;7;23;2;0;0;0;2;13;1;0;0;0;0;0;0;0;10;0;0;0;17;20;0;0;0;0;0;0;5;16;1;1;16;0;8;6;3;1;16;0;0;6;0;27;60;2;86;0;73;0;0;37;0;0;0;3;0;11;0;7;7;5;0;0;0;0;1;0;0;0;0;2
P8S2G:04768:01865_SUB_SUB;296;0;5;3;4;0;0;2;0;9;9;0;1;0;1;0;2;0;10;3;12;0;1;0;0;0;10;0;0;0;1;0;0;0;0;3;0;0;0;8;8;0;0;0;0;0;0;2;6;0;1;1;0;2;3;0;0;2;1;0;6;0;45;27;0;41;0;27;0;0;23;0;0;0;0;0;8;0;2;1;5;0;0;0;0;1;0;0;0;0;0
P8S2G:04812:01786_SUB_SUB;261;0;60;0;0;0;24;0;0;0;0;0;0;6;36;53;22;0;0;0;0;31;26;0;0;0;0;0;0;0;0;0;0;0;0;0;0;0;0;0;0;0;0;0;0;0;0;0;0;0;2;0;0;0;0;0;0;0;0;0;0;0;0;0;0;0;0;0;0;0;0;1;0;0;0;0;0;0;0;0;0;0;0;0;0;0;0;0;0;0;0
P8S2G:04878:01638_SUB_SUB;697;0;53;5;5;0;0;0;0;3;401;0;0;5;0;0;55;0;3;5;0;0;0;2;0;0;0;0;0;0;0;0;0;0;0;0;0;0;0;0;14;0;0;0;0;0;0;0;6;0;51;0;6;28;10;3;6;2;7;0;0;0;0;8;0;0;0;0;0;0;0;0;0;0;3;2;0;0;3;0;0;0;0;0;0;0;0;0;0;0;11
P8S2G:04928:01670_SUB_SUB;490;0;21;4;4;2;0;0;0;1;292;0;0;4;0;0;33;0;4;2;0;0;2;3;0;0;0;0;0;0;0;0;0;0;0;0;0;0;0;0;5;0;0;0;0;0;0;0;8;0;50;1;8;18;2;1;2;5;3;0;0;0;0;9;0;0;0;0;0;0;0;0;0;0;3;1;0;0;0;0;0;0;0;0;0;0;0;0;0;0;2
P8S2G:04986:01339_SUB_SUB;1089;0;64;7;5;2;0;0;0;4;603;0;0;3;0;0;109;0;5;5;0;0;2;11;0;0;0;0;0;0;0;0;0;0;0;0;0;0;0;0;14;0;0;0;0;0;0;0;5;0;91;3;11;53;8;2;5;9;5;0;0;0;0;36;0;0;0;0;0;0;0;0;0;0;1;6;0;0;4;0;0;0;0;0;0;0;0;0;0;0;16
P8S2G:05014:01658_SUB_SUB;221;0;39;0;0;0;26;0;0;0;0;0;0;8;29;53;17;0;0;0;0;30;17;0;0;0;0;0;0;0;0;0;0;0;0;0;0;0;0;0;0;0;0;0;0;0;0;0;0;0;2;0;0;0;0;0;0;0;0;0;0;0;0;0;0;0;0;0;0;0;0;0;0;0;0;0;0;0;0;0;0;0;0;0;0;0;0;0;0;0;0
P8S2G:05107:01339_SUB_SUB;129;0;2;0;0;0;0;0;0;1;0;0;0;0;0;0;0;0;6;0;0;0;0;0;4;0;0;0;0;0;0;0;0;0;0;0;0;0;0;0;0;0;0;0;0;0;0;0;0;0;0;0;3;53;15;10;19;0;0;0;0;0;0;0;0;0;0;0;0;0;0;0;0;0;1;15;0;0;0;0;0;0;0;0;0;0;0;0;0;0;0
P8S2G:05172:01319_SUB_SUB;234;0;0;4;1;0;2;3;0;7;5;0;1;1;0;0;0;0;7;2;18;2;3;0;0;1;6;0;0;0;0;0;0;0;0;1;0;0;0;18;2;0;0;0;0;0;0;2;2;0;0;6;0;0;0;1;1;5;0;0;3;0;0;19;0;25;0;73;0;0;3;0;0;0;1;0;4;0;2;0;1;0;0;0;0;0;1;0;0;1;0
P8S2G:05224:01440_SUB_SUB;177;0;8;11;5;2;5;22;0;3;36;0;0;4;0;0;28;0;1;0;0;0;2;0;0;0;0;0;1;0;0;0;0;0;0;0;0;0;0;0;0;0;0;0;0;0;0;0;0;0;0;0;0;10;2;1;2;25;0;0;0;0;0;0;0;0;0;0;0;0;0;3;0;0;1;0;2;0;3;0;0;0;0;0;0;0;0;0;0;0;0
P8S2G:05206:01809_SUB_SUB;380;0;0;0;0;0;0;0;0;0;0;0;0;0;0;0;0;0;0;0;0;0;0;0;0;0;0;0;0;0;0;0;0;0;0;0;0;0;0;72;0;0;0;0;0;0;0;0;0;0;0;0;0;0;0;0;0;0;0;0;0;0;0;0;0;8;0;300;0;0;0;0;0;0;0;0;0;0;0;0;0;0;0;0;0;0;0;0;0;0;0
P8S2G:00744:01593_SUB_SUB;175;0;0;1;2;0;0;2;0;4;3;0;0;0;1;0;0;0;6;3;6;0;1;0;0;0;1;0;0;0;0;0;0;0;0;0;0;0;0;5;4;0;0;0;0;0;0;4;1;0;1;1;0;1;2;1;0;5;0;0;5;0;59;9;1;7;0;22;0;0;11;0;0;0;0;1;0;0;1;0;4;0;0;0;0;0;0;0;0;0;0
P8S2G:00814:01548_SUB_SUB;175;0;1;2;2;0;0;2;0;5;2;0;0;4;0;0;3;0;5;1;8;0;1;0;0;1;3;0;0;0;0;0;0;0;0;1;0;0;0;12;2;0;0;0;0;0;0;1;6;0;0;2;0;1;1;0;0;8;0;0;2;0;6;19;0;23;0;32;0;0;10;0;0;0;0;1;1;0;5;0;1;0;0;0;0;0;0;0;1;0;0
P8S2G:00857:01597_SUB_SUB;811;0;2;10;7;0;3;11;0;21;17;0;0;5;1;0;3;3;22;6;38;0;5;0;0;9;3;3;0;0;2;0;0;1;0;6;0;0;0;48;12;0;0;0;0;0;0;12;29;2;0;22;0;7;1;0;2;25;2;0;2;0;18;72;2;77;0;198;0;0;60;0;0;0;1;1;18;0;10;5;1;0;0;0;0;3;1;0;0;1;1
P8S2G:00864:01596_SUB_SUB;153;0;0;4;0;0;0;2;0;0;5;0;0;1;0;0;0;1;3;1;8;0;0;0;0;2;2;0;0;0;0;0;0;0;0;0;0;0;0;12;3;0;0;0;0;0;0;3;6;0;1;4;0;0;2;2;2;6;0;0;0;0;10;7;0;13;0;35;0;0;12;0;0;0;0;1;0;0;2;1;2;0;0;0;0;0;0;0;0;0;0
P8S2G:00870:01663_SUB_SUB;332;0;3;5;3;0;1;2;0;10;10;0;0;1;5;0;1;0;19;6;33;2;2;0;0;1;6;3;0;0;0;0;0;0;0;4;0;0;0;16;11;0;0;0;0;0;0;4;14;0;0;6;1;2;2;0;1;10;0;0;5;0;19;16;0;24;0;52;0;0;13;0;0;0;1;2;4;0;5;2;3;0;0;0;0;1;0;0;0;0;1
P8S2G:00935:01399_SUB_SUB;142;0;0;1;1;1;0;1;0;4;7;0;0;2;1;0;0;0;3;0;7;0;2;0;0;0;0;1;0;0;0;0;0;0;0;1;0;0;0;7;2;0;0;0;0;0;0;2;4;0;1;2;0;0;0;2;1;3;0;0;2;0;4;25;0;14;0;24;0;0;6;0;0;0;0;0;4;0;3;1;1;0;0;0;0;0;2;0;0;0;0
P8S2G:00962:01382_SUB_SUB;147;0;6;10;2;2;4;9;0;5;33;0;0;4;0;0;27;0;1;1;2;3;3;1;0;0;0;0;7;0;0;0;0;0;0;0;0;0;0;0;0;0;0;0;0;0;0;0;0;0;0;0;0;4;0;1;1;14;0;0;0;0;0;0;0;0;0;0;0;0;0;4;0;0;0;0;1;0;2;0;0;0;0;0;0;0;0;0;0;0;0
P8S2G:01005:01755_SUB_SUB;137;0;8;11;4;2;6;14;0;2;22;0;0;3;0;0;20;0;3;0;5;0;2;0;0;0;0;0;5;0;0;0;0;0;0;0;0;0;0;0;0;0;0;0;0;0;0;0;0;0;0;0;1;5;4;1;0;15;0;0;0;0;0;0;0;0;0;0;0;0;0;0;0;0;0;0;3;0;1;0;0;0;0;0;0;0;0;0;0;0;0
P8S2G:01059:01575_SUB_SUB;108;0;9;0;0;0;0;13;0;16;0;0;0;0;0;0;55;0;10;1;3;0;0;0;0;0;0;0;0;0;0;0;0;0;0;0;0;0;0;0;0;0;0;0;0;0;0;0;0;0;0;0;0;0;0;0;0;0;0;0;0;0;0;0;0;0;0;0;0;0;0;1;0;0;0;0;0;0;0;0;0;0;0;0;0;0;0;0;0;0;0
P8S2G:01096:01522_SUB_SUB;263;0;1;2;4;0;0;3;0;8;16;0;0;0;0;0;1;0;13;1;39;0;2;0;0;2;2;0;0;0;1;0;0;1;0;1;0;0;0;8;7;0;0;0;0;0;0;1;8;0;2;4;0;5;1;2;1;8;0;0;3;0;16;10;2;24;0;27;0;0;15;0;0;0;3;1;3;0;4;6;3;0;0;0;0;2;0;0;0;0;0
P8S2G:01108:01677_SUB_SUB;104;0;1;1;0;0;0;0;0;4;2;0;0;0;1;0;0;0;8;0;8;0;1;0;0;0;3;0;0;0;2;0;0;0;0;0;0;0;0;7;2;0;0;0;0;0;0;1;3;0;1;0;0;3;1;0;1;1;0;0;1;0;5;9;1;15;0;8;0;0;7;0;0;0;1;1;2;0;2;0;1;0;0;0;0;0;0;0;0;0;0
P8S2G:01114:01315_SUB_SUB;826;0;0;20;3;2;1;15;0;23;37;0;0;6;6;0;2;1;40;19;105;3;8;0;0;10;5;2;0;0;4;0;0;0;0;9;0;0;0;39;10;0;0;0;0;0;0;13;37;1;1;18;1;7;1;6;1;25;0;0;13;0;19;38;5;57;0;136;0;0;29;0;0;0;5;0;13;0;13;10;4;0;0;0;0;0;2;0;0;0;1
P8S2G:01149:01781_SUB_SUB;670;0;4;15;5;1;3;6;0;14;37;0;1;3;4;0;2;0;34;9;112;1;3;0;0;3;6;0;0;0;3;0;0;1;0;5;0;0;0;39;9;0;0;0;0;0;0;5;26;1;2;10;0;3;2;1;1;16;0;0;10;0;16;30;5;45;0;122;0;0;25;0;0;0;2;0;7;0;11;7;1;0;0;0;0;1;1;0;0;0;0
P8S2G:01290:01329_SUB_SUB;104;0;0;3;1;0;1;0;0;6;1;0;0;0;0;0;0;0;7;1;4;0;0;0;0;1;4;0;0;0;0;0;0;0;0;0;0;0;0;6;3;0;0;0;0;0;0;1;0;0;0;2;1;1;0;1;0;1;0;0;2;0;1;12;0;16;0;12;0;0;10;0;0;0;0;0;2;0;1;2;1;0;0;0;0;0;0;0;0;0;0
P8S2G:01297:01294_SUB_SUB;21515;0;22;137;69;808;0;0;0;20;0;0;0;41;0;0;11;0;16;84;0;5;2;692;1690;213;215;0;300;19;90;32;274;0;25;367;0;57;15;309;497;77;97;2035;0;0;73;230;88;336;719;27;15;378;78;43;56;8;114;0;308;0;0;166;61;374;392;664;210;398;759;45;69;693;35;37;3993;173;1458;124;188;211;0;24;17;70;5;431;135;18;73
P8S2G:01274:01479_SUB_SUB;310;0;0;8;3;0;1;3;0;23;6;0;1;3;1;0;1;0;4;2;12;1;2;0;0;1;1;1;0;0;1;0;0;0;0;1;0;0;0;11;8;0;0;0;0;0;0;4;4;0;0;2;0;3;0;0;1;4;1;0;2;0;8;34;0;42;0;80;0;0;16;0;0;0;1;0;7;0;0;1;1;0;0;0;0;0;1;0;0;0;3
P8S2G:01270:01495_SUB_SUB;196;0;0;6;4;0;3;1;0;9;2;0;2;1;0;0;1;0;3;1;7;1;1;0;0;0;0;0;0;0;1;0;0;0;0;1;0;0;0;11;1;0;0;0;0;0;0;2;1;0;0;4;0;2;1;1;0;11;0;0;1;0;4;25;2;25;0;48;0;0;3;0;0;0;0;0;3;0;2;2;0;0;0;0;0;1;2;0;0;0;0
P8S2G:00777:04126_SUB_SUB;168;0;0;5;2;0;0;1;0;3;1;0;0;0;1;0;1;1;7;1;19;0;1;0;0;3;3;0;0;0;1;0;0;1;0;1;0;0;0;6;6;0;0;0;0;0;0;3;2;0;2;1;0;0;0;0;0;2;0;0;1;0;2;18;1;21;0;26;0;0;15;0;0;0;0;2;5;0;1;1;0;0;0;0;0;1;0;0;0;0;0
P8S2G:00767:04254_SUB_SUB;218;0;0;2;2;0;2;2;0;16;5;0;0;0;0;0;0;0;4;1;6;0;1;0;0;3;4;0;0;0;0;0;0;0;0;0;0;0;0;6;6;0;0;0;0;0;0;3;2;0;0;0;0;6;2;2;1;8;0;0;1;0;10;31;0;37;0;22;0;0;22;0;0;0;0;0;6;0;1;3;0;0;0;0;0;0;0;0;0;0;1
P8S2G:00816:04223_SUB_SUB;140;0;0;2;2;0;0;0;0;3;6;0;0;0;1;0;0;0;5;2;4;0;0;0;0;0;1;1;0;0;0;0;0;0;0;1;0;0;0;6;0;0;0;0;0;0;0;0;2;0;0;4;0;0;1;0;0;4;0;0;1;0;5;20;0;19;0;34;0;0;7;0;0;0;0;2;2;0;1;2;0;0;0;0;0;0;1;0;0;1;0
P8S2G:01105:04304_SUB_SUB;602;0;7;3;3;1;2;1;0;12;14;0;1;2;0;0;3;0;5;1;16;0;2;0;0;3;12;1;0;0;0;0;0;0;0;2;0;0;0;12;49;0;0;0;0;0;0;8;5;0;2;1;0;3;11;0;1;4;0;0;16;0;216;25;0;48;0;29;0;0;55;0;0;0;1;1;4;0;6;1;11;0;0;0;0;1;0;0;0;0;1
P8S2G:01198:04298_SUB_SUB;203;0;2;3;1;0;1;1;0;8;5;0;0;2;0;0;0;1;8;1;14;0;2;0;0;1;5;1;0;0;1;0;0;1;0;3;0;0;0;7;6;0;0;0;0;0;0;1;5;0;1;0;0;5;2;2;0;6;0;0;4;0;6;18;3;25;0;29;0;0;11;0;0;0;0;0;2;0;1;2;5;0;0;0;0;0;0;0;0;0;1
P8S2G:01294:04123_SUB_SUB;1309;0;58;81;45;28;20;152;0;14;353;0;0;12;0;0;197;0;11;4;17;15;22;6;2;0;0;0;53;0;0;0;0;0;0;0;0;0;0;0;0;0;0;0;0;0;0;0;0;0;0;0;0;33;28;2;9;76;0;0;0;0;0;0;0;0;0;0;0;0;0;19;0;0;8;2;34;0;8;0;0;0;0;0;0;0;0;0;0;0;0
P8S2G:01304:04095_SUB_SUB;199;0;1;0;2;0;0;1;0;6;4;0;2;1;0;0;1;0;6;1;11;0;2;0;0;1;5;1;0;0;0;0;0;1;0;0;0;0;0;7;8;0;0;0;0;0;0;2;7;0;1;4;0;5;1;1;2;9;0;0;6;0;27;12;1;24;0;20;0;0;7;0;0;0;0;0;5;0;1;1;1;0;0;0;0;0;1;0;0;0;0
P8S2G:04870:06228_SUB_SUB;161;0;28;16;14;0;2;0;0;35;6;0;0;1;1;1;0;0;8;17;1;0;8;0;0;0;0;0;0;0;0;0;0;0;0;0;0;0;0;0;0;0;0;0;0;0;0;0;0;0;0;0;0;0;0;0;0;23;0;0;0;0;0;0;0;0;0;0;0;0;0;0;0;0;0;0;0;0;0;0;0;0;0;0;0;0;0;0;0;0;0
P8S2G:05025:06213_SUB_SUB;690;0;0;1;0;1;0;0;0;0;0;0;467;0;0;0;0;0;2;2;0;0;0;0;0;0;0;0;0;0;0;0;0;0;0;0;0;15;0;0;0;0;0;0;0;0;0;0;0;0;0;0;0;0;0;0;0;0;0;0;8;0;0;0;0;0;0;0;0;0;0;0;0;0;0;0;5;0;17;0;81;33;0;0;12;0;46;0;0;0;0
P8S2G:05142:05856_SUB_SUB;2752;0;55;179;79;17;45;165;0;64;262;0;0;72;30;0;491;0;72;4;186;94;78;2;1;0;0;0;30;0;0;0;0;0;0;0;0;0;0;0;0;0;0;0;0;0;0;0;0;0;0;0;7;321;156;55;39;111;0;0;0;0;0;0;0;0;0;0;0;0;1;20;0;0;38;19;52;0;7;0;0;0;0;0;0;0;0;0;0;0;0
P8S2G:05278:05975_SUB_SUB;135;0;0;1;0;0;0;0;0;0;0;0;0;0;0;0;0;0;0;0;0;1;0;0;0;0;0;0;0;0;0;0;0;0;0;1;0;0;0;8;0;0;0;0;0;0;0;4;1;1;0;0;0;2;0;0;0;0;0;0;1;0;0;10;0;18;0;20;0;0;13;0;0;0;0;0;1;0;2;51;0;0;0;0;0;0;0;0;0;0;0
P8S2G:05252:06290_SUB_SUB;165;0;3;17;1;2;6;18;0;1;28;0;0;1;3;0;15;0;5;0;3;1;5;1;0;0;0;0;5;0;0;0;0;0;0;0;0;0;0;0;0;0;0;0;0;0;0;0;0;0;0;0;0;14;4;0;0;18;0;0;0;0;0;0;0;0;0;0;0;0;0;4;0;0;0;0;9;0;1;0;0;0;0;0;0;0;0;0;0;0;0
P8S2G:00375:06906_SUB_SUB;126;0;0;1;0;0;0;1;0;4;2;0;0;1;0;0;0;0;4;1;17;0;0;0;0;1;4;1;0;0;1;0;0;0;0;1;0;0;0;6;1;0;0;0;0;0;0;2;3;1;0;1;0;0;1;0;0;6;0;0;1;0;2;10;1;14;0;29;0;0;3;0;0;0;1;0;1;0;1;3;0;0;0;0;0;0;0;0;0;0;0
P8S2G:00482:07030_SUB_SUB;320;0;8;27;7;1;1;3;0;14;11;0;0;15;5;0;70;0;11;0;28;17;9;0;0;0;0;0;1;0;0;0;0;0;0;0;0;0;0;0;0;0;0;0;0;0;0;0;0;0;0;0;1;47;18;6;8;5;0;0;0;0;0;0;0;0;0;0;0;0;0;1;0;0;2;3;1;0;0;0;0;0;0;0;0;0;0;0;0;0;0
P8S2G:00579:06548_SUB_SUB;1214;0;61;1;0;5;25;14;0;1;0;0;0;65;28;7;109;7;0;6;2;30;37;0;2;12;0;0;0;0;0;0;1;0;0;2;0;0;0;8;68;22;12;1;0;4;0;0;18;6;356;5;0;3;0;0;0;1;0;0;4;0;0;9;64;5;118;14;0;0;0;0;0;3;1;0;0;30;0;0;0;0;0;0;0;1;0;0;0;0;46
P8S2G:00561:06712_SUB_SUB;866;0;196;17;9;0;40;13;25;159;31;0;0;22;35;14;68;0;119;10;44;18;18;0;0;0;0;0;0;0;0;0;0;0;0;0;0;0;0;0;0;0;0;0;0;0;0;0;0;0;0;0;0;6;4;2;6;3;0;0;0;0;0;0;0;0;0;0;0;0;0;0;0;0;4;3;0;0;0;0;0;0;0;0;0;0;0;0;0;0;0
P8S2G:00663:06501_SUB_SUB;488;0;2;23;2;1;1;5;0;9;12;0;0;3;8;0;1;0;22;3;58;1;3;0;0;1;4;2;0;0;0;0;0;1;0;8;0;0;0;11;17;0;0;0;0;0;0;6;12;0;1;7;0;7;5;0;2;10;0;0;11;0;61;24;1;48;0;37;0;0;35;0;0;0;4;1;5;0;4;2;3;0;0;0;0;0;1;0;0;3;0
P8S2G:04724:02147_SUB_SUB;468;0;85;10;1;0;23;7;9;100;16;0;0;23;17;4;24;0;80;2;38;4;13;0;0;0;0;0;0;0;0;0;0;0;0;0;0;0;0;0;0;0;0;0;0;0;0;0;0;0;0;0;0;2;3;0;0;5;0;0;0;0;0;0;0;0;0;0;0;0;0;0;0;0;0;2;0;0;0;0;0;0;0;0;0;0;0;0;0;0;0
P8S2G:04855:02187_SUB_SUB;142;0;1;6;0;0;0;0;0;7;2;0;0;2;0;0;0;1;8;1;10;0;0;0;0;1;0;3;0;0;0;0;0;0;0;1;0;0;0;5;1;0;0;0;0;0;0;4;6;0;1;3;0;2;0;0;0;1;0;0;0;0;4;11;1;10;0;29;0;0;14;0;0;0;0;0;4;0;1;0;1;0;0;0;0;1;0;0;0;0;0
P8S2G:04891:02337_SUB_SUB;451;0;1;3;3;0;1;8;0;27;7;0;1;5;1;0;0;0;9;3;34;1;3;0;0;6;1;0;0;0;2;0;0;1;0;5;0;0;0;30;12;0;0;0;0;0;0;5;10;0;0;8;0;4;2;1;1;15;0;0;6;0;5;44;3;55;0;85;0;0;17;0;0;0;1;2;9;0;6;2;1;0;0;0;0;2;0;0;0;1;2
P8S2G:04933:02069_SUB_SUB;146;0;17;3;0;0;16;3;1;27;4;0;0;12;9;4;3;0;22;0;8;2;7;0;0;0;0;0;0;0;0;0;0;0;0;0;0;0;0;0;0;0;0;0;0;0;0;0;0;0;0;0;0;1;1;0;1;4;0;0;0;0;0;0;0;0;0;0;0;0;0;0;0;0;0;1;0;0;0;0;0;0;0;0;0;0;0;0;0;0;0
P8S2G:04933:02111_SUB_SUB;522;0;106;0;0;0;55;0;0;2;0;0;0;15;78;127;47;0;0;0;0;36;51;0;0;0;0;0;0;0;0;0;0;0;0;0;0;0;0;0;0;0;0;0;0;0;0;0;0;0;2;0;0;2;0;0;0;0;0;0;0;0;0;0;0;0;0;0;0;0;0;0;0;0;0;0;0;0;0;0;0;0;0;0;0;0;0;1;0;0;0
P8S2G:04945:02280_SUB_SUB;2758;0;0;7;8;153;0;0;0;5;0;0;0;7;0;0;0;0;0;11;0;0;0;128;253;29;19;0;22;1;17;5;24;0;2;27;0;6;2;25;52;6;9;289;0;0;7;17;7;51;79;3;0;40;9;3;6;0;15;0;29;0;0;19;11;41;56;62;16;51;57;3;11;95;5;3;585;12;195;12;20;20;0;2;1;18;0;58;22;4;6
P8S2G:05063:02288_SUB_SUB;144;0;0;1;0;0;0;3;0;9;0;0;0;0;0;0;9;0;8;0;36;0;3;0;0;0;0;0;0;0;0;0;0;0;0;0;0;0;0;0;0;0;0;0;0;0;0;0;0;0;0;0;0;0;0;0;0;56;0;0;0;0;0;0;0;0;0;0;0;0;0;0;0;0;0;0;10;0;9;0;0;0;0;0;0;0;0;0;0;0;0
P8S2G:05261:02315_SUB_SUB;136;0;3;12;3;0;6;12;0;3;18;0;0;5;0;0;21;0;3;0;3;3;2;0;0;0;0;0;3;0;0;0;0;0;0;0;0;0;0;0;0;0;0;0;0;0;0;0;0;0;0;0;0;11;2;0;0;13;0;0;0;0;0;0;0;0;0;0;0;0;0;3;0;0;1;2;5;0;2;0;0;0;0;0;0;0;0;0;0;0;0
P8S2G:00666:02428_SUB_SUB;120;0;2;1;2;1;0;2;0;5;0;0;0;0;0;0;0;0;5;2;2;0;0;0;0;0;4;0;0;0;0;0;0;0;0;0;0;0;0;3;1;0;0;0;0;0;0;3;0;0;0;0;0;2;1;1;1;3;0;0;0;0;16;18;0;22;0;9;0;0;11;0;0;0;0;0;0;0;1;2;0;0;0;0;0;0;0;0;0;0;0
P8S2G:00793:02524_SUB_SUB;200;0;1;2;2;1;0;1;0;5;7;0;0;0;2;0;1;1;5;1;11;1;2;0;0;1;4;0;0;0;0;0;0;0;0;1;0;0;0;4;6;0;0;0;0;0;0;3;4;0;0;0;0;1;1;1;0;1;0;0;4;0;43;9;1;25;0;21;0;0;18;0;0;0;0;0;2;0;1;1;3;0;0;0;0;1;0;0;0;0;1
P8S2G:00862:01972_SUB_SUB;28104;0;65;275;131;1000;1;0;0;29;0;0;0;135;0;0;9;0;24;186;1;8;4;653;2111;329;297;0;542;50;184;78;462;0;54;451;0;174;22;370;669;82;241;1972;0;0;114;364;222;703;1696;70;38;294;160;126;61;3;266;0;598;0;0;134;90;438;870;794;352;998;1407;98;95;1106;80;40;2668;331;1774;210;210;211;0;26;13;81;3;516;125;38;72
P8S2G:00854:02361_SUB_SUB;154;0;2;1;2;0;0;0;0;3;0;0;0;0;0;0;0;0;3;0;1;0;0;0;0;1;9;0;0;0;0;0;0;1;0;0;0;0;0;1;26;0;0;0;0;0;0;4;3;0;0;0;0;0;2;1;0;1;0;0;6;0;62;2;0;5;0;4;0;0;8;0;0;0;0;0;2;0;0;1;3;0;0;0;0;0;0;0;0;0;0
P8S2G:00903:02134_SUB_SUB;122;0;1;4;0;0;0;1;0;8;5;0;0;0;0;0;1;1;4;1;9;0;1;0;0;2;3;1;0;0;1;0;0;0;0;1;0;0;0;3;4;0;0;0;0;0;0;0;2;0;0;2;0;2;1;0;0;6;0;0;1;0;5;10;0;15;0;12;0;0;11;0;0;0;1;0;1;0;0;1;0;0;0;0;0;0;0;0;0;1;0
P8S2G:00950:02061_SUB_SUB;142;0;0;5;2;0;0;2;0;9;6;0;0;1;0;0;0;0;8;0;15;1;1;0;0;0;2;0;0;0;0;0;0;0;0;0;0;0;0;4;1;0;0;0;0;0;0;0;11;0;1;3;0;0;1;0;2;3;0;0;0;0;2;6;1;10;0;30;0;0;5;0;0;0;0;0;2;0;4;2;0;0;0;0;0;0;1;0;0;1;0
P8S2G:00954:02164_SUB_SUB;623;0;21;56;19;8;6;79;0;5;154;0;0;5;0;0;94;0;7;0;9;7;8;0;0;0;0;0;19;0;0;0;0;0;0;0;0;0;0;0;0;0;0;0;0;0;0;0;0;0;0;0;1;20;11;7;2;47;0;0;0;0;0;0;0;0;0;0;0;0;0;20;0;0;1;1;14;0;2;0;0;0;0;0;0;0;0;0;0;0;0
P8S2G:00993:02124_SUB_SUB;204;0;0;2;4;0;1;2;0;15;6;0;0;2;1;0;1;2;9;0;16;0;2;0;0;2;2;0;0;0;0;0;0;0;0;5;0;0;0;7;5;0;0;0;0;0;0;3;1;1;0;2;0;5;1;0;1;12;0;0;1;0;5;11;1;30;0;26;0;0;8;0;0;0;0;0;4;0;1;4;3;0;0;0;0;0;0;0;0;0;0
P8S2G:01010:02318_SUB_SUB;309;0;24;11;5;0;0;0;0;4;68;0;0;0;0;0;14;0;3;7;0;0;0;0;0;0;0;0;0;0;0;0;0;0;0;0;0;0;0;0;2;0;0;0;0;0;0;0;2;0;58;1;13;62;6;0;6;2;1;0;0;0;0;13;0;0;0;0;0;0;0;0;0;0;1;4;0;0;1;0;0;0;0;0;0;0;0;0;0;0;1
P8S2G:01007:02444_SUB_SUB;429;0;1;5;2;1;5;0;0;24;9;0;1;2;1;0;1;0;18;1;15;0;0;0;0;3;4;2;0;0;0;0;0;0;0;1;0;0;0;21;8;0;0;0;0;0;0;3;7;0;1;4;0;10;1;1;2;17;0;0;2;0;10;59;2;66;0;69;0;0;25;0;0;0;1;0;12;0;3;6;2;0;0;0;0;0;1;0;0;0;0
P8S2G:01020:02272_SUB_SUB;363;0;4;1;3;0;2;2;0;12;11;0;1;3;1;0;2;1;14;2;15;0;2;0;0;3;11;1;0;0;1;0;0;1;0;2;0;0;0;14;3;0;0;0;0;0;0;7;9;0;1;5;0;10;4;1;1;4;0;0;1;0;36;40;1;52;0;41;0;0;18;0;0;0;2;0;9;0;1;2;2;0;0;0;0;2;1;0;0;0;1
P8S2G:01088:01942_SUB_SUB;118;0;0;2;0;0;0;0;0;4;5;0;0;1;1;0;1;1;7;1;7;0;0;0;0;2;2;0;0;0;1;0;0;0;0;1;0;0;0;7;0;0;0;0;0;0;0;1;3;0;0;1;1;3;1;0;0;4;0;0;1;0;2;6;1;15;0;22;0;0;4;0;0;0;1;0;3;0;4;1;0;0;0;0;0;0;0;0;0;1;0
P8S2G:01101:02174_SUB_SUB;157;0;0;0;1;1;1;1;0;2;4;0;0;0;0;0;0;1;1;1;3;0;2;0;0;0;2;1;0;0;1;0;0;1;0;0;0;0;0;10;4;0;0;0;0;0;0;1;0;0;0;4;0;0;0;0;1;4;0;0;1;0;4;19;0;39;0;23;0;0;17;0;0;0;0;0;1;0;3;0;2;0;0;0;0;0;1;0;0;0;0
P8S2G:01123:02324_SUB_SUB;315;0;4;6;4;1;2;4;0;16;9;0;0;2;2;0;1;0;16;4;25;0;1;0;0;1;7;2;0;0;1;0;0;0;0;2;0;0;0;10;7;0;0;0;0;0;0;6;13;0;0;4;0;8;3;0;1;4;0;0;4;0;11;30;3;41;0;26;0;0;13;0;0;0;1;0;8;0;4;2;3;0;0;0;0;1;1;0;0;0;1
P8S2G:01300:02292_SUB_SUB;116;0;1;0;2;1;0;2;0;6;4;0;1;1;0;0;0;0;5;1;7;0;0;0;0;0;1;0;0;0;0;0;0;0;0;0;0;0;0;5;8;0;0;0;0;0;0;2;2;0;0;1;0;1;0;0;0;1;1;0;2;0;27;8;0;7;0;9;0;0;4;0;0;0;0;0;3;0;1;0;2;0;0;0;0;0;0;0;0;0;0
P8S2G:01294:02358_SUB_SUB;241;0;4;8;4;0;2;5;0;10;8;0;0;0;2;0;3;0;13;3;10;1;1;0;0;0;2;1;0;0;1;0;0;0;0;4;0;0;0;7;2;0;0;0;0;0;0;4;7;0;1;0;0;7;3;0;0;6;0;0;3;0;10;17;1;37;0;29;0;0;12;0;0;0;0;1;2;0;2;2;3;0;0;0;0;0;1;0;0;0;2
P8S2G:00846:02756_SUB_SUB;323;0;0;1;4;0;0;2;0;23;3;0;0;1;0;0;0;0;6;1;14;0;0;0;0;1;6;0;0;0;0;0;0;0;0;2;0;0;0;13;15;0;0;0;0;0;0;4;2;0;1;1;0;6;4;0;1;10;0;0;1;0;14;44;1;61;0;50;0;0;14;0;0;0;0;1;7;0;1;2;2;0;0;0;0;2;1;0;0;0;1
P8S2G:00960:03350_SUB_SUB;105;0;27;0;0;0;6;0;0;0;0;0;0;3;16;26;8;0;0;0;0;6;12;0;0;0;0;0;0;0;0;0;0;0;0;0;0;0;0;0;0;0;0;0;0;0;0;0;0;0;1;0;0;0;0;0;0;0;0;0;0;0;0;0;0;0;0;0;0;0;0;0;0;0;0;0;0;0;0;0;0;0;0;0;0;0;0;0;0;0;0
P8S2G:01072:03587_SUB_SUB;271;0;2;1;2;0;0;7;0;9;4;0;0;0;1;0;4;0;5;1;12;0;2;0;0;0;13;0;0;0;0;0;0;0;0;3;0;0;0;16;11;0;0;0;0;0;0;4;0;0;1;3;0;4;1;0;1;10;0;0;0;0;18;25;0;30;0;43;0;0;24;0;0;0;0;0;6;0;3;0;4;0;0;0;0;0;0;0;0;1;0
P8S2G:01291:03498_SUB_SUB;273;0;2;3;0;0;1;2;0;19;7;0;2;0;0;0;1;1;4;0;6;2;1;0;0;3;7;0;0;0;0;0;0;1;0;0;0;0;0;12;12;0;0;0;0;0;0;3;5;0;0;2;1;5;2;0;1;7;0;0;2;0;17;28;1;54;0;18;0;0;23;0;0;0;0;2;5;0;4;0;5;0;0;0;0;0;1;0;0;1;0
P8S2G:00802:01059_SUB_SUB;100;0;0;0;1;0;0;0;0;2;2;0;0;0;0;0;1;0;1;1;3;0;0;0;0;0;4;0;0;0;0;0;0;0;0;3;0;0;0;2;3;0;0;0;0;0;0;0;4;0;0;2;0;2;1;0;1;2;0;0;1;0;1;7;0;18;0;23;0;0;8;0;0;0;0;1;1;0;0;2;2;0;0;0;0;0;1;0;0;0;0
P8S2G:00836:00822_SUB_SUB;693;0;26;44;20;9;18;75;0;17;148;0;0;3;0;0;146;0;6;2;4;11;7;5;0;0;0;0;23;0;0;0;0;0;0;0;0;0;0;0;0;0;0;0;0;0;0;0;0;0;0;0;1;30;12;4;2;35;0;0;0;0;0;0;0;0;0;0;0;0;0;8;0;0;3;2;27;0;5;0;0;0;0;0;0;0;0;0;0;0;0
P8S2G:00891:01251_SUB_SUB;210;0;1;5;1;0;3;2;0;8;5;0;0;1;0;0;1;1;4;0;8;0;2;0;0;2;2;1;0;0;0;0;0;0;0;1;0;0;0;16;1;0;0;0;0;0;0;3;4;0;0;2;1;3;1;0;0;6;0;0;1;0;3;23;0;26;0;44;0;0;20;0;0;0;0;1;2;0;2;1;1;0;0;0;0;1;0;0;0;0;0
P8S2G:00987:00726_SUB_SUB;205;0;0;3;0;1;1;5;0;14;4;0;0;0;2;0;0;0;11;3;11;0;0;0;0;0;1;1;0;0;0;0;0;0;0;2;0;0;1;11;1;0;0;0;0;0;0;7;4;0;1;1;0;1;0;1;1;10;0;0;3;0;4;18;1;11;0;42;0;0;13;0;0;0;0;0;7;0;4;3;0;0;0;0;0;1;0;0;0;0;0
P8S2G:01020:00840_SUB_SUB;242;0;0;1;0;0;0;0;0;0;0;0;163;0;0;0;0;0;0;1;0;0;0;0;0;0;0;0;0;0;0;0;0;0;0;0;0;5;0;0;0;0;0;0;0;0;0;0;0;0;0;0;0;0;2;0;0;0;0;0;9;0;0;0;0;0;0;0;0;0;0;0;0;0;0;0;1;1;8;0;21;14;0;0;2;0;14;0;0;0;0
P8S2G:01026:01140_SUB_SUB;169;0;0;2;0;1;0;2;0;3;2;0;0;0;0;0;0;0;5;4;13;1;3;0;0;0;0;0;0;0;0;0;0;0;0;1;0;0;0;10;2;0;0;0;0;0;0;4;2;0;0;9;0;1;1;2;0;11;0;0;1;0;3;8;0;12;0;54;0;0;6;0;0;0;0;0;2;0;2;0;1;0;0;0;0;1;0;0;0;0;0
P8S2G:01074:01214_SUB_SUB;495;0;1;15;1;0;3;6;0;14;21;0;2;5;2;0;3;3;14;5;42;1;2;0;0;3;5;2;0;0;0;0;0;0;0;2;0;0;0;39;6;0;0;0;0;0;0;7;13;1;0;6;0;5;2;0;2;11;0;0;2;0;8;40;4;35;0;110;0;0;33;0;0;0;1;0;5;0;7;3;1;0;0;0;0;1;1;0;0;0;0
P8S2G:01149:00693_SUB_SUB;627;0;2;15;7;0;2;3;0;23;21;0;1;5;2;0;5;2;28;3;27;2;4;0;0;1;1;3;0;0;6;0;0;0;0;4;0;0;0;46;6;0;0;0;0;0;0;5;7;0;2;15;0;2;0;3;1;16;0;0;2;0;8;53;2;86;0;149;0;0;28;0;0;0;0;1;8;0;8;4;1;0;0;0;0;2;2;0;0;2;1
P8S2G:01258:00669_SUB_SUB;100;0;1;2;2;0;0;1;0;1;3;0;0;0;2;0;0;0;3;3;1;0;1;0;0;1;2;1;0;0;0;0;0;0;0;1;0;0;0;9;1;0;0;0;0;0;0;1;1;0;0;2;1;1;1;0;4;1;0;0;1;0;1;7;0;10;0;20;0;0;5;0;0;0;1;0;1;0;2;1;2;0;0;0;0;2;0;0;0;0;0
P8S2G:00792:05049_SUB_SUB;1206;0;51;116;19;12;26;157;0;12;274;0;0;16;0;0;157;0;10;8;14;14;22;3;3;0;0;0;51;0;0;0;0;0;0;0;0;0;0;0;0;0;0;0;0;0;0;0;0;0;0;0;1;46;15;8;7;73;0;0;0;0;0;1;0;0;0;0;0;0;0;45;0;0;5;1;30;0;9;0;0;0;0;0;0;0;0;0;0;0;0
P8S2G:01248:04660_SUB_SUB;607;0;0;25;5;1;3;9;0;15;19;0;0;5;3;0;2;3;13;5;50;1;5;0;0;4;6;1;0;0;2;0;0;0;0;2;0;0;0;48;4;0;0;0;0;0;0;4;14;0;1;17;0;3;1;0;1;18;0;0;3;0;6;37;0;46;0;174;0;0;29;0;0;0;0;1;5;0;11;2;1;0;0;0;0;0;1;0;0;0;1
P8S2G:04309:02708_SUB_SUB;164;0;1;0;1;0;0;0;0;4;1;0;0;0;0;0;1;0;2;0;7;4;0;0;0;0;14;1;0;0;0;0;0;1;0;0;0;0;0;0;22;0;0;0;0;0;0;2;0;0;0;0;0;3;3;0;0;1;0;0;2;0;47;6;1;9;0;4;0;0;16;0;0;0;0;0;2;0;1;1;7;0;0;0;0;0;0;0;0;0;0
P8S2G:04623:03074_SUB_SUB;266;0;0;4;3;0;2;3;0;19;7;0;0;0;0;0;1;0;2;2;8;1;1;0;0;0;1;0;0;0;0;0;0;0;0;2;0;0;0;14;6;0;0;0;0;0;0;1;5;0;1;1;0;7;0;1;2;7;0;0;1;0;3;30;2;67;0;24;0;0;16;0;0;0;2;0;11;0;2;3;0;0;0;0;0;1;3;0;0;0;0
P8S2G:02818:02402_SUB_SUB;183;0;0;8;2;0;1;4;0;1;2;0;0;3;1;0;1;1;9;4;17;0;2;0;0;1;0;0;0;0;1;0;0;0;0;0;0;0;0;7;3;0;0;0;0;0;0;4;2;0;1;2;0;0;0;0;1;6;0;0;0;0;0;7;1;28;0;43;0;0;9;0;0;0;1;1;3;0;3;2;1;0;0;0;0;0;0;0;0;0;0
P8S2G:02827:02494_SUB_SUB;349;0;96;0;0;0;43;0;0;2;0;0;0;13;32;62;26;0;0;0;0;48;24;0;0;0;0;0;0;0;0;0;0;0;0;0;0;0;0;0;0;0;0;0;0;0;0;0;0;0;3;0;0;0;0;0;0;0;0;0;0;0;0;0;0;0;0;0;0;0;0;0;0;0;0;0;0;0;0;0;0;0;0;0;0;0;0;0;0;0;0
P8S2G:03102:02048_SUB_SUB;103;0;0;0;1;0;0;0;0;6;4;0;0;0;1;0;1;0;1;0;0;0;0;0;0;1;1;1;0;0;0;0;0;1;0;1;0;0;0;3;2;0;0;0;0;0;0;0;1;0;1;2;0;1;0;0;1;2;0;0;2;0;4;24;0;14;0;3;0;0;12;0;0;0;0;0;9;0;0;0;2;0;0;0;0;0;1;0;0;0;0
P8S2G:03159:02072_SUB_SUB;274;0;4;7;1;0;4;16;0;3;0;0;0;2;5;0;0;0;5;1;2;4;4;9;0;0;0;0;0;0;0;0;30;0;10;0;0;0;0;0;13;1;0;0;0;0;0;0;0;0;46;1;0;6;5;56;2;0;0;0;0;0;0;6;0;0;7;6;0;0;0;0;0;0;7;3;3;0;2;0;0;0;0;0;0;0;0;0;0;0;3
P8S2G:03223:02212_SUB_SUB;114;0;2;0;1;0;0;0;0;2;1;0;0;1;1;0;0;0;4;0;2;0;0;0;0;0;2;0;0;0;0;0;0;0;0;0;0;0;0;8;8;0;0;0;0;0;0;1;3;0;0;1;0;4;1;1;0;1;0;0;2;0;12;16;1;18;0;6;0;0;8;0;0;0;0;0;3;0;0;2;1;0;0;0;0;0;0;0;0;0;1
P8S2G:04712:06966_SUB_SUB;119;0;4;7;2;1;2;18;0;0;27;0;0;4;0;0;18;0;0;0;3;1;2;0;0;0;0;0;4;0;0;0;0;0;0;0;0;0;0;0;0;0;0;0;0;0;0;0;0;0;0;0;0;2;0;1;1;13;0;0;0;0;0;0;0;0;0;0;0;0;0;3;0;0;0;0;6;0;0;0;0;0;0;0;0;0;0;0;0;0;0
P8S2G:04750:06813_SUB_SUB;1320;0;154;28;9;1;94;19;43;226;49;0;0;76;76;32;74;0;238;26;54;12;69;0;0;0;0;0;0;0;0;0;0;0;0;0;0;0;0;0;0;0;0;0;0;0;0;0;0;0;0;0;0;8;7;4;3;12;0;0;0;0;0;0;0;0;0;0;0;0;0;2;0;0;1;3;0;0;0;0;0;0;0;0;0;0;0;0;0;0;0
P8S2G:03268:03733_SUB_SUB;361;0;12;23;11;5;4;40;0;3;86;0;0;4;0;0;59;0;8;1;2;7;10;3;1;0;0;0;10;0;0;0;0;0;0;0;0;0;0;0;0;0;0;0;0;0;0;0;0;0;0;0;1;15;4;4;4;26;0;0;0;0;0;0;0;0;0;0;0;0;0;5;0;0;3;0;8;0;2;0;0;0;0;0;0;0;0;0;0;0;0
P8S2G:03376:06844_SUB_SUB;394;0;3;16;0;0;1;12;0;5;17;0;0;5;1;0;0;1;25;13;56;0;4;0;0;3;4;2;0;0;0;0;0;1;0;3;0;0;0;11;7;0;0;0;0;0;0;4;21;0;1;4;0;3;3;2;0;6;0;0;12;0;15;13;3;13;1;63;0;0;15;0;0;0;2;0;10;0;3;6;1;0;0;0;0;1;1;0;0;0;1
P8S2G:03488:06556_SUB_SUB;271;0;0;8;3;0;1;5;0;16;9;0;0;0;1;0;0;0;14;4;17;0;2;0;0;1;0;3;0;0;0;0;0;0;0;2;0;0;0;18;3;0;0;0;0;0;0;3;5;0;0;7;0;5;1;0;0;10;0;0;6;0;3;17;1;28;0;50;0;0;14;0;0;0;0;2;9;0;2;1;0;0;0;0;0;0;0;0;0;0;0
P8S2G:03516:06658_SUB_SUB;194;0;0;3;0;0;1;1;0;8;7;0;0;0;2;0;0;1;11;3;6;0;3;0;0;2;0;2;0;0;1;0;0;0;0;1;0;0;0;8;5;0;0;0;0;0;0;1;7;0;0;3;0;4;1;0;2;3;0;0;0;0;5;21;0;29;0;30;0;0;16;0;0;0;1;1;2;0;1;1;0;0;0;0;0;0;1;0;0;0;0
P8S2G:03003:05460_SUB_SUB;201;0;3;4;0;0;0;3;0;8;7;0;0;1;1;0;1;1;10;6;26;0;2;0;0;0;2;0;0;0;0;0;0;0;0;1;0;0;0;10;4;0;0;0;0;0;0;2;3;1;0;5;0;0;2;0;1;5;0;0;4;0;14;11;0;19;0;25;0;0;5;0;0;0;1;1;3;0;4;3;2;0;0;0;0;0;0;0;0;0;0
P8S2G:04697:00837_SUB_SUB;638;0;26;28;19;13;20;66;0;11;139;0;0;5;0;0;141;0;2;1;4;10;18;1;3;0;0;0;17;0;0;0;0;0;0;0;0;0;0;0;0;0;0;0;0;0;0;0;0;0;0;0;0;30;5;7;0;46;0;0;0;0;0;0;0;0;0;0;0;0;0;6;0;0;1;2;15;0;2;0;0;0;0;0;0;0;0;0;0;0;0
P8S2G:04718:00707_SUB_SUB;334;0;0;0;0;0;0;0;0;0;0;0;0;0;0;0;0;0;0;0;0;0;0;0;0;0;0;0;0;0;0;0;0;0;0;0;0;0;0;0;0;0;0;0;334;0;0;0;0;0;0;0;0;0;0;0;0;0;0;0;0;0;0;0;0;0;0;0;0;0;0;0;0;0;0;0;0;0;0;0;0;0;0;0;0;0;0;0;0;0;0
P8S2G:04731:01205_SUB_SUB;483;0;0;0;0;0;0;0;0;0;0;0;0;0;0;0;0;0;0;0;0;0;0;0;0;0;0;0;0;0;0;0;0;0;0;0;404;0;0;0;0;0;0;7;0;0;0;0;0;0;0;0;0;0;0;0;0;0;0;0;0;0;0;0;1;0;0;0;0;0;0;0;71;0;0;0;0;0;0;0;0;0;0;0;0;0;0;0;0;0;0
P8S2G:03361:00876_SUB_SUB;379;0;1;0;6;1;0;2;0;35;7;0;0;1;2;0;3;0;6;1;0;2;0;0;0;1;4;2;0;0;1;0;0;1;0;3;0;0;0;10;15;0;0;0;0;0;0;2;7;0;1;3;0;4;3;3;2;11;0;0;1;0;40;60;0;52;0;35;0;0;32;0;0;0;0;0;3;0;4;5;4;0;0;0;0;0;2;0;0;0;1
P8S2G:03379:00701_SUB_SUB;559;0;3;3;5;1;7;3;0;30;12;0;1;0;1;0;0;0;6;0;3;1;1;0;0;4;13;2;0;0;0;0;0;2;0;7;0;0;0;15;18;0;1;1;0;0;0;6;7;0;1;1;0;13;3;0;7;15;0;0;2;0;70;70;0;109;0;38;0;0;46;0;0;0;0;0;12;0;3;4;11;0;0;0;0;0;0;0;0;0;1
P8S2G:03410:01064_SUB_SUB;296;0;1;6;4;0;1;2;0;17;2;0;0;0;0;0;3;1;3;2;4;1;1;0;0;2;4;0;0;0;0;0;0;0;0;4;0;0;0;10;11;0;0;0;0;0;0;0;6;0;0;3;0;7;1;0;0;5;0;0;1;0;27;42;2;58;0;26;0;0;23;0;0;0;1;0;8;0;0;2;2;0;0;0;0;1;1;0;0;1;0
P8S2G:03460:00890_SUB_SUB;802;0;26;2;0;2;12;13;0;0;0;0;0;28;31;1;25;4;0;4;4;12;24;0;0;4;0;0;0;0;0;0;0;0;0;1;0;0;0;1;53;12;9;1;0;3;0;0;12;0;216;1;0;2;0;1;0;0;0;0;2;0;0;3;78;1;168;5;0;0;0;1;0;1;0;0;0;29;0;0;0;0;0;0;0;1;0;0;0;0;9
P8S2G:03531:00709_SUB_SUB;399;0;4;7;2;1;2;3;0;24;6;0;1;2;0;0;3;2;7;1;9;0;5;0;0;2;4;1;0;0;2;0;0;2;0;2;0;0;0;17;6;0;0;0;0;0;0;4;5;1;1;6;0;7;0;1;1;4;0;0;3;0;16;52;4;64;0;60;0;0;26;0;0;0;0;2;12;0;0;6;5;0;0;0;0;2;0;0;0;1;1
P8S2G:03638:00925_SUB_SUB;299;0;10;13;6;3;3;32;0;5;86;0;0;4;0;0;59;0;4;0;1;6;6;0;0;0;0;0;7;0;0;0;0;0;0;0;0;0;0;0;0;0;0;0;0;0;0;0;0;0;0;0;0;12;4;1;2;14;0;0;0;0;0;0;0;0;0;0;0;0;0;4;0;0;3;0;13;0;1;0;0;0;0;0;0;0;0;0;0;0;0
P8S2G:03747:01090_SUB_SUB;102;0;0;1;1;0;0;0;0;4;3;0;0;1;0;0;0;0;1;0;2;1;0;0;0;1;1;0;0;0;0;0;0;0;0;1;0;0;0;2;6;0;0;0;0;0;0;3;1;0;2;0;0;3;1;0;2;0;0;0;2;0;7;11;0;11;0;8;0;0;14;0;0;0;0;1;4;0;1;0;2;0;0;0;0;1;2;0;0;0;1
P8S2G:03873:00823_SUB_SUB;168;0;1;2;1;0;0;2;0;14;2;0;1;1;0;0;1;0;3;2;3;0;0;0;0;1;1;0;0;0;0;0;0;0;0;1;0;0;0;9;3;0;0;0;0;0;0;1;2;0;3;2;0;3;0;0;1;4;0;0;2;0;6;19;0;19;0;24;0;0;20;0;0;0;0;0;5;0;3;1;1;0;0;0;0;1;2;0;1;0;0
P8S2G:03886:00955_SUB_SUB;136;0;32;0;0;0;28;0;0;0;0;0;0;4;5;29;14;0;0;0;0;16;8;0;0;0;0;0;0;0;0;0;0;0;0;0;0;0;0;0;0;0;0;0;0;0;0;0;0;0;0;0;0;0;0;0;0;0;0;0;0;0;0;0;0;0;0;0;0;0;0;0;0;0;0;0;0;0;0;0;0;0;0;0;0;0;0;0;0;0;0
P8S2G:03324:02270_SUB_SUB;103;0;4;1;0;0;0;0;0;0;77;0;0;0;0;0;1;0;0;0;0;0;0;3;0;0;0;0;0;0;0;0;0;0;0;0;0;0;0;0;0;0;0;0;0;0;0;0;2;0;11;0;1;1;0;0;0;0;1;0;0;0;0;1;0;0;0;0;0;0;0;0;0;0;0;0;0;0;0;0;0;0;0;0;0;0;0;0;0;0;0
P8S2G:03550:02442_SUB_SUB;126;0;1;5;0;1;2;3;0;5;5;0;0;3;1;0;0;1;4;1;19;1;2;0;0;2;1;0;0;0;0;0;0;0;0;4;0;0;0;4;1;0;0;0;0;0;0;0;3;0;0;1;0;2;1;0;1;2;0;0;1;0;1;7;1;14;0;12;0;0;7;0;0;0;0;1;4;0;0;1;0;0;0;0;0;0;1;0;0;0;0
P8S2G:03655:02557_SUB_SUB;414;0;10;21;15;8;16;46;0;7;71;0;0;7;0;0;81;0;1;1;4;4;9;1;0;0;0;0;9;0;0;0;0;0;0;0;0;0;0;0;0;0;0;0;0;0;0;0;0;0;0;0;0;23;3;2;6;40;0;0;0;0;0;0;0;0;0;0;0;0;0;3;0;0;1;2;22;0;1;0;0;0;0;0;0;0;0;0;0;0;0
P8S2G:03697:02093_SUB_SUB;423;0;0;0;0;1;0;0;0;0;0;0;299;0;0;0;0;0;0;2;0;0;0;0;0;0;0;0;0;0;0;0;0;0;0;0;0;8;0;0;0;0;0;0;0;0;0;0;0;0;0;0;0;0;1;2;0;0;0;0;5;0;0;0;0;0;0;0;0;0;0;0;0;0;0;0;0;1;13;0;32;17;0;1;15;0;26;0;0;0;0
P8S2G:03732:01944_SUB_SUB;215;0;20;2;0;0;0;0;0;3;94;0;0;0;0;0;22;0;2;0;0;1;1;2;0;0;0;0;0;0;0;0;0;0;0;0;0;0;0;0;8;0;0;0;0;0;0;0;2;0;15;0;3;12;5;0;1;1;1;0;0;0;0;10;0;0;0;0;0;0;0;0;0;0;2;4;0;0;0;0;0;0;0;0;0;0;0;0;0;0;4
P8S2G:03452:03472_SUB_SUB;152;0;0;0;2;1;0;2;0;3;4;0;0;2;0;0;0;0;9;0;16;0;0;0;0;0;3;0;0;0;0;0;0;0;0;1;0;0;0;7;5;0;0;0;0;0;0;0;5;0;1;4;0;2;0;0;0;7;0;0;3;0;7;7;0;15;0;23;0;0;10;0;0;0;0;0;4;0;2;3;2;0;0;0;0;1;0;0;0;1;0
P8S2G:03532:03601_SUB_SUB;405;0;2;9;2;0;1;8;0;7;17;0;1;3;7;0;3;0;18;6;42;0;0;0;0;5;4;0;0;0;2;0;0;0;0;4;0;0;0;23;11;0;0;0;0;0;0;8;16;1;1;5;1;4;3;1;1;12;0;0;7;0;24;18;3;28;0;57;0;0;21;0;0;0;2;0;3;0;6;4;2;0;0;0;0;0;1;0;0;0;1
P8S2G:03611:03343_SUB_SUB;208;0;0;5;1;0;1;0;0;2;6;0;0;2;1;0;4;2;9;3;16;1;3;0;0;0;2;0;0;0;1;0;0;0;0;0;0;0;0;10;3;0;0;0;0;0;0;4;2;0;0;7;0;2;1;0;2;6;0;0;1;0;1;19;1;25;0;46;0;0;11;0;0;0;0;0;3;0;1;2;0;0;0;0;0;0;1;0;0;0;1
P8S2G:03609:03498_SUB_SUB;267;0;9;12;13;4;4;21;0;5;56;0;0;3;2;0;45;0;3;1;6;4;7;0;1;0;0;0;6;0;0;0;0;0;0;0;0;0;0;0;0;0;0;0;0;0;0;0;0;0;0;0;0;17;4;1;7;9;0;0;0;0;0;1;0;0;0;0;0;0;0;7;0;0;2;1;15;0;1;0;0;0;0;0;0;0;0;0;0;0;0
P8S2G:03633:03204_SUB_SUB;109;0;1;2;2;0;0;2;0;2;5;0;0;2;2;0;0;0;3;0;5;0;1;0;0;0;1;0;0;0;1;0;0;0;0;1;0;0;0;2;10;0;0;0;0;0;0;0;8;0;1;1;0;1;1;0;0;0;0;0;1;0;6;9;0;14;0;7;0;0;8;0;0;0;2;0;4;0;1;0;3;0;0;0;0;0;0;0;0;0;0
P8S2G:03760:03790_SUB_SUB;131;0;1;8;0;0;0;2;0;1;5;0;0;1;1;0;0;2;7;7;26;0;1;0;0;0;0;0;0;0;0;0;0;0;0;0;0;0;0;6;3;0;0;0;0;0;0;0;6;0;1;2;1;0;1;0;0;2;0;0;3;0;5;1;1;5;0;19;0;0;3;0;0;0;3;0;1;0;1;2;2;0;0;0;0;0;1;0;0;0;0
P8S2G:03394:02766_SUB_SUB;178;0;0;2;4;0;0;2;0;11;4;0;2;0;0;0;0;0;4;1;18;0;0;0;0;1;1;0;0;0;0;0;0;1;0;2;0;0;0;7;2;0;0;0;0;0;0;1;0;0;1;3;0;6;0;0;0;8;0;0;0;0;14;16;2;19;0;29;0;0;9;0;0;0;0;0;2;0;1;1;3;0;0;0;0;1;0;0;0;0;0
P8S2G:03645:04968_SUB_SUB;128;0;0;0;1;0;0;1;0;8;2;0;0;1;0;0;0;0;2;2;7;0;0;0;0;1;0;0;0;0;0;0;0;0;0;0;0;0;0;9;1;0;0;0;0;0;0;1;5;0;0;1;0;3;0;0;1;4;0;0;0;0;1;23;0;10;0;32;0;0;6;0;0;0;0;0;3;0;1;0;1;0;0;0;0;1;0;0;0;0;0
P8S2G:03670:04709_SUB_SUB;192;0;0;4;0;0;0;3;0;8;7;0;1;0;0;0;0;0;2;0;7;1;0;0;0;0;1;1;0;0;0;0;0;1;0;0;0;0;0;9;3;0;0;0;0;0;0;2;9;0;0;3;0;1;1;0;0;6;0;0;1;0;6;21;1;21;0;39;0;0;18;0;0;0;1;0;3;0;7;2;0;0;0;0;0;0;1;0;0;0;1
P8S2G:03688:04962_SUB_SUB;289;0;0;7;0;3;0;1;0;7;6;0;1;3;3;0;2;1;6;4;24;1;2;0;0;0;2;4;0;0;1;0;0;0;0;2;0;0;0;20;3;0;0;0;0;0;0;2;5;0;1;12;0;1;0;1;1;8;0;0;0;0;3;19;1;25;0;69;0;0;19;0;0;0;1;1;7;0;1;4;2;0;0;0;0;1;1;0;0;1;0
P8S2G:03820:04773_SUB_SUB;309;0;0;0;0;0;0;0;0;1;0;0;0;0;0;0;0;0;0;0;0;0;0;0;0;0;0;0;0;0;0;0;0;0;0;0;0;0;0;0;0;0;0;0;0;0;0;0;0;0;77;0;0;0;0;0;0;0;0;0;0;0;0;0;0;0;0;0;0;0;0;3;226;0;1;0;0;0;0;0;0;0;0;0;0;0;0;1;0;0;0
P8S2G:03579:04395_SUB_SUB;143;0;0;2;0;0;0;3;0;3;8;0;0;0;2;0;2;1;4;2;14;0;0;0;0;4;2;0;0;0;2;0;0;0;0;0;0;0;0;3;1;0;0;0;0;0;0;4;7;0;0;7;0;0;1;0;0;3;0;0;0;0;16;5;0;11;0;24;0;0;4;0;0;0;0;1;2;0;3;0;2;0;0;0;0;0;0;0;0;0;0
P8S2G:03713:04012_SUB_SUB;186;0;5;4;0;0;2;1;0;8;4;0;0;2;3;0;1;0;2;1;6;1;0;0;0;2;3;1;0;0;0;0;0;1;0;0;0;0;0;4;2;0;0;0;0;0;0;2;3;0;1;0;0;4;2;1;1;5;0;0;0;0;5;21;0;49;0;13;0;0;11;0;0;0;1;1;2;0;2;5;1;0;0;0;0;0;0;0;0;2;1
P8S2G:03884:05154_SUB_SUB;248;0;0;0;0;0;0;0;0;0;0;0;0;0;0;0;0;0;0;0;0;0;0;0;0;0;0;0;0;0;0;0;0;0;248;0;0;0;0;0;0;0;0;0;0;0;0;0;0;0;0;0;0;0;0;0;0;0;0;0;0;0;0;0;0;0;0;0;0;0;0;0;0;0;0;0;0;0;0;0;0;0;0;0;0;0;0;0;0;0;0
P8S2G:00286:01656_SUB_SUB;56670;0;146;64;4;38;0;0;0;0;0;0;0;0;0;0;1;0;0;8;0;28;19;240;92;270;367;0;0;10;2028;323;0;0;0;431;0;0;4;774;1840;0;0;106;0;450;0;0;471;0;129;63;13515;13846;3718;1901;2440;0;11;0;62;1;859;669;150;4007;3;1353;0;0;1189;1925;0;1;1766;1164;0;0;0;0;2;1;0;0;0;59;0;7;2;0;113
P8S2G:00394:01917_SUB_SUB;315;0;0;0;0;0;0;0;0;0;0;0;0;0;0;0;0;0;0;0;0;0;0;0;0;0;0;0;0;0;0;0;0;0;0;0;276;0;0;0;0;0;0;4;0;0;0;0;0;0;0;0;0;0;0;0;0;0;0;0;0;0;0;0;0;0;0;0;0;0;0;0;35;0;0;0;0;0;0;0;0;0;0;0;0;0;0;0;0;0;0
P8S2G:02391:06956_SUB_SUB;329;0;0;0;8;10;0;0;0;1;0;0;0;0;0;0;0;0;0;0;0;0;0;6;28;2;6;0;4;1;0;0;2;0;0;2;0;0;0;7;14;2;2;43;0;0;0;1;1;4;7;1;0;12;2;0;0;0;1;0;8;0;0;9;1;5;3;7;2;4;19;0;0;7;1;4;54;2;20;0;4;3;0;0;0;2;0;2;1;0;4
P8S2G:02482:06814_SUB_SUB;125;0;3;18;1;0;1;15;0;1;19;0;0;3;2;0;10;0;4;3;14;3;1;0;0;0;0;0;7;0;0;0;0;0;0;0;0;0;0;0;0;0;0;0;0;0;0;0;0;0;0;0;1;3;1;5;0;6;0;0;0;0;0;0;0;0;0;0;0;0;0;3;0;0;0;0;1;0;0;0;0;0;0;0;0;0;0;0;0;0;0
P8S2G:02590:06590_SUB_SUB;145;0;0;4;2;0;1;2;0;4;4;0;0;1;0;0;1;0;4;2;18;0;1;0;0;0;1;0;0;0;0;0;0;0;0;2;0;0;0;7;2;0;0;0;0;0;0;3;2;0;0;1;0;2;3;1;1;1;0;0;2;0;14;7;1;11;0;16;0;0;10;0;0;0;4;1;3;0;3;2;1;0;0;0;0;0;0;0;0;0;0
P8S2G:00040:04291_SUB_SUB;605;0;5;5;6;0;1;7;0;21;18;0;0;1;0;0;1;2;11;6;34;2;6;0;0;1;5;0;0;0;0;0;0;0;0;1;0;0;0;38;12;0;0;1;0;0;0;3;4;1;0;10;0;9;2;1;2;20;0;0;3;0;11;59;3;91;0;138;0;0;23;0;0;0;1;2;15;0;10;5;3;0;0;0;0;1;2;0;0;2;0
P8S2G:00585:03854_SUB_SUB;233;0;1;6;4;0;0;1;0;14;12;0;1;2;2;0;0;1;9;2;24;0;0;0;0;5;0;3;0;0;0;0;0;0;0;1;0;0;0;11;9;0;0;0;0;0;0;5;3;0;0;4;0;3;1;0;0;4;0;0;2;0;8;10;0;30;0;36;0;0;9;0;0;0;0;0;5;0;2;2;0;0;0;0;0;1;0;0;0;0;0
P8S2G:02681:00756_SUB_SUB;750;0;2;1;9;0;2;5;0;45;26;0;1;1;1;0;2;1;7;0;7;1;3;0;0;3;12;0;0;0;0;0;0;3;0;7;0;0;0;30;21;0;0;0;0;0;0;10;7;1;0;10;0;4;3;2;5;22;0;0;8;0;42;86;1;130;0;125;0;0;60;0;0;0;1;4;11;0;13;8;2;0;0;0;0;1;4;0;0;0;0
P8S2G:02690:00755_SUB_SUB;543;0;4;4;4;1;2;6;0;32;17;0;1;1;0;0;5;0;3;0;2;1;1;0;0;0;22;1;0;0;1;0;0;0;0;2;0;0;0;12;17;0;0;0;0;0;0;4;11;0;0;5;0;9;3;0;3;14;0;0;1;0;55;80;1;101;0;36;0;0;51;0;0;0;0;2;17;0;5;3;1;0;0;0;0;0;2;0;0;0;0
P8S2G:02728:01027_SUB_SUB;374;0;3;3;0;1;2;1;0;26;4;0;0;1;0;0;1;3;6;0;2;0;1;0;0;1;9;0;0;0;0;0;0;1;0;1;0;0;0;7;8;0;0;0;0;0;0;6;3;0;2;4;0;7;2;0;1;6;0;0;3;0;33;72;0;47;0;57;0;0;33;0;0;0;0;0;8;0;4;1;2;0;0;0;0;1;1;0;0;0;0
P8S2G:02800:00885_SUB_SUB;7543;0;13;53;22;230;0;0;0;14;0;0;0;20;0;0;5;0;5;30;0;2;2;192;474;79;96;0;129;16;31;25;115;0;10;136;1;34;8;87;165;42;48;718;0;0;33;101;36;154;306;18;15;109;26;20;24;2;30;0;142;1;0;50;26;151;46;307;94;130;326;8;21;262;9;10;1104;82;622;73;58;77;0;8;11;28;4;140;47;10;20
P8S2G:00159:02962_SUB_SUB;145;0;0;7;1;0;0;1;0;2;4;0;0;0;3;0;1;0;5;3;8;0;0;0;0;0;1;0;0;0;0;0;0;0;0;0;0;0;0;9;5;0;0;0;0;0;0;1;1;0;0;5;0;2;1;0;2;6;0;0;3;0;8;9;0;19;0;22;0;0;5;0;0;0;1;0;4;0;4;1;1;0;0;0;0;0;0;0;0;0;0
P8S2G:00475:03095_SUB_SUB;128;0;1;0;1;0;0;0;0;9;2;0;0;0;1;0;1;0;1;0;1;0;0;0;0;0;3;0;0;0;0;0;0;0;0;2;0;0;0;1;15;0;0;0;0;0;0;2;1;0;0;0;0;0;1;0;0;2;0;0;1;0;25;9;0;14;0;7;0;0;13;0;0;0;1;0;3;0;2;1;6;0;0;0;0;0;1;0;0;1;0
P8S2G:00547:02753_SUB_SUB;144;0;3;1;2;0;0;1;0;6;6;0;0;0;0;0;1;0;4;1;4;0;0;0;0;0;2;0;0;0;1;0;0;2;0;1;0;0;0;5;4;0;0;0;0;0;0;0;3;0;0;3;0;1;2;0;0;1;0;0;7;0;22;7;0;23;0;8;0;0;12;0;0;0;2;0;4;0;1;1;1;0;0;0;0;0;2;0;0;0;0
P8S2G:00582:03178_SUB_SUB;127;0;0;0;0;0;0;1;0;0;0;0;0;0;0;0;0;0;0;0;1;0;0;0;0;1;0;0;0;0;3;0;0;0;0;0;0;0;0;2;0;0;0;0;0;0;0;0;1;0;0;0;0;2;0;0;0;0;0;0;0;0;15;3;0;4;0;0;0;0;91;0;0;0;1;1;1;0;0;0;0;0;0;0;0;0;0;0;0;0;0
P8S2G:05137:04615_SUB_SUB;189;0;9;0;0;2;2;2;0;0;0;0;0;4;6;1;7;1;0;3;0;2;4;0;0;0;0;0;0;0;0;0;0;0;0;1;0;0;0;0;8;6;1;1;0;1;0;1;4;1;55;0;0;1;0;0;0;0;0;0;0;0;0;1;15;0;32;4;0;0;0;0;0;0;0;0;0;5;0;0;0;0;0;0;0;0;0;0;0;0;9
P8S2G:04150:00475_SUB_SUB;128;0;0;4;0;1;0;1;0;1;1;0;0;2;0;0;1;0;4;0;17;0;0;0;0;0;0;0;0;0;0;0;0;0;0;1;0;0;0;5;1;0;0;0;0;0;0;1;1;0;2;3;0;2;0;0;0;4;0;0;1;0;0;9;0;14;0;39;0;0;5;0;0;0;0;0;3;0;2;1;1;0;0;0;0;0;0;0;0;1;0
P8S2G:04247:00479_SUB_SUB;253;0;11;9;11;4;5;34;0;4;63;0;0;2;0;0;41;0;4;1;2;6;3;0;0;0;0;0;4;0;0;0;0;0;0;0;0;0;0;0;0;0;0;0;0;0;0;0;0;0;0;0;0;6;7;2;1;20;0;0;0;0;0;0;0;0;0;0;0;0;0;2;0;0;0;1;8;0;2;0;0;0;0;0;0;0;0;0;0;0;0
P8S2G:03480:00371_SUB_SUB;186;0;2;0;1;0;1;2;0;21;10;0;0;1;0;0;0;2;0;0;5;1;0;0;0;0;0;0;0;0;0;0;0;0;0;0;0;0;0;3;2;0;0;0;0;0;0;2;1;0;0;1;0;5;1;0;3;5;0;0;0;0;17;32;0;30;0;16;0;0;14;0;0;0;0;2;3;0;3;0;0;0;0;0;0;0;0;0;0;0;0
P8S2G:03644:00264_SUB_SUB;210;0;0;3;2;0;0;2;0;9;10;0;0;2;0;0;1;0;2;0;1;0;1;0;0;0;3;0;0;0;0;0;0;0;0;1;0;0;0;6;3;0;0;0;0;0;0;0;4;0;0;2;1;8;1;1;2;8;0;0;0;0;11;30;0;30;0;43;0;0;13;0;0;0;0;0;4;0;2;2;1;0;0;0;0;1;0;0;0;0;0
P8S2G:03755:00442_SUB_SUB;141;0;9;0;0;1;0;0;0;0;82;0;0;1;0;0;10;0;3;0;0;0;1;2;0;0;0;0;0;0;0;0;0;0;0;0;0;0;0;0;1;0;0;0;0;0;0;0;0;0;15;0;1;4;2;1;3;0;1;0;0;0;0;2;0;0;0;0;0;0;0;0;0;0;0;0;0;0;0;0;0;0;0;0;0;0;0;0;0;0;2
P8S2G:03960:00374_SUB_SUB;119;0;1;1;1;0;0;2;0;3;6;0;0;1;4;0;0;1;7;0;9;2;0;0;0;0;2;1;0;0;1;0;0;1;0;0;0;0;0;7;2;0;0;0;0;0;0;3;1;0;0;1;0;3;0;0;3;2;0;0;2;0;4;9;0;14;0;13;0;0;6;0;0;0;1;0;4;0;0;1;0;0;0;0;0;0;0;0;0;0;0
P8S2G:03490:07227_SUB_SUB;587;0;15;32;15;5;5;51;0;21;80;0;0;11;2;0;102;0;11;0;23;22;23;1;0;0;0;0;14;0;0;0;0;0;0;0;0;0;0;0;0;0;0;0;0;0;0;0;0;0;0;0;0;63;23;7;7;28;0;0;0;0;0;0;0;0;0;0;0;0;0;5;0;0;4;3;12;0;2;0;0;0;0;0;0;0;0;0;0;0;0
P8S2G:03493:07561_SUB_SUB;419;0;0;2;2;0;1;3;0;18;13;0;0;2;4;0;0;0;12;7;22;0;4;0;0;2;4;3;0;0;0;0;0;0;0;2;0;0;0;22;4;0;0;0;0;0;0;3;7;0;1;10;1;10;1;0;0;15;0;0;2;0;7;50;1;44;0;91;0;0;25;0;0;0;0;1;6;0;5;6;3;0;0;0;0;2;0;0;0;1;0
P8S2G:04520:03379_SUB_SUB;162;0;0;4;1;0;0;4;0;1;8;0;0;1;1;0;0;0;7;2;30;1;0;0;0;0;0;1;0;0;0;0;0;1;0;2;0;0;0;3;1;0;0;0;0;0;0;0;7;1;0;3;0;1;0;0;0;3;0;0;0;0;8;11;4;11;0;32;0;0;10;0;0;0;0;1;1;0;0;1;0;0;0;0;0;0;0;0;0;0;0
P8S2G:04607:03829_SUB_SUB;382;0;11;49;8;4;2;47;0;4;74;0;0;10;2;0;31;0;4;3;28;5;8;0;0;0;0;0;15;0;0;0;0;0;0;0;0;0;0;0;0;0;0;0;0;0;0;0;0;0;0;0;0;8;4;2;1;29;0;0;0;0;0;0;0;0;0;0;0;0;0;21;0;0;5;1;4;0;2;0;0;0;0;0;0;0;0;0;0;0;0
P8S2G:04550:01462_SUB_SUB;273;0;0;5;0;0;1;4;0;10;9;0;0;3;1;0;1;0;11;3;25;0;2;0;0;1;3;1;0;0;4;0;0;0;0;1;0;0;0;19;1;0;0;0;0;0;0;2;1;0;2;5;0;0;1;1;0;7;0;0;1;0;6;15;1;20;0;75;0;0;14;0;0;0;2;0;6;0;7;1;0;0;0;0;0;1;0;0;0;0;0
P8S2G:04166:05055_SUB_SUB;147;0;0;1;1;0;2;1;0;5;3;0;0;0;0;0;1;1;2;2;13;0;1;0;0;1;4;0;0;0;1;0;0;0;0;4;0;0;0;4;7;0;0;0;0;0;0;3;1;0;0;4;1;2;1;0;0;1;0;0;0;0;7;9;0;19;0;23;0;0;12;0;0;0;0;1;2;0;2;0;3;0;0;0;0;1;1;0;0;0;0
P8S2G:02125:07232_SUB_SUB;234;0;0;0;0;5;0;0;0;0;0;0;0;1;0;0;0;0;0;0;0;0;0;3;22;2;1;0;1;0;2;1;3;0;1;4;0;0;0;1;7;0;2;28;0;0;1;4;2;6;9;0;1;4;0;1;0;0;2;0;4;0;0;2;0;6;6;3;4;3;13;0;0;3;2;1;41;1;13;0;3;6;0;1;0;0;0;6;2;0;0
P8S2G:02354:05931_SUB_SUB;110;0;1;3;1;0;0;1;0;5;4;0;0;0;0;0;0;0;2;0;10;2;0;0;0;0;2;0;0;0;0;0;0;0;0;1;0;0;0;2;4;0;0;0;0;0;0;1;2;0;0;1;0;4;0;0;0;1;0;0;2;0;21;3;1;14;0;12;0;0;3;0;0;0;1;0;2;0;1;2;1;0;0;0;0;0;0;0;0;0;0
P8S2G:02062:05704_SUB_SUB;492;0;0;20;2;0;0;5;0;8;13;0;1;2;3;0;2;2;15;8;47;1;6;0;0;5;0;2;0;0;4;0;0;0;0;3;0;0;0;43;3;0;0;0;0;0;0;6;18;0;2;20;0;4;1;0;1;15;0;0;8;0;7;26;1;35;0;112;0;0;28;0;0;0;0;1;2;0;1;9;0;0;0;0;0;0;0;0;0;0;0
P8S2G:02265:04579_SUB_SUB;342;0;0;0;0;0;0;0;0;0;0;0;0;0;0;0;0;0;0;0;0;0;0;0;0;0;0;0;0;0;0;0;0;0;0;0;0;0;0;0;0;0;0;0;0;0;0;0;0;0;0;0;0;0;0;0;0;0;2;0;0;340;0;0;0;0;0;0;0;0;0;0;0;0;0;0;0;0;0;0;0;0;0;0;0;0;0;0;0;0;0
P8S2G:02458:04771_SUB_SUB;100;0;0;11;0;0;0;3;0;0;6;0;0;0;0;0;0;0;4;2;24;0;2;0;0;0;1;0;0;0;0;0;0;1;0;2;0;0;0;5;2;0;0;0;0;0;0;1;3;0;0;0;0;0;0;0;0;1;0;0;2;0;2;1;0;4;0;19;0;0;3;0;0;0;1;0;0;0;0;0;0;0;0;0;0;0;0;0;0;0;0
P8S2G:02552:04613_SUB_SUB;369;0;24;0;0;2;11;6;0;0;0;0;0;8;4;4;36;0;0;0;0;20;7;0;0;6;0;0;0;0;0;0;0;0;0;0;0;0;0;1;34;12;2;0;0;3;0;0;2;1;93;0;0;1;0;0;1;0;0;0;2;0;0;3;21;2;23;4;0;0;0;0;0;0;0;0;0;5;0;0;0;0;0;0;0;0;0;0;0;0;31
P8S2G:02107:03914_SUB_SUB;109;0;0;0;2;0;0;0;0;1;1;0;0;1;0;0;1;0;1;0;1;1;0;0;0;0;1;0;0;0;0;0;0;0;0;0;0;0;0;2;5;0;0;0;0;0;0;1;1;0;0;0;0;1;2;0;0;1;0;0;4;0;59;7;0;2;0;3;0;0;6;0;0;0;1;0;1;0;0;1;1;0;0;0;0;0;0;0;0;0;1
P8S2G:02143:03594_SUB_SUB;105;0;1;3;0;0;0;0;0;1;3;0;0;1;1;0;0;0;11;1;29;0;0;0;0;0;0;3;0;0;0;0;0;0;0;0;0;0;0;4;2;0;0;0;0;0;0;1;2;0;0;2;0;1;1;0;0;2;0;0;1;0;3;3;1;4;0;14;0;0;1;0;0;0;3;0;1;0;2;3;0;0;0;0;0;0;0;0;0;0;0
P8S2G:03115:00236_SUB_SUB;112;0;0;0;0;0;1;0;0;6;1;0;2;0;0;0;4;0;2;0;0;0;0;0;0;0;2;1;0;0;0;0;0;0;0;0;0;0;0;7;2;0;0;0;0;0;0;1;1;0;0;0;0;1;0;0;1;3;0;0;1;0;4;11;1;19;0;25;0;0;6;0;0;0;0;0;8;0;0;1;0;0;0;0;0;1;0;0;0;0;0
P8S2G:03141:00442_SUB_SUB;252;0;1;0;3;0;0;2;0;12;4;0;0;0;0;0;3;0;7;0;1;1;1;0;0;1;7;1;0;0;0;0;0;2;0;0;0;0;0;6;10;0;0;0;0;0;0;3;4;0;0;4;0;8;3;0;0;5;0;0;7;0;21;34;1;43;0;15;0;0;22;0;0;0;0;1;9;0;3;3;1;0;0;0;0;0;0;0;0;0;3
P8S2G:02952:07591_SUB_SUB;142;0;0;0;0;0;0;0;0;0;0;0;0;0;0;0;0;0;0;0;0;0;0;0;0;0;0;0;0;0;0;0;0;0;0;0;125;0;0;0;0;0;0;0;0;0;0;0;0;0;0;0;0;0;0;0;0;0;0;0;0;0;0;0;1;0;0;0;0;0;0;0;16;0;0;0;0;0;0;0;0;0;0;0;0;0;0;0;0;0;0
P8S2G:03052:07560_SUB_SUB;241;0;7;22;2;2;1;16;0;3;21;0;0;2;0;0;39;0;6;0;26;8;9;1;0;0;0;0;4;0;0;0;0;0;0;0;0;0;0;0;0;0;0;0;0;0;0;0;0;0;0;0;0;28;7;6;2;10;0;0;0;0;0;0;0;0;0;0;0;0;0;3;0;0;7;4;5;0;0;0;0;0;0;0;0;0;0;0;0;0;0
P8S2G:02750:01361_SUB_SUB;111;0;1;18;0;1;1;13;0;0;21;0;0;2;0;0;9;0;4;2;2;1;2;3;0;0;0;0;8;0;0;0;0;0;0;0;0;0;0;0;0;0;0;0;0;0;0;0;0;0;0;0;1;0;1;2;0;9;0;0;0;0;0;0;0;0;0;0;0;0;0;8;0;0;1;0;1;0;0;0;0;0;0;0;0;0;0;0;0;0;0
P8S2G:02799:01494_SUB_SUB;129;0;2;1;2;0;0;0;0;13;9;0;0;0;0;0;1;0;3;0;1;0;0;0;0;0;6;0;0;0;1;0;0;0;0;1;0;0;0;2;2;0;0;0;0;0;0;1;1;0;1;0;0;2;0;0;0;0;0;0;1;0;11;9;0;29;0;10;0;0;12;0;0;0;0;0;2;0;0;2;3;0;0;0;0;0;1;0;0;0;0
P8S2G:02712:02739_SUB_SUB;268;0;1;11;4;0;0;4;0;6;14;0;0;1;2;0;2;0;11;6;20;0;2;0;0;1;1;2;0;0;1;0;0;0;0;1;0;0;0;12;1;0;0;0;0;0;0;1;6;1;1;7;0;3;0;1;2;3;0;0;1;0;11;16;2;40;0;50;0;0;9;0;0;0;1;0;4;0;2;1;0;0;0;0;0;0;1;0;0;2;0
P8S2G:03208:02933_SUB_SUB;105;0;0;0;0;0;0;0;0;0;0;0;0;0;0;0;0;0;0;1;0;0;0;0;0;0;0;0;0;2;0;0;0;0;42;0;0;28;0;0;0;0;0;0;0;0;0;0;0;1;0;0;0;0;0;0;0;0;0;0;2;0;0;0;0;0;0;2;0;0;0;9;0;0;0;0;0;0;0;0;0;0;0;0;3;1;14;0;0;0;0
P8S2G:03263:02854_SUB_SUB;161;0;0;0;0;0;0;0;0;1;0;0;0;0;0;0;115;0;1;0;0;0;2;0;0;0;0;0;0;0;0;0;0;0;0;0;0;0;0;0;0;0;0;0;0;0;0;0;0;0;0;0;0;0;0;0;0;42;0;0;0;0;0;0;0;0;0;0;0;0;0;0;0;0;0;0;0;0;0;0;0;0;0;0;0;0;0;0;0;0;0
P8S2G:02475:02510_SUB_SUB;23449;0;1;0;0;0;0;0;0;0;0;0;0;0;0;0;0;0;0;0;0;0;0;0;0;0;0;0;0;48;0;0;21884;1179;0;0;0;0;0;0;0;0;10;0;0;0;0;0;0;0;0;0;0;0;0;0;0;0;0;0;0;0;0;0;0;0;0;0;0;0;0;0;0;0;0;0;0;0;0;0;0;0;0;0;53;0;0;0;274;0;0
P8S2G:02508:02515_SUB_SUB;285;0;11;9;0;1;0;0;0;3;174;0;0;4;0;0;7;0;4;6;0;0;1;4;0;0;0;0;0;0;0;0;0;0;0;0;0;0;0;0;3;0;0;0;0;0;0;0;2;0;19;0;3;10;0;1;1;2;10;0;0;0;0;6;0;0;0;0;0;0;0;0;0;0;1;1;0;0;0;0;0;0;0;0;0;0;0;0;0;0;2
P8S2G:02995:05103_SUB_SUB;124;0;11;1;0;0;0;0;0;1;63;0;0;2;0;0;14;0;1;1;0;0;0;1;0;0;0;0;0;0;0;0;0;0;0;0;0;0;0;0;3;0;0;0;0;0;0;0;1;0;14;0;0;3;0;0;0;2;0;0;0;0;0;4;0;0;0;0;0;0;0;0;0;0;1;1;0;0;0;0;0;0;0;0;0;0;0;0;0;0;0
P8S2G:02848:05900_SUB_SUB;194;0;10;0;0;0;7;2;0;0;0;0;0;7;7;2;11;3;0;0;0;6;3;0;0;4;0;0;0;0;0;0;0;0;0;0;0;0;0;2;17;3;1;0;0;0;0;0;2;3;50;0;0;1;0;0;0;0;1;0;0;0;0;1;7;2;22;5;0;0;0;0;0;1;0;0;0;4;1;0;0;0;0;0;0;0;0;0;0;0;9
P8S2G:01974:05245_SUB_SUB;823;0;0;6;1;30;0;0;0;1;0;0;0;5;0;0;0;0;0;9;1;0;1;29;55;1;10;0;22;0;6;1;19;0;2;17;0;6;1;11;10;4;2;77;0;0;3;9;4;11;51;2;0;12;3;0;0;0;2;0;7;0;0;11;0;15;35;20;10;17;33;3;1;30;3;2;98;14;57;5;5;8;0;0;0;4;0;12;6;2;1
P8S2G:01874:03085_SUB_SUB;276;0;1;3;1;0;0;1;0;7;10;0;0;0;3;0;1;2;17;3;28;0;0;0;0;1;0;2;0;0;1;0;0;0;0;1;0;0;0;23;5;0;0;0;0;0;0;5;9;0;0;13;0;2;0;1;0;4;0;0;3;0;4;15;2;20;0;58;0;0;13;0;0;0;0;1;3;0;8;2;1;0;0;0;0;2;0;0;0;0;0
P8S2G:01569:00977_SUB_SUB;150;0;0;0;0;2;0;0;0;0;0;0;0;0;0;0;0;0;0;0;0;0;0;3;9;0;0;0;0;0;0;0;2;0;0;2;0;1;0;1;4;1;0;23;0;0;0;2;0;1;6;1;0;4;1;1;0;0;0;0;1;0;0;1;2;3;0;6;3;1;5;0;0;8;0;0;26;0;19;3;1;3;0;0;0;1;0;3;0;0;0
P8S2G:01781:01049_SUB_SUB;7306;0;0;0;0;0;0;0;0;0;1;0;0;0;0;0;0;0;0;0;0;0;0;0;0;0;0;0;0;6;0;0;6635;531;0;0;0;0;0;0;0;0;1;0;0;0;0;0;0;0;0;0;0;0;0;0;0;0;0;0;0;0;0;0;0;0;0;0;0;0;0;0;0;0;0;0;0;0;0;0;0;0;0;0;24;0;0;0;108;0;0
P8S2G:01190:07290_SUB_SUB;443;0;0;0;2;11;0;0;0;0;0;0;0;2;0;0;0;0;0;1;0;0;0;11;43;7;11;0;11;1;1;2;8;0;2;8;0;3;0;4;10;4;2;37;0;0;0;3;4;11;24;0;1;8;1;2;1;1;0;0;5;0;0;2;0;12;3;16;9;7;14;1;0;16;2;1;50;2;33;3;7;2;0;2;2;3;0;7;2;1;4
P8S2G:04712:02659_SUB_SUB;216;0;0;2;0;1;0;3;0;3;8;0;0;0;1;0;2;1;6;1;17;1;0;0;0;0;2;1;0;0;1;0;0;0;0;1;0;0;0;12;5;0;0;0;0;0;0;4;5;1;1;2;0;3;1;1;0;6;0;0;2;0;4;23;2;29;0;34;0;0;13;0;0;0;0;0;8;0;4;3;2;0;0;0;0;0;0;0;0;0;0
P8S2G:04782:02733_SUB_SUB;183;0;0;1;0;0;1;3;0;8;5;0;1;0;0;0;1;1;3;0;5;0;0;0;0;2;2;0;0;0;0;0;0;0;0;2;0;0;0;7;2;0;0;0;0;0;0;5;5;1;0;1;0;4;0;0;0;3;0;0;0;0;13;21;0;36;0;27;0;0;11;0;0;0;1;0;6;0;3;0;2;0;0;0;0;0;0;0;0;0;0
P8S2G:01469:01904_SUB_SUB;176;0;0;1;1;0;0;3;0;0;6;0;1;1;1;0;0;0;5;1;16;1;5;0;0;1;2;0;0;0;1;0;0;0;0;1;0;0;0;7;3;0;0;0;0;0;0;3;7;0;1;5;0;0;0;0;0;4;0;0;3;0;8;13;0;16;0;40;0;0;10;0;0;0;0;0;2;0;2;3;0;0;0;0;0;2;0;0;0;0;0
P8S2G:01939:01545_SUB_SUB;2938;0;2;42;13;129;0;0;0;1;0;0;0;11;0;0;1;0;5;32;0;1;1;83;185;26;23;0;78;8;20;11;53;0;3;45;0;23;0;60;25;6;34;135;0;0;18;49;34;93;203;8;12;27;13;16;2;1;22;0;53;0;0;13;12;41;52;126;42;125;105;8;11;111;11;5;226;53;231;29;18;15;0;5;1;14;1;55;9;5;7
P8S2G:03218:04053_SUB_SUB;117;0;0;1;1;0;0;1;0;0;4;0;0;1;0;0;1;0;5;3;16;2;1;0;0;2;0;2;0;0;1;0;0;0;0;1;0;0;0;9;0;0;0;0;0;0;0;1;5;0;0;3;0;0;1;0;1;6;0;0;1;0;1;3;1;5;0;28;0;0;4;0;0;0;0;0;1;0;4;0;1;0;0;0;0;0;0;0;0;0;0
P8S2G:01574:07501_SUB_SUB;26498;0;1;0;0;9;0;0;0;0;0;0;0;0;0;0;0;0;0;0;0;18;0;147;830;0;0;0;0;176;518;0;1316;41;0;178;0;0;2;14;14;0;1;925;0;617;0;0;1;0;15;0;65;3545;3452;1382;1262;0;56;0;0;729;0;4;0;0;0;82;0;408;7947;0;0;794;723;859;0;0;3;0;0;0;0;300;2;16;0;0;4;41;1
P8S2G:01774:02541_SUB_SUB;132;0;3;26;0;0;1;18;0;0;26;0;0;6;0;0;6;0;2;1;7;0;1;0;0;0;0;0;5;0;0;0;0;0;0;0;0;0;0;0;0;0;0;0;0;0;0;0;0;0;0;0;1;0;3;1;0;13;0;0;0;0;0;0;0;0;0;0;0;0;0;10;0;0;1;0;1;0;0;0;0;0;0;0;0;0;0;0;0;0;0
P8S2G:04023:06417_SUB_SUB;1654;0;225;73;31;42;54;0;101;89;324;0;0;25;42;112;0;0;64;214;54;32;35;0;0;0;0;0;0;0;0;0;0;0;0;0;0;0;0;0;0;0;0;0;0;0;0;0;0;0;0;0;0;0;0;0;0;137;0;0;0;0;0;0;0;0;0;0;0;0;0;0;0;0;0;0;0;0;0;0;0;0;0;0;0;0;0;0;0;0;0
P8S2G:04011:06537_SUB_SUB;603;0;129;36;16;6;6;0;46;15;101;0;0;9;30;26;0;0;29;82;28;6;7;0;0;0;0;0;0;0;0;0;0;0;0;0;0;0;0;0;0;0;0;0;0;0;0;0;0;0;0;0;0;1;0;0;0;30;0;0;0;0;0;0;0;0;0;0;0;0;0;0;0;0;0;0;0;0;0;0;0;0;0;0;0;0;0;0;0;0;0
P8S2G:04010:06672_SUB_SUB;891;0;76;327;156;2;9;0;0;44;0;0;0;31;1;10;0;0;25;49;148;0;12;0;0;0;0;0;0;0;0;0;0;0;0;0;0;0;0;0;0;0;0;0;0;0;0;0;0;0;0;0;0;0;0;0;0;0;0;0;0;0;0;0;0;0;0;0;0;0;0;1;0;0;0;0;0;0;0;0;0;0;0;0;0;0;0;0;0;0;0
P8S2G:04020:06725_SUB_SUB;695;0;1;26;0;25;0;0;0;0;0;0;0;3;0;0;0;0;1;8;0;0;0;16;29;6;3;0;8;0;15;1;16;0;0;12;0;1;0;7;8;0;9;27;0;0;7;6;3;19;40;2;0;6;5;2;0;0;25;0;20;0;0;1;6;4;95;16;6;33;13;9;3;26;12;1;36;16;36;7;1;4;0;0;0;0;0;11;1;1;0
P8S2G:03987:06886_SUB_SUB;19169;0;2894;837;308;407;479;0;1299;850;3862;0;0;228;521;1575;0;0;709;2751;280;290;323;0;1;0;0;0;0;0;0;0;0;0;0;1;0;0;0;0;0;0;0;0;0;0;0;0;0;0;0;0;0;1;0;0;2;1543;0;0;0;0;0;0;0;0;0;0;0;0;0;7;0;0;0;0;1;0;0;0;0;0;0;0;0;0;0;0;0;0;0
P8S2G:04040:06664_SUB_SUB;394;0;5;1;0;3;0;0;0;4;0;0;0;0;0;0;0;0;1;2;0;0;4;0;3;0;0;0;0;0;0;0;0;0;0;0;0;0;0;0;0;0;0;1;0;0;0;0;22;6;12;2;0;28;16;4;9;0;2;0;0;0;0;6;0;0;0;7;0;0;0;60;0;0;6;2;6;132;1;0;0;0;0;45;2;0;0;0;2;0;0
P8S2G:04103:06706_SUB_SUB;125;0;0;0;0;74;0;0;0;0;0;0;0;11;0;0;0;0;0;10;0;0;30;0;0;0;0;0;0;0;0;0;0;0;0;0;0;0;0;0;0;0;0;0;0;0;0;0;0;0;0;0;0;0;0;0;0;0;0;0;0;0;0;0;0;0;0;0;0;0;0;0;0;0;0;0;0;0;0;0;0;0;0;0;0;0;0;0;0;0;0
P8S2G:04167:06922_SUB_SUB;182;0;30;4;3;2;6;0;7;10;35;0;0;5;3;12;0;0;11;24;3;2;2;0;0;0;0;0;0;0;0;0;0;0;0;0;0;0;0;0;0;0;0;0;0;0;0;0;0;0;0;0;0;0;0;0;0;23;0;0;0;0;0;0;0;0;0;0;0;0;0;0;0;0;0;0;0;0;0;0;0;0;0;0;0;0;0;0;0;0;0
P8S2G:04229:06560_SUB_SUB;9682;0;1055;4055;1308;53;134;0;0;368;0;0;0;347;35;149;0;0;329;504;1150;2;170;0;0;0;0;0;0;0;0;0;0;0;0;0;0;0;0;0;0;0;0;0;0;0;0;0;0;0;0;0;0;0;0;0;1;13;0;0;0;0;0;0;0;0;0;0;0;2;0;7;0;0;0;0;0;0;0;0;0;0;0;0;0;0;0;0;0;0;0
P8S2G:04221:06688_SUB_SUB;1773;0;6;2;2;15;0;0;0;9;0;0;0;0;0;0;0;0;23;6;0;0;12;0;1;0;0;0;0;0;0;0;0;0;0;0;0;0;0;0;0;0;0;10;0;0;0;0;101;27;32;9;8;138;49;34;20;0;7;0;0;0;0;73;0;0;0;57;0;0;0;239;0;0;17;20;17;522;16;0;0;0;0;297;1;0;0;0;3;0;0
P8S2G:04208:06722_SUB_SUB;236;0;2;2;2;8;0;0;0;0;0;0;0;0;0;0;0;0;1;3;0;0;0;7;24;4;3;0;4;0;1;2;3;0;2;4;0;0;0;1;5;0;1;25;0;0;0;1;1;3;4;1;0;6;1;0;1;0;1;0;2;0;0;2;0;6;2;8;4;3;16;0;0;9;0;0;35;1;11;1;5;1;0;0;0;2;0;4;1;0;0
P8S2G:04222:06944_SUB_SUB;7351;0;0;0;0;0;0;0;0;0;0;0;0;0;0;0;0;0;0;0;0;1;0;37;12;1;0;0;0;3;0;0;178;0;0;0;0;0;0;35;0;0;0;233;0;0;0;0;23;0;95;3;27;638;350;98;245;0;5;0;13;0;0;153;0;0;0;0;977;316;1087;2330;0;2;105;116;0;0;74;0;0;0;0;192;0;0;0;0;2;0;0
P8S2G:04283:06686_SUB_SUB;133;0;0;4;1;4;0;0;0;0;0;0;0;1;0;0;0;0;1;1;0;0;0;3;5;2;1;0;2;0;1;0;3;0;0;4;0;0;0;2;1;0;2;6;0;0;3;1;2;5;7;0;1;1;1;0;0;0;0;0;3;0;0;0;1;2;3;4;2;8;6;0;0;14;0;1;9;1;7;3;1;0;0;0;0;0;0;3;0;0;0
P8S2G:04254:06840_SUB_SUB;4772;0;69;10;0;142;43;858;0;44;715;0;0;0;0;624;0;930;38;27;0;79;30;19;0;0;0;0;38;0;0;0;210;0;0;235;0;0;0;0;373;0;2;0;0;0;0;0;0;0;0;0;1;25;1;0;2;94;0;0;8;0;0;11;0;0;0;0;0;0;0;1;0;0;0;15;0;0;90;0;0;0;0;0;0;38;0;0;0;0;0
P8S2G:04352:06599_SUB_SUB;648;0;18;1;1;17;5;129;0;8;93;0;0;0;0;67;0;100;7;2;0;13;8;2;0;0;0;0;5;0;0;0;40;0;0;30;0;0;0;0;80;0;0;0;0;0;0;0;0;0;0;0;0;3;1;0;1;4;0;0;2;0;0;0;0;0;0;0;0;0;0;0;0;0;0;0;0;0;5;0;0;0;0;0;0;6;0;0;0;0;0
P8S2G:04363:06680_SUB_SUB;159;0;3;15;8;5;2;14;0;4;18;0;0;3;0;0;23;0;1;0;5;4;5;1;1;0;0;0;5;0;0;0;0;0;0;0;0;0;0;0;0;0;0;0;0;0;0;0;0;0;0;0;0;11;5;2;2;9;0;0;0;0;0;0;0;0;0;0;0;0;0;2;0;0;4;1;6;0;0;0;0;0;0;0;0;0;0;0;0;0;0
P8S2G:04397:06454_SUB_SUB;147;0;0;0;0;4;0;0;0;0;0;0;0;1;0;0;0;0;0;2;0;0;0;6;5;2;0;0;3;1;1;0;1;0;0;1;0;0;0;8;2;0;3;5;0;0;1;1;1;5;14;0;1;1;0;2;1;0;3;0;5;0;0;1;2;3;10;6;0;8;5;0;1;4;0;1;12;1;6;1;1;0;0;0;0;0;0;2;0;2;1
P8S2G:04458:06429_SUB_SUB;244;0;0;5;1;4;0;0;0;0;0;0;0;0;0;0;3;0;0;3;0;0;0;4;16;5;5;0;3;0;1;0;3;0;0;5;0;1;0;7;8;3;0;20;0;0;3;5;3;6;7;0;1;5;0;0;0;0;1;0;2;1;0;1;3;4;3;11;3;2;6;0;0;10;0;0;38;0;16;1;5;0;0;1;1;0;1;6;0;0;1
P8S2G:04440:07022_SUB_SUB;103;0;1;7;14;3;0;0;0;3;0;0;0;0;0;0;0;0;0;1;0;0;0;2;7;0;0;0;1;0;0;0;1;0;0;1;0;0;0;0;1;1;0;6;0;0;0;6;0;0;2;0;0;1;0;0;0;0;0;0;3;0;0;1;1;3;0;3;2;0;2;0;0;1;0;1;12;1;7;2;2;2;0;0;0;0;0;1;0;0;1
P8S2G:04499:06742_SUB_SUB;125;0;0;2;0;5;0;0;0;1;0;0;0;0;0;0;0;0;0;0;0;0;0;2;6;4;1;0;5;1;2;1;5;0;1;6;0;0;0;0;2;2;0;5;0;0;0;0;0;1;4;0;0;4;1;0;0;0;5;0;2;0;0;0;1;0;11;1;0;3;3;2;1;3;2;1;17;3;6;0;0;0;0;0;0;0;0;3;0;0;0
P8S2G:04558:06684_SUB_SUB;1534;0;6;15;10;1;0;34;0;160;214;0;0;22;33;0;100;0;17;760;0;0;63;0;0;0;0;0;0;2;0;0;0;0;0;0;0;0;0;0;25;0;0;0;0;0;0;0;0;0;0;0;8;26;14;1;3;14;0;0;0;0;0;0;0;0;0;0;0;0;0;0;0;0;4;2;0;0;0;0;0;0;0;0;0;0;0;0;0;0;0
P8S2G:04578:07016_SUB_SUB;221;0;124;6;5;12;1;0;4;10;0;0;0;4;2;0;0;0;4;30;1;1;13;0;0;0;0;0;0;0;0;0;0;0;0;0;0;0;0;0;0;0;0;0;0;0;0;0;0;0;0;0;0;0;0;0;0;4;0;0;0;0;0;0;0;0;0;0;0;0;0;0;0;0;0;0;0;0;0;0;0;0;0;0;0;0;0;0;0;0;0
P8S2G:04613:06609_SUB_SUB;2762;0;3;24;14;155;0;0;0;3;0;0;0;14;0;0;1;0;4;23;0;0;1;73;241;36;25;0;52;3;12;4;34;0;4;36;0;8;3;37;70;6;17;205;0;0;11;23;20;63;135;9;0;33;13;13;4;0;25;0;57;0;0;14;9;40;65;64;35;88;116;7;6;95;10;7;348;29;159;18;21;20;0;3;0;18;0;51;19;1;5
P8S2G:04632:06770_SUB_SUB;703;0;0;0;0;0;0;0;0;0;0;0;0;0;0;0;0;0;0;0;0;0;0;9;2;0;0;0;0;1;0;0;19;0;0;0;0;0;0;2;0;0;0;28;0;0;0;0;1;0;9;0;2;49;26;6;24;0;1;0;1;0;0;7;0;0;0;0;75;40;92;268;0;0;12;9;0;0;6;0;0;0;0;14;0;0;0;0;0;0;0
P8S2G:04644:06615_SUB_SUB;418;0;2;6;4;6;0;0;0;5;0;0;0;0;2;0;0;0;0;0;0;1;1;2;38;0;1;0;0;0;0;0;0;0;0;0;0;0;0;5;32;1;0;28;0;0;0;0;1;0;48;3;5;50;18;40;13;2;0;0;8;0;0;33;0;3;0;11;0;13;0;0;0;10;5;1;7;0;12;0;0;0;0;1;0;0;0;0;0;0;0
P8S2G:04638:06987_SUB_SUB;193;0;0;0;0;46;0;0;0;0;0;0;0;0;0;0;0;0;0;0;0;0;0;0;0;0;0;0;0;0;0;0;0;0;0;0;0;0;0;0;0;0;0;0;0;0;0;0;0;0;0;0;0;0;0;0;0;0;0;0;0;0;0;0;0;0;0;0;51;96;0;0;0;0;0;0;0;0;0;0;0;0;0;0;0;0;0;0;0;0;0
P8S2G:00699:05942_SUB_SUB;9557;0;22;430;69;44;0;235;0;120;1;0;145;0;227;0;0;0;208;14;85;58;27;322;213;0;144;0;0;3;71;0;0;0;0;0;0;0;0;80;151;16;0;160;1;0;0;0;7;0;408;108;785;553;53;1248;80;476;1;0;186;0;0;402;22;443;28;609;0;340;0;3;0;506;40;14;89;1;72;0;0;0;0;231;2;0;0;1;2;0;1
P8S2G:00724:05895_SUB_SUB;222;0;0;1;1;14;0;0;0;0;0;0;0;2;0;0;0;0;0;2;0;0;0;4;23;1;4;0;5;0;0;0;2;0;0;3;0;0;0;1;3;1;0;24;0;0;0;2;0;6;10;1;0;3;0;1;1;0;2;0;4;0;0;2;0;3;2;8;2;1;15;0;1;4;1;0;27;2;15;0;3;4;0;1;0;3;0;5;1;0;1
P8S2G:00735:06082_SUB_SUB;353;0;3;0;0;20;0;72;0;4;54;0;0;0;0;34;0;67;3;1;0;5;2;4;0;0;0;0;0;0;0;0;20;0;0;12;0;0;0;0;34;0;0;0;0;0;0;0;0;0;0;0;0;1;0;0;1;8;0;0;0;0;0;0;0;0;0;0;0;0;0;0;0;0;0;0;0;0;8;0;0;0;0;0;0;0;0;0;0;0;0
P8S2G:00796:05776_SUB_SUB;182;0;67;69;19;2;1;0;0;6;0;0;0;2;0;0;0;0;3;7;1;0;5;0;0;0;0;0;0;0;0;0;0;0;0;0;0;0;0;0;0;0;0;0;0;0;0;0;0;0;0;0;0;0;0;0;0;0;0;0;0;0;0;0;0;0;0;0;0;0;0;0;0;0;0;0;0;0;0;0;0;0;0;0;0;0;0;0;0;0;0
P8S2G:00796:05964_SUB_SUB;738;0;2;5;2;27;1;0;0;1;0;0;0;3;0;0;2;0;1;11;0;0;0;24;41;8;15;0;15;1;5;1;7;0;0;11;0;3;0;12;14;3;2;68;0;0;6;5;2;18;27;3;1;8;3;4;2;1;1;0;17;0;0;10;4;10;16;20;10;16;36;1;3;24;0;3;89;11;61;5;5;7;0;2;0;1;0;13;6;1;1
P8S2G:00953:05874_SUB_SUB;612;0;58;38;2;26;8;0;55;16;101;0;0;10;27;29;0;0;34;124;22;4;15;0;0;0;0;0;0;0;0;0;0;0;0;0;0;0;0;0;0;0;0;0;0;0;0;0;0;0;0;0;0;0;0;0;0;43;0;0;0;0;0;0;0;0;0;0;0;0;0;0;0;0;0;0;0;0;0;0;0;0;0;0;0;0;0;0;0;0;0
P8S2G:00983:06123_SUB_SUB;15659;0;0;237;76;25;0;679;0;6;0;0;0;0;0;0;0;0;6;16;0;1;0;68;0;0;661;0;0;5;310;0;0;155;0;857;0;0;0;2456;1435;0;0;0;1;0;0;0;25;0;37;213;0;145;55;77;143;159;0;0;81;0;0;1445;19;3634;3;1233;0;0;811;461;0;1;10;8;0;0;0;0;0;0;0;0;0;20;0;0;0;85;0
P8S2G:00983:06158_SUB_SUB;115;0;12;11;4;2;0;3;0;1;0;0;0;4;0;0;7;0;2;1;0;1;7;1;1;0;0;0;0;0;0;0;0;0;0;0;0;0;0;0;0;0;0;0;0;0;0;0;0;0;0;0;3;17;11;5;3;0;0;0;0;0;0;0;0;0;0;0;0;0;0;2;0;0;0;5;11;0;1;0;0;0;0;0;0;0;0;0;0;0;0
P8S2G:01033:05957_SUB_SUB;163;0;0;9;0;8;0;0;0;0;0;0;0;1;0;0;0;0;0;5;0;0;0;4;6;1;0;0;0;1;7;0;4;0;0;3;0;1;0;4;1;0;1;7;0;0;3;4;0;1;7;0;0;1;0;1;0;0;3;0;4;0;0;0;2;1;23;1;0;4;3;2;0;2;4;0;8;3;15;3;0;2;0;0;0;1;0;1;0;0;1
P8S2G:01064:06219_SUB_SUB;163;0;32;9;1;6;2;0;6;5;35;0;0;6;5;4;0;0;10;18;5;0;4;0;0;0;0;0;0;0;0;0;0;0;0;0;0;0;0;0;0;0;0;0;0;0;0;0;0;0;0;0;0;0;0;0;0;14;0;0;0;0;0;0;0;0;0;0;0;0;0;1;0;0;0;0;0;0;0;0;0;0;0;0;0;0;0;0;0;0;0
P8S2G:01274:05808_SUB_SUB;400;0;0;3;7;1;0;20;0;0;0;0;0;0;0;0;0;0;0;0;0;0;0;0;0;0;16;0;0;1;9;0;0;2;0;23;0;0;0;36;58;0;0;0;0;0;0;0;0;0;0;5;0;2;2;0;9;0;0;0;4;0;0;35;1;105;0;16;0;0;29;13;0;0;0;0;0;0;0;0;0;0;0;0;0;3;0;0;0;0;0
P8S2G:01273:06377_SUB_SUB;1205;0;0;21;7;1;0;69;0;0;0;0;0;0;0;0;0;0;0;1;0;0;0;6;0;0;44;0;0;0;24;0;0;12;0;58;0;0;0;172;113;0;0;0;0;0;0;0;4;0;7;22;0;5;2;11;12;17;0;0;7;0;0;98;1;270;0;95;0;0;77;41;0;0;1;1;0;0;0;0;0;0;0;0;0;2;0;0;0;4;0
P8S2G:00040:02556_SUB_SUB;398;0;0;0;0;0;0;18;0;1;133;0;0;0;0;0;0;0;0;2;0;0;0;0;0;0;0;0;0;0;0;0;0;0;0;0;0;0;0;6;62;0;0;3;0;0;0;0;2;0;0;0;1;52;28;8;26;8;3;0;0;0;0;3;0;0;0;0;0;0;0;0;0;0;18;0;24;0;0;0;0;0;0;0;0;0;0;0;0;0;0
P8S2G:00051:02159_SUB_SUB;157;0;0;0;0;0;0;0;0;1;0;0;0;0;0;0;0;0;0;1;0;0;1;0;0;0;0;0;0;0;0;0;0;0;0;0;0;0;0;0;0;0;0;2;0;0;0;0;14;3;2;0;0;10;5;3;2;0;0;0;0;0;0;6;0;0;0;13;0;0;0;16;0;0;4;2;1;46;1;0;0;0;0;22;0;0;0;0;2;0;0
P8S2G:00122:02433_SUB_SUB;100;0;0;3;0;2;0;0;0;4;13;0;0;0;3;0;5;0;2;58;0;0;2;0;0;0;0;0;0;0;0;0;0;0;0;0;0;0;0;0;1;0;0;0;0;0;0;0;0;0;0;0;0;3;0;0;1;3;0;0;0;0;0;0;0;0;0;0;0;0;0;0;0;0;0;0;0;0;0;0;0;0;0;0;0;0;0;0;0;0;0
P8S2G:00156:02346_SUB_SUB;866;0;13;672;121;9;0;0;0;3;0;0;0;0;0;0;0;0;41;5;0;0;2;0;0;0;0;0;0;0;0;0;0;0;0;0;0;0;0;0;0;0;0;0;0;0;0;0;0;0;0;0;0;0;0;0;0;0;0;0;0;0;0;0;0;0;0;0;0;0;0;0;0;0;0;0;0;0;0;0;0;0;0;0;0;0;0;0;0;0;0
P8S2G:00215:02070_SUB_SUB;1280;0;0;69;6;2;0;105;0;0;0;0;0;0;0;0;0;0;2;10;0;0;0;1;0;0;10;0;0;1;100;0;0;4;0;70;0;0;0;276;70;0;0;0;0;0;0;0;4;0;9;30;1;6;1;15;6;24;0;0;9;0;0;45;8;96;1;68;0;0;26;201;0;0;2;0;0;0;0;0;0;0;0;0;0;0;0;0;0;2;0
P8S2G:00200:02155_SUB_SUB;1119;0;0;0;0;1;0;0;0;0;0;0;0;0;0;0;0;0;0;0;0;0;0;0;1;0;0;0;0;0;0;0;0;0;0;0;0;0;0;0;0;0;0;1;0;0;0;0;0;0;0;0;0;1;0;0;0;0;0;0;0;0;0;0;0;0;1;0;0;0;1113;0;0;0;0;0;1;0;0;0;0;0;0;0;0;0;0;0;0;0;0
P8S2G:00241:02318_SUB_SUB;754;0;1;22;1;29;0;0;0;1;0;0;0;3;0;0;0;0;0;14;0;0;0;14;21;8;8;0;12;0;13;0;18;0;0;9;0;5;0;17;14;2;6;30;0;0;7;11;11;28;50;3;1;9;1;6;2;0;12;0;18;0;0;1;11;10;80;27;6;34;9;10;2;26;10;1;32;14;41;5;2;2;0;0;0;5;0;17;1;1;0
P8S2G:00247:02466_SUB_SUB;391;0;0;11;0;17;0;0;0;0;0;0;0;3;0;0;0;0;0;5;0;1;0;11;8;1;4;0;13;0;7;0;13;0;0;7;0;0;0;4;2;1;3;16;0;0;4;7;2;7;20;0;0;4;1;0;0;1;20;0;7;0;0;0;4;3;44;5;3;27;7;4;1;10;13;0;22;10;23;2;4;0;0;0;0;0;0;4;2;0;3
P8S2G:00269:01956_SUB_SUB;738;0;148;221;176;1;8;0;0;31;0;0;0;22;1;6;0;0;13;20;75;0;15;0;0;0;0;0;0;0;0;0;0;0;0;0;0;0;0;0;0;0;0;0;0;0;0;0;0;0;0;0;0;0;0;0;0;0;0;0;0;0;0;0;0;0;0;0;0;0;0;1;0;0;0;0;0;0;0;0;0;0;0;0;0;0;0;0;0;0;0
P8S2G:00265:02124_SUB_SUB;175;0;0;2;1;7;0;0;0;0;0;0;0;0;0;0;0;0;0;1;0;0;0;6;13;2;0;0;4;0;2;0;8;0;0;6;0;0;0;2;1;0;2;3;0;0;1;1;0;9;8;0;0;0;0;1;0;0;0;0;1;0;0;3;1;1;5;11;1;2;3;1;0;7;0;1;19;4;22;1;1;1;0;0;0;1;0;8;0;0;1
P8S2G:00314:01947_SUB_SUB;157;0;0;2;1;7;0;0;0;0;0;0;0;0;0;0;0;0;0;2;0;0;0;5;11;5;0;0;0;0;0;0;5;0;0;3;0;1;1;2;6;1;3;8;0;0;5;3;0;0;9;0;0;2;1;0;0;0;2;0;6;0;0;0;0;3;5;5;1;4;7;1;1;6;1;2;17;1;3;0;1;4;0;0;0;0;0;4;0;0;0
P8S2G:00311:02128_SUB_SUB;341;0;1;3;0;9;0;0;0;1;0;0;0;1;0;0;0;0;0;2;0;0;0;6;43;3;4;0;4;0;1;1;3;0;0;3;0;0;1;2;5;0;0;44;0;0;1;2;5;10;11;1;0;4;3;1;2;0;0;0;1;0;0;3;1;3;2;10;3;1;28;0;2;7;3;1;52;0;25;3;4;6;0;1;0;2;0;4;0;0;2
P8S2G:00406:02102_SUB_SUB;124;0;3;7;5;2;2;18;0;3;22;0;0;0;0;0;20;0;2;0;5;6;0;0;0;0;0;0;2;0;0;0;0;0;0;0;0;0;0;0;0;0;0;0;0;0;0;0;0;0;0;0;0;8;2;1;2;11;0;0;0;0;0;0;0;0;0;0;0;0;0;0;0;0;0;0;3;0;0;0;0;0;0;0;0;0;0;0;0;0;0
P8S2G:00424:02103_SUB_SUB;149;0;26;35;28;3;0;0;0;0;57;0;0;0;0;0;0;0;0;0;0;0;0;0;0;0;0;0;0;0;0;0;0;0;0;0;0;0;0;0;0;0;0;0;0;0;0;0;0;0;0;0;0;0;0;0;0;0;0;0;0;0;0;0;0;0;0;0;0;0;0;0;0;0;0;0;0;0;0;0;0;0;0;0;0;0;0;0;0;0;0
P8S2G:00547:02137_SUB_SUB;382;0;1;7;3;1;0;2;0;6;3;0;0;2;0;0;3;4;4;1;0;2;5;0;0;0;1;0;0;0;0;0;0;0;0;16;0;0;0;29;7;0;0;0;0;0;0;5;15;0;4;4;0;19;6;4;3;2;3;0;8;0;0;25;0;25;0;36;0;0;41;0;0;0;1;1;20;0;16;47;0;0;0;0;0;0;0;0;0;0;0
P8S2G:00624:01967_SUB_SUB;134;0;0;0;0;3;0;0;0;0;0;0;0;0;0;0;0;0;0;0;0;0;0;8;12;1;1;0;2;0;2;0;2;0;0;3;0;0;1;0;2;3;0;13;0;0;0;1;1;2;3;0;0;4;0;0;0;0;0;0;1;0;0;2;0;3;2;7;2;1;4;0;1;6;1;0;17;0;16;0;1;2;0;0;0;1;0;3;0;0;0
P8S2G:00617:02102_SUB_SUB;288;0;0;3;0;22;0;0;0;0;0;0;0;1;0;0;0;0;0;2;0;0;0;9;29;5;2;0;5;0;2;1;6;0;0;1;0;2;0;2;7;0;2;24;0;0;0;5;1;5;18;0;0;3;1;1;0;0;3;0;2;0;0;1;2;4;7;8;3;9;4;1;1;8;0;2;37;5;19;1;3;2;0;1;0;0;0;5;1;0;0
P8S2G:00193:01057_SUB_SUB;4461;0;9;20;1;1;0;203;0;29;1864;0;0;0;0;0;0;0;0;36;0;0;21;0;30;0;0;0;0;0;0;0;0;0;0;0;0;0;0;83;418;0;0;32;0;0;0;0;20;0;0;0;8;562;313;81;254;38;19;0;0;0;0;43;0;0;0;0;0;0;0;1;0;0;133;25;217;0;0;0;0;0;0;0;0;0;0;0;0;0;0
P8S2G:00351:00912_SUB_SUB;894;0;0;7;2;40;0;0;0;1;0;0;0;4;0;0;0;0;0;6;0;1;0;24;65;11;6;0;13;0;2;3;11;0;0;11;0;2;1;5;14;1;5;99;0;0;2;7;5;19;25;0;0;10;3;1;0;0;4;0;16;0;0;7;0;15;10;34;6;30;30;3;0;33;1;4;150;9;84;3;10;7;0;3;1;3;1;13;7;1;3
P8S2G:00433:01226_SUB_SUB;132;0;0;3;1;8;0;0;0;0;0;0;0;0;0;0;0;0;0;2;0;0;0;2;5;0;2;0;3;0;7;0;3;0;0;4;0;3;0;4;0;0;1;5;0;0;0;1;2;4;6;0;0;1;0;0;0;0;3;0;3;0;0;0;2;0;9;5;2;8;1;1;0;6;1;0;4;12;4;0;0;0;0;0;0;0;0;4;0;0;0
P8S2G:00480:00735_SUB_SUB;1620;0;377;343;149;17;0;0;0;36;694;0;0;0;0;0;0;0;0;2;0;0;1;0;0;0;0;0;0;0;0;0;0;0;0;0;0;0;0;0;0;0;0;0;0;0;0;0;0;0;0;0;0;0;0;0;0;0;0;0;0;0;0;0;0;0;0;0;0;0;0;1;0;0;0;0;0;0;0;0;0;0;0;0;0;0;0;0;0;0;0
P8S2G:00453:01114_SUB_SUB;202;0;34;80;30;1;0;0;0;9;0;0;0;5;0;3;0;0;4;17;15;0;3;0;0;0;0;0;0;0;0;0;0;0;0;0;0;0;0;0;0;0;0;0;0;0;0;0;0;0;0;0;0;0;0;0;0;0;0;0;0;0;0;0;0;0;0;0;0;0;0;0;0;0;0;0;0;0;0;0;0;0;0;0;0;0;0;1;0;0;0
P8S2G:00609:00840_SUB_SUB;306;0;1;5;0;9;0;0;0;0;0;0;0;1;0;0;0;0;0;1;0;0;2;10;20;5;3;0;3;0;4;0;5;0;0;11;0;2;0;8;4;1;0;15;0;0;1;3;2;10;20;0;1;1;0;0;0;0;4;0;5;0;0;1;4;6;4;12;3;7;6;0;0;10;1;1;37;6;29;3;2;4;0;0;0;1;0;5;5;2;0
P8S2G:00616:00594_SUB_SUB;153;0;0;6;0;9;0;0;0;0;0;0;0;0;0;0;1;0;0;4;0;0;0;3;4;0;2;0;1;0;6;1;4;0;0;3;0;0;0;0;2;0;3;4;0;0;5;2;0;5;6;0;0;2;1;0;0;0;11;0;1;0;0;0;2;1;30;0;2;7;1;7;0;4;3;0;2;2;4;1;0;0;0;0;0;0;0;1;0;0;0
P8S2G:00057:04654_SUB_SUB;108;0;0;6;1;0;0;7;0;0;0;0;0;0;0;0;0;0;0;0;0;0;0;0;0;0;1;0;0;0;10;0;0;0;0;6;0;0;0;19;6;0;0;0;0;0;0;0;0;0;2;1;0;0;0;0;0;0;0;0;1;0;0;6;0;11;0;5;0;0;3;22;0;0;0;0;0;0;0;0;0;0;0;0;0;0;0;0;0;1;0
P8S2G:00209:05000_SUB_SUB;394;0;86;24;19;4;9;0;0;13;178;0;0;0;0;0;30;0;8;3;0;0;6;0;0;0;0;0;0;1;0;0;0;0;0;0;0;0;0;0;0;0;0;1;0;0;0;0;0;0;0;0;1;6;1;0;1;0;0;0;0;0;0;3;0;0;0;0;0;0;0;0;0;0;0;0;0;0;0;0;0;0;0;0;0;0;0;0;0;0;0
P8S2G:00253:04834_SUB_SUB;134;0;0;0;0;0;0;0;0;0;0;0;0;0;0;0;0;0;2;3;0;0;0;0;0;0;0;0;0;0;0;0;0;0;0;0;0;0;0;0;0;0;0;0;0;0;0;0;15;3;2;0;0;2;0;1;0;0;1;0;0;0;0;0;0;0;0;4;0;0;0;55;0;0;2;0;1;37;1;0;0;0;0;5;0;0;0;0;0;0;0
P8S2G:00362:04868_SUB_SUB;151;0;0;1;1;8;0;0;0;0;0;0;0;0;0;0;0;0;0;0;0;0;0;4;12;3;3;0;1;0;3;0;4;0;0;1;0;0;0;1;0;2;0;6;0;0;1;4;1;2;7;0;0;3;0;1;0;0;2;0;8;0;0;0;1;2;1;9;1;6;4;1;1;7;1;0;15;1;13;2;1;1;0;0;0;0;0;3;1;0;1
P8S2G:00362:05092_SUB_SUB;187;0;0;170;5;2;0;0;0;2;0;0;0;0;0;0;0;0;6;1;0;0;1;0;0;0;0;0;0;0;0;0;0;0;0;0;0;0;0;0;0;0;0;0;0;0;0;0;0;0;0;0;0;0;0;0;0;0;0;0;0;0;0;0;0;0;0;0;0;0;0;0;0;0;0;0;0;0;0;0;0;0;0;0;0;0;0;0;0;0;0
P8S2G:00490:05006_SUB_SUB;101;0;0;0;0;0;0;0;0;0;0;0;0;0;0;0;0;0;0;0;0;0;0;1;0;0;0;0;0;15;1;0;0;0;0;0;0;0;0;0;0;0;0;0;0;0;0;0;0;0;0;0;0;3;0;0;0;0;0;0;0;0;0;0;3;0;1;1;0;1;0;0;0;2;1;0;68;0;1;3;0;0;0;0;0;0;0;0;0;0;0
P8S2G:00500:05084_SUB_SUB;178;0;7;1;0;2;0;38;0;0;27;0;0;0;0;18;0;26;1;0;0;7;0;0;0;0;0;0;0;0;0;0;14;0;0;7;0;0;0;0;25;0;0;0;0;0;0;0;0;0;0;0;0;0;0;0;0;1;0;0;1;0;0;0;0;0;0;0;0;0;0;0;0;0;0;0;0;0;2;0;0;0;0;0;0;1;0;0;0;0;0
P8S2G:00568:04713_SUB_SUB;110;0;11;31;29;0;5;0;0;6;0;0;0;2;1;0;0;0;2;1;22;0;0;0;0;0;0;0;0;0;0;0;0;0;0;0;0;0;0;0;0;0;0;0;0;0;0;0;0;0;0;0;0;0;0;0;0;0;0;0;0;0;0;0;0;0;0;0;0;0;0;0;0;0;0;0;0;0;0;0;0;0;0;0;0;0;0;0;0;0;0
P8S2G:00561:04978_SUB_SUB;1316;0;0;17;6;2;0;70;0;0;0;0;0;0;0;0;0;0;0;3;0;0;0;8;0;0;33;0;0;2;31;0;0;6;0;78;0;0;0;229;123;0;0;0;0;0;0;0;3;0;3;19;0;19;0;10;12;10;0;0;2;0;0;143;0;262;0;105;0;0;53;53;0;0;1;1;0;0;0;0;0;0;0;0;0;2;0;0;0;10;0
P8S2G:00071:03315_SUB_SUB;329;0;0;3;2;23;0;0;0;0;0;0;0;0;0;0;0;0;0;1;0;0;0;19;26;2;2;0;2;0;0;0;5;0;0;3;0;0;0;14;4;1;0;22;0;0;1;1;0;7;2;0;0;6;1;1;1;0;0;0;3;0;0;2;1;7;7;15;1;6;11;0;0;7;1;0;74;2;15;0;3;4;0;0;0;4;0;14;3;0;0
P8S2G:00181:03323_SUB_SUB;198;0;0;12;0;5;0;0;0;0;0;0;0;0;0;0;0;0;0;8;0;0;0;5;1;3;0;0;4;0;10;1;7;0;0;0;0;0;0;3;0;0;4;2;0;0;2;2;1;8;2;0;0;0;0;1;0;0;1;0;3;0;0;0;3;0;43;3;1;10;3;6;0;11;5;0;7;6;11;1;0;0;0;0;0;0;0;3;0;0;0
P8S2G:00268:03346_SUB_SUB;125;0;0;4;0;5;0;0;0;0;0;0;0;1;0;0;0;0;0;1;0;0;0;0;8;0;3;0;4;0;0;0;1;0;0;4;0;0;0;2;2;0;0;8;0;0;0;0;0;1;9;0;0;1;1;2;0;0;3;0;3;0;0;1;0;3;2;3;4;3;4;0;1;7;0;0;13;1;9;0;2;1;0;1;0;0;0;3;1;2;1
P8S2G:00353:03484_SUB_SUB;554;0;1;5;3;9;0;0;0;1;0;0;0;0;0;0;1;0;0;5;0;0;0;9;31;6;6;0;5;1;0;0;4;0;0;10;0;0;1;11;16;1;5;39;0;0;2;9;7;6;18;2;1;10;7;1;0;0;3;0;17;0;0;13;1;23;7;47;5;8;18;1;1;14;1;1;91;2;45;2;1;5;0;0;0;3;1;6;2;1;2
P8S2G:00461:03394_SUB_SUB;169;0;0;6;5;1;0;0;0;1;0;0;0;0;0;0;0;0;0;0;0;0;0;2;7;0;0;0;0;0;2;0;0;0;0;1;0;0;0;9;7;0;0;3;0;0;0;0;6;2;3;6;4;18;4;3;2;0;1;0;2;0;0;17;0;3;0;27;0;2;1;0;0;0;2;0;6;0;16;0;0;0;0;0;0;0;0;0;0;0;0
P8S2G:00516:03445_SUB_SUB;364;0;1;3;2;7;0;0;0;0;0;0;0;2;0;0;0;0;0;2;0;0;0;12;34;3;5;0;1;1;0;0;5;0;0;10;0;6;1;8;10;0;5;21;0;0;0;2;5;7;18;1;1;5;3;0;0;0;2;0;6;0;0;4;0;6;0;28;2;1;14;0;0;20;0;1;45;3;32;2;4;3;0;0;1;3;0;2;1;1;2
P8S2G:00547:03523_SUB_SUB;283;0;16;2;0;0;4;5;0;0;0;0;0;3;4;0;0;0;0;0;0;1;29;1;0;0;0;0;0;0;0;0;0;0;0;0;0;0;0;0;10;0;0;0;0;0;0;0;6;0;157;0;0;3;0;4;0;0;0;0;0;0;0;11;5;0;9;3;0;0;0;0;0;0;2;0;2;0;1;0;0;0;0;0;0;0;0;0;0;0;5
P8S2G:00169:05887_SUB_SUB;3907;0;531;427;142;59;57;0;0;139;1896;0;0;0;0;0;304;0;126;37;0;3;54;0;0;0;0;0;0;20;0;0;0;0;0;0;0;0;0;0;0;0;0;12;0;0;0;0;0;0;0;0;0;33;5;0;8;0;0;0;0;0;0;47;0;0;0;0;0;0;0;5;0;1;0;0;0;0;0;0;0;1;0;0;0;0;0;0;0;0;0
P8S2G:00205:06347_SUB_SUB;137;0;1;0;0;1;0;0;0;0;0;0;0;0;0;0;0;0;3;0;0;0;0;0;1;0;0;0;0;0;0;0;0;0;0;0;0;0;0;0;0;0;0;0;0;0;0;0;9;1;3;1;0;15;3;2;1;0;0;0;0;0;0;13;0;0;0;3;0;0;0;21;0;0;1;2;0;30;1;0;0;0;0;24;0;0;0;0;1;0;0
P8S2G:00478:06285_SUB_SUB;213;0;12;0;0;0;1;0;0;0;0;0;0;8;5;3;4;0;0;0;1;14;13;0;0;4;0;0;0;0;0;0;0;0;0;0;0;0;0;0;13;3;0;0;0;1;0;0;2;0;69;0;0;1;0;0;0;0;0;0;0;0;0;3;24;1;20;0;0;0;0;0;0;0;0;0;0;3;0;0;0;0;0;0;0;0;0;0;0;0;8
P8S2G:00565:06301_SUB_SUB;135;0;16;0;0;7;0;0;0;0;0;0;0;0;0;0;2;0;0;1;0;0;1;0;6;0;0;0;0;0;0;0;0;0;0;0;0;0;0;11;0;0;0;9;0;0;0;0;14;2;8;2;3;10;4;1;3;0;2;0;0;0;0;24;0;4;0;1;0;0;0;0;0;0;0;2;0;2;0;0;0;0;0;0;0;0;0;0;0;0;0
P8S2G:03402:01603_SUB_SUB;364;0;13;26;14;0;0;8;0;0;4;0;0;1;0;3;15;0;0;0;0;0;10;0;0;0;0;0;0;0;0;0;0;0;0;0;0;0;0;10;0;0;0;0;0;0;0;0;0;0;0;0;0;8;23;21;2;6;0;0;0;0;0;0;0;1;0;0;0;0;23;0;0;0;15;7;79;0;75;0;0;0;0;0;0;0;0;0;0;0;0
P8S2G:03615:01915_SUB_SUB;147;0;0;6;3;2;0;0;0;0;0;0;0;0;0;0;0;0;0;1;0;0;0;1;3;0;0;0;0;0;2;0;1;0;0;1;0;0;0;10;2;0;0;2;0;0;0;0;3;1;4;4;1;13;5;2;2;0;0;0;6;0;0;14;1;6;0;21;0;1;0;0;0;0;1;2;9;0;17;0;0;0;0;0;0;0;0;0;0;0;0
P8S2G:03773:01526_SUB_SUB;303;0;3;21;3;2;0;7;0;2;0;0;2;0;8;0;0;0;6;0;7;5;1;5;3;0;4;0;0;0;1;0;0;0;0;0;0;0;0;1;12;1;0;7;0;0;0;0;0;0;13;6;25;16;1;47;1;9;0;0;8;0;0;10;1;7;1;12;0;16;0;0;0;13;1;1;4;0;3;0;0;0;0;7;0;0;0;0;0;0;0
P8S2G:03927:01746_SUB_SUB;243;0;11;116;30;2;7;0;0;11;0;0;0;10;1;3;0;0;12;14;19;1;6;0;0;0;0;0;0;0;0;0;0;0;0;0;0;0;0;0;0;0;0;0;0;0;0;0;0;0;0;0;0;0;0;0;0;0;0;0;0;0;0;0;0;0;0;0;0;0;0;0;0;0;0;0;0;0;0;0;0;0;0;0;0;0;0;0;0;0;0
P8S2G:03971:01596_SUB_SUB;843;0;0;34;2;3;0;91;0;0;0;0;0;0;0;0;0;0;0;0;0;0;0;3;0;0;14;0;0;0;57;0;0;1;0;26;0;0;0;191;34;0;0;0;0;0;0;0;4;0;7;28;0;3;1;14;3;15;0;0;6;0;0;20;7;75;0;57;0;0;23;116;0;0;4;0;0;0;0;0;0;0;0;0;0;2;0;0;0;2;0
P8S2G:04723:01646_SUB_SUB;181;0;6;1;0;3;1;26;0;3;23;0;0;0;0;20;0;46;2;2;0;4;1;1;0;0;0;0;3;0;0;0;12;0;0;8;0;0;0;0;9;0;0;0;0;0;0;0;0;0;0;0;0;2;0;0;0;3;0;0;0;0;0;1;0;0;0;0;0;0;0;1;0;0;0;0;0;0;2;0;0;0;0;0;0;1;0;0;0;0;0
P8S2G:04863:01580_SUB_SUB;199;0;0;8;2;9;0;0;0;0;0;0;0;1;0;0;0;0;2;2;0;0;0;12;6;1;0;0;4;1;3;0;5;0;1;4;0;2;0;8;0;0;1;8;0;0;1;2;2;6;9;0;0;2;0;0;0;0;7;0;4;0;0;0;1;1;23;5;2;11;5;1;1;2;2;0;9;5;10;0;1;1;0;1;0;1;0;3;0;0;1
P8S2G:04911:01323_SUB_SUB;155;0;0;27;1;1;1;27;0;1;26;0;0;1;0;0;6;0;2;2;8;1;4;1;0;0;0;0;4;0;0;0;0;0;0;0;0;0;0;0;0;0;0;0;0;0;0;0;0;0;0;0;0;1;3;0;1;13;0;0;0;0;0;0;0;0;0;0;0;0;0;18;0;0;2;0;3;0;1;0;0;0;0;0;0;0;0;0;0;0;0
P8S2G:05103:01564_SUB_SUB;116;0;0;7;0;0;0;2;0;1;0;0;0;1;2;0;0;0;8;5;29;0;2;0;0;0;1;1;0;0;1;0;0;0;0;0;0;0;0;10;0;0;0;0;0;0;0;1;4;0;0;3;1;1;0;0;0;5;0;0;2;0;3;0;3;3;0;14;0;0;3;0;0;0;0;0;2;0;0;0;0;0;0;0;0;0;1;0;0;0;0
P8S2G:04651:00478_SUB_SUB;1144;0;0;0;0;0;0;0;0;0;0;0;0;0;0;0;0;0;0;0;0;1;0;13;4;0;0;0;0;1;0;0;20;0;0;0;0;0;0;9;0;0;0;24;0;0;0;0;6;1;30;0;1;79;30;17;31;0;0;0;0;0;0;29;0;0;0;0;174;56;122;421;0;0;16;22;0;0;9;0;0;0;0;28;0;0;0;0;0;0;0
P8S2G:00689:01865_SUB_SUB;141;0;0;10;1;5;0;0;0;0;0;0;0;0;0;0;0;0;0;0;0;0;0;20;8;1;0;0;5;0;0;0;0;0;0;0;0;0;0;0;3;1;0;3;0;0;0;0;0;5;55;0;1;3;1;0;0;0;0;0;1;0;0;4;0;0;5;0;0;9;0;0;0;0;0;0;0;0;0;0;0;0;0;0;0;0;0;0;0;0;0
P8S2G:00830:01534_SUB_SUB;232;0;3;28;2;0;3;36;0;2;44;0;0;4;3;0;15;0;4;3;13;1;12;0;0;0;0;0;5;0;0;0;0;0;0;0;0;0;0;0;0;0;0;0;0;0;0;0;0;0;0;0;0;3;3;7;1;28;0;0;0;0;0;0;0;0;0;0;0;0;0;8;0;0;1;1;2;0;0;0;0;0;0;0;0;0;0;0;0;0;0
P8S2G:00861:01695_SUB_SUB;134;0;5;0;0;2;0;24;0;0;28;0;0;0;0;19;0;18;2;0;0;2;3;1;0;0;0;0;2;0;0;0;6;0;0;2;0;0;0;0;17;0;0;0;0;0;0;0;0;0;0;0;0;0;0;0;0;2;0;0;0;0;0;0;0;0;0;0;0;0;0;0;0;0;0;0;0;0;1;0;0;0;0;0;0;0;0;0;0;0;0
P8S2G:00962:01475_SUB_SUB;130;0;3;12;3;5;1;25;0;0;25;0;0;2;0;0;12;0;1;0;2;1;2;0;0;0;0;0;4;0;0;0;0;0;0;0;0;0;0;0;0;0;0;0;0;0;0;0;0;0;0;0;0;2;1;2;0;23;0;0;0;0;0;0;0;0;0;0;0;0;0;1;0;0;0;1;1;0;1;0;0;0;0;0;0;0;0;0;0;0;0
P8S2G:01232:01788_SUB_SUB;101;0;1;0;0;0;0;0;0;1;0;0;0;0;0;0;0;0;0;0;0;0;1;0;0;0;0;0;0;0;0;0;0;0;0;0;0;0;0;0;0;0;0;0;0;0;0;0;1;0;2;0;0;10;6;3;0;0;0;0;0;0;0;9;0;0;0;3;0;0;0;11;0;0;1;2;3;25;0;0;0;0;0;22;0;0;0;0;0;0;0
P8S2G:00669:04160_SUB_SUB;189;0;0;1;0;0;0;21;0;0;0;0;0;0;0;0;0;0;0;0;0;0;0;0;0;0;5;0;0;0;0;0;0;0;0;23;0;0;0;3;4;0;0;0;0;0;0;0;0;0;2;2;0;0;0;0;2;0;0;0;1;0;0;5;0;84;0;5;1;0;28;2;0;0;0;0;0;0;0;0;0;0;0;0;0;0;0;0;0;0;0
P8S2G:00722:03945_SUB_SUB;144;0;2;6;3;1;4;18;0;0;32;0;0;2;1;0;20;0;1;3;4;0;0;0;0;0;0;0;7;0;0;0;0;0;0;0;0;0;0;0;0;0;0;0;0;0;0;0;0;0;0;0;0;7;1;1;0;20;0;0;0;0;0;0;0;0;0;0;0;0;0;3;0;0;0;0;7;0;1;0;0;0;0;0;0;0;0;0;0;0;0
P8S2G:00765:04150_SUB_SUB;993;0;1;41;17;3;0;21;0;22;0;0;23;0;19;0;0;0;19;0;5;11;2;46;27;0;12;0;0;0;6;0;0;0;0;0;0;0;0;7;27;3;0;21;0;0;0;0;3;0;25;6;69;78;3;121;12;53;0;0;11;0;0;42;1;38;4;69;0;27;0;1;0;51;8;3;10;0;8;0;0;0;0;17;0;0;0;0;0;0;0
P8S2G:00778:04475_SUB_SUB;357;0;41;187;58;2;1;0;0;16;0;0;0;0;0;0;0;0;5;28;7;0;11;0;0;0;0;0;0;0;0;0;0;0;0;0;0;0;0;0;0;0;0;0;0;0;0;0;0;0;0;0;0;0;0;0;0;1;0;0;0;0;0;0;0;0;0;0;0;0;0;0;0;0;0;0;0;0;0;0;0;0;0;0;0;0;0;0;0;0;0
P8S2G:04801:06081_SUB_SUB;1015;0;299;220;79;14;0;0;0;14;384;0;0;0;0;0;0;0;0;3;0;1;0;0;0;0;0;0;0;0;0;0;0;0;0;0;0;0;0;0;0;0;0;0;0;0;0;0;0;0;0;0;0;0;0;0;0;0;0;0;0;0;0;0;0;0;0;0;0;0;0;1;0;0;0;0;0;0;0;0;0;0;0;0;0;0;0;0;0;0;0
P8S2G:04906:06195_SUB_SUB;474;0;7;6;2;1;2;15;0;1;0;0;1;5;2;0;0;0;1;0;0;7;19;4;0;0;0;0;0;0;0;0;1;0;2;0;0;0;0;0;25;2;0;0;0;0;0;0;2;0;182;1;0;35;21;71;3;0;0;0;0;0;0;7;6;0;10;7;0;0;0;0;0;0;3;0;14;0;1;0;0;0;0;0;0;0;0;0;0;0;8
P8S2G:05126:06199_SUB_SUB;729;0;1;28;13;1;0;10;0;19;0;0;2;0;0;0;0;0;4;0;1;2;1;9;15;0;0;0;0;0;3;0;0;0;0;0;0;0;0;4;22;13;0;18;0;0;0;0;0;0;25;3;33;155;29;87;18;16;0;0;8;0;0;57;0;35;0;36;0;9;0;0;0;34;3;4;3;0;7;0;0;0;0;1;0;0;0;0;0;0;0
P8S2G:00213:06580_SUB_SUB;103;0;0;3;1;1;0;7;0;2;17;0;0;7;0;0;14;0;2;0;7;5;7;1;0;0;0;0;4;0;0;0;0;0;0;0;0;0;0;0;0;0;0;0;0;0;0;0;0;0;0;0;0;11;2;3;0;6;0;0;0;0;0;0;0;0;0;0;0;0;0;2;0;0;0;0;1;0;0;0;0;0;0;0;0;0;0;0;0;0;0
P8S2G:04689:02160_SUB_SUB;114;0;29;8;1;1;4;0;7;6;19;0;0;2;5;4;0;0;6;13;2;1;1;0;0;0;0;0;0;0;0;0;0;0;0;0;0;0;0;0;0;0;0;0;0;0;0;0;0;0;0;0;0;0;0;0;0;5;0;0;0;0;0;0;0;0;0;0;0;0;0;0;0;0;0;0;0;0;0;0;0;0;0;0;0;0;0;0;0;0;0
P8S2G:04708:02302_SUB_SUB;146;0;0;6;0;7;0;0;0;0;0;0;0;1;0;0;0;0;0;5;0;0;0;4;4;0;0;0;3;1;4;1;3;0;1;1;0;1;0;10;2;0;3;6;0;0;1;3;0;11;9;2;1;0;1;0;0;0;6;0;0;0;0;0;1;1;8;7;1;8;0;0;0;7;1;0;3;1;8;0;0;0;0;0;0;1;0;1;1;0;0
P8S2G:04938:02548_SUB_SUB;180;0;0;4;1;0;0;6;0;17;18;0;0;7;2;0;15;0;3;82;0;0;10;0;0;0;0;0;0;0;0;0;0;0;0;0;0;0;0;0;4;0;0;0;0;0;0;0;0;0;0;0;1;5;1;1;0;2;0;0;0;0;0;0;0;0;0;0;0;0;0;0;0;0;0;1;0;0;0;0;0;0;0;0;0;0;0;0;0;0;0
P8S2G:04997:02348_SUB_SUB;160;0;7;1;0;0;19;12;4;9;15;0;0;15;15;2;26;0;2;1;15;14;1;0;0;0;0;0;0;0;0;0;0;0;0;0;0;0;0;0;0;0;0;0;0;0;0;0;0;0;0;0;0;0;0;0;1;0;0;0;0;0;0;0;0;0;0;0;0;0;0;0;0;0;0;1;0;0;0;0;0;0;0;0;0;0;0;0;0;0;0
P8S2G:05081:02424_SUB_SUB;183;0;7;10;7;2;9;24;0;0;28;0;0;2;0;0;33;0;4;0;0;4;2;0;0;0;0;0;8;0;0;0;0;0;0;0;0;0;0;0;0;0;0;0;0;0;0;0;0;0;0;0;1;16;7;0;2;12;0;0;0;0;0;1;0;0;0;0;0;0;0;1;0;0;0;1;0;0;2;0;0;0;0;0;0;0;0;0;0;0;0
P8S2G:00759:02321_SUB_SUB;250;0;5;5;1;1;0;0;0;1;165;0;0;1;0;0;9;0;2;6;0;0;4;2;0;0;0;0;0;0;0;0;0;0;0;0;0;0;0;0;3;0;0;0;0;0;0;0;4;0;20;0;2;7;0;0;3;3;3;0;0;0;0;1;0;0;0;0;0;0;0;0;0;0;1;1;0;0;0;0;0;0;0;0;0;0;0;0;0;0;0
P8S2G:00828:02166_SUB_SUB;227;0;3;2;0;9;2;34;0;2;34;0;0;0;0;34;0;33;1;3;0;3;3;0;0;0;0;0;3;0;0;0;10;0;0;18;0;0;0;0;23;0;0;0;0;0;0;0;0;0;0;0;0;3;0;0;0;1;0;0;0;0;0;0;0;0;0;0;0;0;0;0;0;0;0;0;0;0;5;0;0;0;0;0;0;1;0;0;0;0;0
P8S2G:01035:02353_SUB_SUB;131;0;1;2;3;0;0;2;0;24;16;0;0;2;11;0;19;0;1;35;0;0;7;0;0;0;0;0;0;0;0;0;0;0;0;0;0;0;0;0;2;0;0;0;0;0;0;0;0;0;0;0;0;2;1;0;0;2;0;0;0;0;0;0;0;0;0;0;0;0;0;0;0;0;0;1;0;0;0;0;0;0;0;0;0;0;0;0;0;0;0
P8S2G:00858:02865_SUB_SUB;121;0;0;0;0;6;0;0;0;0;0;0;0;0;0;0;0;0;0;0;0;0;0;1;14;4;1;0;3;0;0;0;1;0;0;0;0;0;0;2;7;0;0;13;0;0;0;1;1;0;5;0;0;1;0;0;1;0;1;0;3;0;0;2;0;2;0;4;0;1;7;0;0;5;0;0;20;1;6;0;3;1;0;1;0;0;0;2;0;0;1
P8S2G:00789:01183_SUB_SUB;169;0;5;13;1;5;2;29;0;3;56;0;0;2;0;0;17;0;1;0;2;1;3;1;0;0;0;0;7;0;0;0;0;0;0;0;0;0;0;0;0;0;0;0;0;0;0;0;0;0;0;0;0;3;1;1;1;7;0;0;0;0;0;0;0;0;0;0;0;0;0;6;0;0;0;1;0;0;0;0;0;0;0;0;0;0;0;1;0;0;0
P8S2G:00996:05117_SUB_SUB;5168;0;44;295;47;21;0;0;0;26;0;0;619;79;0;0;0;0;68;31;621;5;2;2;37;0;0;0;0;0;0;0;0;0;0;0;0;0;0;89;33;0;0;52;0;0;0;0;3;0;0;4;30;230;79;17;29;42;3;0;0;0;0;0;0;0;0;102;0;0;0;2;0;184;21;2;103;0;202;0;0;2044;0;0;0;0;0;0;0;0;0
P8S2G:04112:02626_SUB_SUB;180;0;10;1;1;0;4;3;0;0;0;0;0;7;2;0;16;1;0;0;0;6;5;0;0;1;0;0;0;0;0;0;0;0;0;1;0;0;0;3;19;4;2;0;0;1;0;0;4;0;45;1;0;1;0;0;0;0;0;0;0;0;0;3;11;0;10;1;0;0;0;0;0;0;0;0;0;8;0;0;0;0;0;0;0;0;0;0;0;0;9
P8S2G:04292:03066_SUB_SUB;1911;0;68;1;0;4;44;19;0;0;0;0;0;89;44;3;110;5;0;4;4;75;51;0;2;6;0;0;0;0;0;0;3;0;0;1;0;0;0;3;148;36;8;1;0;9;0;0;24;2;643;2;0;3;0;0;0;0;0;0;1;0;0;15;177;6;153;13;0;0;0;0;1;3;0;0;0;44;0;0;0;0;0;0;0;1;0;0;0;0;85
P8S2G:04540:02960_SUB_SUB;237;0;17;6;5;2;0;0;0;30;0;0;0;9;1;0;4;0;5;57;0;6;31;0;0;0;0;0;0;0;0;0;0;0;0;0;0;0;0;0;6;0;0;0;0;0;0;0;3;0;7;1;0;15;5;2;7;2;0;0;0;0;0;0;0;0;0;0;0;0;0;0;0;0;1;1;14;0;0;0;0;0;0;0;0;0;0;0;0;0;0
P8S2G:02989:02161_SUB_SUB;3348;0;23;33;51;4;0;17;0;176;0;0;189;0;17;0;0;0;27;0;7;73;2;57;79;0;109;0;0;4;1;0;0;0;0;0;0;0;0;3;353;38;0;63;0;0;0;0;0;0;30;6;82;430;122;221;76;73;0;0;9;0;0;350;1;239;3;84;0;29;0;0;0;54;2;22;64;0;4;0;0;0;0;118;3;0;0;0;0;0;0
P8S2G:03304:02150_SUB_SUB;147;0;3;37;11;4;0;0;0;8;0;0;0;3;0;0;0;0;3;11;0;0;0;5;1;0;0;0;0;2;0;0;1;0;0;0;0;0;0;2;8;0;0;1;0;0;0;0;5;3;2;0;0;6;3;0;0;0;0;0;0;0;0;9;0;0;0;6;2;4;0;0;0;0;1;0;4;0;2;0;0;0;0;0;0;0;0;0;0;0;0
P8S2G:04926:06434_SUB_SUB;164;0;0;0;2;0;0;0;0;0;0;0;0;0;0;0;0;0;0;0;0;3;0;0;1;0;4;0;0;0;1;0;0;0;0;0;0;0;0;0;0;5;0;0;0;0;0;0;0;0;0;0;0;0;0;0;0;0;0;0;1;0;0;0;0;19;0;1;0;1;0;0;0;123;0;0;3;0;0;0;0;0;0;0;0;0;0;0;0;0;0
P8S2G:04901:06916_SUB_SUB;339;0;7;14;10;0;3;11;0;11;20;0;0;14;3;0;64;0;15;2;24;16;9;1;0;0;0;0;4;0;0;0;0;0;0;0;0;0;0;0;0;0;0;0;0;0;0;0;0;0;0;0;1;55;14;8;6;15;0;0;0;0;0;0;0;0;0;0;0;0;0;3;0;0;1;5;2;0;1;0;0;0;0;0;0;0;0;0;0;0;0
P8S2G:04749:03915_SUB_SUB;571;0;7;0;0;0;0;0;0;0;0;0;0;0;0;0;0;0;0;2;0;1;6;0;0;0;0;0;0;0;0;0;0;0;0;0;0;0;0;0;0;0;0;0;0;0;0;0;0;0;0;0;0;64;224;119;26;42;0;0;0;0;0;0;0;0;0;0;0;0;0;0;0;0;43;37;0;0;0;0;0;0;0;0;0;0;0;0;0;0;0
P8S2G:04937:03967_SUB_SUB;552;0;0;0;3;0;0;11;0;108;81;0;0;12;3;0;84;0;5;186;0;0;13;0;0;0;0;0;0;1;0;0;0;0;0;0;0;0;0;0;9;0;0;0;0;0;0;0;0;0;0;0;3;16;4;1;4;6;0;0;0;0;0;0;0;0;0;0;0;0;0;0;0;0;0;2;0;0;0;0;0;0;0;0;0;0;0;0;0;0;0
P8S2G:05041:04367_SUB_SUB;109;0;1;16;1;2;0;8;0;0;5;0;0;5;5;0;12;0;6;2;15;1;2;0;0;0;0;0;3;0;0;0;0;0;0;0;0;0;0;0;0;0;0;0;0;0;0;0;0;0;0;0;0;7;4;1;2;4;0;0;0;0;0;0;0;0;0;0;0;0;0;1;0;0;4;1;0;0;1;0;0;0;0;0;0;0;0;0;0;0;0
P8S2G:02724:03289_SUB_SUB;102;0;5;0;0;0;0;0;0;1;65;0;0;0;0;0;9;0;0;2;0;0;1;2;0;0;0;0;0;0;0;0;0;0;0;0;0;0;0;0;2;0;0;0;0;0;0;0;0;0;3;0;1;5;0;0;0;0;2;0;0;0;0;2;0;0;0;0;0;0;0;0;0;0;0;0;0;0;0;0;0;0;0;0;0;0;0;0;0;0;2
P8S2G:03027:03706_SUB_SUB;811;0;0;0;0;0;0;0;0;0;0;0;0;0;0;0;0;0;0;0;0;0;0;0;0;0;0;0;0;0;0;0;0;0;0;0;0;0;0;0;0;0;0;0;0;0;0;0;0;0;0;0;0;0;0;0;0;0;0;0;0;0;0;0;0;0;0;0;0;0;795;0;0;0;0;0;0;0;16;0;0;0;0;0;0;0;0;0;0;0;0
P8S2G:03296:03336_SUB_SUB;171;0;0;0;1;2;0;0;0;1;0;0;0;1;0;0;0;0;0;1;0;0;0;4;13;6;1;0;3;0;1;0;1;0;0;5;0;0;0;2;6;0;0;24;0;0;0;1;1;2;3;0;0;6;1;1;2;0;0;0;3;0;0;2;0;3;2;10;4;3;5;0;0;4;0;0;19;2;13;1;0;3;0;1;1;1;0;3;0;1;1
P8S2G:04928:01064_SUB_SUB;226;0;13;0;0;3;3;4;0;0;0;0;0;15;10;1;15;0;0;0;0;5;5;1;0;2;0;0;0;0;0;0;0;0;0;3;0;0;0;1;11;4;3;0;0;2;0;0;2;0;64;0;0;0;0;0;0;0;0;0;2;0;0;4;6;0;20;8;0;0;0;0;0;1;0;0;0;8;0;0;0;0;0;0;0;2;0;0;0;0;8
P8S2G:03343:00640_SUB_SUB;105;0;0;10;0;5;0;0;0;0;0;0;0;1;0;0;0;0;1;7;0;0;0;5;2;0;0;0;4;0;5;0;0;0;1;3;0;0;0;5;0;0;1;1;0;0;1;1;0;1;3;1;0;1;0;0;0;0;0;0;0;0;0;0;1;0;18;1;0;5;1;0;0;3;1;0;5;5;2;1;0;1;0;0;0;0;0;2;0;0;0
P8S2G:03842:01255_SUB_SUB;137;0;1;0;0;3;1;54;0;0;9;0;0;0;0;16;0;18;0;0;0;3;0;0;0;0;0;0;0;0;0;0;5;0;0;6;0;0;0;0;15;0;0;0;0;0;0;0;0;0;0;0;0;0;0;0;0;3;0;0;0;0;0;0;0;0;0;0;0;0;0;0;0;0;0;0;0;0;3;0;0;0;0;0;0;0;0;0;0;0;0
P8S2G:03512:02312_SUB_SUB;105;0;2;0;0;0;1;26;0;0;0;0;0;0;0;22;0;8;0;0;0;12;1;0;0;0;0;0;0;0;0;0;11;0;0;14;0;0;0;0;6;0;0;0;0;0;0;0;0;0;0;0;0;0;0;0;0;0;0;0;0;0;0;0;0;0;0;0;0;0;0;0;0;1;0;0;0;0;1;0;0;0;0;0;0;0;0;0;0;0;0
P8S2G:03849:02263_SUB_SUB;155;0;4;0;0;1;2;3;0;0;0;0;0;7;5;0;14;3;1;0;0;3;4;0;0;2;0;0;0;0;0;0;1;0;0;0;0;0;0;1;11;8;0;1;0;1;0;0;2;0;41;0;0;2;0;0;1;0;0;0;2;0;0;1;7;1;14;1;0;0;0;0;0;1;0;0;0;3;0;0;0;0;0;0;0;0;0;0;0;0;7
P8S2G:03801:02988_SUB_SUB;405;0;0;8;1;0;0;15;0;0;0;0;0;0;0;0;0;0;0;2;0;0;0;1;0;0;13;0;0;0;4;0;0;6;0;21;0;0;0;81;22;0;0;0;0;0;0;0;0;0;1;11;0;2;0;0;4;4;0;0;7;0;0;51;1;89;0;42;0;0;13;4;0;0;0;0;0;0;0;0;0;0;0;0;0;0;0;0;0;2;0
P8S2G:03706:04634_SUB_SUB;353;0;6;9;4;2;1;0;0;2;0;0;0;0;3;0;1;0;0;1;2;2;3;0;0;0;2;0;0;0;0;0;0;0;0;10;0;0;0;23;12;0;0;0;0;0;0;2;9;0;10;4;0;16;13;2;6;0;0;0;7;0;0;24;3;31;0;28;0;0;27;0;0;0;0;2;23;0;18;41;1;0;0;0;0;0;0;0;0;0;3
P8S2G:03891:03912_SUB_SUB;173;0;0;1;1;0;0;9;0;29;27;0;0;3;1;0;23;0;2;57;0;0;7;0;0;0;0;0;0;1;0;0;0;0;0;0;0;0;0;0;2;0;0;0;0;0;0;0;0;0;0;0;0;6;0;2;2;0;0;0;0;0;0;0;0;0;0;0;0;0;0;0;0;0;0;0;0;0;0;0;0;0;0;0;0;0;0;0;0;0;0
P8S2G:03917:05386_SUB_SUB;129;0;0;0;0;1;0;0;0;1;0;0;0;0;0;0;0;0;0;0;0;0;0;4;8;3;5;0;0;0;0;0;1;0;0;3;0;0;0;3;5;1;0;17;0;0;0;2;2;1;1;0;0;0;1;0;2;0;0;0;1;0;0;3;0;2;5;6;2;0;7;1;1;5;0;0;21;1;6;1;0;3;0;0;0;0;0;2;1;0;0
P8S2G:00441:01536_SUB_SUB;358;0;0;0;0;0;0;0;0;0;0;0;0;0;0;0;0;0;0;0;0;0;0;2;0;0;0;0;0;0;0;0;7;0;0;0;0;0;0;0;0;0;0;2;0;0;0;0;0;0;2;0;0;17;8;2;5;0;0;0;0;0;0;1;0;0;0;0;15;13;230;38;0;0;4;5;0;0;0;0;0;0;0;7;0;0;0;0;0;0;0
P8S2G:00361:03871_SUB_SUB;103;0;1;2;2;0;0;0;0;2;5;0;0;1;0;0;0;0;3;0;4;2;0;0;0;0;2;1;0;0;0;0;0;0;0;4;0;0;0;6;1;0;0;0;0;0;0;2;1;0;0;1;0;0;1;0;0;1;0;0;1;0;10;8;0;13;0;21;0;0;6;0;0;0;0;0;1;0;0;0;1;0;0;0;0;0;0;0;0;0;0
P8S2G:02688:00778_SUB_SUB;135;0;0;2;0;8;0;0;0;0;0;0;0;0;0;0;0;0;0;0;0;0;0;3;20;1;0;0;0;0;0;0;1;0;0;5;0;1;0;0;4;0;0;10;0;0;0;0;0;2;3;0;0;1;0;0;0;0;1;0;4;0;0;2;1;2;2;1;0;3;0;0;1;1;0;0;35;1;12;0;0;0;0;0;1;0;0;3;3;0;1
P8S2G:02701:00956_SUB_SUB;128;0;0;0;0;14;0;0;3;0;0;0;0;0;0;0;0;0;0;0;0;0;0;0;0;0;0;0;0;0;0;0;0;0;0;0;0;0;0;2;0;1;0;0;0;0;0;0;0;0;62;0;0;0;0;0;0;0;0;0;3;0;0;0;7;0;9;0;11;0;0;0;0;0;0;3;0;0;0;0;0;0;0;0;0;0;0;0;0;0;13
P8S2G:00219:03162_SUB_SUB;211;0;0;0;1;1;0;0;0;3;0;0;0;0;0;0;0;0;0;6;0;0;0;0;0;0;4;0;0;0;0;0;0;0;0;5;0;0;0;7;3;0;0;0;0;0;0;3;2;1;1;2;0;2;0;0;0;0;0;0;4;0;0;15;0;28;0;16;0;0;19;0;0;0;0;0;8;0;4;75;0;0;0;0;0;1;0;0;0;0;0
P8S2G:05201:04713_SUB_SUB;192;0;0;0;0;0;0;3;0;36;29;0;0;5;5;0;24;0;1;66;0;0;8;0;0;0;0;0;0;2;0;0;0;0;0;0;0;0;0;0;2;0;0;0;0;0;0;0;0;0;0;0;0;4;3;0;2;2;0;0;0;0;0;0;0;0;0;0;0;0;0;0;0;0;0;0;0;0;0;0;0;0;0;0;0;0;0;0;0;0;0
P8S2G:04115:01619_SUB_SUB;165;0;0;2;0;0;3;20;0;1;0;0;0;1;7;0;0;0;0;0;0;2;3;3;0;0;0;0;0;0;0;0;16;0;7;0;0;0;0;0;7;1;0;0;0;0;0;0;1;0;22;0;0;6;5;25;0;0;0;0;0;0;0;2;3;0;6;7;0;0;0;0;0;0;4;2;3;0;1;0;0;0;0;0;0;0;0;0;0;0;5
P8S2G:04290:01325_SUB_SUB;101;0;0;7;0;2;0;0;0;0;0;0;0;0;0;0;0;0;0;1;0;0;0;0;0;0;0;0;0;0;8;0;1;0;0;1;0;0;0;1;0;0;0;0;0;0;0;0;0;0;2;0;0;0;0;0;0;0;0;0;0;0;0;0;1;0;67;0;0;0;0;6;0;0;2;0;0;2;0;0;0;0;0;0;0;0;0;0;0;0;0
P8S2G:04576:04003_SUB_SUB;399;0;0;3;3;0;0;15;0;53;63;0;0;5;6;0;35;0;3;156;0;0;23;0;0;0;0;0;0;0;0;0;0;0;0;0;0;0;0;0;4;0;0;0;0;0;0;0;0;0;0;0;2;17;4;1;0;3;0;0;0;0;0;0;0;0;0;0;0;0;0;0;0;0;2;1;0;0;0;0;0;0;0;0;0;0;0;0;0;0;0
P8S2G:04417:04536_SUB_SUB;103;0;0;0;1;0;0;0;0;0;0;0;0;0;0;0;0;0;0;0;0;0;0;0;1;0;0;0;0;0;0;0;0;0;0;0;0;0;0;0;0;0;0;0;0;0;0;0;0;0;1;0;0;0;0;1;0;0;0;0;0;0;0;1;0;0;0;1;0;0;0;1;0;0;0;0;1;90;4;0;0;0;0;1;0;0;0;0;0;0;0
P8S2G:00212:05718_SUB_SUB;255;0;0;4;5;0;0;10;0;39;41;0;0;5;3;0;31;0;4;79;0;0;9;0;0;0;0;0;0;0;0;0;0;0;0;0;0;0;0;0;2;0;0;0;0;0;0;0;0;0;0;0;2;13;5;0;3;0;0;0;0;0;0;0;0;0;0;0;0;0;0;0;0;0;0;0;0;0;0;0;0;0;0;0;0;0;0;0;0;0;0
P8S2G:00498:05292_SUB_SUB;100;0;1;1;0;0;1;0;0;8;4;0;0;0;1;0;0;0;3;1;15;0;0;0;0;0;1;0;0;0;0;0;0;0;0;1;0;0;0;1;5;0;0;0;0;0;0;0;4;0;0;0;0;1;1;0;0;0;0;0;1;0;10;10;0;14;0;8;0;0;3;0;0;0;0;0;1;0;2;1;1;0;0;0;0;0;0;0;0;0;0
P8S2G:00650:05637_SUB_SUB;154;0;0;2;0;0;0;2;0;2;4;0;0;0;0;0;0;0;10;1;24;0;1;0;0;0;0;1;0;0;0;0;0;0;0;0;0;0;0;9;1;0;0;0;0;0;0;2;4;0;0;3;0;2;1;0;0;8;0;0;0;0;3;11;0;17;0;35;0;0;2;0;0;0;0;0;2;0;3;3;0;0;0;0;0;0;0;0;0;1;0
P8S2G:02440:06374_SUB_SUB;199;0;0;2;3;0;0;1;0;43;21;0;0;5;3;0;22;0;2;70;0;0;4;0;0;0;0;0;0;0;0;0;0;0;0;0;0;0;0;0;5;0;0;0;0;0;0;0;0;0;0;0;2;14;2;0;0;0;0;0;0;0;0;0;0;0;0;0;0;0;0;0;0;0;0;0;0;0;0;0;0;0;0;0;0;0;0;0;0;0;0
P8S2G:02308:05486_SUB_SUB;573;0;0;0;0;0;0;0;0;0;0;0;0;0;0;0;0;0;0;1;0;0;0;0;0;0;0;0;548;0;0;0;0;0;0;0;0;0;0;0;0;0;0;1;0;0;0;0;0;0;0;0;0;0;0;0;0;0;0;0;0;0;0;0;0;0;0;0;0;0;0;0;0;0;0;0;2;0;21;0;0;0;0;0;0;0;0;0;0;0;0
P8S2G:02607:04932_SUB_SUB;153;0;0;0;0;0;0;0;0;0;0;0;109;0;0;0;0;0;0;0;0;0;0;0;0;0;0;0;0;0;0;0;0;0;0;0;0;5;0;0;0;0;0;0;0;0;0;0;0;0;0;0;0;0;0;0;0;0;0;0;3;0;0;0;0;0;0;0;0;0;0;0;0;0;0;0;0;0;5;0;16;4;0;0;1;0;10;0;0;0;0
P8S2G:02688:00087_SUB_SUB;383;0;0;4;4;13;0;0;0;0;0;0;0;1;0;0;0;0;0;2;0;1;0;12;28;8;6;0;4;1;1;0;1;0;1;10;0;0;1;2;16;2;2;32;0;0;0;7;1;5;17;1;1;8;1;0;0;1;1;0;6;0;0;1;1;8;1;11;4;8;26;0;1;14;0;0;39;4;32;4;7;4;0;2;0;2;0;5;3;1;4
P8S2G:02763:00167_SUB_SUB;323;0;16;0;0;0;7;3;0;0;0;0;0;11;7;6;30;4;0;0;1;12;11;0;1;4;0;0;0;0;0;0;0;0;0;1;0;0;0;1;23;17;1;0;0;2;0;0;6;0;95;0;0;0;0;0;0;0;0;0;3;0;0;4;13;1;7;6;0;0;0;0;0;4;0;2;0;8;0;0;0;0;0;0;0;1;0;0;0;0;15
P8S2G:02282:03100_SUB_SUB;259;0;13;0;0;0;8;3;0;0;0;0;0;10;8;6;19;2;0;0;2;9;8;0;0;2;0;0;0;0;0;0;0;0;0;0;0;0;0;2;11;15;3;0;0;1;0;0;7;0;65;0;0;0;0;0;0;0;0;0;1;0;0;5;10;1;13;2;0;0;0;0;0;0;0;0;0;13;0;0;0;0;0;0;0;0;0;0;0;0;20
P8S2G:02395:02696_SUB_SUB;166;0;7;0;0;0;5;1;0;0;0;0;0;13;2;0;12;0;0;1;0;7;2;0;0;2;0;0;0;0;0;0;0;0;0;0;0;0;0;0;9;6;1;0;0;0;0;0;4;0;51;2;0;1;0;0;0;0;0;0;0;0;0;2;9;0;18;2;0;0;0;0;0;1;0;0;0;2;0;0;0;0;0;0;0;0;0;0;0;0;6
P8S2G:02787:07090_SUB_SUB;485;0;3;2;3;0;0;13;0;49;61;0;0;10;18;0;23;0;3;273;0;0;8;0;0;0;0;0;0;1;0;0;0;0;0;0;0;0;0;0;3;0;0;0;0;0;0;0;0;0;0;0;3;5;1;0;2;2;0;0;0;0;0;0;0;0;0;0;0;0;0;0;0;0;2;0;0;0;0;0;0;0;0;0;0;0;0;0;0;0;0
P8S2G:03318:07321_SUB_SUB;571;0;3;6;4;0;17;52;0;6;0;0;0;13;11;0;0;0;10;1;6;6;13;27;0;0;0;0;0;0;0;0;51;0;28;0;0;0;0;0;25;2;0;0;0;0;0;0;4;0;89;3;0;17;12;66;2;0;0;0;0;0;0;12;12;0;7;22;0;0;0;0;0;0;15;4;21;0;1;0;0;0;0;0;0;0;0;0;0;0;3
P8S2G:02175:01672_SUB_SUB;159;0;1;3;2;1;0;3;0;3;0;0;5;0;4;0;0;0;3;0;1;1;0;6;3;0;2;0;0;0;0;0;0;0;0;0;0;0;0;2;5;0;0;0;0;0;0;0;0;0;3;2;6;12;4;17;0;7;0;0;2;0;0;19;1;10;0;15;0;4;0;1;0;4;0;0;3;0;0;0;0;0;0;4;0;0;0;0;0;0;0
P8S2G:02754:02569_SUB_SUB;114;0;0;4;0;0;0;0;0;5;3;0;0;1;1;0;1;0;5;0;26;1;2;0;0;0;0;1;0;0;0;0;0;0;0;1;0;0;0;13;1;0;0;0;0;0;0;0;3;0;0;6;0;0;0;0;0;3;0;0;1;0;1;4;1;7;0;18;0;0;2;0;0;0;1;0;0;0;1;0;0;0;0;0;0;0;0;0;0;0;1
P8S2G:02302:02135_SUB_SUB;199;0;0;2;5;1;0;2;0;11;0;0;11;0;0;0;0;0;1;0;1;4;0;1;6;0;6;0;0;1;0;0;0;0;0;0;0;0;0;0;22;3;0;7;0;0;0;0;0;0;3;0;6;17;7;14;5;6;0;0;4;0;0;18;0;14;0;2;0;3;0;0;0;1;1;3;3;0;2;0;0;0;0;6;0;0;0;0;0;0;0
P8S2G:02032:01131_SUB_SUB;453;0;0;0;0;0;0;0;0;0;0;0;0;0;0;0;0;0;0;0;0;0;0;0;0;0;0;0;0;0;0;0;0;0;0;0;0;0;0;0;0;0;0;0;0;0;0;0;0;0;0;0;0;0;0;0;0;0;0;0;0;453;0;0;0;0;0;0;0;0;0;0;0;0;0;0;0;0;0;0;0;0;0;0;0;0;0;0;0;0;0
P8S2G:04087:06325_SUB_SUB;127;0;0;4;0;0;0;17;0;0;0;0;0;0;0;0;0;0;0;0;0;0;0;0;0;0;2;0;0;0;1;0;0;0;0;5;0;0;0;26;17;0;0;0;0;0;0;0;1;0;0;2;0;1;1;1;4;3;0;0;4;0;0;2;0;11;0;8;0;0;4;13;0;0;0;0;0;0;0;0;0;0;0;0;0;0;0;0;0;0;0
P8S2G:04302:06311_SUB_SUB;333;0;19;0;0;0;58;7;2;5;1;0;0;90;39;3;73;0;4;2;7;21;2;0;0;0;0;0;0;0;0;0;0;0;0;0;0;0;0;0;0;0;0;0;0;0;0;0;0;0;0;0;0;0;0;0;0;0;0;0;0;0;0;0;0;0;0;0;0;0;0;0;0;0;0;0;0;0;0;0;0;0;0;0;0;0;0;0;0;0;0
P8S2G:01968:05968_SUB_SUB;132;0;0;1;0;0;0;5;0;9;22;0;0;4;2;0;9;0;4;64;0;0;3;0;0;0;0;0;0;0;0;0;0;0;0;0;0;0;0;0;1;0;0;0;0;0;0;0;0;0;0;0;0;6;1;0;0;1;0;0;0;0;0;0;0;0;0;0;0;0;0;0;0;0;0;0;0;0;0;0;0;0;0;0;0;0;0;0;0;0;0
P8S2G:04604:05552_SUB_SUB;231;0;1;1;0;0;0;10;0;0;74;0;0;0;0;0;0;0;0;2;0;0;1;0;3;0;0;0;0;0;0;0;0;0;0;0;0;0;0;1;1;0;0;1;0;0;0;0;1;0;0;0;0;47;31;1;28;4;1;0;0;0;0;1;0;0;0;0;0;0;0;0;0;0;6;1;15;0;0;0;0;0;0;0;0;0;0;0;0;0;0
P8S2G:01466:03182_SUB_SUB;394;0;0;6;2;0;0;4;0;29;50;0;0;10;9;0;23;0;6;216;0;0;10;0;0;0;0;0;0;2;0;0;0;0;0;0;0;0;0;0;5;0;0;0;0;0;0;0;0;0;0;0;1;7;5;1;0;7;0;0;0;0;0;0;0;0;0;0;0;0;0;0;0;0;0;1;0;0;0;0;0;0;0;0;0;0;0;0;0;0;0
P8S2G:01494:00786_SUB_SUB;272;0;15;0;0;0;13;4;0;0;0;0;0;16;9;1;16;2;1;4;1;4;6;0;0;1;0;0;0;0;0;0;0;0;0;0;0;0;0;2;19;18;3;0;0;0;0;0;3;0;71;1;0;1;0;0;0;0;0;0;3;0;0;0;11;2;28;1;0;0;0;1;0;1;0;0;0;4;0;0;0;0;0;0;0;1;0;0;0;0;9
P8S2G:01336:00306_SUB_SUB;590;0;7;25;5;3;0;0;0;6;0;0;66;6;0;0;0;0;7;2;106;0;0;1;3;0;0;0;0;0;0;0;0;0;0;0;0;0;0;7;6;0;0;2;0;0;0;0;1;0;0;0;2;17;6;0;1;7;0;0;0;0;0;0;0;0;0;17;0;0;0;0;0;17;3;0;7;0;11;0;0;249;0;0;0;0;0;0;0;0;0
P8S2G:00978:07030_SUB_SUB;100;0;0;1;2;0;0;3;0;13;6;0;0;2;2;0;8;0;0;50;0;0;7;0;0;0;0;0;0;0;0;0;0;0;0;0;0;0;0;0;1;0;0;0;0;0;0;0;0;0;0;0;0;4;0;0;0;1;0;0;0;0;0;0;0;0;0;0;0;0;0;0;0;0;0;0;0;0;0;0;0;0;0;0;0;0;0;0;0;0;0
P8S2G:04697:02943_SUB_SUB;145;0;37;30;4;2;2;0;0;9;33;0;0;0;0;0;9;0;5;7;0;0;4;0;0;0;0;0;0;0;0;0;0;0;0;0;0;0;0;0;0;0;0;1;0;0;0;0;0;0;0;0;0;1;0;0;0;0;0;0;0;0;0;1;0;0;0;0;0;0;0;0;0;0;0;0;0;0;0;0;0;0;0;0;0;0;0;0;0;0;0
P8S2G:05102:02952_SUB_SUB;384;0;61;41;19;11;7;0;0;15;171;0;0;0;0;0;25;0;15;2;0;0;5;0;0;0;0;0;0;1;0;0;0;0;0;0;0;0;0;0;0;0;0;3;0;0;0;0;0;0;0;0;0;3;0;0;0;0;0;0;0;0;0;5;0;0;0;0;0;0;0;0;0;0;0;0;0;0;0;0;0;0;0;0;0;0;0;0;0;0;0
P8S2G:05277:02570_SUB_SUB;316;0;0;1;4;0;0;9;0;39;57;0;0;5;4;0;22;0;6;126;0;0;14;0;0;0;0;0;0;0;0;0;0;0;0;0;0;0;0;0;5;0;0;0;0;0;0;0;0;0;0;0;2;11;5;1;2;3;0;0;0;0;0;0;0;0;0;0;0;0;0;0;0;0;0;0;0;0;0;0;0;0;0;0;0;0;0;0;0;0;0
P8S2G:01804:01827_SUB_SUB;104219;0;1955;0;0;2362;0;0;0;0;0;0;0;0;9829;8237;0;78539;0;13;1;18;0;1;0;2;0;0;0;0;0;0;0;0;0;0;0;0;0;0;0;0;0;0;0;0;0;0;0;0;0;0;0;0;0;0;1;0;0;0;0;0;0;0;0;0;0;0;0;0;0;4;0;0;1;0;0;0;0;0;1;3255;0;0;0;0;0;0;0;0;0
P8S2G:02696:04112_SUB_SUB;300;0;2;3;0;0;0;4;0;22;28;0;0;3;12;0;12;0;4;187;0;0;9;0;0;0;0;0;0;0;0;0;0;0;0;0;0;0;0;0;3;0;0;0;0;0;0;0;0;0;0;0;2;3;2;0;1;2;0;0;0;0;0;0;0;0;0;0;0;0;0;0;0;0;1;0;0;0;0;0;0;0;0;0;0;0;0;0;0;0;0
P8S2G:01330:04130_SUB_SUB;140;0;0;4;1;0;0;2;0;12;17;0;0;1;5;0;5;0;0;86;0;0;2;0;0;0;0;0;0;0;0;0;0;0;0;0;0;0;0;0;3;0;0;0;0;0;0;0;0;0;0;0;1;0;1;0;0;0;0;0;0;0;0;0;0;0;0;0;0;0;0;0;0;0;0;0;0;0;0;0;0;0;0;0;0;0;0;0;0;0;0
P8S2G:00811:01818_SUB_SUB;43534;4;2794;51;31;184;1430;1649;1626;3805;1394;0;0;2649;858;0;12927;2117;2013;2634;1360;1217;3555;1;0;0;0;0;0;1;0;0;0;0;0;0;1;0;0;0;0;0;0;0;0;0;0;0;0;0;0;0;0;10;0;0;1;88;0;0;40;0;0;0;0;0;0;0;0;0;0;5;0;0;0;0;251;451;359;0;0;0;0;0;0;0;0;0;1;0;27
P8S2G:03592:07539_SUB_SUB;11314;1;137;1042;464;11;102;146;778;587;1252;0;0;325;50;0;5422;0;292;107;512;48;33;0;0;0;0;0;0;0;0;0;0;0;0;0;0;0;0;0;0;0;2;0;0;0;0;0;0;0;0;0;0;0;0;0;0;0;0;0;0;0;0;0;0;0;0;0;0;0;0;3;0;0;0;0;0;0;0;0;0;0;0;0;0;0;0;0;0;0;0
P8S2G:04873:03603_SUB_SUB;4922;1;0;0;0;0;0;0;0;0;0;0;0;0;0;0;0;0;0;0;0;0;0;0;0;0;0;0;0;0;0;0;0;0;0;0;0;0;0;0;0;0;0;0;0;0;4894;0;0;0;0;25;0;0;0;0;0;0;0;0;0;0;0;0;0;1;0;0;0;0;0;0;0;0;0;0;0;0;0;0;0;0;0;0;0;0;0;0;1;0;0
P8S2G:02154:05480_SUB_SUB;763;1;0;0;0;0;0;0;0;0;0;0;0;0;0;0;743;0;0;0;0;0;0;0;0;0;0;0;0;0;0;0;0;0;0;0;0;0;0;0;0;0;0;0;0;0;0;0;0;0;0;0;0;0;0;0;0;0;0;0;19;0;0;0;0;0;0;0;0;0;0;0;0;0;0;0;0;0;0;0;0;0;0;0;0;0;0;0;0;0;0
P8S2G:02126:03551_SUB_SUB;541;1;19;0;0;0;0;0;0;256;0;0;0;24;0;0;0;0;33;8;0;156;42;0;0;0;0;0;0;0;0;0;0;0;0;0;0;0;0;0;0;0;0;0;0;0;0;0;0;0;0;0;0;2;0;0;0;0;0;0;0;0;0;0;0;0;0;0;0;0;0;0;0;0;0;0;0;0;0;0;0;0;0;0;0;0;0;0;0;0;0
P8S2G:03989:06428_SUB_SUB;3662;0;38;152;43;663;0;0;0;23;0;0;569;0;0;360;1483;0;21;6;46;1;4;0;3;0;0;0;0;0;0;0;0;0;0;0;0;0;0;0;0;0;0;24;0;0;0;0;0;0;0;0;1;51;26;33;6;99;0;0;0;0;0;0;0;0;0;0;0;0;0;0;0;0;10;0;0;0;0;0;0;0;0;0;0;0;0;0;0;0;0
P8S2G:04025:06654_SUB_SUB;2525;0;425;12;2;23;43;62;56;254;25;0;0;121;28;0;493;10;118;278;42;38;372;0;0;0;0;0;0;0;0;0;0;0;0;0;0;0;0;0;1;0;0;0;0;0;0;0;0;0;0;0;0;0;0;0;0;11;0;0;5;0;0;0;0;0;0;0;0;0;0;2;0;0;0;0;36;14;43;0;0;0;0;0;0;0;0;0;0;0;11
P8S2G:04032:06661_SUB_SUB;1362;0;48;0;0;0;0;10;0;1;1134;0;0;0;0;0;0;76;0;0;0;0;0;5;7;0;0;0;0;0;0;0;0;0;0;0;0;0;0;7;0;0;0;0;0;0;0;0;0;0;65;0;0;0;0;0;0;0;0;0;0;0;0;0;0;0;0;0;0;0;0;0;0;0;0;0;0;0;0;0;0;0;0;0;0;0;0;0;0;0;9
P8S2G:03996:06823_SUB_SUB;2279;0;138;70;23;4;18;64;0;64;1631;0;0;21;0;71;0;0;32;4;45;0;30;0;0;0;0;0;0;0;0;0;0;0;0;0;0;0;0;0;57;0;0;0;0;0;0;0;0;0;0;0;1;0;2;0;1;1;0;0;0;0;0;0;0;0;0;0;0;0;0;0;0;0;0;0;0;0;2;0;0;0;0;0;0;0;0;0;0;0;0
P8S2G:04001:06857_SUB_SUB;412;0;37;0;0;1;13;17;17;41;8;0;0;22;7;0;112;15;18;25;19;13;31;0;0;0;0;0;0;0;0;0;0;0;0;0;0;0;0;0;0;0;0;0;0;0;0;0;0;0;0;0;0;0;0;0;0;0;0;0;1;0;0;0;0;0;0;0;0;0;0;0;0;0;0;0;3;7;4;0;0;0;0;0;0;0;0;0;0;0;1
P8S2G:04056:06698_SUB_SUB;11378;0;206;0;0;366;0;0;0;0;0;0;0;0;1130;550;0;8774;0;1;0;0;0;1;0;0;0;0;0;0;0;0;0;0;0;0;0;0;0;0;0;0;0;0;0;0;0;0;0;0;0;0;0;0;0;0;0;0;0;0;0;0;0;0;0;0;0;0;0;0;0;0;0;0;0;0;0;0;0;0;0;350;0;0;0;0;0;0;0;0;0
P8S2G:04035:06724_SUB_SUB;917;0;209;12;6;7;0;0;58;98;0;0;0;0;0;0;0;0;88;0;53;2;0;0;18;0;0;0;0;0;0;0;0;0;0;0;0;0;0;0;0;0;0;0;0;0;0;0;0;0;0;0;42;157;23;7;28;0;0;0;0;0;0;0;0;0;0;0;0;0;0;0;0;0;18;9;82;0;0;0;0;0;0;0;0;0;0;0;0;0;0
P8S2G:04060:06875_SUB_SUB;110;0;39;2;1;0;3;1;0;14;0;0;0;8;5;0;2;0;5;3;0;1;13;0;0;0;0;0;0;0;0;0;0;0;0;0;0;0;0;0;0;0;0;0;0;0;0;0;0;0;0;0;0;2;5;1;3;1;0;0;0;0;0;0;0;0;0;0;0;0;0;0;0;0;0;1;0;0;0;0;0;0;0;0;0;0;0;0;0;0;0
P8S2G:04110:06485_SUB_SUB;117;0;46;1;0;0;1;0;8;10;2;0;0;3;1;0;0;0;4;31;1;1;7;0;0;0;0;0;0;0;0;0;0;0;0;0;0;0;0;0;0;0;0;0;0;0;0;0;0;0;0;0;0;0;0;0;0;0;0;0;0;0;0;0;0;0;0;0;0;0;0;0;0;1;0;0;0;0;0;0;0;0;0;0;0;0;0;0;0;0;0
P8S2G:04117:06633_SUB_SUB;969;0;17;31;43;1;35;0;0;90;167;0;0;0;0;0;0;0;481;7;12;0;6;0;0;0;0;0;0;0;0;0;0;0;0;0;0;0;0;0;0;0;0;0;0;0;0;0;0;0;0;0;0;32;14;13;5;14;0;0;0;0;0;0;0;0;0;0;0;0;0;0;0;0;0;1;0;0;0;0;0;0;0;0;0;0;0;0;0;0;0
P8S2G:04145:06434_SUB_SUB;171;0;75;14;10;2;1;5;0;3;1;0;0;4;0;0;0;0;9;0;0;0;20;0;0;0;0;0;0;0;0;0;0;0;0;0;0;0;0;0;21;0;0;0;0;0;0;0;0;0;0;0;0;2;0;0;0;0;0;0;0;0;0;0;0;0;0;0;0;0;0;0;0;0;0;0;0;0;4;0;0;0;0;0;0;0;0;0;0;0;0
P8S2G:04156:06458_SUB_SUB;2087;0;36;1;1;0;125;70;33;13;11;0;0;224;66;0;1106;23;5;16;30;172;44;0;0;0;0;0;0;0;0;0;0;0;0;0;0;0;0;0;0;0;0;0;0;0;0;0;0;0;0;0;0;0;0;0;0;0;0;0;0;0;0;0;0;0;0;0;0;0;0;2;0;0;0;0;10;89;6;0;0;0;0;0;0;0;0;0;0;0;4
P8S2G:04147:06513_SUB_SUB;1775;0;109;59;14;4;10;36;0;31;1280;0;0;18;0;38;0;0;43;5;46;0;15;0;0;0;0;0;0;0;0;0;0;0;0;0;0;0;0;0;57;0;0;0;0;0;0;0;0;0;0;0;2;1;0;0;0;3;0;0;0;0;0;0;0;0;0;0;0;0;0;0;0;0;0;0;0;0;4;0;0;0;0;0;0;0;0;0;0;0;0
P8S2G:04183:06688_SUB_SUB;4051;0;266;1;2;21;138;166;137;422;101;0;0;233;89;0;1173;157;193;243;167;137;305;0;0;0;0;0;0;0;0;0;0;0;0;0;0;0;0;0;0;0;0;0;0;0;0;0;0;0;0;0;0;1;0;0;0;8;0;0;7;0;0;0;0;0;0;0;0;0;0;1;0;1;0;0;22;30;28;0;0;0;0;0;0;0;0;0;0;0;2
P8S2G:04138:06762_SUB_SUB;10955;0;488;239;137;21;158;384;0;356;7667;0;0;171;0;434;0;0;198;28;133;1;148;0;0;0;0;0;0;0;0;0;0;0;0;0;0;0;0;0;325;0;0;0;0;0;0;0;0;0;0;0;2;19;5;0;1;10;0;0;0;0;0;0;0;0;0;0;0;0;0;0;0;1;0;3;0;0;24;0;1;0;0;0;0;0;0;1;0;0;0
P8S2G:04151:06797_SUB_SUB;418;0;34;1;1;2;4;15;0;158;4;0;0;16;5;0;18;0;44;42;13;5;45;0;0;0;0;0;0;0;0;0;0;0;0;0;0;0;0;0;0;0;0;0;0;0;0;0;0;0;0;0;0;0;0;0;0;3;0;0;0;0;0;0;0;0;0;0;0;0;0;0;0;0;0;0;3;0;5;0;0;0;0;0;0;0;0;0;0;0;0
P8S2G:04200:07018_SUB_SUB;142;0;7;0;0;2;0;1;46;4;3;0;0;0;0;0;55;0;6;5;2;0;1;0;0;0;0;0;0;0;0;0;0;0;0;0;0;0;0;0;0;0;0;0;0;0;0;0;0;0;0;0;0;0;0;0;0;0;0;0;3;0;0;0;0;0;0;0;0;0;0;0;0;0;0;0;3;3;1;0;0;0;0;0;0;0;0;0;0;0;0
P8S2G:04269:06562_SUB_SUB;127;0;38;0;0;6;2;1;3;9;1;0;0;4;1;0;17;1;3;10;0;1;10;0;0;0;0;0;0;0;0;0;0;0;0;0;0;0;0;0;0;0;0;0;0;0;0;0;0;0;0;0;0;0;0;0;0;0;0;0;0;0;0;0;0;0;0;0;0;0;0;0;0;0;0;0;2;2;16;0;0;0;0;0;0;0;0;0;0;0;0
P8S2G:04263:06883_SUB_SUB;847;0;211;0;0;1;28;20;0;4;0;0;0;60;17;0;197;4;3;28;1;25;215;0;0;1;0;0;0;0;0;0;0;0;0;0;0;0;0;0;0;0;0;0;0;0;0;0;0;0;4;0;0;0;0;0;0;0;0;0;2;0;0;0;0;0;1;0;0;0;0;1;0;0;0;0;0;16;0;0;0;0;0;0;0;0;0;0;0;0;8
P8S2G:04282:07013_SUB_SUB;827;0;326;160;59;39;0;0;0;3;0;0;0;0;119;0;0;0;28;6;85;1;0;0;0;0;0;0;0;0;0;0;0;0;0;0;0;0;0;0;0;0;0;0;0;0;0;0;0;0;0;0;0;0;0;0;0;0;0;0;0;0;0;0;0;0;0;0;0;0;0;1;0;0;0;0;0;0;0;0;0;0;0;0;0;0;0;0;0;0;0
P8S2G:04314:06636_SUB_SUB;1561;0;16;0;0;56;0;0;0;0;0;0;0;0;142;28;0;1292;0;0;0;0;0;0;0;0;0;0;0;0;0;0;0;0;0;0;0;0;0;0;0;0;0;0;0;0;0;0;0;0;0;0;0;0;0;0;0;0;0;0;0;0;0;0;0;0;0;0;0;0;0;0;0;0;0;0;0;0;0;0;0;27;0;0;0;0;0;0;0;0;0
P8S2G:04290:06658_SUB_SUB;2729;0;130;119;19;8;15;70;0;56;1936;0;0;29;0;70;0;0;68;12;62;1;50;1;0;0;0;0;0;0;0;0;0;0;0;0;0;0;0;0;70;0;0;0;0;0;0;0;0;0;0;0;1;3;1;0;0;4;0;0;0;0;0;0;0;0;0;0;0;0;0;0;0;0;0;0;0;0;4;0;0;0;0;0;0;0;0;0;0;0;0
P8S2G:04309:06853_SUB_SUB;293;0;21;0;1;0;0;0;0;20;0;0;0;0;8;0;0;0;20;3;59;0;16;0;20;0;0;0;0;0;0;0;0;0;0;0;0;0;0;0;0;0;0;0;0;0;0;0;0;0;0;0;0;0;0;0;0;0;0;0;0;0;0;0;0;0;0;0;125;0;0;0;0;0;0;0;0;0;0;0;0;0;0;0;0;0;0;0;0;0;0
P8S2G:04337:06599_SUB_SUB;221;0;7;6;4;1;0;9;0;7;157;0;0;1;0;7;0;0;5;1;9;0;3;0;0;0;0;0;0;0;0;0;0;0;0;0;0;0;0;0;3;0;0;0;0;0;0;0;0;0;0;0;0;0;0;0;0;1;0;0;0;0;0;0;0;0;0;0;0;0;0;0;0;0;0;0;0;0;0;0;0;0;0;0;0;0;0;0;0;0;0
P8S2G:04428:06422_SUB_SUB;1014;0;29;27;27;0;71;0;0;61;0;0;0;158;0;0;203;0;61;14;196;0;164;0;2;0;0;0;0;0;0;0;0;0;0;0;0;0;0;0;0;0;0;0;0;0;0;0;0;0;0;0;0;0;0;0;0;0;0;0;0;0;0;0;0;0;0;0;0;0;0;1;0;0;0;0;0;0;0;0;0;0;0;0;0;0;0;0;0;0;0
P8S2G:04411:06961_SUB_SUB;282;0;95;1;0;0;11;1;0;0;0;0;0;18;0;0;40;0;0;6;0;9;36;0;0;0;0;0;0;0;0;0;0;0;0;0;0;0;0;0;19;0;0;0;0;0;0;0;7;1;17;0;0;0;1;0;0;0;0;0;0;0;0;6;0;0;0;2;0;0;0;0;0;0;0;0;0;0;0;0;0;0;0;0;0;0;0;0;0;0;12
P8S2G:04443:06438_SUB_SUB;3456;0;79;0;0;0;0;0;0;4;2801;0;0;0;0;0;0;288;0;0;0;0;0;2;2;0;0;0;0;0;0;0;0;0;0;0;0;0;1;20;0;0;0;0;0;0;0;0;0;0;249;0;0;0;3;0;2;0;0;0;0;0;0;0;0;0;0;0;0;0;0;0;0;0;0;1;0;0;0;0;0;0;0;0;0;0;0;0;0;0;4
P8S2G:04438:06469_SUB_SUB;207;0;33;8;2;0;1;1;1;63;0;0;0;5;3;3;3;0;49;1;5;0;9;0;0;0;0;0;0;0;0;0;0;0;0;0;0;0;0;0;0;0;0;0;0;0;0;0;0;0;0;0;0;6;1;0;5;6;0;0;0;0;0;0;0;0;0;0;0;0;0;0;0;0;1;1;0;0;0;0;0;0;0;0;0;0;0;0;0;0;0
P8S2G:04462:06696_SUB_SUB;1826;0;21;0;0;57;0;0;0;0;0;0;0;0;712;46;0;961;0;1;0;1;0;0;0;0;0;0;0;0;0;0;0;0;0;0;0;0;0;0;0;0;0;0;0;0;0;0;0;0;0;0;0;0;0;0;0;0;0;0;0;0;0;0;0;0;0;0;0;0;0;0;0;0;0;0;0;0;0;0;0;27;0;0;0;0;0;0;0;0;0
P8S2G:04519:06552_SUB_SUB;124;0;2;6;2;0;2;0;0;5;0;0;0;16;0;0;12;0;8;3;52;0;15;0;1;0;0;0;0;0;0;0;0;0;0;0;0;0;0;0;0;0;0;0;0;0;0;0;0;0;0;0;0;0;0;0;0;0;0;0;0;0;0;0;0;0;0;0;0;0;0;0;0;0;0;0;0;0;0;0;0;0;0;0;0;0;0;0;0;0;0
P8S2G:04498:06958_SUB_SUB;1968;0;113;1;0;0;0;0;0;30;0;0;0;0;63;0;1700;0;43;15;0;0;3;0;0;0;0;0;0;0;0;0;0;0;0;0;0;0;0;0;0;0;0;0;0;0;0;0;0;0;0;0;0;0;0;0;0;0;0;0;0;0;0;0;0;0;0;0;0;0;0;0;0;0;0;0;0;0;0;0;0;0;0;0;0;0;0;0;0;0;0
P8S2G:04500:06978_SUB_SUB;337;0;6;24;6;0;1;0;0;49;131;0;0;11;0;0;0;0;35;20;1;19;6;0;0;0;0;0;0;0;0;0;0;0;0;0;0;0;0;0;7;0;0;0;0;0;0;0;2;0;6;0;0;8;3;1;0;0;0;0;0;0;0;0;0;0;0;0;0;0;0;0;0;0;0;0;1;0;0;0;0;0;0;0;0;0;0;0;0;0;0
P8S2G:04531:06971_SUB_SUB;4642;0;4;404;157;0;0;0;0;22;0;0;0;0;0;0;3945;0;14;5;0;0;2;0;0;0;0;0;0;0;0;0;0;0;0;0;0;0;0;0;0;0;0;0;0;0;0;0;0;0;0;0;0;0;0;0;0;89;0;0;0;0;0;0;0;0;0;0;0;0;0;0;0;0;0;0;0;0;0;0;0;0;0;0;0;0;0;0;0;0;0
P8S2G:04574:06744_SUB_SUB;434;0;12;0;0;8;0;0;0;0;0;0;0;0;29;45;0;321;0;0;0;0;0;0;0;0;0;0;0;0;0;0;0;0;0;0;0;0;0;0;0;0;0;0;0;0;0;0;0;0;0;0;0;0;0;0;0;0;0;0;0;0;0;0;0;0;0;0;0;0;0;0;0;0;0;0;0;0;0;0;0;19;0;0;0;0;0;0;0;0;0
P8S2G:04580:06935_SUB_SUB;376;0;14;13;11;0;0;0;0;7;283;0;0;0;0;0;0;0;3;2;40;0;2;0;0;0;0;0;0;0;0;0;0;0;1;0;0;0;0;0;0;0;0;0;0;0;0;0;0;0;0;0;0;0;0;0;0;0;0;0;0;0;0;0;0;0;0;0;0;0;0;0;0;0;0;0;0;0;0;0;0;0;0;0;0;0;0;0;0;0;0
P8S2G:00701:06244_SUB_SUB;197;0;12;2;1;1;5;13;6;11;10;0;0;16;7;0;29;5;19;17;17;5;16;0;0;0;0;0;0;0;0;0;0;0;0;0;0;0;0;0;0;0;0;0;0;0;0;0;0;0;0;0;0;0;0;0;0;0;0;0;0;0;0;0;0;0;0;0;0;0;0;1;0;0;0;0;1;2;1;0;0;0;0;0;0;0;0;0;0;0;0
P8S2G:00716:05922_SUB_SUB;214;0;12;8;1;0;1;3;0;9;151;0;0;2;0;6;0;0;5;0;5;0;3;0;0;0;0;0;0;0;0;0;0;0;0;0;0;0;0;0;7;0;0;0;0;0;0;0;0;0;0;0;0;1;0;0;0;0;0;0;0;0;0;0;0;0;0;0;0;0;0;0;0;0;0;0;0;0;0;0;0;0;0;0;0;0;0;0;0;0;0
P8S2G:00756:06198_SUB_SUB;1720;0;59;239;119;16;0;0;0;53;0;0;679;0;360;0;0;0;17;23;113;1;23;0;0;0;0;0;0;0;0;0;0;0;0;0;0;0;0;0;0;0;0;0;0;0;0;0;0;0;0;0;0;0;0;0;0;18;0;0;0;0;0;0;0;0;0;0;0;0;0;0;0;0;0;0;0;0;0;0;0;0;0;0;0;0;0;0;0;0;0
P8S2G:00715:06311_SUB_SUB;651;0;6;53;7;4;5;0;0;73;216;0;0;33;0;0;0;0;72;66;0;47;12;0;0;0;0;0;0;0;0;0;0;0;0;0;0;0;0;0;9;0;0;0;0;0;0;0;2;0;10;4;2;7;7;5;1;0;0;0;0;0;0;0;0;0;0;0;0;0;0;0;0;0;6;1;3;0;0;0;0;0;0;0;0;0;0;0;0;0;0
P8S2G:00789:05890_SUB_SUB;112;0;32;5;4;2;3;0;1;16;25;0;0;2;0;1;0;0;4;12;0;0;5;0;0;0;0;0;0;0;0;0;0;0;0;0;0;0;0;0;0;0;0;0;0;0;0;0;0;0;0;0;0;0;0;0;0;0;0;0;0;0;0;0;0;0;0;0;0;0;0;0;0;0;0;0;0;0;0;0;0;0;0;0;0;0;0;0;0;0;0
P8S2G:00804:05865_SUB_SUB;672;0;3;0;0;0;0;0;0;43;0;0;565;0;0;0;49;0;12;0;0;0;0;0;0;0;0;0;0;0;0;0;0;0;0;0;0;0;0;0;0;0;0;0;0;0;0;0;0;0;0;0;0;0;0;0;0;0;0;0;0;0;0;0;0;0;0;0;0;0;0;0;0;0;0;0;0;0;0;0;0;0;0;0;0;0;0;0;0;0;0
P8S2G:00800:06081_SUB_SUB;475;0;11;0;0;15;0;0;0;0;0;0;0;0;40;36;0;362;0;0;0;0;0;0;0;0;0;0;0;0;0;0;0;0;0;0;0;0;0;0;0;0;0;0;0;0;0;0;0;0;0;0;0;0;0;0;0;0;0;0;0;0;0;0;0;0;0;0;0;0;0;0;0;0;0;0;0;0;0;0;0;11;0;0;0;0;0;0;0;0;0
P8S2G:00776:06395_SUB_SUB;231;0;9;6;1;0;0;0;0;4;17;0;0;0;0;0;2;0;4;0;0;0;1;1;0;0;0;0;0;0;0;0;0;0;0;0;0;0;0;0;0;0;0;0;0;0;0;0;0;0;0;0;0;0;0;0;0;0;0;0;0;0;0;1;0;0;0;0;0;0;0;0;0;0;0;0;0;0;0;0;0;185;0;0;0;0;0;0;0;0;0
P8S2G:00868:06161_SUB_SUB;106;0;19;46;9;2;0;0;0;0;30;0;0;0;0;0;0;0;0;0;0;0;0;0;0;0;0;0;0;0;0;0;0;0;0;0;0;0;0;0;0;0;0;0;0;0;0;0;0;0;0;0;0;0;0;0;0;0;0;0;0;0;0;0;0;0;0;0;0;0;0;0;0;0;0;0;0;0;0;0;0;0;0;0;0;0;0;0;0;0;0
P8S2G:00895:06242_SUB_SUB;239;0;15;0;0;3;7;12;10;19;6;0;0;18;7;0;65;15;9;15;4;7;23;0;0;0;0;0;0;0;0;0;0;0;0;0;0;0;0;0;0;0;0;0;0;0;0;0;0;0;0;0;0;0;0;0;0;1;0;0;0;0;0;0;0;0;0;0;0;0;0;1;0;0;0;0;1;1;0;0;0;0;0;0;0;0;0;0;0;0;0
P8S2G:00898:06272_SUB_SUB;199;0;25;0;0;0;0;0;0;1;0;0;0;0;5;0;163;0;5;0;0;0;0;0;0;0;0;0;0;0;0;0;0;0;0;0;0;0;0;0;0;0;0;0;0;0;0;0;0;0;0;0;0;0;0;0;0;0;0;0;0;0;0;0;0;0;0;0;0;0;0;0;0;0;0;0;0;0;0;0;0;0;0;0;0;0;0;0;0;0;0
P8S2G:00941:05833_SUB_SUB;170;0;9;69;51;0;0;0;0;19;0;0;0;1;0;2;0;0;4;6;8;0;1;0;0;0;0;0;0;0;0;0;0;0;0;0;0;0;0;0;0;0;0;0;0;0;0;0;0;0;0;0;0;0;0;0;0;0;0;0;0;0;0;0;0;0;0;0;0;0;0;0;0;0;0;0;0;0;0;0;0;0;0;0;0;0;0;0;0;0;0
P8S2G:01049:06278_SUB_SUB;605;0;8;23;6;1;0;0;0;5;0;0;79;8;0;0;0;0;5;2;52;0;0;1;6;0;0;0;0;0;0;0;0;0;0;0;0;0;0;8;3;0;0;13;0;0;0;0;0;0;0;0;4;28;18;1;4;6;0;0;0;0;0;0;0;0;0;8;0;0;0;0;0;18;4;0;23;0;14;0;0;257;0;0;0;0;0;0;0;0;0
P8S2G:01154:05862_SUB_SUB;107;0;39;0;0;1;2;0;1;1;1;0;0;0;0;0;0;0;8;39;0;2;12;0;0;0;0;0;0;0;0;0;0;0;0;0;0;0;0;0;0;0;0;0;0;0;0;0;0;0;0;0;0;0;0;0;0;1;0;0;0;0;0;0;0;0;0;0;0;0;0;0;0;0;0;0;0;0;0;0;0;0;0;0;0;0;0;0;0;0;0
P8S2G:01120:06141_SUB_SUB;838;0;32;0;0;12;0;0;0;0;0;0;0;0;41;84;0;636;0;0;0;0;0;0;0;0;0;0;0;0;0;0;0;0;0;0;0;1;0;0;0;0;0;0;0;0;0;0;0;0;0;0;0;0;0;0;0;0;0;0;0;0;0;0;0;0;0;0;0;0;0;0;0;0;0;0;0;0;0;0;0;32;0;0;0;0;0;0;0;0;0
P8S2G:01127:06320_SUB_SUB;323;0;10;0;0;7;0;0;0;0;0;0;0;0;38;22;0;240;0;0;0;0;0;0;0;0;0;0;0;0;0;0;0;0;0;0;0;0;0;0;0;0;0;0;0;0;0;0;0;0;0;0;0;0;0;0;0;0;0;0;0;0;0;0;0;0;0;0;0;0;0;0;0;0;0;0;0;0;0;0;0;6;0;0;0;0;0;0;0;0;0
P8S2G:01141:06362_SUB_SUB;793;0;10;23;17;6;15;0;0;123;264;0;0;31;0;0;0;0;60;54;2;82;20;0;0;0;0;0;0;0;0;0;0;0;0;0;0;0;0;0;12;0;0;0;0;0;0;0;1;0;5;2;7;23;11;7;4;0;0;0;0;0;0;0;0;0;0;0;0;0;0;0;0;0;2;3;9;0;0;0;0;0;0;0;0;0;0;0;0;0;0
P8S2G:01184:05890_SUB_SUB;4432;0;159;0;0;125;0;0;0;0;0;0;0;0;355;341;0;3306;0;1;0;0;0;0;0;0;0;0;0;0;0;0;0;0;0;0;0;0;0;0;0;0;0;0;0;0;0;0;0;0;0;0;0;0;0;0;0;0;0;0;0;0;0;0;0;0;0;0;0;0;0;0;0;1;0;0;0;0;0;0;0;144;0;0;0;0;0;0;0;0;0
P8S2G:01312:06028_SUB_SUB;244;0;45;1;0;3;7;2;6;23;0;0;0;19;4;0;32;1;10;28;10;2;45;0;0;0;0;0;0;0;0;0;0;0;0;0;0;0;0;0;0;0;0;0;0;0;0;0;0;0;0;0;0;0;0;0;0;1;0;0;0;0;0;0;0;0;0;0;0;0;0;0;0;0;0;0;1;0;4;0;0;0;0;0;0;0;0;0;0;0;0
P8S2G:01304:06099_SUB_SUB;178;0;32;26;6;2;1;0;0;5;69;0;0;0;0;0;25;0;4;1;0;0;3;0;0;0;0;0;0;1;0;0;0;0;0;0;0;0;0;0;0;0;0;0;0;0;0;0;0;0;0;0;0;1;0;0;0;0;0;0;0;0;0;2;0;0;0;0;0;0;0;0;0;0;0;0;0;0;0;0;0;0;0;0;0;0;0;0;0;0;0
P8S2G:01277:06160_SUB_SUB;1603;0;93;67;13;5;10;66;0;32;1070;0;0;39;0;21;0;0;56;11;67;0;20;0;0;0;0;0;0;0;0;0;0;0;0;0;0;0;0;0;25;0;0;0;0;0;0;0;0;0;0;0;3;0;3;0;0;0;0;0;0;0;0;0;0;0;0;0;0;0;0;0;0;0;0;0;0;0;2;0;0;0;0;0;0;0;0;0;0;0;0
P8S2G:01322:06389_SUB_SUB;216;0;11;0;0;2;0;0;0;0;0;0;0;0;6;91;0;77;0;0;0;0;0;0;0;0;0;0;0;0;0;0;0;0;0;0;0;0;0;0;0;0;0;0;0;0;0;0;0;0;0;0;0;0;0;0;0;0;0;0;0;0;0;0;0;0;0;0;0;0;0;0;0;0;0;0;0;0;0;0;0;29;0;0;0;0;0;0;0;0;0
P8S2G:00073:02039_SUB_SUB;178;0;1;4;1;0;12;0;0;15;0;0;0;42;0;0;30;0;13;6;25;0;29;0;0;0;0;0;0;0;0;0;0;0;0;0;0;0;0;0;0;0;0;0;0;0;0;0;0;0;0;0;0;0;0;0;0;0;0;0;0;0;0;0;0;0;0;0;0;0;0;0;0;0;0;0;0;0;0;0;0;0;0;0;0;0;0;0;0;0;0
P8S2G:00058:02401_SUB_SUB;394;0;5;12;10;1;15;0;0;35;73;0;0;0;0;0;0;0;206;3;4;0;5;0;0;0;0;0;0;0;0;0;0;0;0;0;0;0;0;0;0;0;0;0;0;0;0;0;0;0;0;0;1;8;1;0;4;8;2;0;0;0;0;0;0;0;0;0;0;0;0;0;0;0;0;1;0;0;0;0;0;0;0;0;0;0;0;0;0;0;0
P8S2G:00091:02503_SUB_SUB;331;0;3;0;0;0;0;0;307;0;0;0;0;0;0;0;0;0;0;1;0;0;0;0;0;0;0;0;0;0;0;0;0;0;0;0;0;0;0;0;0;0;0;0;0;0;0;0;0;0;0;7;0;0;0;0;0;0;0;0;0;0;0;13;0;0;0;0;0;0;0;0;0;0;0;0;0;0;0;0;0;0;0;0;0;0;0;0;0;0;0
P8S2G:00180:02145_SUB_SUB;607;0;15;0;0;0;12;52;0;0;0;0;0;13;15;1;283;0;0;1;0;23;0;0;0;0;0;0;0;0;0;0;4;0;0;7;0;0;0;3;12;35;0;0;0;1;0;1;5;2;35;0;0;2;0;0;0;0;0;0;1;0;0;5;0;15;62;1;0;0;0;0;0;0;0;0;0;0;0;0;0;0;0;0;0;0;0;0;0;0;1
P8S2G:00197:02381_SUB_SUB;149;0;28;0;0;0;13;0;0;0;0;0;0;5;33;21;8;0;0;0;0;15;25;0;0;0;0;0;0;0;0;0;0;0;0;0;0;0;0;0;0;0;0;0;0;0;0;0;0;0;0;0;0;0;0;0;0;0;0;0;0;0;0;0;0;0;0;0;0;0;0;1;0;0;0;0;0;0;0;0;0;0;0;0;0;0;0;0;0;0;0
P8S2G:00189:02450_SUB_SUB;110;0;39;0;0;0;2;0;0;1;0;0;0;9;2;0;19;0;0;5;0;0;32;0;0;0;0;0;0;0;0;0;0;0;0;0;0;0;0;0;0;0;0;0;0;0;0;0;0;0;0;0;0;0;0;0;0;0;0;0;0;0;0;0;0;0;0;0;0;0;0;0;0;0;0;0;0;1;0;0;0;0;0;0;0;0;0;0;0;0;0
P8S2G:00197:02500_SUB_SUB;1987;0;34;83;58;0;0;0;0;65;1569;0;0;0;0;0;0;0;21;21;113;0;22;0;0;0;0;0;0;0;0;0;0;0;0;0;0;0;0;0;0;0;0;0;0;0;0;0;0;0;0;0;0;0;0;0;0;0;0;0;0;0;0;0;0;0;0;0;0;0;0;1;0;0;0;0;0;0;0;0;0;0;0;0;0;0;0;0;0;0;0
P8S2G:00223:02261_SUB_SUB;256;0;31;0;1;0;13;2;0;61;17;0;0;11;1;0;37;0;32;14;0;6;29;0;0;0;0;0;0;0;0;0;0;0;0;0;0;0;0;0;0;0;0;0;0;0;0;0;0;0;0;0;0;0;0;0;0;1;0;0;0;0;0;0;0;0;0;0;0;0;0;0;0;0;0;0;0;0;0;0;0;0;0;0;0;0;0;0;0;0;0
P8S2G:00276:02426_SUB_SUB;205;0;20;6;3;41;0;0;0;0;0;0;0;0;0;0;11;0;0;2;0;0;0;0;0;0;0;0;0;0;0;0;0;0;0;0;0;0;0;0;0;0;0;0;0;0;0;0;0;0;0;0;0;0;0;0;0;0;0;0;0;0;0;0;0;0;0;0;0;0;0;0;0;0;0;0;0;0;122;0;0;0;0;0;0;0;0;0;0;0;0
P8S2G:00415:02057_SUB_SUB;1091;0;32;1;0;0;0;0;1;0;899;0;0;0;0;0;0;64;0;0;0;0;0;4;1;1;0;0;0;0;0;0;0;0;0;0;0;0;0;5;0;0;0;0;0;0;0;0;0;0;81;0;0;0;1;0;0;0;0;0;0;0;0;0;0;0;0;0;0;0;0;0;0;0;0;1;0;0;0;0;0;0;0;0;0;0;0;0;0;0;0
P8S2G:00440:02041_SUB_SUB;571;0;15;0;0;6;0;0;0;0;0;0;0;0;27;39;0;469;0;0;0;1;0;0;0;0;0;0;0;0;0;0;0;0;0;0;0;0;0;0;0;0;0;0;0;0;0;0;0;0;0;0;0;0;0;0;0;0;0;0;0;0;0;0;0;0;0;0;0;0;0;0;0;0;0;0;0;0;0;0;0;14;0;0;0;0;0;0;0;0;0
P8S2G:00444:02469_SUB_SUB;184;0;3;0;0;0;0;0;0;28;0;0;0;0;0;0;0;0;105;0;0;0;0;0;0;0;0;0;0;0;0;0;0;0;0;0;0;0;0;0;0;0;0;0;0;0;0;0;0;0;0;0;0;0;0;0;0;46;0;0;0;0;0;0;0;0;0;0;0;0;0;0;0;0;0;0;0;0;0;0;2;0;0;0;0;0;0;0;0;0;0
P8S2G:00475:02197_SUB_SUB;983;0;14;112;54;0;7;15;79;28;113;0;0;63;9;0;381;0;23;11;68;3;3;0;0;0;0;0;0;0;0;0;0;0;0;0;0;0;0;0;0;0;0;0;0;0;0;0;0;0;0;0;0;0;0;0;0;0;0;0;0;0;0;0;0;0;0;0;0;0;0;0;0;0;0;0;0;0;0;0;0;0;0;0;0;0;0;0;0;0;0
P8S2G:00495:02366_SUB_SUB;373;0;3;21;6;2;1;0;0;17;75;0;0;0;0;0;0;0;219;2;7;1;4;0;0;0;0;0;0;0;0;0;0;0;0;0;0;0;0;0;0;0;0;0;0;0;0;0;0;0;0;0;0;6;6;0;2;0;0;0;0;0;0;0;0;0;0;0;0;0;0;0;0;0;1;0;0;0;0;0;0;0;0;0;0;0;0;0;0;0;0
P8S2G:00579:01949_SUB_SUB;379;0;15;0;0;0;26;26;0;0;0;0;0;26;3;0;149;19;0;1;4;60;19;0;0;0;0;0;0;0;0;0;0;0;0;0;0;0;0;0;0;0;0;0;0;0;0;0;0;0;0;0;0;0;0;0;0;0;0;0;0;0;0;0;0;0;0;0;0;0;0;0;0;0;0;0;0;31;0;0;0;0;0;0;0;0;0;0;0;0;0
P8S2G:00555:02208_SUB_SUB;504;0;20;13;6;1;2;25;0;13;341;0;0;26;0;8;0;0;17;3;9;0;9;0;0;0;0;0;0;0;0;0;0;0;0;0;0;0;0;0;10;0;0;0;0;0;0;0;0;0;0;0;0;0;0;0;0;1;0;0;0;0;0;0;0;0;0;0;0;0;0;0;0;0;0;0;0;0;0;0;0;0;0;0;0;0;0;0;0;0;0
P8S2G:00639:02235_SUB_SUB;1093;0;22;1;0;0;0;1;0;0;916;0;0;0;0;0;0;73;0;0;0;0;0;1;1;1;0;0;0;0;0;0;0;0;0;0;0;0;0;2;0;0;0;0;0;0;0;0;0;0;69;0;0;2;1;0;1;0;0;0;0;0;0;0;0;0;0;0;0;0;0;0;0;0;0;1;0;0;0;0;0;0;0;0;0;0;0;0;0;0;1
P8S2G:00091:01173_SUB_SUB;107;0;4;0;1;0;2;1;0;0;0;0;0;6;3;1;2;0;0;0;0;5;6;0;0;0;0;0;0;0;0;0;0;0;0;0;0;0;0;0;5;5;2;0;0;0;0;0;3;0;35;1;0;1;0;0;0;0;0;0;0;0;0;0;6;0;12;0;0;0;0;0;1;0;0;0;0;4;0;0;0;0;0;0;0;0;0;0;0;0;1
P8S2G:00083:01197_SUB_SUB;162;0;6;0;0;1;0;0;0;0;0;0;0;0;13;14;0;123;0;0;0;0;0;0;0;0;0;0;0;0;0;0;0;0;0;0;0;0;0;0;0;0;0;0;0;0;0;0;0;0;0;0;0;0;0;0;0;0;0;0;0;0;0;0;0;0;0;0;0;0;0;0;0;0;0;0;0;0;0;0;0;5;0;0;0;0;0;0;0;0;0
P8S2G:00086:01263_SUB_SUB;256;0;5;0;0;0;0;0;0;0;216;0;0;0;0;0;0;20;0;0;0;0;0;0;2;0;0;0;0;0;0;0;0;0;0;0;0;0;0;1;0;0;0;0;0;0;0;0;0;0;12;0;0;0;0;0;0;0;0;0;0;0;0;0;0;0;0;0;0;0;0;0;0;0;0;0;0;0;0;0;0;0;0;0;0;0;0;0;0;0;0
P8S2G:00126:01138_SUB_SUB;546;0;14;0;0;10;0;0;0;0;0;0;0;0;54;39;0;413;0;0;0;0;0;0;0;0;0;0;0;0;0;0;0;0;0;0;0;0;0;0;0;0;0;0;0;0;0;0;0;0;0;0;0;0;0;0;0;0;0;0;0;0;0;0;0;0;0;0;0;0;0;0;0;0;0;0;0;0;0;0;0;16;0;0;0;0;0;0;0;0;0
P8S2G:00318:01006_SUB_SUB;344;0;13;6;7;0;15;0;0;10;0;0;0;42;0;0;64;0;21;5;108;0;53;0;0;0;0;0;0;0;0;0;0;0;0;0;0;0;0;0;0;0;0;0;0;0;0;0;0;0;0;0;0;0;0;0;0;0;0;0;0;0;0;0;0;0;0;0;0;0;0;0;0;0;0;0;0;0;0;0;0;0;0;0;0;0;0;0;0;0;0
P8S2G:00344:01222_SUB_SUB;127;0;2;16;1;0;0;6;0;1;70;0;0;3;0;3;0;0;9;2;9;0;2;0;0;0;0;0;0;0;0;0;0;0;0;0;0;0;0;0;1;0;0;0;0;0;0;0;0;0;0;0;0;1;0;0;0;1;0;0;0;0;0;0;0;0;0;0;0;0;0;0;0;0;0;0;0;0;0;0;0;0;0;0;0;0;0;0;0;0;0
P8S2G:00485:00970_SUB_SUB;362;0;7;21;10;0;0;0;0;6;276;0;0;0;0;0;0;0;3;6;31;0;2;0;0;0;0;0;0;0;0;0;0;0;0;0;0;0;0;0;0;0;0;0;0;0;0;0;0;0;0;0;0;0;0;0;0;0;0;0;0;0;0;0;0;0;0;0;0;0;0;0;0;0;0;0;0;0;0;0;0;0;0;0;0;0;0;0;0;0;0
P8S2G:00496:01214_SUB_SUB;241;0;2;0;0;0;0;0;0;16;0;0;200;0;0;0;13;0;10;0;0;0;0;0;0;0;0;0;0;0;0;0;0;0;0;0;0;0;0;0;0;0;0;0;0;0;0;0;0;0;0;0;0;0;0;0;0;0;0;0;0;0;0;0;0;0;0;0;0;0;0;0;0;0;0;0;0;0;0;0;0;0;0;0;0;0;0;0;0;0;0
P8S2G:00588:00664_SUB_SUB;248;0;10;1;0;0;0;0;0;0;0;0;0;0;0;0;0;0;0;12;0;0;0;0;0;0;0;0;0;0;0;0;0;0;0;0;0;0;0;0;0;0;0;34;0;0;0;0;0;0;51;0;0;0;0;0;0;0;0;0;0;0;0;0;0;0;0;0;0;0;0;0;0;0;0;0;109;0;31;0;0;0;0;0;0;0;0;0;0;0;0
P8S2G:00594:00960_SUB_SUB;1239;0;19;0;0;0;104;56;0;0;0;0;0;187;51;0;671;8;0;1;3;124;8;0;0;0;0;0;0;0;0;0;0;0;0;0;0;0;0;0;0;0;0;0;0;0;0;0;0;0;0;0;0;0;0;0;0;0;0;0;0;0;0;0;0;0;0;0;0;0;0;0;0;0;0;0;0;7;0;0;0;0;0;0;0;0;0;0;0;0;0
P8S2G:00602:00829_SUB_SUB;337;0;4;10;7;4;4;0;0;58;108;0;0;23;0;0;0;0;23;18;0;38;4;0;0;0;0;0;0;0;0;0;0;0;0;0;0;0;0;0;4;0;0;0;0;0;0;0;0;0;4;0;0;17;2;2;1;0;0;0;0;0;0;0;0;0;0;0;0;0;0;0;0;0;1;0;5;0;0;0;0;0;0;0;0;0;0;0;0;0;0
P8S2G:00555:00615_SUB_SUB;514;0;27;0;0;11;0;0;0;0;0;0;0;0;31;58;0;362;0;0;0;1;0;0;0;0;0;0;0;0;0;0;0;0;0;0;0;0;0;0;0;0;0;0;0;0;0;0;0;0;0;0;0;0;0;0;0;0;0;0;0;0;0;0;0;0;0;0;0;0;0;0;0;0;0;0;0;0;0;0;0;24;0;0;0;0;0;0;0;0;0
P8S2G:00174:04510_SUB_SUB;301;0;5;1;1;0;0;0;282;0;0;0;0;0;0;0;0;0;0;0;0;0;0;0;0;0;0;0;0;0;0;0;0;0;0;0;0;0;0;0;0;0;0;0;0;0;0;0;0;0;0;1;0;0;0;0;0;0;0;0;0;0;0;11;0;0;0;0;0;0;0;0;0;0;0;0;0;0;0;0;0;0;0;0;0;0;0;0;0;0;0
P8S2G:00388:04893_SUB_SUB;115;0;62;0;1;0;4;0;0;0;0;0;0;10;7;0;3;0;0;0;0;3;16;0;0;0;0;0;0;0;0;0;0;0;0;0;0;0;0;1;0;0;0;0;0;0;0;0;0;0;4;0;0;2;0;0;0;0;0;0;0;0;0;2;0;0;0;0;0;0;0;0;0;0;0;0;0;0;0;0;0;0;0;0;0;0;0;0;0;0;0
P8S2G:00550:04930_SUB_SUB;3648;0;43;102;89;20;97;2;0;693;1130;0;0;200;0;0;1;0;286;174;1;374;63;0;4;0;0;0;0;0;0;0;0;0;0;0;0;0;0;0;38;0;0;0;0;0;0;0;11;0;34;8;11;112;31;32;14;0;0;0;0;0;0;0;0;0;0;2;0;0;0;0;0;0;10;5;61;0;0;0;0;0;0;0;0;0;0;0;0;0;0
P8S2G:00641:04891_SUB_SUB;110;0;34;0;0;0;5;0;1;28;0;0;0;2;0;0;6;0;10;2;0;1;19;0;0;0;0;0;0;0;0;0;0;0;0;0;0;0;0;0;0;0;0;0;0;0;0;0;0;0;0;0;0;0;0;0;0;0;0;0;0;0;0;0;0;0;0;0;0;0;0;2;0;0;0;0;0;0;0;0;0;0;0;0;0;0;0;0;0;0;0
P8S2G:00653:05028_SUB_SUB;187;0;3;22;12;2;0;0;0;1;0;0;81;0;40;0;0;0;1;0;16;0;5;0;0;0;0;0;0;0;0;0;0;0;0;0;0;0;0;0;0;0;0;0;0;0;0;0;0;0;0;0;0;0;0;0;0;4;0;0;0;0;0;0;0;0;0;0;0;0;0;0;0;0;0;0;0;0;0;0;0;0;0;0;0;0;0;0;0;0;0
P8S2G:00113:03795_SUB_SUB;346;0;2;0;0;0;0;0;0;0;0;0;0;0;0;0;0;0;0;0;0;0;0;5;0;0;0;0;0;0;0;0;0;0;0;4;0;0;0;19;0;0;0;21;0;0;0;0;2;0;0;0;0;16;11;0;1;0;0;0;7;0;0;7;0;4;0;29;0;0;0;0;0;0;1;0;128;0;89;0;0;0;0;0;0;0;0;0;0;0;0
P8S2G:00235:03278_SUB_SUB;170;0;6;0;0;2;0;0;0;0;0;0;0;0;12;15;0;128;0;0;0;0;0;0;0;0;0;0;0;0;0;0;0;0;0;0;0;0;0;0;0;0;0;0;0;0;0;0;0;0;0;0;0;0;0;0;0;0;0;0;0;0;0;0;0;0;0;0;0;0;0;0;0;0;0;0;0;0;0;0;0;7;0;0;0;0;0;0;0;0;0
P8S2G:00202:03608_SUB_SUB;388;0;34;7;4;0;0;0;0;40;5;0;0;77;22;0;0;0;22;5;0;60;73;0;1;0;0;0;0;0;0;0;0;0;0;0;0;0;0;0;0;0;0;0;0;0;0;0;0;0;14;0;1;19;1;3;0;0;0;0;0;0;0;0;0;0;0;0;0;0;0;0;0;0;0;0;0;0;0;0;0;0;0;0;0;0;0;0;0;0;0
P8S2G:00203:03760_SUB_SUB;901;0;37;44;7;5;10;49;0;17;596;0;0;24;0;17;0;0;23;3;32;0;17;0;0;0;0;0;0;0;0;0;0;0;0;0;0;0;0;0;17;0;0;0;0;0;0;0;0;0;0;0;1;0;0;0;0;0;0;0;0;0;0;0;0;0;0;0;0;0;0;0;0;0;0;0;0;0;2;0;0;0;0;0;0;0;0;0;0;0;0
P8S2G:00249:03808_SUB_SUB;206;0;22;0;0;0;0;12;0;1;0;0;0;0;0;0;115;0;3;0;0;0;3;0;0;0;0;0;0;0;0;0;0;0;0;0;0;0;0;0;0;0;0;0;0;0;0;0;0;0;0;0;0;0;11;1;0;34;0;0;0;0;0;0;0;0;0;0;0;0;0;0;0;0;4;0;0;0;0;0;0;0;0;0;0;0;0;0;0;0;0
P8S2G:00339:03327_SUB_SUB;82858;0;3;0;0;26;1;0;0;2;0;1;0;0;0;0;0;0;0;0;0;43;0;666;1196;0;0;0;1;437;3816;0;5864;122;0;715;0;1;6;95;75;0;9;2130;0;1821;0;5;5;0;69;0;422;12404;9237;5868;3788;0;609;0;6;2202;0;20;4;0;0;333;0;2869;16593;22;0;3938;4171;2293;0;0;19;0;6;0;0;760;0;35;1;0;24;125;0
P8S2G:00395:03256_SUB_SUB;5683;0;14;10;8;0;0;0;0;90;0;0;0;0;0;0;314;0;116;7;2491;2;20;0;0;0;0;0;0;0;0;0;0;0;0;0;0;0;0;0;0;0;0;0;0;0;0;0;0;0;0;0;0;1;0;0;0;252;0;0;0;0;0;0;0;0;0;0;0;0;0;2;0;0;0;0;1500;0;208;0;0;648;0;0;0;0;0;0;0;0;0
P8S2G:00369:03520_SUB_SUB;155;0;8;0;0;0;0;0;0;1;0;0;0;0;1;0;139;0;4;2;0;0;0;0;0;0;0;0;0;0;0;0;0;0;0;0;0;0;0;0;0;0;0;0;0;0;0;0;0;0;0;0;0;0;0;0;0;0;0;0;0;0;0;0;0;0;0;0;0;0;0;0;0;0;0;0;0;0;0;0;0;0;0;0;0;0;0;0;0;0;0
P8S2G:00398:03785_SUB_SUB;108;0;5;3;1;0;0;0;0;1;30;0;0;0;0;0;0;0;0;1;0;0;0;0;0;0;0;0;0;0;0;0;0;0;0;0;0;0;0;0;0;0;0;0;0;0;0;0;0;0;0;0;13;44;0;0;5;0;0;0;0;0;0;0;0;0;0;0;0;0;0;0;0;0;2;3;0;0;0;0;0;0;0;0;0;0;0;0;0;0;0
P8S2G:00496:03648_SUB_SUB;516;0;6;4;0;0;0;0;0;0;0;0;0;0;0;0;0;0;0;0;0;1;1;2;7;0;0;0;0;0;5;0;0;0;0;4;0;0;0;10;19;0;0;3;0;0;0;0;9;0;9;0;75;197;50;25;38;0;0;0;0;0;0;5;2;7;0;5;0;0;0;1;0;0;13;13;0;0;0;0;0;0;0;0;0;0;0;0;0;0;5
P8S2G:00629:03235_SUB_SUB;784;0;22;31;21;1;0;0;0;38;0;0;0;0;0;0;0;0;34;3;0;0;23;0;0;0;0;0;0;0;0;0;0;0;0;0;0;0;0;0;0;0;0;0;0;0;0;0;0;0;0;0;0;0;0;0;0;0;0;0;0;0;0;0;0;0;0;0;0;0;0;0;0;0;0;0;465;0;146;0;0;0;0;0;0;0;0;0;0;0;0
P8S2G:00645:03331_SUB_SUB;108;0;1;0;0;1;0;0;0;0;0;0;0;0;78;0;0;27;0;0;0;0;0;0;0;0;0;0;0;0;0;0;0;0;0;0;0;0;0;0;0;0;0;0;0;0;0;0;0;0;0;0;0;0;0;0;0;0;0;0;0;0;0;0;0;0;0;0;0;0;0;0;0;0;0;0;0;0;0;0;0;1;0;0;0;0;0;0;0;0;0
P8S2G:00090:06152_SUB_SUB;222;0;5;3;0;0;0;2;19;17;0;0;0;4;0;0;142;0;20;2;1;0;7;0;0;0;0;0;0;0;0;0;0;0;0;0;0;0;0;0;0;0;0;0;0;0;0;0;0;0;0;0;0;0;0;0;0;0;0;0;0;0;0;0;0;0;0;0;0;0;0;0;0;0;0;0;0;0;0;0;0;0;0;0;0;0;0;0;0;0;0
P8S2G:00072:06346_SUB_SUB;110;0;4;0;0;2;0;0;0;0;0;0;0;0;14;11;0;78;0;0;0;0;0;0;0;0;0;0;0;0;0;0;0;0;0;0;0;0;0;0;0;0;0;0;0;0;0;0;0;0;0;0;0;0;0;0;0;0;0;0;0;0;0;0;0;0;0;0;0;0;0;0;0;0;0;0;0;0;0;0;0;1;0;0;0;0;0;0;0;0;0
P8S2G:00110:06255_SUB_SUB;127;0;1;0;0;3;0;0;0;0;0;0;0;0;14;3;0;104;0;0;0;0;0;0;0;0;0;0;0;0;0;0;0;0;0;0;0;0;0;0;0;0;0;0;0;0;0;0;0;0;0;0;0;0;0;0;0;0;0;0;0;0;0;0;0;0;0;0;0;0;0;0;0;0;0;0;0;0;0;0;0;2;0;0;0;0;0;0;0;0;0
P8S2G:00103:06360_SUB_SUB;970;0;51;16;18;0;15;28;0;34;668;0;0;17;0;37;0;0;17;3;26;0;6;0;0;0;0;0;0;0;0;0;0;0;0;0;0;0;0;0;32;0;0;0;0;0;0;0;0;0;0;0;0;2;0;0;0;0;0;0;0;0;0;0;0;0;0;0;0;0;0;0;0;0;0;0;0;0;0;0;0;0;0;0;0;0;0;0;0;0;0
P8S2G:00297:06080_SUB_SUB;543;0;26;21;6;2;4;28;0;12;367;0;0;12;0;9;0;0;16;3;17;0;8;0;0;0;0;0;0;0;0;0;0;0;0;0;0;0;0;0;9;0;0;0;0;0;0;0;0;0;0;0;0;1;0;0;0;0;0;0;0;0;0;0;0;0;0;0;0;0;0;0;0;0;0;0;0;0;2;0;0;0;0;0;0;0;0;0;0;0;0
P8S2G:00300:05878_SUB_SUB;393;0;1;0;0;0;0;0;0;0;0;0;0;0;0;0;0;0;0;1;0;1;0;2;1;2;1;0;0;0;13;6;0;0;0;2;0;0;0;2;23;0;0;0;0;1;0;0;7;0;2;0;92;83;23;14;10;0;0;0;0;0;13;6;1;24;0;15;0;0;8;18;0;0;15;5;0;0;0;0;0;0;0;0;0;0;0;0;0;0;1
P8S2G:00397:06337_SUB_SUB;1299;0;21;0;0;27;0;0;0;0;0;0;0;0;142;91;0;975;0;0;0;1;0;0;0;0;0;0;0;0;0;0;0;0;0;0;0;0;0;0;0;0;0;0;0;0;0;0;0;0;0;0;0;0;0;0;0;0;0;0;0;0;0;0;0;0;0;0;0;0;0;0;0;0;0;0;0;0;0;0;0;42;0;0;0;0;0;0;0;0;0
P8S2G:00414:06261_SUB_SUB;103;0;3;11;4;29;0;0;0;0;0;0;0;0;0;10;24;0;0;1;4;0;0;0;0;0;0;0;0;0;0;0;0;0;0;0;0;0;0;0;0;0;0;2;0;0;0;0;0;0;0;0;0;7;2;4;1;0;0;0;0;0;0;0;0;0;0;0;0;0;0;0;0;0;1;0;0;0;0;0;0;0;0;0;0;0;0;0;0;0;0
P8S2G:00479:06329_SUB_SUB;101;0;10;0;0;2;4;0;0;2;0;0;0;8;2;0;43;0;0;2;0;6;8;0;0;0;0;0;0;0;0;0;0;0;0;0;0;0;0;0;0;0;0;0;0;0;0;0;0;0;0;0;0;0;0;0;0;0;0;0;0;0;0;0;0;0;0;0;0;0;0;0;0;0;0;0;1;0;13;0;0;0;0;0;0;0;0;0;0;0;0
P8S2G:00502:05798_SUB_SUB;106;0;3;4;3;2;0;0;2;7;12;0;0;5;1;0;63;0;1;0;3;0;0;0;0;0;0;0;0;0;0;0;0;0;0;0;0;0;0;0;0;0;0;0;0;0;0;0;0;0;0;0;0;0;0;0;0;0;0;0;0;0;0;0;0;0;0;0;0;0;0;0;0;0;0;0;0;0;0;0;0;0;0;0;0;0;0;0;0;0;0
P8S2G:00500:05835_SUB_SUB;723;0;2;0;0;0;0;0;0;0;0;0;0;0;0;0;0;0;0;0;0;0;0;16;0;0;0;0;0;0;0;0;0;0;0;120;0;0;0;30;0;0;0;8;0;0;0;0;12;0;0;0;1;16;24;4;4;0;0;0;12;0;0;4;0;80;0;77;0;0;0;1;0;0;15;0;211;0;86;0;0;0;0;0;0;0;0;0;0;0;0
P8S2G:00538:06286_SUB_SUB;5285;0;9;5;1;5;0;0;0;0;0;0;0;0;0;0;0;0;0;1;0;2;0;25;8;32;22;0;0;0;242;35;0;0;0;41;0;0;0;55;194;0;0;7;0;36;0;0;45;0;9;8;1058;1416;318;185;219;0;0;0;6;0;61;54;18;339;0;148;0;0;87;244;0;0;221;115;0;0;0;0;0;0;0;0;0;4;0;0;0;0;10
P8S2G:00641:06077_SUB_SUB;128;0;2;0;0;0;0;0;0;0;107;0;0;0;0;0;0;8;0;0;0;0;0;0;1;0;0;0;0;0;0;0;0;0;0;0;0;0;0;2;0;0;0;0;0;0;0;0;0;0;8;0;0;0;0;0;0;0;0;0;0;0;0;0;0;0;0;0;0;0;0;0;0;0;0;0;0;0;0;0;0;0;0;0;0;0;0;0;0;0;0
P8S2G:00661:06229_SUB_SUB;135;0;9;0;0;1;10;4;0;3;0;0;0;6;2;0;55;2;0;3;0;11;6;0;0;0;0;0;0;0;0;0;0;0;0;0;0;0;0;0;0;0;0;0;0;0;0;0;0;0;0;0;0;0;0;0;0;0;0;0;0;0;0;0;0;0;0;0;0;0;0;0;0;0;0;0;0;22;1;0;0;0;0;0;0;0;0;0;0;0;0
P8S2G:03355:01386_SUB_SUB;608;0;17;0;0;10;0;0;0;0;0;0;0;0;14;64;0;484;0;0;0;0;0;0;0;0;0;0;0;0;0;0;0;0;0;0;0;0;0;0;0;0;0;0;0;0;0;0;0;0;0;0;0;0;0;0;0;0;0;0;0;0;0;0;0;0;0;0;0;0;0;0;0;0;0;0;0;0;0;0;0;19;0;0;0;0;0;0;0;0;0
P8S2G:03320:01520_SUB_SUB;2493;0;6;2;1;0;0;0;0;0;0;0;0;0;0;0;0;0;0;0;0;2;0;7;0;7;23;0;0;2;110;13;0;0;0;9;0;0;0;19;107;0;0;5;0;12;0;0;19;0;6;6;585;451;219;91;108;0;2;0;1;0;60;17;4;156;0;37;0;0;55;137;0;0;164;39;0;0;0;0;0;0;0;0;0;6;0;0;0;0;5
P8S2G:03344:01493_SUB_SUB;110;0;5;0;0;0;0;0;0;0;0;0;0;0;2;15;0;84;0;0;0;0;0;0;0;0;0;0;0;0;0;0;0;0;0;0;0;0;0;0;0;0;0;0;0;0;0;0;0;0;0;0;0;0;0;0;0;0;0;0;0;0;0;0;0;0;0;0;0;0;0;0;0;0;0;0;0;0;0;0;0;4;0;0;0;0;0;0;0;0;0
P8S2G:03421:01452_SUB_SUB;232;0;3;24;3;0;0;0;0;3;140;0;0;0;0;0;0;0;3;7;47;0;2;0;0;0;0;0;0;0;0;0;0;0;0;0;0;0;0;0;0;0;0;0;0;0;0;0;0;0;0;0;0;0;0;0;0;0;0;0;0;0;0;0;0;0;0;0;0;0;0;0;0;0;0;0;0;0;0;0;0;0;0;0;0;0;0;0;0;0;0
P8S2G:03701:01842_SUB_SUB;335;0;12;0;0;5;0;0;0;0;0;0;0;0;3;31;0;267;0;0;0;0;0;0;0;0;0;0;0;0;0;0;0;0;0;0;0;0;0;0;0;0;0;0;0;0;0;0;0;0;0;0;0;0;0;0;1;0;0;0;0;0;0;0;0;0;0;0;0;0;0;0;0;0;0;0;0;0;0;0;0;16;0;0;0;0;0;0;0;0;0
P8S2G:03758:01384_SUB_SUB;324;0;9;0;0;7;0;0;0;0;0;0;0;0;8;27;0;260;0;0;0;0;0;0;0;0;0;0;0;0;0;0;0;0;0;0;0;0;0;0;0;0;0;0;0;0;0;0;0;0;0;0;0;0;0;0;0;0;0;0;0;0;0;0;0;0;0;0;0;0;0;0;0;0;0;0;0;0;0;0;0;13;0;0;0;0;0;0;0;0;0
P8S2G:03730:01564_SUB_SUB;108;0;1;12;4;0;0;1;13;3;17;0;0;11;2;0;25;0;6;2;9;0;2;0;0;0;0;0;0;0;0;0;0;0;0;0;0;0;0;0;0;0;0;0;0;0;0;0;0;0;0;0;0;0;0;0;0;0;0;0;0;0;0;0;0;0;0;0;0;0;0;0;0;0;0;0;0;0;0;0;0;0;0;0;0;0;0;0;0;0;0
P8S2G:03726:01608_SUB_SUB;173;0;3;0;0;0;0;0;0;0;138;0;0;0;0;0;0;18;0;0;0;0;0;0;0;0;0;0;0;0;0;0;0;0;0;0;0;0;0;0;0;0;0;0;0;0;0;0;0;0;14;0;0;0;0;0;0;0;0;0;0;0;0;0;0;0;0;0;0;0;0;0;0;0;0;0;0;0;0;0;0;0;0;0;0;0;0;0;0;0;0
P8S2G:03797:01281_SUB_SUB;438;0;20;31;2;2;4;18;0;9;280;0;0;10;0;9;0;0;12;2;20;0;7;0;0;0;0;0;0;0;0;0;0;0;0;0;0;0;0;0;11;0;0;0;0;0;0;0;0;0;0;0;1;0;0;0;0;0;0;0;0;0;0;0;0;0;0;0;0;0;0;0;0;0;0;0;0;0;0;0;0;0;0;0;0;0;0;0;0;0;0
P8S2G:03846:01781_SUB_SUB;148;0;2;0;2;1;0;0;0;2;0;0;10;0;0;0;0;0;0;0;0;1;0;2;5;0;6;0;0;1;0;0;0;0;0;0;0;0;0;0;13;0;0;3;0;0;0;0;0;0;0;0;4;17;8;7;7;2;0;1;0;0;0;19;0;12;0;2;0;0;0;0;0;1;0;4;5;0;0;0;0;0;0;11;0;0;0;0;0;0;0
P8S2G:03874:01855_SUB_SUB;129;0;7;5;1;0;0;3;0;0;91;0;0;2;0;2;0;0;6;0;8;0;1;0;0;0;0;0;0;0;0;0;0;0;0;0;0;0;0;0;2;0;0;0;0;0;0;0;0;0;0;0;0;0;0;0;0;1;0;0;0;0;0;0;0;0;0;0;0;0;0;0;0;0;0;0;0;0;0;0;0;0;0;0;0;0;0;0;0;0;0
P8S2G:03881:01909_SUB_SUB;220;0;9;0;0;0;0;10;0;0;149;0;0;0;0;0;0;15;0;0;0;0;0;9;2;0;0;0;0;0;0;0;0;0;0;0;0;0;0;0;0;0;0;0;0;0;0;0;0;0;16;0;0;1;0;0;0;0;0;0;0;0;0;0;0;0;0;0;0;0;0;0;0;0;0;0;0;0;0;0;0;0;0;0;0;0;0;0;0;0;9
P8S2G:03956:01413_SUB_SUB;308;0;9;0;0;3;0;0;0;0;0;0;0;0;5;31;0;242;0;0;0;0;0;0;0;0;0;0;0;0;0;0;0;0;0;0;0;0;0;0;0;0;0;0;0;0;0;0;0;0;0;0;0;0;0;0;1;0;0;0;0;0;0;0;0;0;0;0;0;0;0;0;0;0;0;0;0;0;0;0;0;17;0;0;0;0;0;0;0;0;0
P8S2G:03951:01787_SUB_SUB;138;0;5;0;0;0;3;1;0;0;0;0;0;5;3;0;9;0;0;0;0;5;1;0;0;1;0;0;0;0;0;0;0;0;0;0;0;0;0;1;13;1;2;0;0;1;0;0;3;0;48;0;0;0;0;0;0;0;0;0;1;0;0;0;11;1;11;3;0;0;0;0;0;1;0;0;0;2;0;0;0;0;0;0;0;0;0;0;0;0;6
P8S2G:04654:01433_SUB_SUB;404;0;5;27;4;4;3;0;0;50;135;0;0;22;0;0;0;0;49;36;0;28;5;0;0;0;0;0;0;0;0;0;0;0;0;0;0;0;0;0;2;0;0;0;0;0;0;0;2;0;9;0;2;5;3;2;1;0;0;0;0;0;0;0;0;0;0;0;0;0;0;0;0;0;5;0;5;0;0;0;0;0;0;0;0;0;0;0;0;0;0
P8S2G:04773:01387_SUB_SUB;465;0;13;0;0;12;0;0;0;0;0;0;0;0;46;39;0;343;0;0;0;0;0;0;0;0;0;0;0;0;0;0;0;0;0;0;0;0;0;0;0;0;0;0;0;0;0;0;0;0;0;0;0;0;0;0;0;0;0;0;0;0;0;0;0;0;0;0;0;0;0;0;0;0;0;0;0;0;0;0;0;12;0;0;0;0;0;0;0;0;0
P8S2G:04767:01486_SUB_SUB;346;0;12;0;0;0;0;10;0;0;278;0;0;0;0;0;0;14;0;0;0;0;0;5;1;0;0;0;0;0;0;0;0;0;0;0;0;0;0;1;0;0;0;0;0;0;0;0;0;0;21;0;0;0;0;0;0;0;0;0;0;0;0;0;0;0;0;0;0;0;0;0;0;0;0;0;0;0;0;0;0;0;0;0;0;0;0;0;0;0;4
P8S2G:05023:01390_SUB_SUB;584;0;8;20;14;2;6;0;0;59;233;0;0;32;0;0;0;0;67;43;0;40;12;0;0;0;0;0;0;0;0;0;0;0;0;0;0;0;0;0;5;0;0;0;0;0;0;0;2;0;3;3;2;13;2;6;2;1;0;0;0;0;0;0;0;0;0;2;0;0;0;0;0;0;2;1;4;0;0;0;0;0;0;0;0;0;0;0;0;0;0
P8S2G:05002:01797_SUB_SUB;156;0;3;8;6;0;0;0;0;47;14;0;0;2;1;0;0;0;12;23;0;1;4;1;0;0;0;0;0;0;0;0;0;0;0;0;0;0;0;0;2;0;0;0;0;0;0;0;1;0;1;2;5;14;3;1;0;2;0;0;0;0;0;0;0;0;0;0;0;0;0;0;0;0;0;2;1;0;0;0;0;0;0;0;0;0;0;0;0;0;0
P8S2G:05093:01630_SUB_SUB;1759;0;6;0;0;34;0;0;0;0;0;0;0;0;1169;14;0;528;0;1;0;0;0;0;0;0;0;0;0;0;0;0;0;0;0;0;0;0;0;0;0;0;0;0;0;0;0;0;0;0;0;0;0;0;0;0;0;0;0;0;0;0;0;0;0;0;0;0;0;0;0;1;0;0;0;0;0;0;0;0;0;6;0;0;0;0;0;0;0;0;0
P8S2G:05149:01710_SUB_SUB;130;0;4;0;0;0;0;0;0;0;112;0;0;0;0;0;0;5;0;0;0;0;0;0;2;0;0;0;0;0;0;0;0;0;0;0;0;0;0;0;0;0;0;0;0;0;0;0;0;0;6;0;0;1;0;0;0;0;0;0;0;0;0;0;0;0;0;0;0;0;0;0;0;0;0;0;0;0;0;0;0;0;0;0;0;0;0;0;0;0;0
P8S2G:05173:01729_SUB_SUB;1603;0;10;3;0;7;0;0;0;0;0;0;0;0;0;0;0;0;0;0;0;0;1;3;8;2;0;0;0;1;26;0;0;0;0;5;0;0;1;39;59;0;0;4;0;0;0;0;28;0;18;1;205;682;152;59;93;0;1;0;3;0;0;27;4;20;0;46;0;0;11;1;0;0;34;38;0;0;0;0;0;0;0;0;0;2;0;1;0;0;8
P8S2G:05292:01790_SUB_SUB;2066;0;1;0;0;1;0;0;0;0;0;0;0;0;0;0;0;0;0;0;0;1;0;18;59;0;0;0;0;18;73;1;129;1;0;23;0;0;0;2;2;0;0;63;0;60;0;0;0;0;4;0;10;286;184;135;108;0;8;0;0;87;0;2;0;0;0;8;0;40;507;1;0;83;66;52;0;0;0;0;0;0;0;26;0;1;0;0;0;6;0
P8S2G:01141:01565_SUB_SUB;333;0;3;0;0;11;0;0;0;0;0;0;0;0;120;9;0;186;0;0;0;0;0;0;0;0;0;0;0;0;0;0;0;0;0;0;0;0;0;0;0;0;0;0;0;0;0;0;0;0;0;0;0;0;0;0;0;0;0;0;0;0;0;0;0;0;0;0;0;0;0;0;0;0;0;0;0;0;0;0;0;4;0;0;0;0;0;0;0;0;0
P8S2G:00670:03943_SUB_SUB;206;0;12;0;0;5;0;0;0;0;0;0;0;0;14;27;0;139;0;0;0;0;0;0;0;0;0;0;0;0;0;0;0;0;0;0;0;0;0;0;0;0;0;0;0;0;0;0;0;0;0;0;0;0;0;0;0;0;0;0;0;0;0;0;0;0;0;0;0;0;0;0;0;0;0;0;0;0;0;0;0;9;0;0;0;0;0;0;0;0;0
P8S2G:00770:04100_SUB_SUB;951;0;5;0;0;0;0;0;0;0;823;0;0;0;0;0;0;0;5;0;0;115;3;0;0;0;0;0;0;0;0;0;0;0;0;0;0;0;0;0;0;0;0;0;0;0;0;0;0;0;0;0;0;0;0;0;0;0;0;0;0;0;0;0;0;0;0;0;0;0;0;0;0;0;0;0;0;0;0;0;0;0;0;0;0;0;0;0;0;0;0
P8S2G:01079:04060_SUB_SUB;306;0;6;0;0;8;0;0;0;0;0;0;0;0;33;24;0;225;0;0;0;1;0;0;0;0;0;0;0;0;0;0;0;0;0;0;0;0;0;0;0;0;0;0;0;0;0;0;0;0;0;0;0;0;0;0;0;0;0;0;0;0;0;0;0;0;0;0;0;0;0;0;0;0;0;0;0;0;0;0;0;9;0;0;0;0;0;0;0;0;0
P8S2G:01160:04116_SUB_SUB;255;0;3;0;0;4;0;0;0;0;0;0;0;0;73;10;0;160;0;0;0;1;0;0;0;0;0;0;0;0;0;0;0;0;0;0;0;0;0;0;0;0;0;0;0;0;0;0;0;0;0;0;0;0;0;0;0;0;0;0;0;0;0;0;0;0;0;0;0;0;0;0;0;0;0;0;0;0;0;0;0;4;0;0;0;0;0;0;0;0;0
P8S2G:01291:04299_SUB_SUB;192;0;2;4;0;0;0;0;0;6;29;0;0;0;0;0;0;0;135;3;5;0;3;0;0;0;0;0;0;0;0;0;0;0;0;0;0;0;0;0;0;0;0;0;0;0;0;0;0;0;0;0;1;1;0;0;1;2;0;0;0;0;0;0;0;0;0;0;0;0;0;0;0;0;0;0;0;0;0;0;0;0;0;0;0;0;0;0;0;0;0
P8S2G:04654:05858_SUB_SUB;1043;0;6;79;133;5;0;73;0;242;189;0;0;3;3;0;142;0;107;1;6;31;19;0;0;0;0;0;0;0;0;0;0;0;0;0;0;0;0;0;0;0;0;0;0;0;0;0;0;0;0;0;0;0;0;0;0;3;0;0;0;0;0;0;0;0;0;0;0;0;0;1;0;0;0;0;0;0;0;0;0;0;0;0;0;0;0;0;0;0;0
P8S2G:04734:06343_SUB_SUB;144;0;4;19;7;1;0;0;0;3;0;0;2;1;0;0;0;0;0;1;8;0;0;0;2;0;0;0;0;0;0;0;0;0;0;0;0;0;0;6;1;0;0;2;0;0;0;0;0;0;0;0;1;28;4;3;2;1;0;0;0;0;0;0;0;0;0;3;0;0;0;0;0;4;1;0;2;0;22;0;0;16;0;0;0;0;0;0;0;0;0
P8S2G:04754:06096_SUB_SUB;4818;0;6;0;0;3;0;0;0;0;0;0;0;0;0;0;0;0;0;1;0;2;0;85;0;0;0;0;0;0;0;0;0;0;0;610;0;0;0;140;0;0;0;52;0;0;0;0;23;0;0;0;1;105;63;37;32;0;0;0;19;0;0;98;0;552;0;655;0;0;0;3;0;0;12;12;1725;0;582;0;0;0;0;0;0;0;0;0;0;0;0
P8S2G:05055:05818_SUB_SUB;2182;0;19;2;1;0;0;0;0;171;0;0;1807;0;0;0;129;0;48;2;0;0;0;0;0;0;0;0;0;0;0;0;0;0;0;0;0;0;0;0;0;0;0;0;0;0;0;0;0;0;0;0;0;2;1;0;0;0;0;0;0;0;0;0;0;0;0;0;0;0;0;0;0;0;0;0;0;0;0;0;0;0;0;0;0;0;0;0;0;0;0
P8S2G:00215:06703_SUB_SUB;944;0;14;88;41;1;8;9;45;47;81;0;0;30;8;0;457;0;38;10;58;2;7;0;0;0;0;0;0;0;0;0;0;0;0;0;0;0;0;0;0;0;0;0;0;0;0;0;0;0;0;0;0;0;0;0;0;0;0;0;0;0;0;0;0;0;0;0;0;0;0;0;0;0;0;0;0;0;0;0;0;0;0;0;0;0;0;0;0;0;0
P8S2G:05154:02079_SUB_SUB;277;0;1;17;5;0;0;1;0;11;0;0;0;0;0;0;0;0;5;0;1;0;0;0;0;0;0;0;0;0;0;0;0;0;0;0;0;0;0;5;8;0;0;0;0;0;0;0;4;0;0;2;39;26;5;15;3;18;0;0;1;0;0;73;0;11;0;21;0;0;0;0;0;0;1;1;2;0;1;0;0;0;0;0;0;0;0;0;0;0;0
P8S2G:05156:02344_SUB_SUB;174;0;1;1;5;0;7;61;0;8;0;0;0;0;0;0;61;0;10;0;0;14;6;0;0;0;0;0;0;0;0;0;0;0;0;0;0;0;0;0;0;0;0;0;0;0;0;0;0;0;0;0;0;0;0;0;0;0;0;0;0;0;0;0;0;0;0;0;0;0;0;0;0;0;0;0;0;0;0;0;0;0;0;0;0;0;0;0;0;0;0
P8S2G:00958:02529_SUB_SUB;103;0;3;13;7;0;2;3;0;19;33;0;0;2;0;1;0;0;3;1;2;0;9;0;0;0;0;0;0;0;0;0;0;0;0;0;0;0;0;0;2;0;0;0;0;0;0;0;0;0;0;0;0;1;1;0;0;0;0;0;0;0;0;0;0;0;0;0;0;0;0;0;0;0;0;0;0;0;1;0;0;0;0;0;0;0;0;0;0;0;0
P8S2G:01022:02261_SUB_SUB;109;0;4;0;0;2;1;3;0;15;2;0;0;4;0;0;29;0;5;14;4;5;20;0;0;0;0;0;0;0;0;0;0;0;0;0;0;0;0;0;0;0;0;0;0;0;0;0;0;0;0;0;0;0;0;0;0;0;0;0;0;0;0;0;0;0;0;0;0;0;0;0;0;0;0;0;0;0;0;0;0;0;0;0;0;0;0;0;0;0;1
P8S2G:01106:02516_SUB_SUB;299;0;3;29;4;0;0;0;0;3;175;0;0;0;0;0;0;0;2;4;73;0;6;0;0;0;0;0;0;0;0;0;0;0;0;0;0;0;0;0;0;0;0;0;0;0;0;0;0;0;0;0;0;0;0;0;0;0;0;0;0;0;0;0;0;0;0;0;0;0;0;0;0;0;0;0;0;0;0;0;0;0;0;0;0;0;0;0;0;0;0
P8S2G:01312:02173_SUB_SUB;342;0;9;0;0;10;0;0;0;0;0;0;0;0;14;23;0;273;0;0;0;0;0;0;0;0;0;0;0;0;0;0;0;0;0;0;0;0;0;0;0;0;0;0;0;0;0;0;0;0;0;0;0;0;0;0;0;0;0;0;0;0;0;0;0;0;0;0;0;0;0;0;0;0;0;0;0;0;0;0;0;13;0;0;0;0;0;0;0;0;0
P8S2G:01144:03425_SUB_SUB;295;0;1;4;5;1;0;2;0;14;0;0;14;0;0;0;0;0;1;0;0;5;0;8;9;0;7;0;0;1;0;0;0;0;0;0;0;0;0;0;27;6;0;7;0;0;0;0;0;0;2;1;5;46;9;21;10;8;0;0;4;0;0;29;1;13;1;6;0;2;0;0;0;4;1;3;7;0;0;0;0;0;0;10;0;0;0;0;0;0;0
P8S2G:00774:00878_SUB_SUB;101;0;4;0;0;0;0;1;0;37;0;0;0;5;6;0;11;0;17;7;2;1;10;0;0;0;0;0;0;0;0;0;0;0;0;0;0;0;0;0;0;0;0;0;0;0;0;0;0;0;0;0;0;0;0;0;0;0;0;0;0;0;0;0;0;0;0;0;0;0;0;0;0;0;0;0;0;0;0;0;0;0;0;0;0;0;0;0;0;0;0
P8S2G:00833:00910_SUB_SUB;167;0;5;0;0;2;11;2;2;0;0;0;0;16;3;0;85;2;1;3;3;20;3;0;0;0;0;0;0;0;0;0;0;0;0;0;0;0;0;0;0;0;0;0;0;0;0;0;0;0;0;0;0;0;0;0;0;0;0;0;0;0;0;0;0;0;0;0;0;0;0;0;0;0;0;0;0;7;2;0;0;0;0;0;0;0;0;0;0;0;0
P8S2G:00931:01241_SUB_SUB;204;0;3;0;0;2;0;0;0;0;0;0;0;0;9;18;0;165;0;0;0;0;0;0;0;0;0;0;0;0;0;0;0;0;0;0;0;0;0;0;0;0;0;0;0;0;0;0;0;0;0;0;0;0;0;0;0;0;0;0;0;0;0;0;0;0;0;0;0;0;0;0;0;0;0;0;0;0;0;0;0;7;0;0;0;0;0;0;0;0;0
P8S2G:01002:00678_SUB_SUB;264;0;4;0;0;1;0;0;0;0;0;0;0;0;0;27;0;221;0;0;0;0;0;0;0;0;0;0;0;0;0;0;0;0;0;0;0;0;0;0;0;0;0;0;0;0;0;0;0;0;0;0;0;0;0;0;0;0;0;0;0;0;0;0;0;0;0;0;0;0;0;0;0;0;0;0;0;0;0;0;0;11;0;0;0;0;0;0;0;0;0
P8S2G:01002:00820_SUB_SUB;414;0;7;14;4;3;4;0;0;45;145;0;0;28;0;0;0;0;52;40;0;34;7;0;0;0;0;0;0;0;0;0;0;0;0;0;0;0;0;0;3;0;0;0;0;0;0;0;1;0;6;2;1;5;4;3;2;0;0;0;0;0;0;0;0;0;0;0;0;0;0;0;0;0;1;1;2;0;0;0;0;0;0;0;0;0;0;0;0;0;0
P8S2G:01105:00836_SUB_SUB;446;0;9;25;7;3;7;0;0;50;155;0;0;38;0;0;1;0;40;29;0;26;8;0;1;0;0;0;0;0;0;0;0;0;0;0;0;0;0;0;4;0;0;0;0;0;0;0;2;0;4;0;2;13;5;4;1;0;0;0;0;0;0;0;0;0;0;1;0;0;0;0;0;0;2;0;9;0;0;0;0;0;0;0;0;0;0;0;0;0;0
P8S2G:01155:00659_SUB_SUB;187;0;2;13;4;0;1;0;0;11;19;0;0;0;0;0;0;0;119;0;5;0;2;0;0;0;0;0;0;0;0;0;0;0;0;0;0;0;0;0;0;0;0;0;0;0;0;0;0;0;0;0;0;5;2;0;1;3;0;0;0;0;0;0;0;0;0;0;0;0;0;0;0;0;0;0;0;0;0;0;0;0;0;0;0;0;0;0;0;0;0
P8S2G:01255:01126_SUB_SUB;306;0;2;11;12;0;0;0;0;1;0;0;0;0;0;0;277;0;2;0;0;0;0;0;0;0;0;0;0;0;0;0;0;0;0;0;0;0;0;0;0;0;0;0;0;0;0;0;0;0;0;0;0;0;0;0;0;1;0;0;0;0;0;0;0;0;0;0;0;0;0;0;0;0;0;0;0;0;0;0;0;0;0;0;0;0;0;0;0;0;0
P8S2G:01294:01087_SUB_SUB;187;0;8;0;0;5;0;0;0;0;0;0;0;0;1;20;0;149;0;0;0;0;0;0;0;0;0;0;0;0;0;0;0;0;0;0;0;0;0;0;0;0;0;0;0;0;0;0;0;0;0;0;0;0;0;0;0;0;0;0;0;0;0;0;0;0;0;0;0;0;0;0;0;0;0;0;0;0;0;0;0;4;0;0;0;0;0;0;0;0;0
P8S2G:00834:04836_SUB_SUB;272;0;8;20;4;1;1;9;0;6;170;0;0;7;0;4;0;0;16;0;14;0;5;0;0;0;0;0;0;0;0;0;0;0;0;0;0;0;0;0;6;0;0;0;0;0;0;0;0;0;0;0;0;0;0;0;0;0;0;0;0;0;0;0;0;0;0;0;0;0;0;0;0;0;0;0;0;0;1;0;0;0;0;0;0;0;0;0;0;0;0
P8S2G:01009:04859_SUB_SUB;1372;0;10;36;24;0;51;424;0;102;0;0;0;0;0;0;496;0;58;4;0;116;51;0;0;0;0;0;0;0;0;0;0;0;0;0;0;0;0;0;0;0;0;0;0;0;0;0;0;0;0;0;0;0;0;0;0;0;0;0;0;0;0;0;0;0;0;0;0;0;0;0;0;0;0;0;0;0;0;0;0;0;0;0;0;0;0;0;0;0;0
P8S2G:01016:05062_SUB_SUB;197;0;2;14;6;0;0;0;0;5;138;0;0;0;0;0;0;0;3;1;25;0;3;0;0;0;0;0;0;0;0;0;0;0;0;0;0;0;0;0;0;0;0;0;0;0;0;0;0;0;0;0;0;0;0;0;0;0;0;0;0;0;0;0;0;0;0;0;0;0;0;0;0;0;0;0;0;0;0;0;0;0;0;0;0;0;0;0;0;0;0
P8S2G:04568:02771_SUB_SUB;143;0;4;0;0;0;0;0;0;4;0;0;0;0;0;0;131;0;1;0;0;0;0;0;0;0;0;0;0;0;0;0;0;0;0;0;1;0;0;0;0;0;0;0;0;0;0;0;0;0;0;0;0;0;0;0;0;0;0;0;0;0;0;0;0;0;0;0;0;0;0;0;0;0;0;0;0;0;2;0;0;0;0;0;0;0;0;0;0;0;0
P8S2G:02663:02360_SUB_SUB;207;0;7;0;0;6;0;0;0;0;0;0;0;0;1;20;0;163;0;0;0;0;0;0;0;0;0;0;0;0;0;0;0;0;0;0;0;0;0;0;0;0;0;0;0;0;0;0;0;0;0;0;0;0;0;0;0;0;0;0;0;0;0;0;0;0;0;0;0;0;0;0;0;0;0;0;0;0;0;0;0;10;0;0;0;0;0;0;0;0;0
P8S2G:02976:02257_SUB_SUB;408;0;9;9;7;52;0;0;0;1;0;0;73;0;0;37;179;0;1;1;5;0;1;0;0;0;0;0;0;0;0;0;0;0;0;0;0;0;0;0;0;0;0;4;0;0;0;0;0;0;0;0;0;8;8;4;1;8;0;0;0;0;0;0;0;0;0;0;0;0;0;0;0;0;0;0;0;0;0;0;0;0;0;0;0;0;0;0;0;0;0
P8S2G:04681:06754_SUB_SUB;121;0;3;0;0;0;0;0;0;0;0;0;0;0;0;118;0;0;0;0;0;0;0;0;0;0;0;0;0;0;0;0;0;0;0;0;0;0;0;0;0;0;0;0;0;0;0;0;0;0;0;0;0;0;0;0;0;0;0;0;0;0;0;0;0;0;0;0;0;0;0;0;0;0;0;0;0;0;0;0;0;0;0;0;0;0;0;0;0;0;0
P8S2G:04880:06630_SUB_SUB;126;0;5;1;2;0;1;2;0;2;94;0;0;0;0;1;0;0;3;0;9;0;0;0;0;0;0;0;0;0;0;0;0;0;0;0;0;0;0;0;5;0;0;0;0;0;0;0;0;0;0;0;0;0;0;0;0;1;0;0;0;0;0;0;0;0;0;0;0;0;0;0;0;0;0;0;0;0;0;0;0;0;0;0;0;0;0;0;0;0;0
P8S2G:04889:06747_SUB_SUB;406;0;6;0;0;12;0;0;0;0;0;0;0;0;69;20;0;289;0;0;0;1;0;0;0;0;0;0;0;0;0;0;0;0;0;0;0;0;0;0;0;0;0;0;0;0;0;0;0;0;0;0;0;0;0;0;0;0;0;0;0;0;0;0;0;0;0;0;0;0;0;0;0;0;0;0;0;0;0;0;0;9;0;0;0;0;0;0;0;0;0
P8S2G:04859:07047_SUB_SUB;108;0;4;0;0;3;0;0;0;0;0;0;0;0;6;8;0;84;0;0;0;0;0;0;0;0;0;0;0;0;0;0;0;0;0;0;0;0;0;0;0;0;0;0;0;0;0;0;0;0;0;0;0;0;0;0;0;0;0;0;0;0;0;0;0;0;0;0;0;0;0;0;0;0;0;0;0;0;0;0;0;3;0;0;0;0;0;0;0;0;0
P8S2G:04748:03975_SUB_SUB;130;0;2;0;0;0;35;4;0;0;0;0;0;33;21;0;22;0;0;0;2;10;1;0;0;0;0;0;0;0;0;0;0;0;0;0;0;0;0;0;0;0;0;0;0;0;0;0;0;0;0;0;0;0;0;0;0;0;0;0;0;0;0;0;0;0;0;0;0;0;0;0;0;0;0;0;0;0;0;0;0;0;0;0;0;0;0;0;0;0;0
P8S2G:05012:03861_SUB_SUB;902;0;14;0;2;0;0;0;0;2;0;0;0;0;0;0;0;0;0;0;0;0;0;0;9;0;0;0;0;0;0;0;0;0;0;0;0;0;0;0;0;0;0;0;0;0;0;0;0;0;0;0;81;322;79;90;63;135;0;0;0;0;0;0;0;0;0;0;0;0;0;2;0;1;57;45;0;0;0;0;0;0;0;0;0;0;0;0;0;0;0
P8S2G:04720:05374_SUB_SUB;492;0;4;0;0;8;0;0;0;0;0;0;0;0;373;2;0;105;0;0;0;0;0;0;0;0;0;0;0;0;0;0;0;0;0;0;0;0;0;0;0;0;0;0;0;0;0;0;0;0;0;0;0;0;0;0;0;0;0;0;0;0;0;0;0;0;0;0;0;0;0;0;0;0;0;0;0;0;0;0;0;0;0;0;0;0;0;0;0;0;0
P8S2G:04844:05734_SUB_SUB;229;0;7;0;0;3;0;0;0;0;0;0;0;0;20;22;0;164;0;0;0;0;0;0;0;0;0;0;0;0;0;0;0;0;0;0;0;0;0;0;0;0;0;0;0;0;0;0;0;0;0;0;0;0;0;0;0;0;0;0;0;0;0;0;0;0;0;0;0;0;0;0;0;0;0;0;0;0;0;0;0;13;0;0;0;0;0;0;0;0;0
P8S2G:05110:05554_SUB_SUB;149;0;4;0;0;0;0;0;0;0;0;0;0;0;0;0;0;0;0;0;0;0;0;0;1;0;0;0;0;0;0;0;0;0;0;0;0;0;0;0;0;0;0;0;0;0;0;0;0;0;0;0;10;66;22;12;12;12;0;0;0;0;0;0;0;0;0;0;0;0;0;0;0;0;6;4;0;0;0;0;0;0;0;0;0;0;0;0;0;0;0
P8S2G:02772:03226_SUB_SUB;111;0;4;0;0;1;0;1;0;0;0;0;0;3;3;1;6;0;0;0;1;6;1;0;0;3;0;0;0;0;0;0;0;0;0;2;0;0;0;0;12;2;2;0;0;1;0;0;1;0;36;0;0;0;0;0;0;0;0;0;1;0;0;0;6;0;8;0;0;0;0;1;0;0;0;0;0;3;0;0;0;0;0;0;0;0;0;0;0;0;6
P8S2G:02905:03301_SUB_SUB;921;0;4;0;0;0;0;0;0;0;0;0;0;0;0;0;0;0;0;0;0;0;0;0;0;0;0;0;0;0;0;0;0;0;0;0;151;0;0;0;0;0;0;0;0;0;0;0;0;288;0;0;0;0;0;0;0;0;0;0;224;0;0;0;0;0;0;0;0;0;0;0;0;0;0;0;0;0;32;0;214;8;0;0;0;0;0;0;0;0;0
P8S2G:03188:03287_SUB_SUB;219;0;11;0;0;0;2;4;0;0;0;0;0;14;2;1;22;0;0;1;0;6;2;0;0;1;0;0;0;0;0;0;1;0;0;2;0;0;0;1;19;11;1;0;0;1;0;0;3;0;62;0;0;0;0;0;0;0;0;0;0;0;0;1;13;0;22;2;0;0;0;0;0;1;0;0;0;3;1;0;0;0;0;0;0;0;0;0;0;0;9
P8S2G:03642:06656_SUB_SUB;113;0;1;3;0;0;0;0;107;0;0;0;0;0;0;0;0;0;0;0;0;0;0;0;0;0;0;0;0;0;0;0;0;0;0;0;0;0;0;0;0;0;0;0;0;0;0;0;0;0;0;2;0;0;0;0;0;0;0;0;0;0;0;0;0;0;0;0;0;0;0;0;0;0;0;0;0;0;0;0;0;0;0;0;0;0;0;0;0;0;0
P8S2G:03776:06823_SUB_SUB;124;0;2;0;0;0;0;0;0;0;0;0;0;0;0;0;0;0;0;0;0;0;0;0;0;0;0;0;0;0;0;0;0;0;0;5;0;0;0;9;0;0;0;4;0;0;0;0;1;0;0;0;0;2;3;3;1;0;0;0;2;0;0;4;0;12;0;11;0;0;0;0;0;0;0;0;48;0;17;0;0;0;0;0;0;0;0;0;0;0;0
P8S2G:02791:05663_SUB_SUB;142;0;2;0;0;8;0;0;0;0;0;0;0;0;0;0;0;0;0;0;0;0;0;0;0;0;0;0;0;0;0;0;0;0;0;0;0;0;0;0;0;0;0;0;0;0;0;0;0;0;0;0;0;0;0;0;0;0;0;0;0;0;0;0;0;0;0;0;0;0;0;0;0;0;0;0;0;0;0;0;0;132;0;0;0;0;0;0;0;0;0
P8S2G:03259:05397_SUB_SUB;134;0;2;0;0;0;12;3;0;2;0;0;0;13;3;0;85;1;0;0;0;12;1;0;0;0;0;0;0;0;0;0;0;0;0;0;0;0;0;0;0;0;0;0;0;0;0;0;0;0;0;0;0;0;0;0;0;0;0;0;0;0;0;0;0;0;0;0;0;0;0;0;0;0;0;0;0;0;0;0;0;0;0;0;0;0;0;0;0;0;0
P8S2G:04734:01164_SUB_SUB;203;0;3;12;0;0;0;0;0;3;154;0;0;0;0;0;0;0;3;1;25;0;2;0;0;0;0;0;0;0;0;0;0;0;0;0;0;0;0;0;0;0;0;0;0;0;0;0;0;0;0;0;0;0;0;0;0;0;0;0;0;0;0;0;0;0;0;0;0;0;0;0;0;0;0;0;0;0;0;0;0;0;0;0;0;0;0;0;0;0;0
P8S2G:04832:01274_SUB_SUB;399;0;4;0;0;0;0;0;0;0;0;0;0;0;0;0;0;0;0;0;0;0;0;4;7;5;10;0;0;1;40;1;14;0;0;21;0;0;0;4;52;0;0;2;0;9;0;0;2;0;2;0;8;26;2;1;3;0;0;0;2;0;0;1;0;111;0;4;0;4;45;6;0;0;1;1;4;0;2;0;0;0;0;0;0;0;0;0;0;0;0
P8S2G:04902:01009_SUB_SUB;307;0;3;1;0;0;0;0;0;26;0;0;237;0;0;0;21;0;17;1;0;0;0;0;0;0;0;0;0;0;0;0;0;0;0;0;0;0;0;0;0;0;0;0;0;0;0;0;0;0;0;0;0;0;1;0;0;0;0;0;0;0;0;0;0;0;0;0;0;0;0;0;0;0;0;0;0;0;0;0;0;0;0;0;0;0;0;0;0;0;0
P8S2G:05018:00967_SUB_SUB;371;0;2;1;3;1;0;1;0;10;0;0;15;0;1;0;0;0;5;0;0;6;0;6;10;0;8;0;0;0;1;0;0;0;0;0;0;0;0;0;40;1;0;9;0;0;0;0;0;0;8;0;9;53;7;27;7;8;0;0;1;0;0;51;1;31;0;10;0;2;0;0;0;5;0;3;10;0;2;0;0;0;0;14;1;1;0;0;0;0;0
P8S2G:03391:00985_SUB_SUB;204;0;6;22;1;0;1;10;0;7;121;0;0;9;0;4;0;0;9;1;6;0;2;0;0;0;0;0;0;0;0;0;0;0;0;0;0;0;0;0;4;0;0;0;0;0;0;0;0;0;0;0;0;0;0;0;0;1;0;0;0;0;0;0;0;0;0;0;0;0;0;0;0;0;0;0;0;0;0;0;0;0;0;0;0;0;0;0;0;0;0
P8S2G:03474:00705_SUB_SUB;407;0;3;45;15;1;3;2;19;20;54;0;0;17;7;0;185;0;16;6;8;3;3;0;0;0;0;0;0;0;0;0;0;0;0;0;0;0;0;0;0;0;0;0;0;0;0;0;0;0;0;0;0;0;0;0;0;0;0;0;0;0;0;0;0;0;0;0;0;0;0;0;0;0;0;0;0;0;0;0;0;0;0;0;0;0;0;0;0;0;0
P8S2G:03696:01086_SUB_SUB;347;0;8;0;0;5;0;0;0;0;0;0;0;0;7;45;0;265;0;0;0;0;0;0;0;0;0;0;0;0;0;0;0;0;0;0;0;0;0;0;0;0;0;0;0;0;0;0;0;0;0;0;0;0;0;0;0;0;0;0;0;0;0;0;0;0;0;0;0;0;0;0;0;0;0;0;0;0;0;0;0;17;0;0;0;0;0;0;0;0;0
P8S2G:03852:02090_SUB_SUB;108;0;3;0;0;0;2;0;0;0;0;0;0;4;2;0;8;0;0;0;0;1;6;0;0;0;0;0;0;0;0;0;0;0;0;0;0;0;0;0;3;2;2;0;0;1;0;0;3;1;31;1;0;1;0;0;0;0;0;0;1;0;0;0;12;1;8;1;0;0;0;0;0;1;0;0;0;5;0;0;0;0;0;0;0;0;0;0;0;0;8
P8S2G:03659:03697_SUB_SUB;101;0;3;2;2;0;0;4;0;3;71;0;0;2;0;5;0;0;2;0;1;0;2;0;0;0;0;0;0;0;0;0;0;0;0;0;0;0;0;0;3;0;0;0;0;0;0;0;0;0;0;0;0;0;0;0;0;1;0;0;0;0;0;0;0;0;0;0;0;0;0;0;0;0;0;0;0;0;0;0;0;0;0;0;0;0;0;0;0;0;0
P8S2G:03391:05105_SUB_SUB;425;0;1;0;0;0;0;0;0;0;0;0;0;0;0;0;0;0;0;0;0;0;0;12;0;0;0;0;0;0;0;0;0;0;0;51;0;0;0;13;0;0;0;4;0;0;0;0;3;0;0;0;0;17;7;2;1;0;0;0;2;0;0;10;0;30;0;51;0;0;0;0;0;0;1;0;172;0;48;0;0;0;0;0;0;0;0;0;0;0;0
P8S2G:03393:04066_SUB_SUB;706;0;1;0;0;1;0;0;0;0;0;0;0;0;0;0;0;0;0;0;0;0;0;3;0;5;5;0;0;0;42;5;0;0;0;5;0;0;0;18;17;0;0;1;0;4;0;0;12;0;1;1;250;112;27;23;21;0;1;0;2;0;15;1;2;24;0;11;0;0;13;45;0;0;34;4;0;0;0;0;0;0;0;0;0;0;0;0;0;0;0
P8S2G:03383:04148_SUB_SUB;202;0;3;0;0;11;0;0;0;0;0;0;0;0;67;3;0;116;0;0;0;0;0;0;0;0;0;0;0;0;0;0;0;0;0;0;0;0;0;0;0;0;0;0;0;0;0;0;0;0;0;0;0;0;0;0;0;0;0;0;0;0;0;0;0;0;0;0;0;0;0;0;0;0;0;0;0;0;0;0;0;2;0;0;0;0;0;0;0;0;0
P8S2G:03721:04143_SUB_SUB;215;0;2;0;0;0;0;0;0;20;0;0;174;0;0;0;9;0;9;0;0;0;0;0;0;0;0;0;0;0;0;0;0;0;0;0;0;0;0;0;0;0;0;0;0;0;0;0;0;0;0;0;0;1;0;0;0;0;0;0;0;0;0;0;0;0;0;0;0;0;0;0;0;0;0;0;0;0;0;0;0;0;0;0;0;0;0;0;0;0;0
P8S2G:03579:05313_SUB_SUB;354;0;2;14;5;84;0;0;0;5;0;0;60;0;0;28;132;0;1;0;2;0;0;0;0;0;0;0;0;0;0;0;0;0;0;0;0;0;0;0;0;0;0;2;0;0;0;0;0;0;0;0;1;8;1;1;0;8;0;0;0;0;0;0;0;0;0;0;0;0;0;0;0;0;0;0;0;0;0;0;0;0;0;0;0;0;0;0;0;0;0
P8S2G:00410:01714_SUB_SUB;126;0;2;0;0;0;0;0;0;0;0;0;0;0;3;0;118;0;3;0;0;0;0;0;0;0;0;0;0;0;0;0;0;0;0;0;0;0;0;0;0;0;0;0;0;0;0;0;0;0;0;0;0;0;0;0;0;0;0;0;0;0;0;0;0;0;0;0;0;0;0;0;0;0;0;0;0;0;0;0;0;0;0;0;0;0;0;0;0;0;0
P8S2G:02697:01136_SUB_SUB;113;0;1;0;0;0;0;0;0;0;0;0;0;0;3;12;0;92;0;0;0;0;0;0;0;0;0;0;0;0;0;0;0;0;0;0;0;0;0;0;0;0;0;0;0;0;0;0;0;0;0;0;0;0;0;0;0;0;0;0;0;0;0;0;0;0;0;0;0;0;0;0;0;0;0;0;0;0;0;0;0;5;0;0;0;0;0;0;0;0;0
P8S2G:02671:01218_SUB_SUB;173;0;1;0;0;0;0;0;0;0;0;0;0;0;0;0;0;0;0;0;0;0;0;1;0;0;0;0;0;0;6;1;0;0;0;2;0;0;0;8;1;0;0;0;0;1;0;0;2;0;0;0;39;43;5;7;6;0;0;0;0;0;1;9;1;10;0;2;0;0;4;12;0;0;4;7;0;0;0;0;0;0;0;0;0;0;0;0;0;0;0
P8S2G:02928:00926_SUB_SUB;246;0;2;0;0;0;0;0;0;0;202;0;0;0;0;0;0;16;0;0;0;0;0;1;1;0;0;0;0;0;0;0;0;0;0;0;0;0;0;3;0;0;0;0;0;0;0;0;0;0;21;0;0;0;0;0;0;0;0;0;0;0;0;0;0;0;0;0;0;0;0;0;0;0;0;0;0;0;0;0;0;0;0;0;0;0;0;0;0;0;0
P8S2G:03120:00640_SUB_SUB;172;0;2;14;0;0;2;0;0;12;55;0;0;15;0;0;1;0;25;23;0;6;6;0;0;0;0;0;0;0;0;0;0;0;0;0;0;0;0;0;1;0;0;0;0;0;0;0;0;0;3;0;2;1;1;0;0;0;0;0;0;0;0;0;0;0;0;0;0;0;0;0;0;0;1;0;2;0;0;0;0;0;0;0;0;0;0;0;0;0;0
P8S2G:00106:03046_SUB_SUB;499;0;5;0;0;0;0;0;0;0;0;0;0;0;101;195;0;198;0;0;0;0;0;0;0;0;0;0;0;0;0;0;0;0;0;0;0;0;0;0;0;0;0;0;0;0;0;0;0;0;0;0;0;0;0;0;0;0;0;0;0;0;0;0;0;0;0;0;0;0;0;0;0;0;0;0;0;0;0;0;0;0;0;0;0;0;0;0;0;0;0
P8S2G:04301:00239_SUB_SUB;130;0;2;0;0;2;0;0;0;0;0;0;0;0;9;15;0;100;0;0;0;0;0;0;0;0;0;0;0;0;0;0;0;0;0;0;0;0;0;0;0;0;0;0;0;0;0;0;0;0;0;0;0;0;0;0;0;0;0;0;0;0;0;0;0;0;0;0;0;0;0;0;0;0;0;0;0;0;0;0;0;2;0;0;0;0;0;0;0;0;0
P8S2G:04360:00515_SUB_SUB;113;0;1;14;1;0;0;0;0;0;10;0;0;0;0;0;0;0;81;2;3;0;0;0;0;0;0;0;0;0;0;0;0;0;0;0;0;0;0;0;0;0;0;0;0;0;0;0;0;0;0;0;0;0;0;0;0;1;0;0;0;0;0;0;0;0;0;0;0;0;0;0;0;0;0;0;0;0;0;0;0;0;0;0;0;0;0;0;0;0;0
P8S2G:04431:00311_SUB_SUB;103;0;2;18;6;1;0;0;0;4;0;0;41;0;17;0;0;0;1;0;8;0;4;0;0;0;0;0;0;0;0;0;0;0;0;0;0;0;0;0;0;0;0;0;0;0;0;0;0;0;0;0;0;0;0;0;0;1;0;0;0;0;0;0;0;0;0;0;0;0;0;0;0;0;0;0;0;0;0;0;0;0;0;0;0;0;0;0;0;0;0
P8S2G:03336:00565_SUB_SUB;117;0;2;0;0;2;0;0;0;0;0;0;0;0;0;21;0;85;0;0;0;0;0;0;0;0;0;0;0;0;0;0;0;0;0;0;0;0;0;0;0;0;0;0;0;0;0;0;0;0;0;0;0;0;0;0;0;0;0;0;0;0;0;0;0;0;0;0;0;0;0;0;0;0;0;0;0;0;0;0;0;7;0;0;0;0;0;0;0;0;0
P8S2G:03466:00365_SUB_SUB;173;0;5;0;0;2;0;0;0;0;0;0;0;0;1;28;0;124;0;0;0;0;0;0;0;0;0;0;0;0;0;0;0;0;0;0;0;0;0;0;0;0;0;0;0;0;0;0;0;0;0;0;0;0;0;0;0;0;0;0;0;0;0;0;0;0;0;0;0;0;0;0;0;0;0;0;0;0;0;0;0;13;0;0;0;0;0;0;0;0;0
P8S2G:03567:00607_SUB_SUB;133;0;1;17;5;0;0;0;0;1;0;0;0;0;0;0;106;0;2;0;0;0;0;0;0;0;0;0;0;0;0;0;0;0;0;0;0;0;0;0;0;0;0;0;0;0;0;0;0;0;0;0;0;0;0;0;0;1;0;0;0;0;0;0;0;0;0;0;0;0;0;0;0;0;0;0;0;0;0;0;0;0;0;0;0;0;0;0;0;0;0
P8S2G:03568:07192_SUB_SUB;204;0;2;12;1;42;0;0;0;0;0;0;29;0;0;25;71;0;2;0;1;0;0;0;0;0;0;0;0;0;0;0;0;0;0;0;0;0;0;0;0;0;0;2;0;0;0;0;0;0;0;0;0;3;3;2;1;7;0;0;0;0;0;0;0;0;0;0;0;0;0;0;0;0;1;0;0;0;0;0;0;0;0;0;0;0;0;0;0;0;0
P8S2G:04142:01698_SUB_SUB;146;0;1;0;0;1;0;0;0;0;0;0;0;0;0;0;0;0;0;0;0;0;0;0;3;0;0;0;0;0;1;0;0;0;0;0;0;0;0;2;6;0;0;2;0;0;0;0;3;0;0;1;9;63;19;9;10;0;0;0;0;0;0;3;1;0;0;6;0;0;0;0;0;0;1;3;0;0;0;0;0;0;0;0;0;1;0;0;0;0;1
P8S2G:04009:04181_SUB_SUB;176;0;2;0;0;5;0;0;0;0;0;0;0;0;14;5;0;148;0;0;0;0;0;0;0;0;0;0;0;0;0;0;0;0;0;0;0;0;0;0;0;0;0;0;0;0;0;0;0;0;0;0;0;0;0;0;0;0;0;0;0;0;0;0;0;0;0;0;0;0;0;0;0;0;0;0;0;0;0;0;0;2;0;0;0;0;0;0;0;0;0
P8S2G:04558:04322_SUB_SUB;400;0;2;0;0;7;0;0;0;0;0;0;0;0;46;30;0;303;0;0;0;0;0;0;0;0;0;0;0;0;0;0;0;0;0;0;0;0;0;0;0;0;0;0;0;0;0;0;0;0;0;0;0;0;0;0;0;0;0;0;0;0;0;0;0;0;0;0;0;0;0;0;0;0;0;0;0;0;0;0;0;12;0;0;0;0;0;0;0;0;0
P8S2G:04164:04910_SUB_SUB;298;0;3;2;0;0;0;0;0;18;0;0;243;0;0;0;18;0;14;0;0;0;0;0;0;0;0;0;0;0;0;0;0;0;0;0;0;0;0;0;0;0;0;0;0;0;0;0;0;0;0;0;0;0;0;0;0;0;0;0;0;0;0;0;0;0;0;0;0;0;0;0;0;0;0;0;0;0;0;0;0;0;0;0;0;0;0;0;0;0;0
P8S2G:00453:05395_SUB_SUB;154;0;3;0;0;0;3;0;9;1;5;0;0;5;0;0;120;0;0;0;7;1;0;0;0;0;0;0;0;0;0;0;0;0;0;0;0;0;0;0;0;0;0;0;0;0;0;0;0;0;0;0;0;0;0;0;0;0;0;0;0;0;0;0;0;0;0;0;0;0;0;0;0;0;0;0;0;0;0;0;0;0;0;0;0;0;0;0;0;0;0
P8S2G:00450:05462_SUB_SUB;146;0;1;0;0;0;0;0;0;2;0;0;0;0;0;0;6;0;3;0;89;0;0;0;0;0;0;0;0;0;0;0;0;0;0;0;0;0;0;0;0;0;0;0;0;0;0;0;0;0;0;0;0;0;0;0;0;3;0;0;0;0;0;0;0;0;0;0;0;0;0;0;0;0;0;0;31;0;3;0;0;8;0;0;0;0;0;0;0;0;0
P8S2G:03646:06349_SUB_SUB;132;0;1;0;0;0;15;9;0;0;0;0;0;30;5;0;27;0;0;0;0;42;2;0;0;0;0;0;0;0;0;0;0;0;0;0;0;0;0;0;1;0;0;0;0;0;0;0;0;0;0;0;0;0;0;0;0;0;0;0;0;0;0;0;0;0;0;0;0;0;0;0;0;0;0;0;0;0;0;0;0;0;0;0;0;0;0;0;0;0;0
P8S2G:03783:06103_SUB_SUB;953;0;1;0;0;3;697;0;0;8;0;0;0;182;0;0;0;0;8;3;0;1;50;0;0;0;0;0;0;0;0;0;0;0;0;0;0;0;0;0;0;0;0;0;0;0;0;0;0;0;0;0;0;0;0;0;0;0;0;0;0;0;0;0;0;0;0;0;0;0;0;0;0;0;0;0;0;0;0;0;0;0;0;0;0;0;0;0;0;0;0
P8S2G:05019:03754_SUB_SUB;199;0;1;29;24;4;0;19;0;30;27;0;0;2;0;0;14;0;22;5;3;1;14;0;0;0;0;0;0;0;0;0;0;0;0;0;0;0;0;0;0;0;0;0;0;0;0;0;0;0;0;0;0;0;0;0;0;4;0;0;0;0;0;0;0;0;0;0;0;0;0;0;0;0;0;0;0;0;0;0;0;0;0;0;0;0;0;0;0;0;0
P8S2G:05217:03435_SUB_SUB;141;0;2;1;0;0;0;1;0;0;0;0;0;2;2;0;68;0;0;0;0;6;0;0;0;0;0;0;0;0;0;0;0;0;0;0;0;0;0;0;1;18;0;0;0;1;0;0;0;0;25;0;0;0;0;0;0;0;0;0;0;0;0;0;0;0;14;0;0;0;0;0;0;0;0;0;0;0;0;0;0;0;0;0;0;0;0;0;0;0;0
P8S2G:02231:07423_SUB_SUB;176;0;1;0;0;7;0;0;0;0;0;0;0;0;100;1;0;64;0;0;0;0;0;0;0;0;0;0;0;0;0;0;0;0;0;0;0;0;0;0;0;0;0;0;0;0;0;0;0;0;0;0;0;0;0;0;0;0;0;0;0;0;0;0;0;0;0;0;0;0;0;0;0;0;0;0;0;0;0;0;0;3;0;0;0;0;0;0;0;0;0
P8S2G:02150:06239_SUB_SUB;321;0;2;0;0;0;0;0;0;0;286;0;0;0;0;0;0;0;2;0;0;30;1;0;0;0;0;0;0;0;0;0;0;0;0;0;0;0;0;0;0;0;0;0;0;0;0;0;0;0;0;0;0;0;0;0;0;0;0;0;0;0;0;0;0;0;0;0;0;0;0;0;0;0;0;0;0;0;0;0;0;0;0;0;0;0;0;0;0;0;0
P8S2G:02503:04482_SUB_SUB;302;0;3;16;2;2;0;0;0;3;0;0;29;7;0;0;0;0;12;1;34;0;0;0;1;0;0;0;0;0;0;0;0;0;0;0;0;0;0;5;5;0;0;5;0;0;0;0;0;0;0;0;1;18;4;4;2;2;2;0;0;0;0;0;0;0;0;4;0;0;0;0;0;14;4;0;3;0;10;0;0;109;0;0;0;0;0;0;0;0;0
P8S2G:02212:04043_SUB_SUB;1027;0;1;169;35;0;0;0;0;6;0;0;0;0;0;0;792;0;5;4;0;0;0;0;0;0;0;0;0;0;0;0;0;0;0;0;0;0;0;0;0;0;0;0;0;0;0;0;0;0;0;0;0;0;0;0;0;15;0;0;0;0;0;0;0;0;0;0;0;0;0;0;0;0;0;0;0;0;0;0;0;0;0;0;0;0;0;0;0;0;0
P8S2G:03273:00549_SUB_SUB;580;0;2;0;0;0;0;0;0;0;0;0;0;0;0;0;0;0;0;0;0;1;1;5;3;1;2;0;0;0;28;4;0;0;0;5;0;0;1;2;17;0;0;0;0;6;0;0;4;0;1;0;108;162;30;27;38;0;0;0;0;0;6;9;4;25;0;15;0;0;5;19;0;0;34;12;0;0;0;0;0;0;0;0;0;0;0;0;0;0;3
P8S2G:02857:07363_SUB_SUB;250;0;1;0;0;0;0;0;0;0;0;0;0;0;0;0;0;0;1;0;2;1;2;0;0;0;0;0;0;0;0;0;0;0;0;0;0;0;0;1;0;0;0;0;0;0;0;0;1;0;8;0;0;0;0;0;0;0;0;0;0;0;0;0;1;0;229;0;0;0;0;0;0;0;1;0;0;1;0;0;0;0;0;0;0;0;0;0;0;0;1
P8S2G:03193:07386_SUB_SUB;106;0;2;7;1;0;1;0;0;3;17;0;0;0;0;0;0;0;64;0;2;0;3;0;0;0;0;0;0;0;0;0;0;0;0;0;0;0;0;0;0;0;0;0;0;0;0;0;0;0;0;0;0;1;0;2;0;3;0;0;0;0;0;0;0;0;0;0;0;0;0;0;0;0;0;0;0;0;0;0;0;0;0;0;0;0;0;0;0;0;0
P8S2G:01996:01684_SUB_SUB;240;0;1;0;0;0;0;0;0;14;0;0;196;0;0;0;14;0;15;0;0;0;0;0;0;0;0;0;0;0;0;0;0;0;0;0;0;0;0;0;0;0;0;0;0;0;0;0;0;0;0;0;0;0;0;0;0;0;0;0;0;0;0;0;0;0;0;0;0;0;0;0;0;0;0;0;0;0;0;0;0;0;0;0;0;0;0;0;0;0;0
P8S2G:02187:01311_SUB_SUB;129;0;1;0;0;0;0;0;0;0;0;0;0;0;0;0;0;0;0;0;0;0;0;0;0;0;0;0;0;0;0;0;0;0;0;0;0;0;0;0;0;0;0;0;0;0;0;104;0;0;0;0;0;0;0;0;0;0;0;0;0;0;0;24;0;0;0;0;0;0;0;0;0;0;0;0;0;0;0;0;0;0;0;0;0;0;0;0;0;0;0
P8S2G:02983:01537_SUB_SUB;223;0;2;0;0;0;0;0;0;0;0;0;0;0;3;24;0;188;0;0;0;0;0;0;0;0;0;0;0;0;0;0;0;0;0;0;0;0;0;0;0;0;0;0;0;0;0;0;0;0;0;0;0;0;0;0;0;0;0;0;0;0;0;0;0;0;0;0;0;0;0;0;0;0;0;0;0;0;0;0;0;6;0;0;0;0;0;0;0;0;0
P8S2G:02821:02942_SUB_SUB;100;0;1;0;0;0;0;0;0;0;82;0;0;0;0;0;0;9;0;0;0;0;0;0;0;0;0;0;0;0;0;0;0;0;0;0;0;0;0;0;0;0;0;0;0;0;0;0;0;0;8;0;0;0;0;0;0;0;0;0;0;0;0;0;0;0;0;0;0;0;0;0;0;0;0;0;0;0;0;0;0;0;0;0;0;0;0;0;0;0;0
P8S2G:02322:02128_SUB_SUB;105;0;1;0;0;3;0;0;0;0;0;0;0;0;2;8;0;89;0;0;0;0;0;0;0;0;0;0;0;0;0;0;0;0;0;0;0;0;0;0;0;0;0;0;0;0;0;0;0;0;0;0;0;0;0;0;0;0;0;0;0;0;0;0;0;0;0;0;0;0;0;0;0;0;0;0;0;0;0;0;0;2;0;0;0;0;0;0;0;0;0
P8S2G:02662:04605_SUB_SUB;114;0;1;5;13;2;0;10;0;31;17;0;0;1;3;0;8;0;18;0;3;1;0;0;0;0;0;0;0;0;0;0;0;0;0;0;0;0;0;0;0;0;0;0;0;0;0;0;0;0;0;0;0;0;0;0;0;1;0;0;0;0;0;0;0;0;0;0;0;0;0;0;0;0;0;0;0;0;0;0;0;0;0;0;0;0;0;0;0;0;0
P8S2G:01525:06334_SUB_SUB;248;0;2;0;0;0;0;0;0;0;0;0;0;0;0;0;0;0;0;0;0;1;0;1;0;0;2;0;0;0;7;2;0;0;0;2;0;0;0;3;5;0;0;0;0;1;0;0;1;0;0;0;65;56;20;6;10;0;0;0;0;0;8;3;0;18;0;3;0;0;6;6;0;0;19;1;0;0;0;0;0;0;0;0;0;0;0;0;0;0;0
P8S2G:04016:05220_SUB_SUB;272;0;1;0;0;3;0;0;0;0;0;0;0;0;0;0;0;0;0;0;0;0;0;0;1;0;0;0;0;0;0;0;0;0;0;0;0;0;0;0;0;0;0;0;0;0;0;234;0;0;1;0;0;0;0;2;0;0;1;0;0;0;0;0;0;0;0;0;0;0;0;0;0;0;0;0;1;0;28;0;0;0;0;0;0;0;0;0;0;0;0
P8S2G:04214:05413_SUB_SUB;165;0;1;1;0;0;0;0;0;12;0;0;126;0;0;0;12;0;12;0;0;0;0;0;0;0;0;0;0;0;0;0;0;0;0;0;0;0;0;0;0;0;0;0;0;0;0;0;0;0;0;0;0;0;1;0;0;0;0;0;0;0;0;0;0;0;0;0;0;0;0;0;0;0;0;0;0;0;0;0;0;0;0;0;0;0;0;0;0;0;0
P8S2G:01428:02696_SUB_SUB;325;0;1;1;0;0;0;0;0;0;0;0;0;0;0;0;0;0;0;0;0;0;2;0;1;0;0;0;0;0;0;0;0;0;0;0;0;0;0;0;3;1;0;0;0;0;0;0;0;1;296;0;0;0;0;0;0;0;0;0;0;0;0;3;0;0;16;0;0;0;0;0;0;0;0;0;0;0;0;0;0;0;0;0;0;0;0;0;0;0;0
P8S2G:01904:02792_SUB_SUB;105;0;1;5;1;2;0;0;0;0;0;0;0;0;0;0;0;0;1;0;0;2;2;0;9;0;0;0;0;0;0;0;0;0;0;0;0;0;0;0;2;0;0;4;0;0;0;0;0;0;8;0;2;18;3;6;3;1;0;0;0;0;0;9;2;2;0;1;0;2;0;1;0;16;1;0;0;0;1;0;0;0;0;0;0;0;0;0;0;0;0
P8S2G:01620:01036_SUB_SUB;323;0;4;0;0;2;0;0;0;0;0;0;0;0;2;34;0;271;0;0;0;0;0;0;0;0;0;0;0;0;0;0;0;0;0;0;0;0;0;0;0;0;0;0;0;0;0;0;0;0;0;0;0;0;0;0;0;0;0;0;0;0;0;0;0;0;0;0;0;0;0;0;0;0;0;0;0;0;0;0;0;10;0;0;0;0;0;0;0;0;0
P8S2G:01163:05401_SUB_SUB;238;0;1;1;0;0;0;0;0;5;0;0;193;0;0;0;23;0;14;0;0;0;0;0;0;0;0;0;0;0;0;0;0;0;0;0;0;0;0;0;0;0;0;0;0;0;0;0;0;0;0;0;0;1;0;0;0;0;0;0;0;0;0;0;0;0;0;0;0;0;0;0;0;0;0;0;0;0;0;0;0;0;0;0;0;0;0;0;0;0;0
P8S2G:00796:07315_SUB_SUB;145;0;1;0;0;1;0;0;0;0;0;0;0;0;18;14;0;110;0;0;0;0;0;0;0;0;0;0;0;0;0;0;0;0;0;0;0;0;0;0;0;0;0;0;0;0;0;0;0;0;0;0;0;0;0;0;0;0;0;0;0;0;0;0;0;0;0;0;0;0;0;0;0;0;0;0;0;0;0;0;0;1;0;0;0;0;0;0;0;0;0
P8S2G:01789:01783_SUB_SUB;145;0;1;59;3;0;0;0;0;1;0;0;0;0;0;0;73;0;2;1;0;0;0;0;0;0;0;0;0;0;0;0;0;0;0;0;0;0;0;0;0;0;0;0;0;0;0;0;0;0;0;0;0;0;0;0;0;5;0;0;0;0;0;0;0;0;0;0;0;0;0;0;0;0;0;0;0;0;0;0;0;0;0;0;0;0;0;0;0;0;0
P8S2G:01389:04731_SUB_SUB;16851;0;1;2;3;0;0;0;0;0;0;0;0;0;0;0;0;0;0;0;0;11;0;4;157;2;2;0;0;369;15;1;699;152;1;4;0;0;0;44;756;0;0;49;0;6;0;0;10;0;55;10;5062;4817;1448;432;731;0;0;0;45;1;7;314;0;31;0;10;0;37;11;12;0;0;782;538;89;0;128;0;1;0;0;0;0;1;0;0;0;0;1
P8S2G:02863:03941_SUB_SUB;292;0;1;0;0;0;0;0;0;16;0;0;252;0;0;0;16;0;6;1;0;0;0;0;0;0;0;0;0;0;0;0;0;0;0;0;0;0;0;0;0;0;0;0;0;0;0;0;0;0;0;0;0;0;0;0;0;0;0;0;0;0;0;0;0;0;0;0;0;0;0;0;0;0;0;0;0;0;0;0;0;0;0;0;0;0;0;0;0;0;0
P8S2G:01905:06438_SUB_SUB;936;0;1;202;15;8;0;149;0;28;239;0;0;23;19;0;13;0;179;5;20;0;28;0;0;0;0;0;0;0;0;0;0;0;0;0;0;0;0;0;0;0;0;0;0;0;0;0;0;0;0;0;0;0;0;0;0;6;0;0;0;0;0;0;0;0;0;0;0;0;0;1;0;0;0;0;0;0;0;0;0;0;0;0;0;0;0;0;0;0;0
P8S2G:01816:07106_SUB_SUB;974;0;1;0;0;0;0;0;0;0;0;0;0;0;0;0;0;0;0;0;0;0;0;0;0;0;0;0;0;0;0;0;0;0;0;0;0;0;0;3;0;0;0;0;0;0;0;670;6;0;0;12;0;0;0;0;0;0;0;0;0;1;0;279;2;0;0;0;0;0;0;0;0;0;0;0;0;0;0;0;0;0;0;0;0;0;0;0;0;0;0
P8S2G:01803:07402_SUB_SUB;443;0;1;0;0;0;0;0;0;0;0;0;0;0;0;0;0;0;0;0;0;0;1;1;0;1;0;0;0;0;9;0;0;0;0;1;0;0;0;1;17;0;0;1;0;5;0;0;2;0;0;0;110;107;42;15;27;0;0;0;1;0;25;1;0;17;0;7;0;0;8;13;0;0;20;9;0;0;0;0;0;0;0;0;0;0;0;0;0;0;1
P8S2G:01631:02424_SUB_SUB;229;0;1;0;0;0;0;0;0;0;0;0;0;0;0;0;0;0;0;0;0;0;0;0;0;0;0;0;0;0;0;0;0;0;0;0;42;0;0;0;0;0;0;0;0;0;0;0;0;79;0;0;0;0;0;0;0;0;0;0;35;0;0;0;0;0;0;0;0;0;0;0;0;0;0;0;0;0;8;0;61;3;0;0;0;0;0;0;0;0;0
P8S2G:01745:02212_SUB_SUB;623;0;1;2;2;0;0;0;0;8;0;0;0;0;0;0;18;0;9;3;286;0;0;0;0;0;0;0;0;0;0;0;0;0;0;0;0;0;0;0;0;0;0;0;0;0;0;0;0;0;0;0;0;0;0;0;0;25;0;0;0;0;0;0;0;0;0;0;0;0;0;0;0;0;0;0;197;0;24;0;0;48;0;0;0;0;0;0;0;0;0
P8S2G:03994:06594_SUB_SUB;4487;0;0;326;366;27;0;669;0;745;1066;0;0;77;30;0;413;0;473;11;35;57;150;0;0;0;0;0;0;0;0;0;0;0;0;0;0;0;0;0;0;0;0;0;0;0;0;0;0;0;0;0;0;1;0;0;0;40;0;0;0;0;0;0;0;0;0;0;0;0;0;1;0;0;0;0;0;0;0;0;0;0;0;0;0;0;0;0;0;0;0
P8S2G:04106:06422_SUB_SUB;2750;0;0;31;15;0;0;0;0;0;0;0;0;0;0;0;0;0;0;0;0;3;0;150;0;0;23;7;0;260;0;52;0;8;0;0;2;0;0;0;71;0;0;3;0;0;0;0;6;0;10;0;19;60;7;0;13;0;4;0;31;0;0;45;13;0;0;0;0;0;268;193;0;3;2;1;0;0;0;0;0;0;0;0;24;1069;47;0;0;310;0
P8S2G:04157:06424_SUB_SUB;123;0;0;4;0;0;0;1;0;2;5;0;0;0;1;0;0;1;5;0;16;1;1;0;0;1;1;2;0;0;0;0;0;1;0;0;0;0;0;1;2;0;0;0;0;0;0;2;1;0;0;1;0;2;2;0;0;2;1;0;0;0;3;6;0;21;0;19;0;0;12;0;0;0;0;0;3;0;0;2;0;0;0;0;0;0;1;0;0;0;0
P8S2G:04151:06519_SUB_SUB;24751;0;0;429;112;1;0;0;0;0;0;2;0;0;0;0;0;0;0;0;0;0;0;1343;1;0;364;76;0;2491;0;628;0;60;0;2;2;0;0;0;704;0;0;63;0;0;0;0;59;0;153;0;330;902;45;0;134;0;11;0;280;0;0;735;103;0;0;0;0;0;3696;1866;0;71;27;20;0;0;0;0;0;0;0;0;291;6550;460;0;0;2740;0
P8S2G:04287:06740_SUB_SUB;631;0;0;20;5;0;0;0;0;0;0;0;0;0;0;0;0;0;0;0;0;0;0;23;0;0;4;2;0;10;0;0;0;0;0;0;0;0;0;0;23;0;0;6;0;0;0;0;2;0;14;0;21;86;5;0;18;0;0;0;8;0;0;54;0;0;0;0;0;0;283;15;0;18;2;0;0;0;0;0;0;0;0;0;0;8;0;0;0;4;0
P8S2G:04295:06934_SUB_SUB;172;0;0;41;25;0;0;10;0;47;6;0;0;0;0;0;0;0;28;1;0;0;13;1;0;0;0;0;0;0;0;0;0;0;0;0;0;0;0;0;0;0;0;0;0;0;0;0;0;0;0;0;0;0;0;0;0;0;0;0;0;0;0;0;0;0;0;0;0;0;0;0;0;0;0;0;0;0;0;0;0;0;0;0;0;0;0;0;0;0;0
P8S2G:04542:06540_SUB_SUB;181;0;0;7;3;0;0;0;0;0;1;0;0;0;0;0;0;0;0;0;0;0;1;30;9;0;0;0;0;0;0;0;0;0;0;0;0;0;0;7;0;0;0;7;0;0;0;0;2;0;15;1;0;0;0;0;0;0;0;0;2;0;0;18;2;0;0;0;0;6;0;0;0;0;0;0;3;0;4;0;0;0;0;60;0;0;0;0;3;0;0
P8S2G:04561:06571_SUB_SUB;139;0;0;11;6;0;1;0;6;7;13;0;0;5;1;0;79;0;3;0;5;0;2;0;0;0;0;0;0;0;0;0;0;0;0;0;0;0;0;0;0;0;0;0;0;0;0;0;0;0;0;0;0;0;0;0;0;0;0;0;0;0;0;0;0;0;0;0;0;0;0;0;0;0;0;0;0;0;0;0;0;0;0;0;0;0;0;0;0;0;0
P8S2G:04549:06818_SUB_SUB;384;0;0;32;19;0;0;0;0;2;0;0;0;0;0;0;321;0;1;0;0;0;2;0;0;0;0;0;0;0;0;0;0;0;0;0;0;0;0;0;0;0;0;0;0;0;0;0;0;0;0;0;0;0;0;0;0;7;0;0;0;0;0;0;0;0;0;0;0;0;0;0;0;0;0;0;0;0;0;0;0;0;0;0;0;0;0;0;0;0;0
P8S2G:04637:06719_SUB_SUB;487;0;0;19;1;0;0;6;0;0;0;0;0;0;0;0;0;0;0;0;0;0;0;0;0;0;1;0;0;0;2;0;0;0;0;0;0;0;0;101;14;0;0;0;0;0;0;0;1;0;1;27;0;7;0;0;13;8;0;0;3;0;0;133;0;60;0;88;0;0;0;0;0;0;1;1;0;0;0;0;0;0;0;0;0;0;0;0;0;0;0
P8S2G:04645:06729_SUB_SUB;859;0;0;85;70;8;0;113;0;99;226;0;0;14;8;0;75;0;118;3;4;19;14;0;0;0;0;0;0;0;0;0;0;0;0;0;0;0;0;0;0;0;0;0;0;0;0;0;0;0;0;0;0;0;0;0;0;3;0;0;0;0;0;0;0;0;0;0;0;0;0;0;0;0;0;0;0;0;0;0;0;0;0;0;0;0;0;0;0;0;0
P8S2G:01071:06233_SUB_SUB;1303;0;0;222;13;17;0;248;0;23;391;0;0;50;21;0;10;0;204;13;25;0;56;0;0;0;0;0;0;0;0;0;0;0;0;0;0;0;0;0;0;0;0;0;0;0;0;0;0;0;0;0;0;0;0;0;0;10;0;0;0;0;0;0;0;0;0;0;0;0;0;0;0;0;0;0;0;0;0;0;0;0;0;0;0;0;0;0;0;0;0
P8S2G:01094:06331_SUB_SUB;138;0;0;16;5;0;0;0;0;0;94;0;0;0;0;0;0;0;3;1;16;0;3;0;0;0;0;0;0;0;0;0;0;0;0;0;0;0;0;0;0;0;0;0;0;0;0;0;0;0;0;0;0;0;0;0;0;0;0;0;0;0;0;0;0;0;0;0;0;0;0;0;0;0;0;0;0;0;0;0;0;0;0;0;0;0;0;0;0;0;0
P8S2G:01250:06169_SUB_SUB;488;0;0;45;43;4;0;57;0;92;103;0;0;8;1;0;47;0;53;2;4;6;12;0;0;0;0;0;0;0;0;0;0;0;0;0;0;0;0;0;0;0;0;0;0;0;0;0;0;0;0;0;0;0;0;0;0;11;0;0;0;0;0;0;0;0;0;0;0;0;0;0;0;0;0;0;0;0;0;0;0;0;0;0;0;0;0;0;0;0;0
P8S2G:00053:02159_SUB_SUB;184;0;0;58;4;0;0;2;11;4;19;0;0;4;2;0;37;0;15;7;21;0;0;0;0;0;0;0;0;0;0;0;0;0;0;0;0;0;0;0;0;0;0;0;0;0;0;0;0;0;0;0;0;0;0;0;0;0;0;0;0;0;0;0;0;0;0;0;0;0;0;0;0;0;0;0;0;0;0;0;0;0;0;0;0;0;0;0;0;0;0
P8S2G:00065:02511_SUB_SUB;148;0;0;10;8;0;0;0;0;4;108;0;0;0;0;0;0;0;2;3;13;0;0;0;0;0;0;0;0;0;0;0;0;0;0;0;0;0;0;0;0;0;0;0;0;0;0;0;0;0;0;0;0;0;0;0;0;0;0;0;0;0;0;0;0;0;0;0;0;0;0;0;0;0;0;0;0;0;0;0;0;0;0;0;0;0;0;0;0;0;0
P8S2G:00212:02364_SUB_SUB;115;0;0;28;0;2;0;0;0;0;0;0;1;8;0;0;0;0;1;5;54;0;0;0;1;0;0;0;0;0;0;0;0;0;0;0;0;0;0;2;0;0;0;0;0;0;0;0;0;0;0;1;1;1;0;0;0;0;1;0;0;0;0;0;0;0;0;0;0;0;0;0;0;1;2;0;0;0;1;0;0;5;0;0;0;0;0;0;0;0;0
P8S2G:00342:01973_SUB_SUB;377;0;0;26;14;0;0;0;0;0;0;0;0;0;0;0;328;0;1;0;0;0;0;0;0;0;0;0;0;0;0;0;0;0;0;0;1;0;0;0;0;0;0;0;0;0;0;0;0;0;0;0;0;0;0;0;0;7;0;0;0;0;0;0;0;0;0;0;0;0;0;0;0;0;0;0;0;0;0;0;0;0;0;0;0;0;0;0;0;0;0
P8S2G:00595:02154_SUB_SUB;107;0;0;46;1;0;0;10;0;1;12;0;0;0;7;0;1;0;19;1;4;0;4;0;0;0;0;0;0;0;0;0;0;0;0;0;0;0;0;0;0;0;0;0;0;0;0;0;0;0;0;0;0;0;0;0;0;1;0;0;0;0;0;0;0;0;0;0;0;0;0;0;0;0;0;0;0;0;0;0;0;0;0;0;0;0;0;0;0;0;0
P8S2G:00244:01147_SUB_SUB;116;0;0;21;0;2;0;21;0;6;23;0;0;2;3;0;1;0;21;2;2;0;9;0;0;0;0;0;0;0;0;0;0;0;0;0;0;0;0;0;0;0;0;0;0;0;0;0;0;0;0;0;0;0;0;0;0;2;0;0;0;0;0;0;0;0;0;0;0;0;0;1;0;0;0;0;0;0;0;0;0;0;0;0;0;0;0;0;0;0;0
P8S2G:00274:01104_SUB_SUB;264;0;0;7;0;1;0;0;0;3;0;0;0;0;0;0;1;0;0;3;0;0;0;0;0;0;0;0;0;0;0;0;0;0;0;0;0;0;0;0;0;0;0;0;0;0;0;0;0;0;22;0;7;100;21;0;4;0;0;0;0;0;0;0;0;0;0;0;0;0;0;0;0;0;13;3;72;0;7;0;0;0;0;0;0;0;0;0;0;0;0
P8S2G:00178:05006_SUB_SUB;104;0;0;2;0;0;0;0;0;0;102;0;0;0;0;0;0;0;0;0;0;0;0;0;0;0;0;0;0;0;0;0;0;0;0;0;0;0;0;0;0;0;0;0;0;0;0;0;0;0;0;0;0;0;0;0;0;0;0;0;0;0;0;0;0;0;0;0;0;0;0;0;0;0;0;0;0;0;0;0;0;0;0;0;0;0;0;0;0;0;0
P8S2G:00273:04974_SUB_SUB;180;0;0;55;31;0;2;3;0;37;4;0;0;3;0;0;12;0;20;3;10;0;0;0;0;0;0;0;0;0;0;0;0;0;0;0;0;0;0;0;0;0;0;0;0;0;0;0;0;0;0;0;0;0;0;0;0;0;0;0;0;0;0;0;0;0;0;0;0;0;0;0;0;0;0;0;0;0;0;0;0;0;0;0;0;0;0;0;0;0;0
P8S2G:00104:03377_SUB_SUB;3795;0;0;1;0;2;0;0;0;0;0;0;1;0;0;0;0;0;0;0;0;3;0;47;3;0;0;0;0;0;111;0;20;0;0;93;0;0;1;0;3;0;0;1;0;0;0;0;0;0;0;11;36;1235;512;382;362;0;0;0;0;0;0;30;0;0;0;0;0;52;0;3;0;325;287;161;57;0;24;0;0;32;0;0;0;0;0;0;0;0;0
P8S2G:00191:03806_SUB_SUB;165;0;0;33;6;1;0;19;0;15;33;0;0;0;4;0;7;0;35;1;3;1;4;0;0;0;0;0;0;0;0;0;0;0;0;0;0;0;0;0;0;0;0;0;0;0;0;0;0;0;0;0;0;0;0;0;0;3;0;0;0;0;0;0;0;0;0;0;0;0;0;0;0;0;0;0;0;0;0;0;0;0;0;0;0;0;0;0;0;0;0
P8S2G:00278:03506_SUB_SUB;181;0;0;28;3;2;0;32;0;4;47;0;0;7;6;0;0;0;40;0;3;0;8;0;0;0;0;0;0;0;0;0;0;0;0;0;0;0;0;0;0;0;0;0;0;0;0;0;0;0;0;0;0;0;0;0;0;1;0;0;0;0;0;0;0;0;0;0;0;0;0;0;0;0;0;0;0;0;0;0;0;0;0;0;0;0;0;0;0;0;0
P8S2G:00329:03545_SUB_SUB;141;0;0;6;2;0;3;45;0;14;0;0;0;0;0;0;51;0;3;2;0;14;1;0;0;0;0;0;0;0;0;0;0;0;0;0;0;0;0;0;0;0;0;0;0;0;0;0;0;0;0;0;0;0;0;0;0;0;0;0;0;0;0;0;0;0;0;0;0;0;0;0;0;0;0;0;0;0;0;0;0;0;0;0;0;0;0;0;0;0;0
P8S2G:00257:06068_SUB_SUB;441;0;0;25;7;0;2;0;0;12;66;0;0;0;0;0;0;0;294;6;15;0;7;0;0;0;0;0;0;0;0;0;0;0;0;0;0;0;0;0;0;0;0;0;0;0;0;0;0;0;0;0;1;2;2;0;0;1;0;0;0;0;0;0;0;0;0;0;0;0;0;1;0;0;0;0;0;0;0;0;0;0;0;0;0;0;0;0;0;0;0
P8S2G:03739:01508_SUB_SUB;160;0;0;9;9;0;0;0;0;0;0;0;142;0;0;0;0;0;0;0;0;0;0;0;0;0;0;0;0;0;0;0;0;0;0;0;0;0;0;0;0;0;0;0;0;0;0;0;0;0;0;0;0;0;0;0;0;0;0;0;0;0;0;0;0;0;0;0;0;0;0;0;0;0;0;0;0;0;0;0;0;0;0;0;0;0;0;0;0;0;0
P8S2G:01230:01612_SUB_SUB;412;0;0;9;1;0;0;0;0;0;0;0;0;0;0;0;0;0;0;0;0;0;0;21;0;0;5;1;0;24;0;4;0;0;0;0;0;0;0;0;7;0;0;0;0;0;0;0;4;0;2;0;1;3;0;0;4;0;0;0;2;0;0;14;1;0;0;0;0;0;16;16;0;2;0;0;0;0;0;0;0;0;0;0;2;224;5;0;0;44;0
P8S2G:00970:04190_SUB_SUB;216;0;0;6;0;2;0;2;0;7;9;0;0;1;2;0;1;0;6;4;29;1;1;0;0;1;1;0;0;0;2;0;0;0;0;1;0;0;0;12;6;0;0;0;0;0;0;3;6;0;1;4;0;3;3;0;0;4;0;0;5;0;10;18;0;18;0;29;0;0;5;0;0;0;2;0;4;0;2;2;2;0;0;0;0;1;0;0;0;0;0
P8S2G:01019:04283_SUB_SUB;108;0;0;2;2;2;0;7;0;1;0;0;1;0;3;0;0;0;4;0;0;1;0;3;5;0;2;0;0;0;1;0;0;0;0;0;0;0;0;1;4;1;0;2;0;0;0;0;0;0;0;1;10;7;0;6;0;3;0;0;3;0;0;6;0;8;0;8;0;2;0;1;0;5;2;0;1;0;1;0;0;0;0;2;0;0;0;0;0;0;0
P8S2G:01049:04457_SUB_SUB;133;0;0;2;4;0;0;5;0;0;0;0;0;0;0;0;0;0;0;0;0;0;0;1;0;0;3;0;0;0;2;0;0;1;0;5;0;0;0;23;12;0;0;0;0;0;0;0;0;0;1;5;0;3;0;2;0;1;0;0;0;0;0;8;0;31;0;8;0;0;7;6;0;0;2;0;0;0;0;0;0;0;0;0;0;0;0;0;0;1;0
P8S2G:05074:05804_SUB_SUB;115;0;0;3;2;0;0;5;0;10;13;0;0;0;1;0;5;0;1;65;0;0;3;0;0;0;0;0;0;0;0;0;0;0;0;0;0;0;0;0;1;0;0;0;0;0;0;0;0;0;0;0;1;3;1;0;0;1;0;0;0;0;0;0;0;0;0;0;0;0;0;0;0;0;0;0;0;0;0;0;0;0;0;0;0;0;0;0;0;0;0
P8S2G:00697:02252_SUB_SUB;179;0;0;16;1;11;90;0;0;33;0;0;0;0;0;0;0;0;10;1;0;0;17;0;0;0;0;0;0;0;0;0;0;0;0;0;0;0;0;0;0;0;0;0;0;0;0;0;0;0;0;0;0;0;0;0;0;0;0;0;0;0;0;0;0;0;0;0;0;0;0;0;0;0;0;0;0;0;0;0;0;0;0;0;0;0;0;0;0;0;0
P8S2G:01265:04633_SUB_SUB;466;0;0;1;0;0;0;0;0;0;0;0;0;0;0;0;0;0;0;0;0;0;0;0;0;0;0;0;0;0;0;0;0;0;0;0;0;0;0;0;0;0;0;0;0;0;0;0;0;0;0;0;0;0;0;0;0;0;0;0;0;0;0;0;0;0;0;0;0;0;465;0;0;0;0;0;0;0;0;0;0;0;0;0;0;0;0;0;0;0;0
P8S2G:04950:06917_SUB_SUB;850;0;0;10;14;3;0;0;0;0;0;0;0;0;0;0;0;0;0;0;0;0;0;0;24;0;0;0;0;0;0;0;0;0;0;0;0;0;0;0;0;0;0;0;0;0;0;0;0;0;0;0;0;0;0;0;0;0;0;0;0;0;0;0;0;0;0;0;0;0;0;0;0;0;0;0;137;503;159;0;0;0;0;0;0;0;0;0;0;0;0
P8S2G:04901:05672_SUB_SUB;281;0;0;4;0;2;0;0;0;0;0;0;275;0;0;0;0;0;0;0;0;0;0;0;0;0;0;0;0;0;0;0;0;0;0;0;0;0;0;0;0;0;0;0;0;0;0;0;0;0;0;0;0;0;0;0;0;0;0;0;0;0;0;0;0;0;0;0;0;0;0;0;0;0;0;0;0;0;0;0;0;0;0;0;0;0;0;0;0;0;0
P8S2G:02973:05301_SUB_SUB;300;0;0;6;16;0;0;0;0;1;0;0;0;0;0;0;274;0;1;0;0;0;0;0;0;0;0;0;0;0;0;0;0;0;0;0;0;0;0;0;0;0;0;0;0;0;0;0;0;0;0;0;0;0;0;0;0;2;0;0;0;0;0;0;0;0;0;0;0;0;0;0;0;0;0;0;0;0;0;0;0;0;0;0;0;0;0;0;0;0;0
P8S2G:02971:05343_SUB_SUB;601;0;0;1;0;0;0;0;0;0;0;0;0;0;0;0;0;0;0;0;0;0;0;10;1;0;0;0;0;0;0;0;0;0;3;0;0;0;0;15;0;0;0;8;0;483;0;0;0;0;0;0;0;0;1;0;0;0;11;0;13;0;0;0;5;0;6;0;0;0;37;0;0;0;0;0;0;0;4;0;0;0;0;0;0;0;1;0;0;0;2
P8S2G:04947:01217_SUB_SUB;108;0;0;2;0;0;0;0;0;0;0;0;0;0;0;0;0;0;0;0;0;0;0;9;0;0;0;0;0;3;0;0;0;0;0;0;0;0;0;0;0;0;0;0;0;0;0;0;0;0;1;0;0;3;0;0;0;0;0;0;2;0;0;2;0;0;0;0;0;0;55;0;0;1;0;0;0;0;0;0;0;0;0;0;6;24;0;0;0;0;0
P8S2G:03347:02072_SUB_SUB;129;0;0;3;0;0;1;1;0;4;6;0;0;0;1;0;1;0;11;2;26;0;1;0;0;2;0;0;0;0;2;0;0;0;0;0;0;0;0;5;1;0;0;0;0;0;0;3;5;0;0;7;0;2;0;0;0;8;0;0;1;0;0;6;1;13;0;12;0;0;2;0;0;0;0;0;0;0;2;0;0;0;0;0;0;0;0;0;0;0;0
P8S2G:03404:03837_SUB_SUB;100;0;0;1;0;0;0;0;0;0;0;0;0;0;0;0;0;0;0;1;0;0;0;0;0;0;0;0;0;0;11;0;1;0;0;0;0;0;0;1;0;0;0;0;0;0;0;0;0;0;1;0;0;0;0;0;0;0;0;0;0;0;0;0;0;0;75;0;0;2;0;6;0;0;0;0;0;1;0;0;0;0;0;0;0;0;0;0;0;0;0
P8S2G:03766:04834_SUB_SUB;696;0;0;2;0;0;0;0;0;0;694;0;0;0;0;0;0;0;0;0;0;0;0;0;0;0;0;0;0;0;0;0;0;0;0;0;0;0;0;0;0;0;0;0;0;0;0;0;0;0;0;0;0;0;0;0;0;0;0;0;0;0;0;0;0;0;0;0;0;0;0;0;0;0;0;0;0;0;0;0;0;0;0;0;0;0;0;0;0;0;0
P8S2G:03864:04597_SUB_SUB;144;0;0;2;0;0;0;0;0;7;22;0;0;0;10;0;4;0;3;89;0;0;3;0;0;0;0;0;0;0;0;0;0;0;0;0;0;0;0;0;0;0;0;0;0;0;0;0;0;0;0;0;2;0;1;0;0;1;0;0;0;0;0;0;0;0;0;0;0;0;0;0;0;0;0;0;0;0;0;0;0;0;0;0;0;0;0;0;0;0;0
P8S2G:00097:01663_SUB_SUB;197;0;0;1;0;0;0;0;0;0;0;0;0;0;0;0;0;0;0;0;0;0;0;0;0;0;0;0;0;0;0;0;0;0;0;0;0;0;0;11;0;0;0;0;0;111;0;0;2;1;0;0;0;0;0;0;0;0;0;0;18;0;0;0;15;0;20;0;0;0;0;0;0;0;0;0;0;0;0;0;0;0;0;0;0;0;0;0;0;0;18
P8S2G:00342:01407_SUB_SUB;104;0;0;2;0;0;0;0;0;2;0;0;9;0;1;0;0;0;1;0;0;2;0;0;2;0;6;0;0;0;0;0;0;0;0;0;0;0;0;0;24;1;0;3;0;0;0;0;0;0;1;0;3;6;3;7;2;1;0;0;1;0;0;9;0;8;0;3;0;1;0;0;0;1;0;0;1;0;1;0;0;0;0;3;0;0;0;0;0;0;0
P8S2G:02018:06492_SUB_SUB;110;0;0;4;1;0;0;1;0;2;0;0;1;0;3;0;0;0;1;0;0;1;0;4;1;0;3;0;0;0;1;0;0;0;0;0;0;0;0;0;5;0;0;4;0;0;0;0;1;0;3;1;11;10;2;10;2;7;0;0;2;0;0;5;0;3;0;8;0;5;0;0;0;3;2;1;0;0;0;0;0;0;0;2;0;0;0;0;0;0;0
P8S2G:03256:00647_SUB_SUB;199;0;0;3;0;0;0;0;0;0;0;0;0;0;0;0;0;0;0;0;0;0;0;10;0;0;2;0;0;20;0;4;0;1;0;0;0;0;0;0;2;0;0;1;0;0;0;0;0;0;3;0;1;4;0;0;1;0;1;0;2;0;0;4;0;0;0;0;0;0;15;21;0;1;0;0;0;0;0;0;0;0;0;0;2;64;6;0;0;31;0
P8S2G:00332:03094_SUB_SUB;126;0;0;1;1;0;26;14;0;0;0;0;0;12;0;11;0;0;0;0;1;56;1;0;0;0;0;0;0;0;0;0;0;0;0;0;0;0;0;0;0;0;0;0;0;0;0;0;0;0;2;0;0;0;0;0;0;0;0;0;0;0;0;0;0;0;0;0;0;0;0;0;0;0;0;0;1;0;0;0;0;0;0;0;0;0;0;0;0;0;0
P8S2G:04461:00358_SUB_SUB;125;0;0;1;1;0;1;2;0;2;4;0;0;0;0;0;0;1;2;0;6;0;0;0;0;0;1;0;0;0;0;0;0;0;0;1;0;0;0;9;1;0;0;0;0;0;0;1;9;1;0;5;0;0;0;0;0;3;0;0;1;0;2;7;0;4;0;45;0;0;8;0;0;0;0;0;2;0;2;1;0;0;0;0;0;1;0;0;0;0;1
P8S2G:04021:01608_SUB_SUB;5278;0;0;1;0;1;0;0;0;1;0;0;0;0;0;0;0;0;0;0;0;8;0;23;9;0;0;0;0;0;92;0;38;0;0;127;0;0;0;0;9;0;0;5;0;0;0;0;0;0;0;5;45;1334;1436;462;464;0;0;0;2;0;0;19;0;0;0;0;0;74;0;5;0;476;381;160;49;0;16;0;0;36;0;0;0;0;0;0;0;0;0
P8S2G:04623:01608_SUB_SUB;2998;0;0;1;0;0;0;0;0;0;0;0;0;0;0;0;0;0;0;0;0;0;0;0;0;0;0;0;0;2;0;0;2978;9;0;0;0;0;0;0;0;0;3;0;0;0;0;0;0;0;0;0;0;0;0;0;0;0;0;0;0;0;0;0;0;0;0;0;0;0;0;0;0;0;0;0;0;0;0;0;0;0;0;0;0;0;0;0;5;0;0
P8S2G:04362:04926_SUB_SUB;909;0;0;1;0;108;0;0;0;0;0;0;0;0;0;0;0;0;0;800;0;0;0;0;0;0;0;0;0;0;0;0;0;0;0;0;0;0;0;0;0;0;0;0;0;0;0;0;0;0;0;0;0;0;0;0;0;0;0;0;0;0;0;0;0;0;0;0;0;0;0;0;0;0;0;0;0;0;0;0;0;0;0;0;0;0;0;0;0;0;0
P8S2G:03329:06055_SUB_SUB;121;0;0;1;3;0;0;0;0;2;0;0;0;0;0;0;0;0;1;0;1;0;0;0;0;0;0;0;0;0;3;0;0;0;0;2;0;0;0;3;1;0;0;0;0;0;0;1;0;0;0;1;0;1;1;0;1;0;0;0;0;0;2;0;0;1;0;3;0;0;91;0;0;0;0;0;1;0;0;1;0;0;0;0;0;0;0;0;0;0;0
P8S2G:02328:02843_SUB_SUB;112;0;0;2;3;0;0;1;0;4;0;0;14;0;1;0;0;0;0;0;0;1;0;4;2;0;1;0;0;0;0;0;0;0;0;0;0;0;0;1;23;1;0;0;0;0;0;0;0;0;2;0;2;4;13;4;3;0;0;0;1;0;0;6;0;7;0;0;0;1;0;0;0;0;0;0;5;0;1;0;0;0;0;5;0;0;0;0;0;0;0
P8S2G:04373:07262_SUB_SUB;120;0;0;1;0;0;0;0;0;0;119;0;0;0;0;0;0;0;0;0;0;0;0;0;0;0;0;0;0;0;0;0;0;0;0;0;0;0;0;0;0;0;0;0;0;0;0;0;0;0;0;0;0;0;0;0;0;0;0;0;0;0;0;0;0;0;0;0;0;0;0;0;0;0;0;0;0;0;0;0;0;0;0;0;0;0;0;0;0;0;0
P8S2G:02902:06989_SUB_SUB;212;0;0;2;0;0;0;0;0;0;0;0;0;0;0;0;0;0;0;0;0;0;0;4;1;0;0;0;0;0;0;0;0;0;3;0;0;0;0;4;0;0;0;0;0;167;0;0;0;0;0;0;0;0;0;0;0;0;6;0;5;0;0;0;2;0;3;0;0;0;13;0;0;0;0;0;1;0;0;0;0;0;0;0;0;0;1;0;0;0;0
P8S2G:01921:05667_SUB_SUB;129;0;0;1;0;1;0;1;0;2;0;0;5;0;0;0;0;0;1;0;0;3;0;4;4;0;5;0;0;1;2;0;0;0;0;0;0;0;0;3;7;0;0;1;0;0;0;0;0;0;0;2;6;15;4;19;2;1;0;0;2;0;0;10;1;5;0;7;0;3;0;0;0;3;1;2;2;0;0;0;0;0;0;2;1;0;0;0;0;0;0
P8S2G:01904:00836_SUB_SUB;157;0;0;1;0;1;0;0;0;5;0;0;0;0;0;0;0;0;0;1;0;0;0;0;0;0;0;0;0;0;0;1;0;0;0;0;0;0;0;0;0;0;0;0;0;0;0;0;0;0;0;0;0;0;0;1;0;0;0;0;0;0;0;0;0;0;0;0;0;0;10;0;134;2;0;0;0;0;0;1;0;0;0;0;0;0;0;0;0;0;0
P8S2G:00937:07060_SUB_SUB;215;0;0;1;0;0;0;0;0;0;0;0;0;0;0;0;0;0;0;0;0;0;0;3;0;0;0;0;0;0;0;0;0;0;1;0;0;0;0;4;0;0;0;2;0;177;0;0;0;0;0;0;0;0;1;0;0;0;0;0;5;0;0;0;0;0;2;0;0;0;17;0;0;0;0;0;1;0;0;0;0;0;0;0;0;0;0;0;0;0;1
P8S2G:04637:06987_SUB_SUB;100;0;0;0;1;0;0;0;0;0;0;0;0;0;0;0;0;0;5;0;0;0;0;0;0;0;0;0;0;0;0;0;0;0;0;0;0;0;0;0;0;0;0;0;0;0;0;0;0;0;0;0;5;49;23;5;4;0;0;0;0;0;0;0;0;0;0;0;0;0;0;0;0;0;4;4;0;0;0;0;0;0;0;0;0;0;0;0;0;0;0
P8S2G:00996:02496_SUB_SUB;40087;0;0;0;1;22;0;0;0;0;0;0;0;0;0;0;0;0;0;0;1;50;0;365;78;0;0;0;0;0;1019;0;346;0;0;1085;0;0;3;0;24;0;0;54;0;0;0;0;11;0;0;130;444;11943;6266;4255;3259;0;3;0;9;0;0;405;0;0;0;0;0;689;0;20;0;4169;2507;1755;534;0;276;1;1;362;0;0;0;0;0;0;0;0;0
P8S2G:02506:02584_SUB_SUB;114;0;0;0;1;0;0;0;0;9;0;0;93;0;0;0;7;0;3;1;0;0;0;0;0;0;0;0;0;0;0;0;0;0;0;0;0;0;0;0;0;0;0;0;0;0;0;0;0;0;0;0;0;0;0;0;0;0;0;0;0;0;0;0;0;0;0;0;0;0;0;0;0;0;0;0;0;0;0;0;0;0;0;0;0;0;0;0;0;0;0
P8S2G:01984:05355_SUB_SUB;107;0;0;0;1;0;0;0;0;2;2;0;0;0;0;0;0;0;1;1;0;0;0;0;0;2;0;0;0;0;4;0;0;1;0;2;0;0;0;2;0;0;0;0;0;0;0;0;0;0;0;1;0;2;0;0;3;0;0;0;0;0;21;2;0;1;0;0;0;0;59;0;0;0;0;0;0;0;0;0;0;0;0;0;0;0;0;0;0;0;0
P8S2G:03999:01190_SUB_SUB;3121;0;0;0;1;0;0;0;0;0;0;0;0;0;0;0;0;0;0;0;0;0;0;0;0;13;4;4;0;0;0;0;0;0;704;17;0;0;143;0;0;0;0;0;0;0;0;0;0;0;0;4;0;0;0;0;0;0;107;0;0;0;5;0;0;0;0;0;0;0;0;0;0;0;0;0;0;0;0;0;0;0;0;0;0;0;1;2081;0;37;0
P8S2G:01309:05390_SUB_SUB;811;0;0;0;1;0;0;0;0;0;0;0;0;0;0;0;0;0;0;0;0;0;0;19;1;0;0;0;0;0;0;0;0;0;8;0;0;0;0;9;0;0;0;8;0;626;0;0;1;0;0;0;0;0;1;0;0;0;33;0;24;0;0;0;1;0;7;0;0;0;60;0;0;0;0;1;6;0;2;0;0;0;0;0;1;0;1;0;0;0;1
P8S2G:01900:04717_SUB_SUB;105;0;0;0;1;0;0;0;0;0;0;0;0;0;0;0;0;0;0;0;0;0;0;0;0;0;0;0;0;0;0;0;0;0;0;0;0;0;0;0;0;0;0;0;0;0;0;0;0;0;0;0;0;2;0;0;0;17;0;0;0;0;0;0;0;0;0;85;0;0;0;0;0;0;0;0;0;0;0;0;0;0;0;0;0;0;0;0;0;0;0
P8S2G:03996:06979_SUB_SUB;591;0;0;0;0;46;0;0;0;0;0;0;0;0;0;0;0;0;0;7;0;0;0;0;0;0;0;0;0;0;0;0;0;0;0;0;0;0;0;0;0;0;0;0;0;0;0;0;0;0;0;0;0;0;0;0;0;0;0;0;0;0;0;0;0;0;0;0;0;0;0;0;0;0;0;0;0;0;0;0;0;538;0;0;0;0;0;0;0;0;0
P8S2G:04192:06732_SUB_SUB;323;0;0;0;0;75;0;248;0;0;0;0;0;0;0;0;0;0;0;0;0;0;0;0;0;0;0;0;0;0;0;0;0;0;0;0;0;0;0;0;0;0;0;0;0;0;0;0;0;0;0;0;0;0;0;0;0;0;0;0;0;0;0;0;0;0;0;0;0;0;0;0;0;0;0;0;0;0;0;0;0;0;0;0;0;0;0;0;0;0;0
P8S2G:04202:06793_SUB_SUB;118;0;0;0;0;70;0;0;0;0;0;0;0;0;0;0;0;0;0;0;0;0;0;0;0;0;0;0;0;0;0;48;0;0;0;0;0;0;0;0;0;0;0;0;0;0;0;0;0;0;0;0;0;0;0;0;0;0;0;0;0;0;0;0;0;0;0;0;0;0;0;0;0;0;0;0;0;0;0;0;0;0;0;0;0;0;0;0;0;0;0
P8S2G:04193:06988_SUB_SUB;121;0;0;0;0;121;0;0;0;0;0;0;0;0;0;0;0;0;0;0;0;0;0;0;0;0;0;0;0;0;0;0;0;0;0;0;0;0;0;0;0;0;0;0;0;0;0;0;0;0;0;0;0;0;0;0;0;0;0;0;0;0;0;0;0;0;0;0;0;0;0;0;0;0;0;0;0;0;0;0;0;0;0;0;0;0;0;0;0;0;0
P8S2G:04234:06805_SUB_SUB;16730;0;0;0;0;75;0;0;0;1;0;0;0;0;0;0;0;0;0;15;1;1;0;2027;57;402;0;0;1801;0;523;0;0;0;0;0;0;0;0;12;291;758;0;120;0;248;0;1;4;150;7899;19;1;36;0;10;2;0;2;0;33;0;0;220;1;0;1348;0;206;351;0;0;0;0;0;0;0;0;13;0;0;0;0;0;0;12;0;0;0;90;0
P8S2G:04341:07001_SUB_SUB;131;0;0;0;0;131;0;0;0;0;0;0;0;0;0;0;0;0;0;0;0;0;0;0;0;0;0;0;0;0;0;0;0;0;0;0;0;0;0;0;0;0;0;0;0;0;0;0;0;0;0;0;0;0;0;0;0;0;0;0;0;0;0;0;0;0;0;0;0;0;0;0;0;0;0;0;0;0;0;0;0;0;0;0;0;0;0;0;0;0;0
P8S2G:00669:05882_SUB_SUB;190;0;0;0;0;25;0;0;0;4;0;0;0;0;0;0;0;0;0;0;0;0;2;41;0;0;0;0;0;0;0;0;0;0;0;0;0;0;0;0;0;0;0;16;0;0;0;0;0;0;0;0;0;0;0;0;0;0;0;0;0;0;0;0;0;102;0;0;0;0;0;0;0;0;0;0;0;0;0;0;0;0;0;0;0;0;0;0;0;0;0
P8S2G:01165:05903_SUB_SUB;761;0;0;0;0;5;0;0;0;0;0;0;0;0;0;0;0;0;0;0;0;0;0;97;4;19;0;0;95;0;25;0;0;0;0;0;0;0;0;1;18;31;0;5;0;12;0;0;0;5;318;1;0;0;0;0;0;0;0;0;3;0;0;5;0;0;78;0;7;25;0;0;0;0;0;0;0;0;0;0;0;0;0;0;0;0;0;0;0;7;0
P8S2G:01213:05879_SUB_SUB;6607;0;0;0;0;11;0;0;0;0;0;0;160;0;0;0;0;0;0;0;0;0;0;0;0;0;0;0;0;0;0;0;0;0;6401;0;0;0;0;0;0;0;0;0;0;0;0;0;0;0;0;0;0;0;0;0;0;0;5;0;0;0;0;0;0;0;0;0;0;0;0;0;1;0;0;0;0;0;0;0;0;29;0;0;0;0;0;0;0;0;0
P8S2G:00397:02512_SUB_SUB;5813;0;0;0;0;29;0;0;0;0;0;0;0;0;0;0;0;0;0;0;0;0;0;0;50;0;0;0;0;0;0;0;0;0;0;0;0;0;0;0;0;0;0;0;870;0;266;0;5;0;0;0;0;7;19;0;2;0;109;0;0;0;4391;8;0;0;0;0;0;0;0;0;0;0;0;0;0;0;0;0;0;0;0;0;25;0;32;0;0;0;0
P8S2G:00510:02325_SUB_SUB;3541;0;0;0;0;3;0;0;0;0;0;0;0;0;0;0;0;0;0;0;0;3;0;21;28;0;0;0;0;30;276;0;246;9;0;27;0;0;0;4;0;0;0;49;0;32;0;0;0;0;4;0;18;247;221;416;80;0;57;0;0;127;0;0;0;0;0;8;0;298;572;2;0;163;506;66;0;0;1;0;0;0;0;15;0;1;0;0;0;11;0
P8S2G:00551:01996_SUB_SUB;247;0;0;0;0;3;0;0;0;0;0;0;0;0;0;0;0;0;0;0;0;0;0;5;25;0;0;0;0;0;6;0;0;0;0;0;0;0;0;0;0;0;0;46;0;0;0;0;0;0;0;0;1;51;25;9;16;0;9;0;0;0;0;0;0;0;0;3;0;21;12;0;0;4;5;6;0;0;0;0;0;0;0;0;0;0;0;0;0;0;0
P8S2G:00627:02163_SUB_SUB;107;0;0;0;0;11;1;0;0;0;0;0;0;0;0;0;0;0;0;95;0;0;0;0;0;0;0;0;0;0;0;0;0;0;0;0;0;0;0;0;0;0;0;0;0;0;0;0;0;0;0;0;0;0;0;0;0;0;0;0;0;0;0;0;0;0;0;0;0;0;0;0;0;0;0;0;0;0;0;0;0;0;0;0;0;0;0;0;0;0;0
P8S2G:00118:01250_SUB_SUB;132;0;0;0;0;1;0;0;0;0;0;0;0;0;0;0;0;0;0;0;0;0;0;2;0;0;0;0;0;0;26;0;10;0;0;0;0;0;0;0;1;0;0;1;0;1;0;0;0;0;0;0;2;11;7;12;3;0;4;0;0;0;0;0;0;0;0;0;0;7;12;0;0;6;24;2;0;0;0;0;0;0;0;0;0;0;0;0;0;0;0
P8S2G:00499:04859_SUB_SUB;1555;0;0;0;0;6;0;0;0;0;0;0;0;0;0;0;0;0;0;1;0;0;0;248;4;33;0;0;151;0;55;0;0;0;0;0;0;0;0;0;24;42;0;13;0;20;0;0;0;9;719;4;0;4;0;0;0;0;0;0;6;0;0;16;0;0;126;0;26;32;0;0;0;0;0;0;0;0;0;0;0;0;0;0;0;2;0;0;0;14;0
P8S2G:00121:06268_SUB_SUB;6818;0;0;0;0;7;0;0;0;0;0;0;0;0;0;0;0;0;0;0;0;6;0;68;87;0;0;0;0;29;316;0;503;7;0;59;0;0;0;4;5;0;0;178;0;140;0;1;0;0;11;0;30;1144;706;505;344;0;46;0;0;206;0;1;0;0;0;30;0;236;1158;1;0;299;438;191;0;0;1;0;0;0;0;49;0;5;0;0;0;7;0
P8S2G:00285:05969_SUB_SUB;180;0;0;0;0;15;0;0;0;0;0;0;0;0;0;0;0;0;0;0;0;0;0;0;0;0;0;0;0;0;0;149;0;0;0;0;0;0;0;0;0;0;0;0;0;0;0;0;0;0;0;0;0;0;0;0;0;0;0;0;0;0;0;0;0;0;0;0;0;0;0;1;0;15;0;0;0;0;0;0;0;0;0;0;0;0;0;0;0;0;0
P8S2G:00378:06184_SUB_SUB;288;0;0;0;0;1;0;0;0;0;0;0;0;0;0;0;0;0;0;0;0;0;0;0;0;0;0;0;0;0;0;0;0;4;0;0;0;0;0;0;0;0;0;0;0;0;0;0;0;0;0;27;0;0;0;0;0;0;0;0;0;0;0;232;0;0;0;0;0;7;0;17;0;0;0;0;0;0;0;0;0;0;0;0;0;0;0;0;0;0;0
P8S2G:03416:01485_SUB_SUB;1091;0;0;0;0;1;0;0;0;0;0;0;0;0;0;0;0;0;0;0;0;2;0;2;5;0;0;0;0;5;13;0;11;0;0;1;0;0;0;7;0;0;0;6;0;0;0;0;0;0;1;0;60;450;223;59;116;0;1;0;0;0;0;1;0;0;0;9;0;3;25;0;0;0;45;44;0;0;0;0;0;0;0;0;0;0;0;0;0;1;0
P8S2G:03458:01829_SUB_SUB;681;0;0;0;0;7;0;0;0;0;0;0;0;0;0;0;0;0;0;1;0;0;0;36;5;1;0;0;1;0;2;0;0;0;0;0;0;0;0;0;10;13;0;18;0;2;0;0;0;5;531;0;0;2;1;0;0;0;0;0;2;0;0;9;0;0;31;0;0;3;0;0;0;0;0;0;0;0;0;0;0;0;0;0;0;0;0;0;0;1;0
P8S2G:04743:01554_SUB_SUB;195;0;0;0;0;7;0;0;0;0;0;0;0;0;0;0;0;0;0;187;0;0;0;0;0;0;0;0;0;0;0;0;0;0;0;0;0;0;0;0;0;0;0;0;0;0;0;0;0;0;0;0;0;0;0;0;0;0;0;0;0;0;0;0;0;0;0;0;0;0;0;1;0;0;0;0;0;0;0;0;0;0;0;0;0;0;0;0;0;0;0
P8S2G:04892:01445_SUB_SUB;101;0;0;0;0;2;0;69;0;0;27;0;0;0;0;0;0;0;1;0;0;1;0;1;0;0;0;0;0;0;0;0;0;0;0;0;0;0;0;0;0;0;0;0;0;0;0;0;0;0;0;0;0;0;0;0;0;0;0;0;0;0;0;0;0;0;0;0;0;0;0;0;0;0;0;0;0;0;0;0;0;0;0;0;0;0;0;0;0;0;0
P8S2G:05265:01604_SUB_SUB;3278;0;0;0;0;3;0;0;0;0;0;0;0;0;0;0;0;0;0;0;0;4;0;43;48;0;0;0;0;12;220;0;273;5;0;34;0;0;0;9;3;0;0;70;0;69;0;0;1;0;6;0;23;479;232;261;127;0;20;0;0;143;0;1;2;0;0;29;0;148;537;1;0;177;150;99;0;0;0;0;2;0;0;37;0;0;0;0;2;8;0
P8S2G:00685:04175_SUB_SUB;1009;0;0;0;0;1;0;0;0;0;0;0;0;0;0;0;0;0;0;0;0;0;0;0;0;0;0;0;0;1;0;0;0;15;0;0;0;0;0;0;0;0;0;1;0;0;0;0;0;0;0;64;0;0;0;0;0;0;0;0;0;0;0;855;0;0;0;0;0;21;0;51;0;0;0;0;0;0;0;0;0;0;0;0;0;0;0;0;0;0;0
P8S2G:00944:02234_SUB_SUB;153;0;0;0;0;1;0;0;0;0;0;0;0;0;0;0;0;0;0;1;0;0;0;22;0;1;0;0;11;0;6;0;0;0;0;0;0;0;0;0;2;8;0;1;0;1;0;0;0;4;76;0;0;0;0;0;0;0;0;0;0;0;0;1;1;0;11;0;1;4;0;0;0;0;0;0;0;0;0;0;0;0;0;0;0;1;0;0;0;0;0
P8S2G:00964:02351_SUB_SUB;118;0;0;0;0;2;0;0;0;0;0;0;0;0;0;0;0;0;0;0;0;0;0;0;0;0;0;0;0;0;1;0;1;0;0;3;0;0;0;0;0;0;0;0;0;0;0;0;0;0;0;1;3;32;19;21;10;0;0;0;0;0;0;1;0;0;0;0;0;2;0;0;0;11;5;5;0;0;1;0;0;0;0;0;0;0;0;0;0;0;0
P8S2G:01279:03118_SUB_SUB;2992;0;0;0;0;2;0;0;0;0;0;0;0;0;0;0;0;0;0;0;0;0;0;0;0;0;0;0;0;0;0;0;0;0;0;0;0;0;0;0;0;0;0;0;0;0;0;0;0;0;0;0;0;0;0;0;0;0;0;0;0;0;0;0;0;0;0;0;0;0;0;2990;0;0;0;0;0;0;0;0;0;0;0;0;0;0;0;0;0;0;0
P8S2G:00700:00984_SUB_SUB;397;0;0;0;0;5;0;0;0;0;0;0;0;0;0;0;0;0;0;0;0;0;0;0;3;0;0;0;0;0;0;0;0;0;0;0;0;0;0;0;0;0;0;0;76;0;31;0;0;0;0;0;1;3;0;0;0;0;19;0;0;0;256;0;0;0;0;0;0;0;0;0;0;0;0;0;0;0;0;0;0;0;0;0;1;0;2;0;0;0;0
P8S2G:02836:02125_SUB_SUB;168;0;0;0;0;4;0;0;0;0;0;0;0;0;94;4;0;63;0;0;0;0;0;0;0;0;0;0;0;0;0;0;0;0;0;0;0;0;0;0;0;0;0;0;0;0;0;0;0;0;0;0;0;0;0;0;0;0;0;0;0;0;0;0;0;0;0;0;0;0;0;0;0;0;0;0;0;0;0;0;0;3;0;0;0;0;0;0;0;0;0
P8S2G:04930:06553_SUB_SUB;271;0;0;0;0;1;0;0;0;0;0;0;4;0;0;0;0;0;0;0;0;0;0;0;0;0;0;0;0;0;0;0;0;0;265;0;0;0;0;0;0;0;0;0;0;0;0;0;0;0;0;0;0;0;0;0;0;0;0;0;0;0;0;0;0;0;0;0;0;0;0;0;0;0;0;0;0;0;0;0;0;1;0;0;0;0;0;0;0;0;0
P8S2G:05087:05550_SUB_SUB;285;0;0;0;0;3;0;0;0;0;0;0;0;0;0;0;0;0;0;0;0;0;0;2;37;0;0;0;0;2;4;0;4;0;0;0;0;0;0;0;0;0;0;42;0;0;0;0;0;0;2;0;1;44;48;16;31;0;2;0;0;0;0;0;0;0;0;0;0;8;12;0;0;6;11;9;0;0;0;0;0;0;0;0;0;1;0;0;0;0;0
P8S2G:05226:05217_SUB_SUB;6061;0;0;0;0;5;0;0;0;0;0;0;0;0;0;0;0;0;0;0;0;0;0;0;0;0;0;0;0;3;0;0;0;60;0;0;0;0;0;0;0;0;0;2;0;0;0;0;1;0;0;392;0;0;0;0;0;0;0;0;0;0;0;5286;0;0;0;0;0;123;0;189;0;0;0;0;0;0;0;0;0;0;0;0;0;0;0;0;0;0;0
P8S2G:02883:03734_SUB_SUB;914;0;0;0;0;1;89;61;0;270;0;0;0;97;5;0;0;0;281;21;0;51;38;0;0;0;0;0;0;0;0;0;0;0;0;0;0;0;0;0;0;0;0;0;0;0;0;0;0;0;0;0;0;0;0;0;0;0;0;0;0;0;0;0;0;0;0;0;0;0;0;0;0;0;0;0;0;0;0;0;0;0;0;0;0;0;0;0;0;0;0
P8S2G:02940:03304_SUB_SUB;113;0;0;0;0;1;0;0;0;0;0;0;0;0;0;0;0;0;0;0;0;0;0;0;0;0;0;0;0;0;0;0;0;0;0;0;0;0;0;1;0;0;0;1;0;0;0;0;0;0;0;0;0;0;0;0;0;0;0;0;0;0;0;0;0;0;0;0;0;0;107;0;0;0;0;0;0;0;3;0;0;0;0;0;0;0;0;0;0;0;0
P8S2G:03131:03533_SUB_SUB;7170;0;0;0;0;3;0;0;0;0;0;0;20;0;0;0;0;0;0;20;0;0;0;2;0;1125;571;1;2349;12;0;126;0;321;19;53;5;0;31;0;464;0;102;14;0;0;252;49;21;61;0;43;0;1;0;9;1;5;1;0;47;0;19;32;389;0;0;0;0;0;0;1;20;0;0;0;0;0;0;0;0;0;0;314;0;41;3;169;9;62;383
P8S2G:03730:06726_SUB_SUB;440;0;0;0;0;2;0;0;0;0;0;0;0;0;0;0;0;0;0;0;0;0;0;47;1;14;0;0;39;0;7;0;0;0;0;0;0;0;0;0;8;21;0;2;0;4;0;0;0;4;216;0;0;1;0;0;0;0;0;0;3;0;0;3;0;0;51;0;0;14;0;0;0;0;0;0;0;0;0;0;0;0;0;0;0;0;0;0;0;3;0
P8S2G:03628:00803_SUB_SUB;475;0;0;0;0;1;0;0;0;0;0;0;0;0;0;0;0;0;0;0;0;0;0;2;1;0;0;0;0;0;18;0;2;0;0;13;0;0;0;0;1;0;0;0;0;0;0;0;0;0;0;2;1;152;62;53;44;0;0;0;0;0;0;2;0;0;0;0;0;10;0;1;0;43;45;15;1;0;1;0;0;5;0;0;0;0;0;0;0;0;0
P8S2G:03388:02385_SUB_SUB;641;0;0;0;0;4;0;0;0;0;0;0;26;0;0;0;0;0;0;0;0;0;0;0;0;0;0;0;0;0;0;0;0;0;601;0;0;0;0;0;0;0;0;0;0;0;0;0;0;0;0;0;0;0;0;0;0;0;6;0;0;0;0;0;0;0;0;0;0;0;0;0;0;0;0;0;0;0;0;0;0;4;0;0;0;0;0;0;0;0;0
P8S2G:03389:04577_SUB_SUB;159;0;0;0;0;2;0;0;0;0;0;0;0;0;0;0;0;0;0;1;0;0;0;22;0;3;0;0;14;0;3;0;0;0;0;0;0;0;0;0;3;3;0;2;0;3;0;0;0;2;80;0;0;0;0;0;0;0;0;0;1;0;0;1;0;0;14;0;1;4;0;0;0;0;0;0;0;0;0;0;0;0;0;0;0;0;0;0;0;0;0
P8S2G:03863:03912_SUB_SUB;1444;0;0;0;0;2;0;0;0;0;0;0;0;0;0;0;0;0;0;0;0;6;0;6;136;0;0;0;0;1;10;0;3;0;0;1;0;0;0;4;2;0;0;205;0;0;0;0;0;0;10;0;5;372;254;95;131;0;12;0;0;0;0;0;0;0;0;5;0;45;19;0;0;22;41;52;0;0;1;0;0;0;0;0;0;4;0;0;0;0;0
P8S2G:03405:05747_SUB_SUB;218;0;0;0;0;1;0;0;0;0;0;0;0;0;0;0;0;0;0;0;0;0;0;18;2;10;0;0;24;0;7;0;0;0;0;0;0;0;0;0;2;8;0;2;0;6;0;0;0;1;101;0;0;0;0;0;0;0;0;0;1;0;0;2;0;0;23;0;6;4;0;0;0;0;0;0;0;0;0;0;0;0;0;0;0;0;0;0;0;0;0
P8S2G:00208:01371_SUB_SUB;714;0;0;0;0;2;47;0;0;4;0;0;0;0;0;0;0;0;204;0;0;71;35;0;5;0;0;0;0;0;0;0;0;0;0;0;0;0;0;0;0;0;0;16;0;0;0;0;0;0;193;0;1;49;2;13;0;0;0;0;0;0;0;0;0;0;0;0;0;0;0;0;0;0;0;2;0;0;70;0;0;0;0;0;0;0;0;0;0;0;0
P8S2G:02996:01263_SUB_SUB;706;0;0;0;0;3;0;0;0;0;0;0;0;0;0;0;0;0;0;1;0;0;0;85;0;19;0;0;65;0;16;0;0;0;0;0;0;0;0;2;15;36;0;2;0;14;0;0;0;11;328;1;0;3;0;1;0;0;0;0;3;0;0;13;0;0;62;0;11;13;0;0;0;0;0;0;0;0;0;0;0;0;0;0;0;0;0;0;0;2;0
P8S2G:03122:00883_SUB_SUB;345;0;0;0;0;3;0;0;0;0;0;0;0;0;0;0;0;0;0;0;0;0;0;38;4;13;0;0;33;0;5;0;0;0;0;0;0;0;0;0;7;10;0;0;0;2;0;0;0;0;190;0;0;0;0;2;0;0;0;0;1;0;0;3;0;0;18;0;4;10;0;0;0;0;0;0;0;0;0;0;0;0;0;0;0;1;0;0;0;1;0
P8S2G:03265:01086_SUB_SUB;221;0;0;0;0;2;0;0;0;0;0;0;0;0;0;0;0;0;0;2;0;0;0;26;0;6;0;0;22;0;5;0;0;0;0;0;0;0;0;1;2;11;0;0;0;4;0;0;0;2;113;1;0;0;0;0;0;0;0;0;1;0;0;1;0;0;16;0;2;4;0;0;0;0;0;0;0;0;0;0;0;0;0;0;0;0;0;0;0;0;0
P8S2G:03992:00300_SUB_SUB;328;0;0;0;0;1;1;0;0;0;0;0;0;0;0;0;0;0;0;0;0;0;0;2;1;0;8;0;0;0;17;0;20;0;0;27;0;0;0;2;10;0;0;0;0;6;0;0;3;0;1;0;4;7;2;0;0;0;0;0;0;0;0;0;2;124;0;4;0;1;62;19;0;0;0;0;0;0;2;0;0;0;0;0;0;0;0;0;0;0;2
P8S2G:04249:00449_SUB_SUB;248;0;0;0;0;1;0;0;0;0;0;0;0;0;0;0;0;0;0;0;0;0;0;0;6;0;0;0;0;4;13;0;15;0;0;0;0;0;0;1;0;0;0;8;0;5;0;0;0;0;0;0;0;38;22;15;14;0;2;0;0;7;0;0;0;0;0;1;0;9;55;0;0;7;12;9;0;0;0;0;0;0;0;2;0;0;0;0;0;2;0
P8S2G:03994:03494_SUB_SUB;372;0;0;0;0;1;0;0;0;0;0;0;0;0;0;0;0;0;0;0;0;0;0;4;6;0;0;0;0;1;28;0;27;0;0;5;0;0;0;0;0;0;0;13;0;6;0;0;0;0;0;0;2;43;41;32;15;0;4;0;0;9;0;0;0;0;0;2;0;13;44;0;0;29;35;8;0;0;0;0;0;0;0;1;0;1;0;0;0;2;0
P8S2G:04484:03827_SUB_SUB;708;0;0;0;0;1;0;0;0;0;0;0;20;0;0;0;0;0;0;0;0;0;0;0;0;0;0;0;0;0;0;0;0;0;681;0;0;0;0;0;0;0;0;0;0;0;0;0;0;0;0;0;0;0;0;0;0;0;0;0;0;0;0;0;0;0;0;0;0;0;0;0;0;0;0;0;0;0;0;0;0;6;0;0;0;0;0;0;0;0;0
P8S2G:04644:04570_SUB_SUB;412;0;0;0;0;3;0;0;0;0;0;0;0;0;0;0;0;0;0;0;0;0;0;0;3;0;0;0;0;0;0;0;0;0;0;0;0;0;0;0;0;0;0;0;37;0;3;0;0;0;0;0;0;1;2;0;1;0;2;0;0;0;360;0;0;0;0;0;0;0;0;0;0;0;0;0;0;0;0;0;0;0;0;0;0;0;0;0;0;0;0
P8S2G:00387:05485_SUB_SUB;159;0;0;0;0;2;0;0;0;0;0;0;0;0;0;0;0;0;0;0;0;0;0;0;1;0;0;0;0;0;0;0;0;0;0;0;0;0;0;0;0;0;0;0;35;0;8;0;0;0;0;0;0;0;0;0;0;0;3;0;0;0;110;0;0;0;0;0;0;0;0;0;0;0;0;0;0;0;0;0;0;0;0;0;0;0;0;0;0;0;0
P8S2G:02002:06159_SUB_SUB;177;0;0;0;0;2;0;0;0;0;0;0;175;0;0;0;0;0;0;0;0;0;0;0;0;0;0;0;0;0;0;0;0;0;0;0;0;0;0;0;0;0;0;0;0;0;0;0;0;0;0;0;0;0;0;0;0;0;0;0;0;0;0;0;0;0;0;0;0;0;0;0;0;0;0;0;0;0;0;0;0;0;0;0;0;0;0;0;0;0;0
P8S2G:02544:05468_SUB_SUB;2103;0;0;0;0;2;0;0;0;0;0;0;0;0;0;0;0;0;0;0;0;2;0;0;0;0;0;0;0;0;0;0;0;0;0;0;0;0;0;0;0;0;0;0;0;0;0;0;0;0;0;0;431;855;327;182;86;0;0;0;0;0;0;0;0;0;0;0;0;0;0;0;0;0;115;103;0;0;0;0;0;0;0;0;0;0;0;0;0;0;0
P8S2G:03168:00350_SUB_SUB;176;0;0;0;0;2;0;0;0;0;0;0;0;0;142;0;0;30;0;1;0;0;0;0;0;0;0;0;0;0;0;0;0;0;0;0;0;0;0;0;0;0;0;0;0;0;0;0;0;0;0;0;0;0;0;0;0;0;0;0;0;0;0;0;0;0;0;0;0;0;0;0;0;0;0;0;0;0;0;0;0;1;0;0;0;0;0;0;0;0;0
P8S2G:04597:05622_SUB_SUB;129;0;0;0;0;1;0;0;0;73;0;0;0;0;0;0;0;0;53;0;0;0;0;0;0;0;0;0;0;0;0;0;0;0;0;0;0;0;0;0;0;0;0;1;0;0;0;0;0;0;0;0;0;0;0;0;0;0;0;0;0;0;0;0;0;0;0;0;0;0;0;0;0;0;0;0;1;0;0;0;0;0;0;0;0;0;0;0;0;0;0
P8S2G:00717:05255_SUB_SUB;1235;0;0;0;0;1;0;0;0;662;0;0;0;0;0;0;0;0;538;14;0;0;9;0;0;0;0;0;0;0;0;0;0;0;0;0;0;0;0;0;0;0;0;0;0;0;0;0;0;0;0;0;0;0;0;2;0;0;0;0;1;0;0;0;0;0;0;0;0;0;0;0;0;0;0;0;8;0;0;0;0;0;0;0;0;0;0;0;0;0;0
P8S2G:01078:06451_SUB_SUB;1947;0;0;0;0;1;0;0;0;0;0;0;0;0;0;0;0;0;0;0;0;1;0;6;56;0;0;0;0;16;71;0;115;4;0;18;0;0;0;2;2;0;0;55;0;31;0;0;0;0;1;0;7;156;233;168;66;0;13;0;0;60;0;0;0;0;0;5;0;51;549;0;0;71;132;49;0;0;0;0;0;0;0;7;0;0;0;0;1;0;0
P8S2G:04917:02654_SUB_SUB;126;0;0;0;0;1;3;3;0;0;0;0;0;5;3;0;89;0;1;0;2;4;0;0;1;0;0;0;0;0;0;0;0;0;0;0;0;0;0;0;0;0;0;2;0;0;0;0;0;0;1;0;0;0;0;0;0;0;0;0;8;0;0;1;0;0;0;0;0;1;0;0;0;0;0;0;1;0;0;0;0;0;0;0;0;0;0;0;0;0;0
P8S2G:01882:01589_SUB_SUB;269;0;0;0;0;1;0;0;0;0;0;0;0;0;0;0;0;0;0;0;0;0;0;2;8;0;0;0;0;1;8;0;21;2;0;1;0;0;0;2;0;0;0;12;0;3;0;0;0;0;0;0;0;39;41;20;21;0;2;0;0;6;0;0;0;0;0;0;0;9;31;0;0;6;13;16;0;0;0;0;0;0;0;4;0;0;0;0;0;0;0
P8S2G:02810:03956_SUB_SUB;678;0;0;0;0;1;0;0;0;0;0;0;61;0;0;0;0;0;0;0;0;0;0;0;0;0;0;0;0;0;0;0;0;0;587;0;0;0;0;0;0;0;0;0;0;0;0;0;0;0;0;0;0;0;0;0;0;0;2;0;0;0;0;0;0;0;0;0;0;0;0;0;0;0;0;0;0;0;0;0;0;27;0;0;0;0;0;0;0;0;0
P8S2G:02825:04267_SUB_SUB;144;0;0;0;0;1;0;0;0;0;0;0;0;0;0;0;0;0;0;0;0;0;0;0;0;0;0;0;0;0;0;0;0;0;0;0;0;0;0;0;0;0;0;0;0;0;0;0;0;0;0;12;0;0;0;0;0;0;0;0;0;0;0;124;0;0;0;0;0;7;0;0;0;0;0;0;0;0;0;0;0;0;0;0;0;0;0;0;0;0;0
P8S2G:02128:00298_SUB_SUB;210;0;0;0;0;1;0;0;0;0;0;0;0;0;0;0;0;0;0;0;0;0;0;31;1;7;0;0;24;0;7;0;0;0;0;0;0;0;0;1;2;10;0;3;0;3;0;0;0;3;103;0;0;0;0;0;0;0;0;0;1;0;0;3;0;0;4;0;0;6;0;0;0;0;0;0;0;0;0;0;0;0;0;0;0;0;0;0;0;0;0
P8S2G:04037:06818_SUB_SUB;158;0;0;0;0;0;3;6;0;79;0;0;0;8;3;0;0;0;40;8;1;5;5;0;0;0;0;0;0;0;0;0;0;0;0;0;0;0;0;0;0;0;0;0;0;0;0;0;0;0;0;0;0;0;0;0;0;0;0;0;0;0;0;0;0;0;0;0;0;0;0;0;0;0;0;0;0;0;0;0;0;0;0;0;0;0;0;0;0;0;0
P8S2G:04359:06825_SUB_SUB;1342;0;0;0;0;0;93;54;0;476;0;0;0;135;9;0;0;0;395;28;0;100;50;0;0;0;0;0;0;0;0;0;0;0;0;0;0;0;0;0;0;0;0;0;0;0;0;0;0;0;0;0;0;2;0;0;0;0;0;0;0;0;0;0;0;0;0;0;0;0;0;0;0;0;0;0;0;0;0;0;0;0;0;0;0;0;0;0;0;0;0
P8S2G:04423:06418_SUB_SUB;1722;0;0;0;0;0;179;96;0;532;0;0;0;183;16;0;0;0;475;39;0;124;77;0;0;0;0;0;0;0;0;0;0;0;0;0;0;0;0;0;0;0;0;0;0;0;0;0;0;0;0;0;0;1;0;0;0;0;0;0;0;0;0;0;0;0;0;0;0;0;0;0;0;0;0;0;0;0;0;0;0;0;0;0;0;0;0;0;0;0;0
P8S2G:04558:07017_SUB_SUB;207;0;0;0;0;0;8;0;0;12;0;0;0;0;0;0;0;0;58;5;0;15;27;0;0;0;0;0;0;0;0;0;0;0;0;0;0;0;0;0;0;0;0;2;0;0;0;0;0;0;44;0;0;9;1;2;0;1;0;0;0;0;0;0;0;0;0;0;0;0;0;0;0;0;0;0;0;0;23;0;0;0;0;0;0;0;0;0;0;0;0
P8S2G:00758:06085_SUB_SUB;115;0;0;0;0;0;3;7;0;48;0;0;0;8;1;0;0;0;35;3;0;6;4;0;0;0;0;0;0;0;0;0;0;0;0;0;0;0;0;0;0;0;0;0;0;0;0;0;0;0;0;0;0;0;0;0;0;0;0;0;0;0;0;0;0;0;0;0;0;0;0;0;0;0;0;0;0;0;0;0;0;0;0;0;0;0;0;0;0;0;0
P8S2G:01072:05942_SUB_SUB;287;0;0;0;0;0;48;0;0;0;0;0;0;0;146;0;0;0;0;0;0;0;0;0;0;0;0;0;0;0;0;0;0;0;0;0;0;0;0;0;54;0;0;0;0;0;0;0;0;0;0;0;2;15;0;6;6;0;0;0;0;0;0;0;0;0;0;0;0;0;0;0;0;0;6;4;0;0;0;0;0;0;0;0;0;0;0;0;0;0;0
P8S2G:01092:06292_SUB_SUB;207;0;0;0;0;0;41;28;0;13;0;0;0;28;2;0;0;0;1;1;0;83;9;0;0;0;0;0;0;0;0;0;0;0;0;0;0;0;0;0;0;0;0;0;0;0;0;0;0;0;0;0;0;0;0;0;0;0;0;0;0;0;0;0;0;0;0;0;0;0;0;1;0;0;0;0;0;0;0;0;0;0;0;0;0;0;0;0;0;0;0
P8S2G:01231:05792_SUB_SUB;608;0;0;0;0;0;42;34;0;186;0;0;0;45;11;0;0;0;198;21;0;45;25;0;0;0;0;0;0;0;0;0;0;0;0;0;0;0;0;0;0;0;0;0;0;0;0;0;0;0;0;0;0;0;0;0;0;0;0;0;0;0;0;0;0;0;0;0;0;0;0;1;0;0;0;0;0;0;0;0;0;0;0;0;0;0;0;0;0;0;0
P8S2G:00101:02454_SUB_SUB;160;0;0;0;0;0;21;12;0;48;0;0;0;9;2;0;0;0;48;6;0;10;4;0;0;0;0;0;0;0;0;0;0;0;0;0;0;0;0;0;0;0;0;0;0;0;0;0;0;0;0;0;0;0;0;0;0;0;0;0;0;0;0;0;0;0;0;0;0;0;0;0;0;0;0;0;0;0;0;0;0;0;0;0;0;0;0;0;0;0;0
P8S2G:00169:02140_SUB_SUB;420;0;0;0;0;0;42;27;0;110;0;0;0;52;3;0;0;0;142;7;0;26;11;0;0;0;0;0;0;0;0;0;0;0;0;0;0;0;0;0;0;0;0;0;0;0;0;0;0;0;0;0;0;0;0;0;0;0;0;0;0;0;0;0;0;0;0;0;0;0;0;0;0;0;0;0;0;0;0;0;0;0;0;0;0;0;0;0;0;0;0
P8S2G:00340:02557_SUB_SUB;135;0;0;0;0;0;14;41;0;0;15;0;0;3;4;0;19;17;0;0;16;6;0;0;0;0;0;0;0;0;0;0;0;0;0;0;0;0;0;0;0;0;0;0;0;0;0;0;0;0;0;0;0;0;0;0;0;0;0;0;0;0;0;0;0;0;0;0;0;0;0;0;0;0;0;0;0;0;0;0;0;0;0;0;0;0;0;0;0;0;0
P8S2G:00385:01995_SUB_SUB;112;0;0;0;0;0;3;30;0;0;4;0;0;0;0;50;0;10;0;0;4;4;0;0;0;0;0;0;0;0;0;0;1;0;0;1;0;0;0;0;4;0;0;0;0;0;0;0;0;0;0;0;0;0;0;0;0;0;0;0;0;0;0;0;0;0;0;0;0;0;0;0;0;1;0;0;0;0;0;0;0;0;0;0;0;0;0;0;0;0;0
P8S2G:00086:01253_SUB_SUB;195;0;0;0;0;0;9;4;0;91;0;0;0;18;0;0;0;0;53;8;1;3;8;0;0;0;0;0;0;0;0;0;0;0;0;0;0;0;0;0;0;0;0;0;0;0;0;0;0;0;0;0;0;0;0;0;0;0;0;0;0;0;0;0;0;0;0;0;0;0;0;0;0;0;0;0;0;0;0;0;0;0;0;0;0;0;0;0;0;0;0
P8S2G:00479:00941_SUB_SUB;1317;0;0;0;0;0;103;82;0;414;0;0;0;120;11;0;0;0;413;29;0;100;44;0;0;0;0;0;0;0;0;0;0;0;0;0;0;0;0;0;0;0;0;0;0;0;0;0;0;0;0;0;0;1;0;0;0;0;0;0;0;0;0;0;0;0;0;0;0;0;0;0;0;0;0;0;0;0;0;0;0;0;0;0;0;0;0;0;0;0;0
P8S2G:00337:04582_SUB_SUB;122;0;0;0;0;0;6;8;0;32;0;0;0;26;1;0;0;0;32;1;0;10;6;0;0;0;0;0;0;0;0;0;0;0;0;0;0;0;0;0;0;0;0;0;0;0;0;0;0;0;0;0;0;0;0;0;0;0;0;0;0;0;0;0;0;0;0;0;0;0;0;0;0;0;0;0;0;0;0;0;0;0;0;0;0;0;0;0;0;0;0
P8S2G:00518:04974_SUB_SUB;177;0;0;0;0;0;13;15;0;55;0;0;0;12;1;0;0;0;56;6;0;13;6;0;0;0;0;0;0;0;0;0;0;0;0;0;0;0;0;0;0;0;0;0;0;0;0;0;0;0;0;0;0;0;0;0;0;0;0;0;0;0;0;0;0;0;0;0;0;0;0;0;0;0;0;0;0;0;0;0;0;0;0;0;0;0;0;0;0;0;0
P8S2G:00363:06338_SUB_SUB;210;0;0;0;0;0;16;45;0;0;0;0;0;23;15;0;23;3;0;0;9;16;0;0;0;2;0;0;0;0;0;0;0;0;0;3;0;0;0;0;2;0;0;0;0;0;0;0;0;0;0;0;0;0;0;0;0;0;0;0;0;0;0;0;0;53;0;0;0;0;0;0;0;0;0;0;0;0;0;0;0;0;0;0;0;0;0;0;0;0;0
P8S2G:03331:01581_SUB_SUB;203;0;0;0;0;0;22;11;0;68;0;0;0;13;0;0;0;0;63;4;0;13;9;0;0;0;0;0;0;0;0;0;0;0;0;0;0;0;0;0;0;0;0;0;0;0;0;0;0;0;0;0;0;0;0;0;0;0;0;0;0;0;0;0;0;0;0;0;0;0;0;0;0;0;0;0;0;0;0;0;0;0;0;0;0;0;0;0;0;0;0
P8S2G:03505:01546_SUB_SUB;468;0;0;0;0;0;41;26;0;158;0;0;0;37;3;0;0;0;136;7;0;40;19;0;0;0;0;0;0;0;0;0;0;0;0;0;1;0;0;0;0;0;0;0;0;0;0;0;0;0;0;0;0;0;0;0;0;0;0;0;0;0;0;0;0;0;0;0;0;0;0;0;0;0;0;0;0;0;0;0;0;0;0;0;0;0;0;0;0;0;0
P8S2G:03838:01427_SUB_SUB;100;0;0;0;0;0;5;6;0;45;0;0;0;9;0;0;0;0;28;1;0;1;4;0;0;0;0;0;0;0;0;0;0;0;0;0;0;0;0;0;0;0;0;0;0;0;0;0;0;0;0;0;0;0;0;0;0;0;0;0;0;0;0;0;0;0;0;0;0;0;0;0;0;1;0;0;0;0;0;0;0;0;0;0;0;0;0;0;0;0;0
P8S2G:00159:06468_SUB_SUB;118;0;0;0;0;0;4;35;0;0;0;0;0;3;3;17;53;0;0;0;0;3;0;0;0;0;0;0;0;0;0;0;0;0;0;0;0;0;0;0;0;0;0;0;0;0;0;0;0;0;0;0;0;0;0;0;0;0;0;0;0;0;0;0;0;0;0;0;0;0;0;0;0;0;0;0;0;0;0;0;0;0;0;0;0;0;0;0;0;0;0
P8S2G:04810:02067_SUB_SUB;144;0;0;0;0;0;3;15;0;0;100;0;0;1;0;0;0;0;1;0;21;3;0;0;0;0;0;0;0;0;0;0;0;0;0;0;0;0;0;0;0;0;0;0;0;0;0;0;0;0;0;0;0;0;0;0;0;0;0;0;0;0;0;0;0;0;0;0;0;0;0;0;0;0;0;0;0;0;0;0;0;0;0;0;0;0;0;0;0;0;0
P8S2G:02681:02524_SUB_SUB;107;0;0;0;0;0;2;5;0;0;96;0;0;0;0;3;0;0;0;0;1;0;0;0;0;0;0;0;0;0;0;0;0;0;0;0;0;0;0;0;0;0;0;0;0;0;0;0;0;0;0;0;0;0;0;0;0;0;0;0;0;0;0;0;0;0;0;0;0;0;0;0;0;0;0;0;0;0;0;0;0;0;0;0;0;0;0;0;0;0;0
P8S2G:03567:02329_SUB_SUB;152;0;0;0;0;0;8;3;0;68;0;0;0;11;0;0;0;0;43;8;0;3;8;0;0;0;0;0;0;0;0;0;0;0;0;0;0;0;0;0;0;0;0;0;0;0;0;0;0;0;0;0;0;0;0;0;0;0;0;0;0;0;0;0;0;0;0;0;0;0;0;0;0;0;0;0;0;0;0;0;0;0;0;0;0;0;0;0;0;0;0
P8S2G:02833:06046_SUB_SUB;100;0;0;0;0;0;1;4;0;0;0;0;0;1;0;0;1;0;0;0;0;2;0;0;0;1;1;0;0;0;2;0;0;0;0;3;0;0;0;0;0;0;0;0;0;0;0;4;0;0;0;0;0;0;0;0;0;0;1;0;0;0;0;0;0;40;0;0;0;0;32;0;0;0;0;0;5;0;0;1;1;0;0;0;0;0;0;0;0;0;0
P8S2G:04047:06848_SUB_SUB;158;0;0;0;0;0;0;116;0;0;0;0;0;0;0;0;0;0;0;0;0;0;23;0;19;0;0;0;0;0;0;0;0;0;0;0;0;0;0;0;0;0;0;0;0;0;0;0;0;0;0;0;0;0;0;0;0;0;0;0;0;0;0;0;0;0;0;0;0;0;0;0;0;0;0;0;0;0;0;0;0;0;0;0;0;0;0;0;0;0;0
P8S2G:04137:06839_SUB_SUB;280;0;0;0;0;0;0;192;0;6;0;0;0;0;0;0;0;0;0;0;77;0;5;0;0;0;0;0;0;0;0;0;0;0;0;0;0;0;0;0;0;0;0;0;0;0;0;0;0;0;0;0;0;0;0;0;0;0;0;0;0;0;0;0;0;0;0;0;0;0;0;0;0;0;0;0;0;0;0;0;0;0;0;0;0;0;0;0;0;0;0
P8S2G:04288:06919_SUB_SUB;118;0;0;0;0;0;0;67;0;0;0;0;0;0;0;0;0;0;0;0;0;0;0;7;0;0;0;0;0;0;0;0;44;0;0;0;0;0;0;0;0;0;0;0;0;0;0;0;0;0;0;0;0;0;0;0;0;0;0;0;0;0;0;0;0;0;0;0;0;0;0;0;0;0;0;0;0;0;0;0;0;0;0;0;0;0;0;0;0;0;0
P8S2G:04432:06591_SUB_SUB;165;0;0;0;0;0;0;165;0;0;0;0;0;0;0;0;0;0;0;0;0;0;0;0;0;0;0;0;0;0;0;0;0;0;0;0;0;0;0;0;0;0;0;0;0;0;0;0;0;0;0;0;0;0;0;0;0;0;0;0;0;0;0;0;0;0;0;0;0;0;0;0;0;0;0;0;0;0;0;0;0;0;0;0;0;0;0;0;0;0;0
P8S2G:04543:06723_SUB_SUB;125;0;0;0;0;0;0;9;0;0;0;0;0;0;3;0;0;0;0;0;0;14;0;0;0;0;0;0;0;0;2;0;0;0;0;0;0;0;0;0;2;39;0;0;0;0;0;0;0;0;3;0;0;0;1;2;0;0;0;0;0;0;0;0;0;8;2;0;0;2;0;0;0;38;0;0;0;0;0;0;0;0;0;0;0;0;0;0;0;0;0
P8S2G:01151:06173_SUB_SUB;105;0;0;0;0;0;0;63;0;0;0;0;0;0;0;0;0;0;0;0;0;0;0;11;0;0;0;0;0;0;0;0;31;0;0;0;0;0;0;0;0;0;0;0;0;0;0;0;0;0;0;0;0;0;0;0;0;0;0;0;0;0;0;0;0;0;0;0;0;0;0;0;0;0;0;0;0;0;0;0;0;0;0;0;0;0;0;0;0;0;0
P8S2G:01179:06197_SUB_SUB;190;0;0;0;0;0;0;151;0;0;0;0;0;0;0;0;0;0;0;0;0;0;0;5;0;0;0;0;0;0;0;0;34;0;0;0;0;0;0;0;0;0;0;0;0;0;0;0;0;0;0;0;0;0;0;0;0;0;0;0;0;0;0;0;0;0;0;0;0;0;0;0;0;0;0;0;0;0;0;0;0;0;0;0;0;0;0;0;0;0;0
P8S2G:00258:01111_SUB_SUB;106;0;0;0;0;0;0;68;0;0;0;0;0;0;0;0;0;0;0;0;0;0;0;2;0;0;0;0;0;0;0;0;36;0;0;0;0;0;0;0;0;0;0;0;0;0;0;0;0;0;0;0;0;0;0;0;0;0;0;0;0;0;0;0;0;0;0;0;0;0;0;0;0;0;0;0;0;0;0;0;0;0;0;0;0;0;0;0;0;0;0
P8S2G:00754:01636_SUB_SUB;241;0;0;0;0;0;0;14;0;0;0;0;0;0;23;0;0;0;0;0;0;14;0;0;0;0;7;0;0;0;5;0;0;0;0;0;0;0;0;0;0;14;0;0;0;0;0;0;0;0;0;0;0;0;0;0;0;0;0;0;0;0;0;0;0;24;2;1;0;12;0;1;0;122;0;0;1;0;0;0;0;0;0;1;0;0;0;0;0;0;0
P8S2G:00811:00972_SUB_SUB;327;0;0;0;0;0;0;10;0;0;0;0;0;0;0;0;0;0;0;0;0;0;0;0;0;0;12;0;0;0;3;0;0;0;0;20;0;0;0;4;2;0;0;0;0;0;0;0;0;0;0;1;0;0;0;0;0;0;0;0;0;0;0;2;3;247;0;0;0;0;23;0;0;0;0;0;0;0;0;0;0;0;0;0;0;0;0;0;0;0;0
P8S2G:04647:04059_SUB_SUB;385;0;0;0;0;0;0;2;0;0;4;0;0;2;0;0;8;0;0;0;1;0;0;0;0;0;6;0;0;0;2;0;0;0;0;13;0;0;0;0;0;0;0;0;0;0;0;22;0;0;0;0;0;0;0;0;0;0;0;0;0;0;0;0;0;95;0;0;0;0;126;0;0;0;0;0;0;0;0;102;2;0;0;0;0;0;0;0;0;0;0
P8S2G:04047:06742_SUB_SUB;665;0;0;0;0;0;0;0;665;0;0;0;0;0;0;0;0;0;0;0;0;0;0;0;0;0;0;0;0;0;0;0;0;0;0;0;0;0;0;0;0;0;0;0;0;0;0;0;0;0;0;0;0;0;0;0;0;0;0;0;0;0;0;0;0;0;0;0;0;0;0;0;0;0;0;0;0;0;0;0;0;0;0;0;0;0;0;0;0;0;0
P8S2G:04146:06680_SUB_SUB;539;0;0;0;0;0;0;0;539;0;0;0;0;0;0;0;0;0;0;0;0;0;0;0;0;0;0;0;0;0;0;0;0;0;0;0;0;0;0;0;0;0;0;0;0;0;0;0;0;0;0;0;0;0;0;0;0;0;0;0;0;0;0;0;0;0;0;0;0;0;0;0;0;0;0;0;0;0;0;0;0;0;0;0;0;0;0;0;0;0;0
P8S2G:04400:07005_SUB_SUB;121;0;0;0;0;0;0;0;33;0;1;0;0;5;0;0;79;0;0;0;2;1;0;0;0;0;0;0;0;0;0;0;0;0;0;0;0;0;0;0;0;0;0;0;0;0;0;0;0;0;0;0;0;0;0;0;0;0;0;0;0;0;0;0;0;0;0;0;0;0;0;0;0;0;0;0;0;0;0;0;0;0;0;0;0;0;0;0;0;0;0
P8S2G:04498:06730_SUB_SUB;222;0;0;0;0;0;0;0;222;0;0;0;0;0;0;0;0;0;0;0;0;0;0;0;0;0;0;0;0;0;0;0;0;0;0;0;0;0;0;0;0;0;0;0;0;0;0;0;0;0;0;0;0;0;0;0;0;0;0;0;0;0;0;0;0;0;0;0;0;0;0;0;0;0;0;0;0;0;0;0;0;0;0;0;0;0;0;0;0;0;0
P8S2G:01246:06244_SUB_SUB;744;0;0;0;0;0;0;0;65;0;0;0;0;0;0;0;0;0;0;0;0;0;0;0;0;0;0;0;0;0;0;0;0;0;0;1;485;0;0;0;0;0;0;0;0;0;0;0;0;0;0;0;0;0;0;0;0;0;110;0;0;0;0;0;2;0;0;0;0;0;0;0;0;0;0;0;0;0;0;0;0;0;0;0;0;0;0;0;0;81;0
P8S2G:00693:01426_SUB_SUB;294;0;0;0;0;0;0;0;2;0;0;0;0;0;0;0;0;0;0;0;0;0;0;0;0;0;0;0;8;0;0;0;0;0;0;0;0;0;0;0;3;0;0;0;0;0;0;11;1;17;0;201;0;0;0;0;0;0;2;0;27;0;0;4;7;0;0;0;0;0;0;0;0;0;0;0;0;0;0;0;0;0;0;0;0;0;0;9;0;0;2
P8S2G:00731:04483_SUB_SUB;181;0;0;0;0;0;0;0;1;0;0;0;0;0;0;0;0;0;0;0;0;0;0;0;0;0;0;0;0;1;0;0;1;0;0;0;0;0;0;0;0;0;0;0;0;0;0;0;0;0;0;0;28;71;43;8;15;0;0;0;0;0;0;0;0;0;0;0;0;0;0;0;0;0;8;5;0;0;0;0;0;0;0;0;0;0;0;0;0;0;0
P8S2G:04278:06531_SUB_SUB;226;0;0;0;0;0;0;0;0;17;0;0;190;0;0;0;12;0;7;0;0;0;0;0;0;0;0;0;0;0;0;0;0;0;0;0;0;0;0;0;0;0;0;0;0;0;0;0;0;0;0;0;0;0;0;0;0;0;0;0;0;0;0;0;0;0;0;0;0;0;0;0;0;0;0;0;0;0;0;0;0;0;0;0;0;0;0;0;0;0;0
P8S2G:04424:06900_SUB_SUB;230;0;0;0;0;0;0;0;0;69;0;0;0;0;0;0;0;0;111;50;0;0;0;0;0;0;0;0;0;0;0;0;0;0;0;0;0;0;0;0;0;0;0;0;0;0;0;0;0;0;0;0;0;0;0;0;0;0;0;0;0;0;0;0;0;0;0;0;0;0;0;0;0;0;0;0;0;0;0;0;0;0;0;0;0;0;0;0;0;0;0
P8S2G:00711:05831_SUB_SUB;130;0;0;0;0;0;0;0;0;2;0;0;0;0;0;0;0;0;0;0;0;0;0;0;0;0;120;0;0;0;0;0;0;0;0;0;0;0;0;0;0;0;0;0;0;0;0;0;0;0;0;0;0;0;0;0;0;0;0;0;0;0;0;0;0;2;0;0;0;0;0;0;0;0;0;0;6;0;0;0;0;0;0;0;0;0;0;0;0;0;0
P8S2G:00288:02009_SUB_SUB;2575;0;0;0;0;0;0;0;0;6;290;0;0;0;0;0;0;0;0;0;0;0;0;692;1289;0;0;0;0;0;0;0;0;0;0;0;0;0;0;0;0;0;0;0;0;0;0;0;0;0;0;0;0;0;0;0;0;40;0;0;0;0;0;1;0;0;0;0;257;0;0;0;0;0;0;0;0;0;0;0;0;0;0;0;0;0;0;0;0;0;0
P8S2G:00311:02315_SUB_SUB;101;0;0;0;0;0;0;0;0;29;0;0;0;0;0;0;0;0;0;53;0;0;18;0;0;0;0;0;0;0;0;0;0;0;0;0;0;0;0;0;0;0;0;0;0;0;0;0;0;0;0;0;0;0;0;0;0;0;0;0;0;0;0;0;0;0;0;0;0;0;0;1;0;0;0;0;0;0;0;0;0;0;0;0;0;0;0;0;0;0;0
P8S2G:03385:00971_SUB_SUB;142;0;0;0;0;0;0;0;0;2;0;0;0;0;0;0;10;0;4;1;60;0;0;0;0;0;0;0;0;0;0;0;0;0;0;0;0;0;0;0;0;0;0;0;0;0;0;0;0;0;0;0;0;0;0;0;0;4;0;0;0;0;0;0;0;0;0;0;0;0;0;0;0;0;0;0;44;0;5;0;0;12;0;0;0;0;0;0;0;0;0
P8S2G:04982:04854_SUB_SUB;1055;0;0;0;0;0;0;0;0;7;0;0;0;0;0;0;0;0;49;0;0;2;0;0;0;0;0;0;0;0;0;0;0;0;0;0;0;0;0;0;0;0;0;0;0;0;0;0;0;0;0;0;70;455;217;61;71;15;0;0;0;0;0;0;0;0;0;0;0;0;0;3;0;0;74;23;0;0;8;0;0;0;0;0;0;0;0;0;0;0;0
P8S2G:04530:04516_SUB_SUB;210;0;0;0;0;0;0;0;0;2;0;0;0;0;0;0;0;0;8;0;0;0;0;0;0;0;0;0;0;0;0;0;0;0;0;0;0;0;0;0;0;0;0;0;0;0;0;0;0;0;0;0;13;72;56;14;14;2;0;0;0;0;0;0;0;0;0;0;0;0;0;1;0;0;20;4;0;0;4;0;0;0;0;0;0;0;0;0;0;0;0
P8S2G:03319:04887_SUB_SUB;185;0;0;0;0;0;0;0;0;1;184;0;0;0;0;0;0;0;0;0;0;0;0;0;0;0;0;0;0;0;0;0;0;0;0;0;0;0;0;0;0;0;0;0;0;0;0;0;0;0;0;0;0;0;0;0;0;0;0;0;0;0;0;0;0;0;0;0;0;0;0;0;0;0;0;0;0;0;0;0;0;0;0;0;0;0;0;0;0;0;0
P8S2G:04023:06551_SUB_SUB;405;0;0;0;0;0;0;0;0;0;405;0;0;0;0;0;0;0;0;0;0;0;0;0;0;0;0;0;0;0;0;0;0;0;0;0;0;0;0;0;0;0;0;0;0;0;0;0;0;0;0;0;0;0;0;0;0;0;0;0;0;0;0;0;0;0;0;0;0;0;0;0;0;0;0;0;0;0;0;0;0;0;0;0;0;0;0;0;0;0;0
P8S2G:04000:06925_SUB_SUB;302;0;0;0;0;0;0;0;0;0;302;0;0;0;0;0;0;0;0;0;0;0;0;0;0;0;0;0;0;0;0;0;0;0;0;0;0;0;0;0;0;0;0;0;0;0;0;0;0;0;0;0;0;0;0;0;0;0;0;0;0;0;0;0;0;0;0;0;0;0;0;0;0;0;0;0;0;0;0;0;0;0;0;0;0;0;0;0;0;0;0
P8S2G:04018:06957_SUB_SUB;216;0;0;0;0;0;0;0;0;0;216;0;0;0;0;0;0;0;0;0;0;0;0;0;0;0;0;0;0;0;0;0;0;0;0;0;0;0;0;0;0;0;0;0;0;0;0;0;0;0;0;0;0;0;0;0;0;0;0;0;0;0;0;0;0;0;0;0;0;0;0;0;0;0;0;0;0;0;0;0;0;0;0;0;0;0;0;0;0;0;0
P8S2G:04050:06468_SUB_SUB;201;0;0;0;0;0;0;0;0;0;201;0;0;0;0;0;0;0;0;0;0;0;0;0;0;0;0;0;0;0;0;0;0;0;0;0;0;0;0;0;0;0;0;0;0;0;0;0;0;0;0;0;0;0;0;0;0;0;0;0;0;0;0;0;0;0;0;0;0;0;0;0;0;0;0;0;0;0;0;0;0;0;0;0;0;0;0;0;0;0;0
P8S2G:04067:06651_SUB_SUB;893;0;0;0;0;0;0;0;0;0;39;0;0;0;1;0;0;0;0;0;0;0;0;0;0;0;0;0;0;0;0;0;0;0;0;0;0;0;0;0;0;0;0;0;0;0;0;0;0;0;2;16;0;0;0;0;0;0;0;0;0;0;0;835;0;0;0;0;0;0;0;0;0;0;0;0;0;0;0;0;0;0;0;0;0;0;0;0;0;0;0
P8S2G:04101:06881_SUB_SUB;167;0;0;0;0;0;0;0;0;0;166;0;0;0;0;0;0;0;0;0;1;0;0;0;0;0;0;0;0;0;0;0;0;0;0;0;0;0;0;0;0;0;0;0;0;0;0;0;0;0;0;0;0;0;0;0;0;0;0;0;0;0;0;0;0;0;0;0;0;0;0;0;0;0;0;0;0;0;0;0;0;0;0;0;0;0;0;0;0;0;0
P8S2G:04165:06958_SUB_SUB;281;0;0;0;0;0;0;0;0;0;278;0;0;0;0;0;0;0;0;0;0;0;0;0;3;0;0;0;0;0;0;0;0;0;0;0;0;0;0;0;0;0;0;0;0;0;0;0;0;0;0;0;0;0;0;0;0;0;0;0;0;0;0;0;0;0;0;0;0;0;0;0;0;0;0;0;0;0;0;0;0;0;0;0;0;0;0;0;0;0;0
P8S2G:04239:06866_SUB_SUB;385;0;0;0;0;0;0;0;0;0;385;0;0;0;0;0;0;0;0;0;0;0;0;0;0;0;0;0;0;0;0;0;0;0;0;0;0;0;0;0;0;0;0;0;0;0;0;0;0;0;0;0;0;0;0;0;0;0;0;0;0;0;0;0;0;0;0;0;0;0;0;0;0;0;0;0;0;0;0;0;0;0;0;0;0;0;0;0;0;0;0
P8S2G:04434:06750_SUB_SUB;148;0;0;0;0;0;0;0;0;0;148;0;0;0;0;0;0;0;0;0;0;0;0;0;0;0;0;0;0;0;0;0;0;0;0;0;0;0;0;0;0;0;0;0;0;0;0;0;0;0;0;0;0;0;0;0;0;0;0;0;0;0;0;0;0;0;0;0;0;0;0;0;0;0;0;0;0;0;0;0;0;0;0;0;0;0;0;0;0;0;0
P8S2G:00894:05792_SUB_SUB;141;0;0;0;0;0;0;0;0;0;126;0;0;0;0;0;0;0;1;0;0;14;0;0;0;0;0;0;0;0;0;0;0;0;0;0;0;0;0;0;0;0;0;0;0;0;0;0;0;0;0;0;0;0;0;0;0;0;0;0;0;0;0;0;0;0;0;0;0;0;0;0;0;0;0;0;0;0;0;0;0;0;0;0;0;0;0;0;0;0;0
P8S2G:00967:06172_SUB_SUB;124;0;0;0;0;0;0;0;0;0;6;0;0;0;0;0;0;0;0;0;0;0;0;18;97;0;0;0;0;0;0;0;0;0;0;0;0;0;0;0;0;0;0;0;0;0;0;0;0;0;0;0;0;0;0;0;0;1;0;0;0;0;0;0;0;0;0;0;2;0;0;0;0;0;0;0;0;0;0;0;0;0;0;0;0;0;0;0;0;0;0
P8S2G:01270:06341_SUB_SUB;200;0;0;0;0;0;0;0;0;0;15;0;0;0;0;0;0;0;0;0;0;0;0;60;108;0;0;0;0;0;0;0;0;0;0;0;0;0;0;0;0;0;0;0;0;0;0;0;0;0;0;0;0;0;0;0;0;6;0;0;0;0;0;0;0;0;0;0;11;0;0;0;0;0;0;0;0;0;0;0;0;0;0;0;0;0;0;0;0;0;0
P8S2G:00257:06430_SUB_SUB;611;0;0;0;0;0;0;0;0;0;1;0;0;0;0;0;0;0;0;0;0;0;0;0;0;0;0;0;0;0;0;0;609;0;0;0;0;0;0;0;0;0;1;0;0;0;0;0;0;0;0;0;0;0;0;0;0;0;0;0;0;0;0;0;0;0;0;0;0;0;0;0;0;0;0;0;0;0;0;0;0;0;0;0;0;0;0;0;0;0;0
P8S2G:00870:00900_SUB_SUB;6716;0;0;0;0;0;0;0;0;0;1;0;0;0;0;0;0;0;0;0;0;0;0;0;0;0;0;0;0;0;0;0;0;0;0;0;0;6714;0;0;0;0;0;0;0;0;0;0;0;0;0;0;1;0;0;0;0;0;0;0;0;0;0;0;0;0;0;0;0;0;0;0;0;0;0;0;0;0;0;0;0;0;0;0;0;0;0;0;0;0;0
P8S2G:02842:05411_SUB_SUB;125;0;0;0;0;0;0;0;0;0;4;0;0;0;0;0;0;0;0;0;0;0;0;0;0;0;0;0;0;0;0;0;0;0;0;0;0;0;0;0;0;0;0;0;0;0;0;0;0;0;0;3;0;0;0;0;0;0;0;0;0;0;0;118;0;0;0;0;0;0;0;0;0;0;0;0;0;0;0;0;0;0;0;0;0;0;0;0;0;0;0
P8S2G:00643:03169_SUB_SUB;228;0;0;0;0;0;0;0;0;0;1;0;0;0;0;0;0;0;0;0;0;0;0;2;1;2;9;0;0;0;32;0;0;0;0;13;0;0;0;0;2;0;0;1;0;0;0;0;1;0;0;0;9;24;5;3;2;0;0;0;1;0;0;0;0;81;1;4;0;0;28;6;0;0;0;0;0;0;0;0;0;0;0;0;0;0;0;0;0;0;0
P8S2G:04380:02052_SUB_SUB;8497;0;0;0;0;0;0;0;0;0;1;0;0;0;0;0;0;0;0;0;0;0;0;0;0;0;0;0;0;0;0;0;0;0;0;0;0;0;0;0;0;0;0;0;0;0;0;0;0;0;0;0;0;0;0;0;0;0;0;0;0;8496;0;0;0;0;0;0;0;0;0;0;0;0;0;0;0;0;0;0;0;0;0;0;0;0;0;0;0;0;0
P8S2G:02795:00915_SUB_SUB;106;0;0;0;0;0;0;0;0;0;0;1;0;0;0;0;0;0;0;0;0;0;0;0;0;0;0;0;0;0;0;0;0;0;0;0;0;0;0;0;0;0;0;0;0;0;0;0;0;0;0;0;0;0;0;0;0;0;0;0;0;0;0;0;0;0;0;0;0;0;0;0;0;0;0;0;0;0;0;0;0;0;0;0;0;105;0;0;0;0;0
P8S2G:04018:06423_SUB_SUB;4005;0;0;0;0;0;0;0;0;0;0;0;4005;0;0;0;0;0;0;0;0;0;0;0;0;0;0;0;0;0;0;0;0;0;0;0;0;0;0;0;0;0;0;0;0;0;0;0;0;0;0;0;0;0;0;0;0;0;0;0;0;0;0;0;0;0;0;0;0;0;0;0;0;0;0;0;0;0;0;0;0;0;0;0;0;0;0;0;0;0;0
P8S2G:04013:06829_SUB_SUB;117;0;0;0;0;0;0;0;0;0;0;0;117;0;0;0;0;0;0;0;0;0;0;0;0;0;0;0;0;0;0;0;0;0;0;0;0;0;0;0;0;0;0;0;0;0;0;0;0;0;0;0;0;0;0;0;0;0;0;0;0;0;0;0;0;0;0;0;0;0;0;0;0;0;0;0;0;0;0;0;0;0;0;0;0;0;0;0;0;0;0
P8S2G:03995:06966_SUB_SUB;255;0;0;0;0;0;0;0;0;0;0;0;77;0;0;0;0;0;0;0;0;0;0;0;0;0;0;0;0;0;0;0;0;0;0;0;0;0;0;0;0;0;0;0;0;0;0;0;0;0;0;0;0;0;0;0;0;0;0;0;3;0;0;0;0;0;0;0;0;0;0;0;0;0;0;0;27;0;96;0;0;7;0;0;1;0;44;0;0;0;0
P8S2G:03997:06982_SUB_SUB;100;0;0;0;0;0;0;0;0;0;0;0;100;0;0;0;0;0;0;0;0;0;0;0;0;0;0;0;0;0;0;0;0;0;0;0;0;0;0;0;0;0;0;0;0;0;0;0;0;0;0;0;0;0;0;0;0;0;0;0;0;0;0;0;0;0;0;0;0;0;0;0;0;0;0;0;0;0;0;0;0;0;0;0;0;0;0;0;0;0;0
P8S2G:03987:07013_SUB_SUB;402;0;0;0;0;0;0;0;0;0;0;0;96;0;0;0;0;0;0;0;0;0;0;0;0;0;0;0;0;0;0;30;0;0;0;0;0;40;0;0;0;0;0;0;117;0;0;0;0;22;0;0;0;0;0;0;0;0;0;0;1;0;0;0;0;0;0;0;0;0;0;0;0;0;0;0;0;0;0;0;55;0;0;0;0;0;30;0;0;0;11
P8S2G:04046:06686_SUB_SUB;584;0;0;0;0;0;0;0;0;0;0;0;584;0;0;0;0;0;0;0;0;0;0;0;0;0;0;0;0;0;0;0;0;0;0;0;0;0;0;0;0;0;0;0;0;0;0;0;0;0;0;0;0;0;0;0;0;0;0;0;0;0;0;0;0;0;0;0;0;0;0;0;0;0;0;0;0;0;0;0;0;0;0;0;0;0;0;0;0;0;0
P8S2G:04035:06748_SUB_SUB;629;0;0;0;0;0;0;0;0;0;0;0;629;0;0;0;0;0;0;0;0;0;0;0;0;0;0;0;0;0;0;0;0;0;0;0;0;0;0;0;0;0;0;0;0;0;0;0;0;0;0;0;0;0;0;0;0;0;0;0;0;0;0;0;0;0;0;0;0;0;0;0;0;0;0;0;0;0;0;0;0;0;0;0;0;0;0;0;0;0;0
P8S2G:04098:06779_SUB_SUB;235;0;0;0;0;0;0;0;0;0;0;0;235;0;0;0;0;0;0;0;0;0;0;0;0;0;0;0;0;0;0;0;0;0;0;0;0;0;0;0;0;0;0;0;0;0;0;0;0;0;0;0;0;0;0;0;0;0;0;0;0;0;0;0;0;0;0;0;0;0;0;0;0;0;0;0;0;0;0;0;0;0;0;0;0;0;0;0;0;0;0
P8S2G:04159:06595_SUB_SUB;313;0;0;0;0;0;0;0;0;0;0;0;313;0;0;0;0;0;0;0;0;0;0;0;0;0;0;0;0;0;0;0;0;0;0;0;0;0;0;0;0;0;0;0;0;0;0;0;0;0;0;0;0;0;0;0;0;0;0;0;0;0;0;0;0;0;0;0;0;0;0;0;0;0;0;0;0;0;0;0;0;0;0;0;0;0;0;0;0;0;0
P8S2G:04210:06575_SUB_SUB;419;0;0;0;0;0;0;0;0;0;0;0;259;0;0;0;0;0;0;0;0;0;0;0;0;0;0;0;0;0;0;0;0;0;0;0;0;0;0;0;0;0;0;0;0;0;0;0;0;0;0;0;0;0;0;0;0;0;0;0;0;0;0;0;0;0;0;0;0;0;0;0;0;0;0;0;0;0;0;0;160;0;0;0;0;0;0;0;0;0;0
P8S2G:04187:06822_SUB_SUB;584;0;0;0;0;0;0;0;0;0;0;0;584;0;0;0;0;0;0;0;0;0;0;0;0;0;0;0;0;0;0;0;0;0;0;0;0;0;0;0;0;0;0;0;0;0;0;0;0;0;0;0;0;0;0;0;0;0;0;0;0;0;0;0;0;0;0;0;0;0;0;0;0;0;0;0;0;0;0;0;0;0;0;0;0;0;0;0;0;0;0
P8S2G:04215:07037_SUB_SUB;227;0;0;0;0;0;0;0;0;0;0;0;227;0;0;0;0;0;0;0;0;0;0;0;0;0;0;0;0;0;0;0;0;0;0;0;0;0;0;0;0;0;0;0;0;0;0;0;0;0;0;0;0;0;0;0;0;0;0;0;0;0;0;0;0;0;0;0;0;0;0;0;0;0;0;0;0;0;0;0;0;0;0;0;0;0;0;0;0;0;0
P8S2G:04280:06614_SUB_SUB;178;0;0;0;0;0;0;0;0;0;0;0;165;0;0;0;0;0;0;0;0;0;0;0;0;0;0;0;0;0;0;0;0;0;0;0;0;0;0;0;0;0;0;0;0;0;0;0;0;0;0;0;0;0;0;0;0;0;0;0;0;0;0;0;0;0;0;0;0;0;0;0;0;0;0;0;0;0;9;0;0;4;0;0;0;0;0;0;0;0;0
P8S2G:04238:06709_SUB_SUB;249;0;0;0;0;0;0;0;0;0;0;0;249;0;0;0;0;0;0;0;0;0;0;0;0;0;0;0;0;0;0;0;0;0;0;0;0;0;0;0;0;0;0;0;0;0;0;0;0;0;0;0;0;0;0;0;0;0;0;0;0;0;0;0;0;0;0;0;0;0;0;0;0;0;0;0;0;0;0;0;0;0;0;0;0;0;0;0;0;0;0
P8S2G:04420:06936_SUB_SUB;101;0;0;0;0;0;0;0;0;0;0;0;101;0;0;0;0;0;0;0;0;0;0;0;0;0;0;0;0;0;0;0;0;0;0;0;0;0;0;0;0;0;0;0;0;0;0;0;0;0;0;0;0;0;0;0;0;0;0;0;0;0;0;0;0;0;0;0;0;0;0;0;0;0;0;0;0;0;0;0;0;0;0;0;0;0;0;0;0;0;0
P8S2G:04463:06494_SUB_SUB;345;0;0;0;0;0;0;0;0;0;0;0;136;0;0;0;0;0;1;0;0;0;0;0;0;0;0;0;0;0;0;0;0;0;0;0;0;0;0;0;0;0;0;0;0;0;0;0;0;0;0;0;0;0;0;0;0;0;0;0;15;0;0;0;0;0;0;0;0;0;0;0;0;0;0;0;0;0;11;0;182;0;0;0;0;0;0;0;0;0;0
P8S2G:04455:06623_SUB_SUB;156;0;0;0;0;0;0;0;0;0;0;0;156;0;0;0;0;0;0;0;0;0;0;0;0;0;0;0;0;0;0;0;0;0;0;0;0;0;0;0;0;0;0;0;0;0;0;0;0;0;0;0;0;0;0;0;0;0;0;0;0;0;0;0;0;0;0;0;0;0;0;0;0;0;0;0;0;0;0;0;0;0;0;0;0;0;0;0;0;0;0
P8S2G:04474:07020_SUB_SUB;125;0;0;0;0;0;0;0;0;0;0;0;124;0;0;0;0;0;0;0;0;0;0;0;0;0;0;0;0;0;0;0;0;0;0;0;0;0;0;0;0;0;0;0;0;0;0;0;0;0;0;0;0;0;0;0;0;0;0;0;0;0;0;0;0;0;0;0;0;0;0;1;0;0;0;0;0;0;0;0;0;0;0;0;0;0;0;0;0;0;0
P8S2G:00217:02276_SUB_SUB;142;0;0;0;0;0;0;0;0;0;0;0;15;0;0;0;0;0;0;0;0;0;0;0;0;0;0;0;0;0;0;0;0;0;120;0;0;0;0;0;0;0;0;0;0;0;0;0;0;0;0;0;0;0;0;0;0;0;1;0;0;0;0;0;0;0;0;0;0;0;0;0;0;0;0;0;0;0;0;0;0;6;0;0;0;0;0;0;0;0;0
P8S2G:00481:01951_SUB_SUB;100;0;0;0;0;0;0;0;0;0;0;0;100;0;0;0;0;0;0;0;0;0;0;0;0;0;0;0;0;0;0;0;0;0;0;0;0;0;0;0;0;0;0;0;0;0;0;0;0;0;0;0;0;0;0;0;0;0;0;0;0;0;0;0;0;0;0;0;0;0;0;0;0;0;0;0;0;0;0;0;0;0;0;0;0;0;0;0;0;0;0
P8S2G:00196:03252_SUB_SUB;110;0;0;0;0;0;0;0;0;0;0;0;5;0;0;0;0;0;0;0;0;0;0;0;0;0;0;0;0;0;0;0;0;0;104;0;0;0;0;0;0;0;0;0;0;0;0;0;0;0;0;0;0;0;0;0;0;0;0;0;0;0;0;0;0;0;0;0;0;0;0;0;0;0;0;0;0;0;0;0;0;1;0;0;0;0;0;0;0;0;0
P8S2G:00391:03407_SUB_SUB;41230;0;0;0;0;0;0;0;0;0;0;0;19;0;0;0;0;0;0;2;0;1;0;1;0;1856;343;0;12725;1128;0;247;0;369;107;1;131;0;241;0;99;0;2;0;2;0;1010;1844;2254;2155;0;1691;0;0;0;0;0;0;25;0;1773;21;230;12;2351;0;0;0;0;0;0;0;0;0;0;0;0;0;0;0;10;0;0;197;2;225;0;18;52;0;10086
P8S2G:00532:06156_SUB_SUB;397;0;0;0;0;0;0;0;0;0;0;0;15;0;0;0;0;0;0;0;0;0;0;0;0;0;0;0;0;0;0;0;0;0;381;0;0;0;0;0;0;0;0;0;0;0;0;0;0;0;0;0;0;0;0;0;0;0;0;0;0;0;0;0;0;0;0;0;0;0;0;0;0;0;0;0;0;0;0;0;0;1;0;0;0;0;0;0;0;0;0
P8S2G:03933:01848_SUB_SUB;594;0;0;0;0;0;0;0;0;0;0;0;4;0;0;0;0;0;0;5;0;0;0;0;0;23;53;0;158;2;0;13;0;28;2;0;0;0;5;0;70;0;3;1;0;0;37;5;2;2;0;6;0;0;0;0;0;0;1;0;0;0;1;3;41;0;0;0;0;0;0;0;1;0;0;0;0;0;0;0;0;0;0;23;0;2;0;3;0;5;95
P8S2G:04946:06202_SUB_SUB;675;0;0;0;0;0;0;0;0;0;0;0;6;0;0;0;0;0;0;0;0;0;0;0;0;0;0;0;0;0;0;0;0;0;0;0;0;0;0;0;0;0;0;5;2;0;0;0;0;0;0;0;0;0;0;0;0;0;1;0;0;567;0;0;0;0;0;0;0;0;0;0;0;0;0;0;0;0;0;0;0;0;0;0;0;0;0;0;0;94;0
P8S2G:00678:00697_SUB_SUB;1008;0;0;0;0;0;0;0;0;0;0;0;1;0;0;0;0;0;0;2;0;0;0;0;0;75;82;2;319;8;0;28;0;42;3;7;1;0;8;0;111;0;14;2;0;0;40;3;3;14;0;5;0;0;0;2;1;0;3;0;5;0;3;10;85;0;0;0;0;0;0;0;0;0;0;0;0;0;0;0;0;0;0;18;0;4;0;9;0;4;94
P8S2G:04296:02700_SUB_SUB;195;0;0;0;0;0;0;0;0;0;0;0;1;0;0;0;0;0;0;0;0;0;0;0;0;14;19;0;56;0;0;7;0;8;0;2;0;0;4;0;22;0;1;1;0;0;9;1;0;3;0;0;0;0;0;1;0;0;0;0;3;0;2;0;10;0;0;0;0;0;0;0;0;0;0;0;0;0;0;0;0;0;0;3;0;1;0;4;0;1;22
P8S2G:02972:05440_SUB_SUB;14687;0;0;0;0;0;0;0;0;0;0;0;2;0;0;0;0;0;0;0;0;0;0;0;0;0;0;0;7608;0;0;0;0;0;0;1457;0;0;0;0;0;0;199;0;0;0;0;1225;380;495;0;80;0;0;0;0;0;0;95;0;305;0;25;0;149;0;0;0;2;0;0;6;0;0;0;0;0;0;0;0;0;0;0;0;0;0;0;0;0;0;2659
P8S2G:04680:01112_SUB_SUB;45480;0;0;0;0;0;0;0;0;0;0;0;2;0;0;0;0;0;0;0;0;0;0;1;0;39;0;0;6042;0;0;0;0;0;0;0;0;0;56;0;935;0;184;0;2;0;0;5811;1033;3883;0;1623;0;0;0;0;0;0;11;0;811;0;0;0;18070;0;0;0;0;0;0;0;0;0;0;0;0;0;0;0;0;1;0;0;0;56;0;0;0;0;6920
P8S2G:00556:05387_SUB_SUB;711;0;0;0;0;0;0;0;0;0;0;0;3;0;0;0;0;0;0;0;0;0;0;0;0;109;40;1;244;0;0;10;0;35;0;4;0;0;2;0;62;0;7;1;0;0;19;2;4;4;0;6;0;0;0;0;0;0;0;0;7;0;1;5;64;0;0;0;0;0;0;0;3;0;0;0;0;0;0;0;0;0;0;16;0;5;1;5;1;7;43
P8S2G:03123:01833_SUB_SUB;322;0;0;0;0;0;0;0;0;0;0;0;1;0;0;0;0;0;0;0;0;0;0;0;0;46;46;0;98;2;0;3;0;15;0;8;0;0;7;0;10;0;6;0;0;0;8;1;1;5;0;2;0;0;0;0;0;0;0;0;5;0;0;1;18;0;0;0;0;0;0;0;0;0;0;0;0;0;0;0;0;0;0;22;0;3;0;5;0;1;8
P8S2G:02389:02254_SUB_SUB;2438;0;0;0;0;0;0;0;0;0;0;0;1;0;0;0;0;0;0;0;0;0;0;0;0;135;31;0;1227;4;0;4;0;12;0;35;6;0;11;0;65;0;36;0;0;0;16;93;14;27;0;22;0;0;0;0;0;0;0;0;25;0;29;1;296;0;0;0;0;0;0;0;0;0;0;0;0;0;0;0;0;0;0;54;0;10;0;1;2;0;281
P8S2G:02055:00702_SUB_SUB;4779;0;0;0;0;0;0;0;0;0;0;0;1;0;0;0;0;0;0;0;0;0;0;2;0;245;34;0;1288;98;0;22;0;36;7;0;19;0;25;0;8;0;0;0;0;0;97;177;290;259;0;207;0;0;0;0;0;0;2;0;226;0;18;0;357;0;0;0;0;0;0;0;0;0;0;0;0;0;0;0;0;0;0;12;0;28;0;1;7;0;1313
P8S2G:02598:01183_SUB_SUB;1569;0;0;0;0;0;0;0;0;0;0;0;1;0;0;0;0;0;0;0;0;0;0;0;0;84;11;0;529;32;0;16;0;11;7;0;0;0;5;0;3;0;0;0;0;0;45;65;99;90;0;67;0;0;0;0;0;0;4;0;103;2;7;0;129;0;0;0;0;0;0;0;0;0;0;0;0;0;0;0;0;0;0;6;0;9;0;2;3;0;239
P8S2G:04590:03118_SUB_SUB;115;0;0;0;0;0;0;0;0;0;0;0;0;1;0;12;25;0;0;0;0;0;0;0;1;0;0;0;0;0;0;0;0;0;0;0;0;0;0;0;0;0;0;1;0;0;0;0;0;0;0;0;0;0;0;0;0;0;0;0;0;0;0;0;0;0;0;0;0;0;0;1;0;13;0;0;0;0;0;0;0;61;0;0;0;0;0;0;0;0;0
P8S2G:05028:06719_SUB_SUB;185;0;0;0;0;0;0;0;0;0;0;0;0;2;0;0;0;0;0;0;0;0;0;0;0;0;1;0;0;0;0;0;0;0;0;2;0;0;0;0;0;0;0;0;0;0;0;10;0;0;0;0;0;0;0;0;0;0;0;0;0;0;0;0;0;97;0;0;0;0;68;0;0;0;0;0;0;0;0;5;0;0;0;0;0;0;0;0;0;0;0
P8S2G:04358:06613_SUB_SUB;428;0;0;0;0;0;0;0;0;0;0;0;0;0;14;0;0;414;0;0;0;0;0;0;0;0;0;0;0;0;0;0;0;0;0;0;0;0;0;0;0;0;0;0;0;0;0;0;0;0;0;0;0;0;0;0;0;0;0;0;0;0;0;0;0;0;0;0;0;0;0;0;0;0;0;0;0;0;0;0;0;0;0;0;0;0;0;0;0;0;0
P8S2G:00334:02262_SUB_SUB;100;0;0;0;0;0;0;0;0;0;0;0;0;0;49;2;0;48;0;0;0;0;0;0;0;0;0;0;0;0;0;0;0;0;0;0;0;0;0;0;0;0;0;0;0;0;0;0;0;0;0;0;0;0;0;0;0;0;0;0;0;0;0;0;0;0;0;0;0;0;0;0;0;0;0;0;0;0;0;0;0;1;0;0;0;0;0;0;0;0;0
P8S2G:01219:04854_SUB_SUB;156;0;0;0;0;0;0;0;0;0;0;0;0;0;14;142;0;0;0;0;0;0;0;0;0;0;0;0;0;0;0;0;0;0;0;0;0;0;0;0;0;0;0;0;0;0;0;0;0;0;0;0;0;0;0;0;0;0;0;0;0;0;0;0;0;0;0;0;0;0;0;0;0;0;0;0;0;0;0;0;0;0;0;0;0;0;0;0;0;0;0
P8S2G:04178:06591_SUB_SUB;113;0;0;0;0;0;0;0;0;0;0;0;0;0;0;113;0;0;0;0;0;0;0;0;0;0;0;0;0;0;0;0;0;0;0;0;0;0;0;0;0;0;0;0;0;0;0;0;0;0;0;0;0;0;0;0;0;0;0;0;0;0;0;0;0;0;0;0;0;0;0;0;0;0;0;0;0;0;0;0;0;0;0;0;0;0;0;0;0;0;0
P8S2G:04361:06459_SUB_SUB;298;0;0;0;0;0;0;0;0;0;0;0;0;0;0;132;0;166;0;0;0;0;0;0;0;0;0;0;0;0;0;0;0;0;0;0;0;0;0;0;0;0;0;0;0;0;0;0;0;0;0;0;0;0;0;0;0;0;0;0;0;0;0;0;0;0;0;0;0;0;0;0;0;0;0;0;0;0;0;0;0;0;0;0;0;0;0;0;0;0;0
P8S2G:00793:06281_SUB_SUB;122;0;0;0;0;0;0;0;0;0;0;0;0;0;0;122;0;0;0;0;0;0;0;0;0;0;0;0;0;0;0;0;0;0;0;0;0;0;0;0;0;0;0;0;0;0;0;0;0;0;0;0;0;0;0;0;0;0;0;0;0;0;0;0;0;0;0;0;0;0;0;0;0;0;0;0;0;0;0;0;0;0;0;0;0;0;0;0;0;0;0
P8S2G:00917:06028_SUB_SUB;793;0;0;0;0;0;0;0;0;0;0;0;0;0;0;36;0;0;0;0;0;0;0;0;0;0;0;0;0;19;0;47;0;0;0;0;166;95;9;0;0;0;0;10;331;0;0;0;0;0;0;0;0;0;0;0;0;0;17;0;0;0;0;0;0;0;0;0;0;0;0;0;0;0;0;0;0;0;0;0;0;33;0;0;0;0;0;0;0;30;0
P8S2G:00042:02114_SUB_SUB;241;0;0;0;0;0;0;0;0;0;0;0;0;0;0;79;0;162;0;0;0;0;0;0;0;0;0;0;0;0;0;0;0;0;0;0;0;0;0;0;0;0;0;0;0;0;0;0;0;0;0;0;0;0;0;0;0;0;0;0;0;0;0;0;0;0;0;0;0;0;0;0;0;0;0;0;0;0;0;0;0;0;0;0;0;0;0;0;0;0;0
P8S2G:00395:02179_SUB_SUB;266;0;0;0;0;0;0;0;0;0;0;0;0;0;0;30;0;236;0;0;0;0;0;0;0;0;0;0;0;0;0;0;0;0;0;0;0;0;0;0;0;0;0;0;0;0;0;0;0;0;0;0;0;0;0;0;0;0;0;0;0;0;0;0;0;0;0;0;0;0;0;0;0;0;0;0;0;0;0;0;0;0;0;0;0;0;0;0;0;0;0
P8S2G:03397:01848_SUB_SUB;108;0;0;0;0;0;0;0;0;0;0;0;0;0;0;1;0;1;0;0;0;0;0;0;0;0;0;0;0;0;0;0;0;0;0;0;0;0;0;0;0;0;0;0;0;0;0;0;0;0;36;0;0;2;0;0;1;0;0;0;0;0;0;0;0;0;0;0;1;0;1;2;62;0;0;0;0;0;0;1;0;0;0;0;0;0;0;0;0;0;0
P8S2G:03611:01327_SUB_SUB;124;0;0;0;0;0;0;0;0;0;0;0;0;0;0;8;0;0;0;0;0;0;0;0;0;0;0;0;0;12;0;3;0;0;0;0;41;5;1;0;0;0;0;2;37;0;0;0;0;0;0;0;0;0;0;0;0;0;1;0;0;0;0;0;0;0;0;0;0;0;0;0;0;0;0;0;0;0;0;0;0;13;0;0;0;0;0;0;0;1;0
P8S2G:03931:00634_SUB_SUB;268;0;0;0;0;0;0;0;0;0;0;0;0;0;0;1;0;0;0;0;0;0;0;0;0;0;0;0;0;0;0;0;0;0;0;0;0;0;0;0;0;0;0;0;0;0;0;0;0;0;0;0;2;164;28;5;26;0;0;0;0;0;0;0;0;0;0;10;0;0;0;0;0;0;7;9;16;0;0;0;0;0;0;0;0;0;0;0;0;0;0
P8S2G:04026:06446_SUB_SUB;222;0;0;0;0;0;0;0;0;0;0;0;0;0;0;0;222;0;0;0;0;0;0;0;0;0;0;0;0;0;0;0;0;0;0;0;0;0;0;0;0;0;0;0;0;0;0;0;0;0;0;0;0;0;0;0;0;0;0;0;0;0;0;0;0;0;0;0;0;0;0;0;0;0;0;0;0;0;0;0;0;0;0;0;0;0;0;0;0;0;0
P8S2G:04042:06491_SUB_SUB;217;0;0;0;0;0;0;0;0;0;0;0;0;0;0;0;217;0;0;0;0;0;0;0;0;0;0;0;0;0;0;0;0;0;0;0;0;0;0;0;0;0;0;0;0;0;0;0;0;0;0;0;0;0;0;0;0;0;0;0;0;0;0;0;0;0;0;0;0;0;0;0;0;0;0;0;0;0;0;0;0;0;0;0;0;0;0;0;0;0;0
P8S2G:04410:06990_SUB_SUB;101;0;0;0;0;0;0;0;0;0;0;0;0;0;0;0;100;0;0;0;0;0;0;0;0;0;0;0;0;0;0;0;0;0;0;0;0;0;0;0;0;0;0;0;0;0;0;0;0;0;0;0;0;0;0;0;0;0;0;0;0;0;0;0;0;0;0;0;0;0;0;0;0;0;0;0;1;0;0;0;0;0;0;0;0;0;0;0;0;0;0
P8S2G:04561:06625_SUB_SUB;141;0;0;0;0;0;0;0;0;0;0;0;0;0;0;0;12;0;0;0;0;0;0;121;0;0;0;0;0;0;0;0;0;0;0;0;0;0;0;0;0;0;0;0;0;0;0;0;0;0;0;0;0;0;0;0;0;0;0;0;0;0;0;8;0;0;0;0;0;0;0;0;0;0;0;0;0;0;0;0;0;0;0;0;0;0;0;0;0;0;0
P8S2G:00889:06277_SUB_SUB;115;0;0;0;0;0;0;0;0;0;0;0;0;0;0;0;5;0;0;0;0;0;0;107;0;0;0;0;0;0;0;0;0;0;0;0;0;0;0;0;0;0;0;0;0;0;0;0;1;0;0;0;0;0;0;0;0;0;0;0;0;0;0;2;0;0;0;0;0;0;0;0;0;0;0;0;0;0;0;0;0;0;0;0;0;0;0;0;0;0;0
P8S2G:00238:05048_SUB_SUB;114;0;0;0;0;0;0;0;0;0;0;0;0;0;0;0;13;0;1;0;4;0;0;0;0;0;0;0;0;0;0;0;0;0;0;0;0;0;0;0;0;0;0;0;0;0;0;0;0;0;0;0;0;0;0;0;0;0;0;0;0;0;0;0;0;0;0;0;0;0;0;0;0;0;0;0;65;0;9;0;0;22;0;0;0;0;0;0;0;0;0
P8S2G:04795:01551_SUB_SUB;1148;0;0;0;0;0;0;0;0;0;0;0;0;0;0;0;2;0;0;0;0;2;0;6;78;0;0;0;0;2;23;0;13;0;0;13;0;0;0;1;0;0;0;82;0;3;0;0;0;0;2;0;4;217;190;67;117;0;6;0;0;0;0;0;0;0;0;4;0;20;70;0;0;167;27;31;0;0;1;0;0;0;0;0;0;0;0;0;0;0;0
P8S2G:04819:01623_SUB_SUB;174;0;0;0;0;0;0;0;0;0;0;0;0;0;0;0;14;0;0;0;0;2;0;0;0;0;0;0;0;0;2;0;0;0;0;0;0;0;0;0;0;105;0;0;0;0;0;0;0;0;37;0;0;0;0;0;0;0;0;0;0;0;0;1;0;0;13;0;0;0;0;0;0;0;0;0;0;0;0;0;0;0;0;0;0;0;0;0;0;0;0
P8S2G:02834:04781_SUB_SUB;4153;0;0;0;0;0;0;0;0;0;0;0;0;0;0;0;1;0;0;0;0;3;0;0;4;0;0;0;0;14;0;0;529;0;0;0;0;0;0;181;665;0;1;3;0;0;0;0;303;83;138;27;12;171;43;36;20;0;6;0;0;0;0;507;0;0;0;396;668;142;0;0;0;1;17;15;0;0;0;0;1;0;0;0;0;0;0;0;0;0;166
P8S2G:04955:02978_SUB_SUB;1818;0;0;0;0;0;0;0;0;0;0;0;0;0;0;0;1;0;0;0;0;0;0;0;0;0;0;0;0;0;0;0;0;0;0;40;0;0;0;0;0;0;0;0;0;0;0;0;0;0;0;0;0;0;0;0;0;0;1;0;0;0;0;0;0;0;0;0;0;0;0;0;0;0;0;0;0;0;0;0;0;0;0;0;0;0;0;1776;0;0;0
P8S2G:03992:06589_SUB_SUB;132;0;0;0;0;0;0;0;0;0;0;0;0;0;0;0;0;132;0;0;0;0;0;0;0;0;0;0;0;0;0;0;0;0;0;0;0;0;0;0;0;0;0;0;0;0;0;0;0;0;0;0;0;0;0;0;0;0;0;0;0;0;0;0;0;0;0;0;0;0;0;0;0;0;0;0;0;0;0;0;0;0;0;0;0;0;0;0;0;0;0
P8S2G:03984:06883_SUB_SUB;797;0;0;0;0;0;0;0;0;0;0;0;0;0;0;0;0;797;0;0;0;0;0;0;0;0;0;0;0;0;0;0;0;0;0;0;0;0;0;0;0;0;0;0;0;0;0;0;0;0;0;0;0;0;0;0;0;0;0;0;0;0;0;0;0;0;0;0;0;0;0;0;0;0;0;0;0;0;0;0;0;0;0;0;0;0;0;0;0;0;0
P8S2G:04036:06466_SUB_SUB;154;0;0;0;0;0;0;0;0;0;0;0;0;0;0;0;0;154;0;0;0;0;0;0;0;0;0;0;0;0;0;0;0;0;0;0;0;0;0;0;0;0;0;0;0;0;0;0;0;0;0;0;0;0;0;0;0;0;0;0;0;0;0;0;0;0;0;0;0;0;0;0;0;0;0;0;0;0;0;0;0;0;0;0;0;0;0;0;0;0;0
P8S2G:04048:06476_SUB_SUB;131;0;0;0;0;0;0;0;0;0;0;0;0;0;0;0;0;131;0;0;0;0;0;0;0;0;0;0;0;0;0;0;0;0;0;0;0;0;0;0;0;0;0;0;0;0;0;0;0;0;0;0;0;0;0;0;0;0;0;0;0;0;0;0;0;0;0;0;0;0;0;0;0;0;0;0;0;0;0;0;0;0;0;0;0;0;0;0;0;0;0
P8S2G:04078:06519_SUB_SUB;102;0;0;0;0;0;0;0;0;0;0;0;0;0;0;0;0;102;0;0;0;0;0;0;0;0;0;0;0;0;0;0;0;0;0;0;0;0;0;0;0;0;0;0;0;0;0;0;0;0;0;0;0;0;0;0;0;0;0;0;0;0;0;0;0;0;0;0;0;0;0;0;0;0;0;0;0;0;0;0;0;0;0;0;0;0;0;0;0;0;0
P8S2G:04085:06842_SUB_SUB;111;0;0;0;0;0;0;0;0;0;0;0;0;0;0;0;0;111;0;0;0;0;0;0;0;0;0;0;0;0;0;0;0;0;0;0;0;0;0;0;0;0;0;0;0;0;0;0;0;0;0;0;0;0;0;0;0;0;0;0;0;0;0;0;0;0;0;0;0;0;0;0;0;0;0;0;0;0;0;0;0;0;0;0;0;0;0;0;0;0;0
P8S2G:04173:06914_SUB_SUB;865;0;0;0;0;0;0;0;0;0;0;0;0;0;0;0;0;865;0;0;0;0;0;0;0;0;0;0;0;0;0;0;0;0;0;0;0;0;0;0;0;0;0;0;0;0;0;0;0;0;0;0;0;0;0;0;0;0;0;0;0;0;0;0;0;0;0;0;0;0;0;0;0;0;0;0;0;0;0;0;0;0;0;0;0;0;0;0;0;0;0
P8S2G:04311:06574_SUB_SUB;106;0;0;0;0;0;0;0;0;0;0;0;0;0;0;0;0;106;0;0;0;0;0;0;0;0;0;0;0;0;0;0;0;0;0;0;0;0;0;0;0;0;0;0;0;0;0;0;0;0;0;0;0;0;0;0;0;0;0;0;0;0;0;0;0;0;0;0;0;0;0;0;0;0;0;0;0;0;0;0;0;0;0;0;0;0;0;0;0;0;0
P8S2G:04544:06470_SUB_SUB;153;0;0;0;0;0;0;0;0;0;0;0;0;0;0;0;0;153;0;0;0;0;0;0;0;0;0;0;0;0;0;0;0;0;0;0;0;0;0;0;0;0;0;0;0;0;0;0;0;0;0;0;0;0;0;0;0;0;0;0;0;0;0;0;0;0;0;0;0;0;0;0;0;0;0;0;0;0;0;0;0;0;0;0;0;0;0;0;0;0;0
P8S2G:00265:02061_SUB_SUB;135;0;0;0;0;0;0;0;0;0;0;0;0;0;0;0;0;4;0;0;0;0;0;0;0;0;0;0;0;0;0;2;0;0;12;0;54;10;0;0;0;0;0;0;9;0;3;0;0;0;0;0;0;0;0;0;0;0;0;0;0;0;0;0;0;0;0;0;0;0;0;0;21;0;0;0;0;0;0;0;0;0;0;0;0;0;0;19;0;1;0
P8S2G:00586:02069_SUB_SUB;132;0;0;0;0;0;0;0;0;0;0;0;0;0;0;0;0;132;0;0;0;0;0;0;0;0;0;0;0;0;0;0;0;0;0;0;0;0;0;0;0;0;0;0;0;0;0;0;0;0;0;0;0;0;0;0;0;0;0;0;0;0;0;0;0;0;0;0;0;0;0;0;0;0;0;0;0;0;0;0;0;0;0;0;0;0;0;0;0;0;0
P8S2G:00367:05903_SUB_SUB;104;0;0;0;0;0;0;0;0;0;0;0;0;0;0;0;0;1;0;0;0;0;0;0;0;0;0;0;0;0;0;5;0;0;11;0;30;8;0;0;0;0;0;0;7;0;3;0;0;0;0;0;0;0;0;0;0;0;0;0;0;0;0;0;0;0;0;0;0;0;0;0;21;0;0;0;0;0;0;0;0;0;0;0;0;0;0;18;0;0;0
P8S2G:00686:01494_SUB_SUB;687;0;0;0;0;0;0;0;0;0;0;0;0;0;0;0;0;5;1;0;0;0;0;0;0;0;0;0;0;0;0;18;0;0;54;0;223;34;1;0;0;0;0;0;78;0;25;0;0;0;0;0;0;0;0;0;0;0;0;0;0;0;0;0;0;0;0;0;0;0;0;0;122;0;0;0;0;0;0;0;0;0;0;0;0;0;0;122;0;4;0
P8S2G:04736:03920_SUB_SUB;139;0;0;0;0;0;0;0;0;0;0;0;0;0;0;0;0;1;0;0;0;0;0;0;0;0;0;0;0;0;0;2;0;0;4;0;77;1;0;0;0;0;0;0;14;0;2;0;0;0;0;0;0;0;0;0;0;0;0;0;0;0;0;0;0;0;0;0;0;0;0;0;23;0;0;0;0;0;0;0;0;0;0;0;0;0;0;15;0;0;0
P8S2G:00503:02691_SUB_SUB;102;0;0;0;0;0;0;0;0;0;0;0;0;0;0;0;0;0;2;0;0;0;0;0;0;0;0;0;0;0;0;0;0;0;0;0;0;0;0;0;0;0;0;0;0;0;0;0;0;0;0;0;0;0;0;0;0;0;0;0;0;0;0;0;0;0;0;0;0;0;0;100;0;0;0;0;0;0;0;0;0;0;0;0;0;0;0;0;0;0;0
P8S2G:04025:06955_SUB_SUB;319;0;0;0;0;0;0;0;0;0;0;0;0;0;0;0;0;0;0;319;0;0;0;0;0;0;0;0;0;0;0;0;0;0;0;0;0;0;0;0;0;0;0;0;0;0;0;0;0;0;0;0;0;0;0;0;0;0;0;0;0;0;0;0;0;0;0;0;0;0;0;0;0;0;0;0;0;0;0;0;0;0;0;0;0;0;0;0;0;0;0
P8S2G:04055:06772_SUB_SUB;494;0;0;0;0;0;0;0;0;0;0;0;0;0;0;0;0;0;0;494;0;0;0;0;0;0;0;0;0;0;0;0;0;0;0;0;0;0;0;0;0;0;0;0;0;0;0;0;0;0;0;0;0;0;0;0;0;0;0;0;0;0;0;0;0;0;0;0;0;0;0;0;0;0;0;0;0;0;0;0;0;0;0;0;0;0;0;0;0;0;0
P8S2G:00710:05793_SUB_SUB;5441;0;0;0;0;0;0;0;0;0;0;0;0;0;0;0;0;0;0;25;0;0;0;0;0;0;0;0;0;0;0;0;0;0;0;0;0;0;0;0;0;0;0;0;0;0;0;0;5415;0;0;0;0;0;0;0;0;0;0;0;0;1;0;0;0;0;0;0;0;0;0;0;0;0;0;0;0;0;0;0;0;0;0;0;0;0;0;0;0;0;0
P8S2G:00837:05843_SUB_SUB;105;0;0;0;0;0;0;0;0;0;0;0;0;0;0;0;0;0;0;7;0;0;0;0;0;0;0;0;0;0;0;0;0;0;0;0;0;0;0;0;0;0;98;0;0;0;0;0;0;0;0;0;0;0;0;0;0;0;0;0;0;0;0;0;0;0;0;0;0;0;0;0;0;0;0;0;0;0;0;0;0;0;0;0;0;0;0;0;0;0;0
P8S2G:00828:06009_SUB_SUB;120;0;0;0;0;0;0;0;0;0;0;0;0;0;0;0;0;0;0;119;0;0;0;0;0;0;0;0;0;0;0;0;0;0;0;0;0;0;0;0;0;0;0;0;0;0;0;0;0;0;0;0;0;0;0;0;0;0;1;0;0;0;0;0;0;0;0;0;0;0;0;0;0;0;0;0;0;0;0;0;0;0;0;0;0;0;0;0;0;0;0
P8S2G:00219:03429_SUB_SUB;208;0;0;0;0;0;0;0;0;0;0;0;0;0;0;0;0;0;0;2;0;0;0;0;0;0;0;0;0;0;1;0;0;0;0;0;0;0;0;0;0;0;0;0;0;0;0;0;0;0;0;0;0;0;0;0;0;0;0;0;0;0;0;0;0;0;0;0;205;0;0;0;0;0;0;0;0;0;0;0;0;0;0;0;0;0;0;0;0;0;0
P8S2G:00573:03501_SUB_SUB;954;0;0;0;0;0;0;0;0;0;0;0;0;0;0;0;0;0;0;2;0;0;0;0;0;61;0;0;0;1;0;0;0;0;0;0;230;0;37;0;37;0;0;6;0;0;0;16;60;42;0;0;0;0;0;0;0;0;3;0;2;1;1;0;44;0;0;0;39;0;0;0;0;0;0;0;0;0;0;0;0;0;0;15;0;0;0;27;5;0;325
P8S2G:00894:04007_SUB_SUB;610;0;0;0;0;0;0;0;0;0;0;0;0;0;0;0;0;0;0;2;0;0;0;0;0;0;0;0;0;0;0;0;0;0;0;0;0;0;0;0;0;0;0;0;0;0;0;0;608;0;0;0;0;0;0;0;0;0;0;0;0;0;0;0;0;0;0;0;0;0;0;0;0;0;0;0;0;0;0;0;0;0;0;0;0;0;0;0;0;0;0
P8S2G:00885:02863_SUB_SUB;1238;0;0;0;0;0;0;0;0;0;0;0;0;0;0;0;0;0;0;1;0;0;0;0;0;0;0;0;0;49;0;0;0;0;0;0;0;0;0;0;0;0;0;0;0;0;0;0;0;0;0;0;0;0;0;0;0;0;0;0;68;0;0;0;0;0;0;0;0;0;0;0;0;0;0;0;0;0;0;0;0;0;0;830;152;0;138;0;0;0;0
P8S2G:00918:03189_SUB_SUB;271;0;0;0;0;0;0;0;0;0;0;0;0;0;0;0;0;0;0;1;0;0;0;0;0;0;0;0;0;0;0;258;0;0;0;0;0;0;0;0;0;0;0;0;0;0;0;0;0;0;0;0;0;0;0;0;0;0;0;0;0;0;0;0;0;0;0;0;0;0;0;0;0;0;0;0;0;0;0;0;0;0;0;0;0;0;0;12;0;0;0
P8S2G:01323:03223_SUB_SUB;258;0;0;0;0;0;0;0;0;0;0;0;0;0;0;0;0;0;0;4;0;0;0;0;0;0;0;0;0;0;0;0;0;0;0;0;0;0;0;0;0;0;0;0;0;0;0;0;0;0;0;0;11;48;27;16;9;0;2;0;0;0;0;0;0;0;0;27;0;0;0;0;0;1;107;2;4;0;0;0;0;0;0;0;0;0;0;0;0;0;0
P8S2G:00687:01073_SUB_SUB;1277;0;0;0;0;0;0;0;0;0;0;0;0;0;0;0;0;0;0;2;0;0;0;1;0;0;0;0;0;0;0;0;0;0;0;0;0;0;0;0;0;0;0;0;0;0;0;0;0;0;0;0;43;546;203;95;91;0;0;0;0;0;0;0;0;0;0;76;0;0;0;0;0;6;115;49;50;0;0;0;0;0;0;0;0;0;0;0;0;0;0
P8S2G:00576:01434_SUB_SUB;129;0;0;0;0;0;0;0;0;0;0;0;0;0;0;0;0;0;0;2;0;0;0;0;0;0;0;0;0;5;0;0;0;0;0;0;0;0;0;0;0;0;0;0;0;0;0;0;0;0;0;0;0;0;0;0;0;0;0;0;5;81;0;0;0;0;0;0;0;0;0;0;0;0;0;0;0;0;0;0;0;19;0;0;2;0;15;0;0;0;0
P8S2G:02311:06943_SUB_SUB;348;0;0;0;0;0;0;0;0;0;0;0;0;0;0;0;0;0;0;3;0;0;0;0;0;0;0;0;0;2;0;0;0;0;0;0;212;0;0;0;0;0;0;0;0;0;0;0;0;0;0;0;0;0;0;0;0;0;0;0;25;0;0;0;0;0;0;0;0;0;0;0;0;0;0;0;0;0;56;0;29;0;0;0;1;0;20;0;0;0;0
P8S2G:04080:00537_SUB_SUB;236;0;0;0;0;0;0;0;0;0;0;0;0;0;0;0;0;0;0;1;0;0;0;0;0;0;0;0;0;0;0;0;0;0;0;0;0;0;0;0;0;0;0;0;0;0;0;0;0;0;0;0;8;115;33;14;19;0;0;0;0;0;0;0;0;0;0;15;0;0;0;0;0;1;14;8;8;0;0;0;0;0;0;0;0;0;0;0;0;0;0
P8S2G:04027:06499_SUB_SUB;1581;0;0;0;0;0;0;0;0;0;0;0;0;0;0;0;0;0;0;0;424;0;0;0;0;0;0;0;0;0;0;0;0;0;0;0;0;0;0;38;459;0;0;0;0;0;0;0;0;0;643;11;0;0;0;0;0;0;0;0;0;0;0;0;0;0;6;0;0;0;0;0;0;0;0;0;0;0;0;0;0;0;0;0;0;0;0;0;0;0;0
P8S2G:04332:06696_SUB_SUB;288;0;0;0;0;0;0;0;0;0;0;0;0;0;0;0;0;0;0;0;77;0;0;0;0;0;0;0;0;0;0;0;0;0;0;0;0;0;0;8;72;0;0;0;0;0;0;0;0;0;131;0;0;0;0;0;0;0;0;0;0;0;0;0;0;0;0;0;0;0;0;0;0;0;0;0;0;0;0;0;0;0;0;0;0;0;0;0;0;0;0
P8S2G:04598:06632_SUB_SUB;164;0;0;0;0;0;0;0;0;0;0;0;0;0;0;0;0;0;0;0;49;0;0;0;0;0;0;0;0;0;0;0;0;0;0;0;0;0;0;5;46;0;0;0;0;0;0;0;0;0;62;1;0;0;0;0;0;0;0;0;0;0;0;0;0;0;1;0;0;0;0;0;0;0;0;0;0;0;0;0;0;0;0;0;0;0;0;0;0;0;0
P8S2G:01224:02797_SUB_SUB;172;0;0;0;0;0;0;0;0;0;0;0;0;0;0;0;0;0;0;0;4;0;0;0;0;0;0;0;0;0;0;0;0;0;0;0;0;0;0;0;0;0;0;0;0;0;0;0;0;0;0;0;0;0;0;0;0;0;0;0;0;0;0;0;0;0;0;0;0;0;0;0;0;45;0;0;1;0;0;0;0;122;0;0;0;0;0;0;0;0;0
P8S2G:04598:06944_SUB_SUB;603;0;0;0;0;0;0;0;0;0;0;0;0;0;0;0;0;0;0;0;0;1;0;0;1;0;0;0;0;0;38;0;78;0;0;19;0;0;0;0;0;0;0;0;0;0;0;0;0;0;0;0;0;2;1;1;0;0;0;0;0;0;0;0;0;0;0;0;0;8;331;0;0;120;0;2;0;0;0;0;0;0;0;1;0;0;0;0;0;0;0
P8S2G:00256:04692_SUB_SUB;1493;0;0;0;0;0;0;0;0;0;0;0;0;0;0;0;0;0;0;0;0;4;0;0;7;0;0;0;0;30;1;0;70;8;0;1;0;0;0;5;79;0;0;2;0;2;0;0;5;0;3;0;366;467;123;31;66;0;0;0;5;0;0;32;0;2;0;1;0;2;6;2;0;0;94;56;8;0;15;0;0;0;0;0;0;0;0;0;0;0;0
P8S2G:00440:03465_SUB_SUB;150;0;0;0;0;0;0;0;0;0;0;0;0;0;0;0;0;0;0;0;0;2;0;0;0;0;2;0;0;0;11;0;0;0;0;8;0;0;0;0;0;0;0;3;0;0;0;0;4;0;0;0;3;12;1;0;0;0;0;0;0;0;0;0;0;49;0;2;0;0;50;3;0;0;0;0;0;0;0;0;0;0;0;0;0;0;0;0;0;0;0
P8S2G:03949:01519_SUB_SUB;123;0;0;0;0;0;0;0;0;0;0;0;0;0;0;0;0;0;0;0;0;1;0;0;0;0;0;0;0;0;4;0;0;0;0;0;0;0;0;0;3;0;0;0;0;1;0;0;0;0;0;0;33;47;6;7;5;0;0;0;0;0;0;1;0;0;0;0;0;0;1;3;0;0;8;2;0;0;0;0;0;0;0;0;0;0;0;0;0;0;1
P8S2G:05255:01820_SUB_SUB;177;0;0;0;0;0;0;0;0;0;0;0;0;0;0;0;0;0;0;0;0;1;0;0;0;0;0;0;0;0;3;0;21;0;0;5;0;0;0;0;0;0;1;0;0;3;0;0;0;0;0;0;0;0;0;0;0;0;0;0;0;0;0;0;0;0;0;0;0;0;67;0;0;76;0;0;0;0;0;0;0;0;0;0;0;0;0;0;0;0;0
P8S2G:01149:04392_SUB_SUB;791;0;0;0;0;0;0;0;0;0;0;0;0;0;0;0;0;0;0;0;0;2;0;0;7;0;0;0;0;19;0;0;32;4;0;1;0;0;0;1;38;0;0;1;0;0;0;0;0;0;3;2;265;158;80;30;31;0;0;0;1;0;0;13;0;0;0;0;0;2;0;1;0;0;69;20;4;0;6;0;0;0;0;0;0;0;0;0;0;0;1
P8S2G:00440:06948_SUB_SUB;180;0;0;0;0;0;0;0;0;0;0;0;0;0;0;0;0;0;0;0;0;1;0;0;0;0;1;0;0;0;1;0;0;0;0;3;0;0;0;1;1;0;0;0;0;0;0;0;4;0;0;1;1;22;8;2;6;0;0;0;0;0;11;9;0;87;0;4;0;0;15;1;0;0;0;1;0;0;0;0;0;0;0;0;0;0;0;0;0;0;0
P8S2G:00848:02187_SUB_SUB;466;0;0;0;0;0;0;0;0;0;0;0;0;0;0;0;0;0;0;0;0;3;0;7;1;0;0;0;0;0;19;0;1;0;0;18;0;0;0;0;0;0;0;1;0;0;0;0;0;0;0;1;1;103;49;75;34;0;0;0;1;0;0;4;0;0;0;0;0;12;0;1;0;54;39;26;4;0;5;0;0;6;0;0;0;0;0;1;0;0;0
P8S2G:04015:03139_SUB_SUB;2541;0;0;0;0;0;0;0;0;0;0;0;0;0;0;0;0;0;0;0;0;2;0;0;0;0;0;0;0;0;0;0;0;0;0;0;0;0;1;0;0;0;0;0;0;0;0;0;0;0;0;0;25;1456;346;98;225;0;0;0;0;0;0;0;0;0;0;112;0;0;0;0;0;3;26;127;120;0;0;0;0;0;0;0;0;0;0;0;0;0;0
P8S2G:02815:03655_SUB_SUB;2592;0;0;0;0;0;0;0;0;0;0;0;0;0;0;0;0;0;0;0;0;6;0;18;88;0;0;0;0;11;87;0;123;3;0;14;0;0;1;1;0;0;0;80;0;59;0;0;0;0;2;0;5;430;339;145;137;0;13;1;0;77;0;0;0;0;0;7;0;45;600;0;0;79;109;83;0;0;0;0;0;0;0;24;0;2;0;0;0;3;0
P8S2G:03407:00718_SUB_SUB;216;0;0;0;0;0;0;0;0;0;0;0;0;0;0;0;0;0;0;0;0;1;0;0;0;0;0;0;0;0;3;0;1;0;0;2;0;0;0;0;0;0;0;0;0;0;0;0;0;0;0;0;1;64;54;25;19;0;0;0;0;0;0;0;0;0;0;0;0;3;0;0;0;27;8;8;0;0;0;0;0;0;0;0;0;0;0;0;0;0;0
P8S2G:03926:00987_SUB_SUB;285;0;0;0;0;0;0;0;0;0;0;0;0;0;0;0;0;0;0;0;0;2;0;1;0;0;1;0;0;0;14;0;0;0;0;1;0;0;0;7;13;0;0;1;0;2;0;0;1;0;0;0;46;67;17;9;15;0;0;0;0;0;8;0;1;14;0;7;0;0;8;23;0;0;15;9;0;0;0;0;0;0;0;0;0;0;0;0;0;0;3
P8S2G:03739:02260_SUB_SUB;1162;0;0;0;0;0;0;0;0;0;0;0;0;0;0;0;0;0;0;0;0;2;0;1;0;0;0;0;0;0;6;0;1;0;0;2;0;0;0;0;0;0;0;0;0;0;0;0;0;0;0;8;64;497;195;86;109;0;0;0;1;0;0;43;0;0;0;0;0;3;0;0;0;1;67;71;1;0;4;0;0;0;0;0;0;0;0;0;0;0;0
P8S2G:02092:06984_SUB_SUB;439;0;0;0;0;0;0;0;0;0;0;0;0;0;0;0;0;0;0;0;0;1;0;0;0;0;0;0;0;0;0;11;0;0;0;0;0;0;0;0;299;0;0;4;0;0;0;0;5;0;19;0;0;1;2;0;0;0;0;0;0;0;0;0;6;0;12;0;0;0;0;65;0;0;0;0;0;0;0;0;0;0;0;0;0;7;0;0;0;0;7
P8S2G:02561:06570_SUB_SUB;1101;0;0;0;0;0;0;0;0;0;0;0;0;0;0;0;0;0;0;0;0;2;0;7;18;0;0;0;0;14;31;0;85;1;0;5;0;0;0;1;2;0;0;33;0;25;0;0;1;0;2;0;4;144;148;82;56;0;3;0;0;23;0;0;0;0;0;4;0;24;252;0;0;33;64;22;0;0;1;0;0;0;0;9;0;1;0;0;0;4;0
P8S2G:03746:07218_SUB_SUB;659;0;0;0;0;0;0;0;0;0;0;0;0;0;0;0;0;0;0;0;0;2;0;0;21;0;0;0;0;5;0;0;2;1;0;0;0;0;0;5;36;0;0;13;2;0;0;0;0;0;5;0;106;237;71;21;43;0;0;0;3;0;0;19;0;0;0;1;0;3;0;0;0;0;34;12;6;0;11;0;0;0;0;0;0;0;0;0;0;0;0
P8S2G:04201:04075_SUB_SUB;349;0;0;0;0;0;0;0;0;0;0;0;0;0;0;0;0;0;0;0;0;2;0;0;0;0;0;0;0;0;1;0;0;0;0;6;0;0;0;0;0;0;0;0;0;0;0;0;0;0;0;0;0;0;0;0;0;0;0;0;0;0;0;0;0;0;0;0;0;0;0;1;0;333;0;0;1;0;0;0;0;5;0;0;0;0;0;0;0;0;0
P8S2G:04234:03884_SUB_SUB;1353;0;0;0;0;0;0;0;0;0;0;0;0;0;0;0;0;0;0;0;0;1;0;0;0;0;0;0;0;0;2;0;0;0;0;0;0;0;1;0;0;0;0;0;0;0;0;0;0;0;0;0;3;195;556;221;101;0;0;0;0;0;0;0;0;0;0;0;0;0;0;0;0;0;174;99;0;0;0;0;0;0;0;0;0;0;0;0;0;0;0
P8S2G:02133:06375_SUB_SUB;171;0;0;0;0;0;0;0;0;0;0;0;0;0;0;0;0;0;0;0;0;1;0;0;0;0;0;0;0;0;0;0;0;0;0;0;0;0;0;0;0;0;0;0;0;0;0;0;0;0;0;0;83;56;18;2;7;0;0;0;0;0;0;0;0;0;0;0;0;0;0;0;0;0;3;1;0;0;0;0;0;0;0;0;0;0;0;0;0;0;0
P8S2G:02177:05011_SUB_SUB;1263;0;0;0;0;0;0;0;0;0;0;0;0;0;0;0;0;0;0;0;0;4;0;0;3;0;0;0;0;0;9;0;43;0;0;29;0;0;0;0;0;0;0;3;0;0;0;0;0;0;0;0;0;3;1;0;1;0;0;0;0;0;0;0;0;0;0;0;0;1;606;2;0;555;0;0;0;0;2;0;0;0;0;1;0;0;0;0;0;0;0
P8S2G:02006:02664_SUB_SUB;199;0;0;0;0;0;0;0;0;0;0;0;0;0;0;0;0;0;0;0;0;1;0;3;3;0;0;0;0;1;3;0;2;0;0;0;0;0;0;0;0;0;0;2;0;1;0;0;0;0;0;0;2;15;31;17;6;0;3;0;0;3;0;0;0;0;0;0;0;9;38;0;0;13;39;6;0;0;0;0;0;0;0;1;0;0;0;0;0;0;0
P8S2G:04606:07198_SUB_SUB;102;0;0;0;0;0;0;0;0;0;0;0;0;0;0;0;0;0;0;0;0;1;0;1;2;0;0;0;0;0;7;0;8;0;0;0;0;0;0;1;0;0;0;1;0;2;0;0;0;0;0;0;1;5;13;6;7;0;0;0;0;4;0;0;0;0;0;1;0;5;19;0;0;4;9;4;0;0;0;0;0;0;0;1;0;0;0;0;0;0;0
P8S2G:03251:06724_SUB_SUB;808;0;0;0;0;0;0;0;0;0;0;0;0;0;0;0;0;0;0;0;0;2;0;3;2;0;0;0;0;0;14;0;2;0;0;18;0;0;1;0;0;0;0;0;0;0;0;0;0;0;0;2;9;202;216;76;68;0;0;0;0;0;0;5;0;0;0;0;0;11;0;0;0;62;61;33;7;0;4;0;0;10;0;0;0;0;0;0;0;0;0
P8S2G:02091:01971_SUB_SUB;168;0;0;0;0;0;0;0;0;0;0;0;0;0;0;0;0;0;0;0;0;1;0;3;40;0;0;0;0;0;1;0;2;0;0;0;0;0;0;0;0;0;0;32;0;0;0;0;0;0;0;0;0;43;8;5;12;0;1;0;0;0;0;0;0;0;0;0;0;10;1;0;0;3;2;2;0;0;2;0;0;0;0;0;0;0;0;0;0;0;0
P8S2G:04162:06041_SUB_SUB;457;0;0;0;0;0;0;0;0;0;0;0;0;0;0;0;0;0;0;0;0;1;0;1;1;0;0;0;0;1;0;0;54;0;0;0;0;0;0;13;136;0;0;2;0;0;0;0;22;1;6;0;2;21;12;1;4;0;1;0;0;0;0;52;0;0;0;25;69;13;0;0;0;0;4;1;0;0;0;0;0;0;0;0;0;0;0;0;0;0;14
P8S2G:01652:02841_SUB_SUB;851;0;0;0;0;0;0;0;0;0;0;0;0;0;0;0;0;0;0;0;0;2;0;2;21;0;0;0;0;3;6;0;23;0;0;9;0;0;0;0;0;0;0;31;0;19;0;0;0;0;1;0;3;116;171;32;52;0;1;0;0;14;0;0;0;0;0;2;0;13;230;0;0;26;24;30;0;0;0;0;0;0;0;18;0;0;0;0;0;2;0
P8S2G:04836:02711_SUB_SUB;309;0;0;0;0;0;0;0;0;0;0;0;0;0;0;0;0;0;0;0;0;1;0;3;2;0;0;0;0;0;41;0;30;0;0;0;0;0;0;1;0;0;1;4;0;6;0;0;0;0;0;0;3;37;35;27;12;0;9;0;0;6;0;0;0;0;0;2;0;11;20;0;0;15;34;7;0;0;0;0;0;0;0;0;0;2;0;0;0;0;0
P8S2G:04891:02570_SUB_SUB;191;0;0;0;0;0;0;0;0;0;0;0;0;0;0;0;0;0;0;0;0;1;0;0;0;0;0;0;0;0;0;0;0;0;0;0;0;0;0;0;0;0;0;0;0;0;0;0;0;0;0;0;0;1;0;0;0;184;0;0;0;0;0;5;0;0;0;0;0;0;0;0;0;0;0;0;0;0;0;0;0;0;0;0;0;0;0;0;0;0;0
P8S2G:01952:06608_SUB_SUB;116;0;0;0;0;0;0;0;0;0;0;0;0;0;0;0;0;0;0;0;0;1;0;0;0;0;0;0;0;0;0;0;0;0;0;0;0;0;0;0;0;0;0;40;0;0;0;0;0;0;0;0;14;42;6;2;8;0;0;0;0;0;0;0;0;0;0;1;0;0;0;0;0;0;0;0;0;0;2;0;0;0;0;0;0;0;0;0;0;0;0
P8S2G:03334:06847_SUB_SUB;144;0;0;0;0;0;0;0;0;0;0;0;0;0;0;0;0;0;0;0;0;0;4;0;0;0;0;0;0;0;0;0;0;0;0;0;0;0;0;0;0;14;0;0;0;0;0;0;0;0;0;1;0;0;1;0;0;0;0;0;0;0;0;118;0;0;5;1;0;0;0;0;0;0;0;0;0;0;0;0;0;0;0;0;0;0;0;0;0;0;0
P8S2G:04035:06510_SUB_SUB;577;0;0;0;0;0;0;0;0;0;0;0;0;0;0;0;0;0;0;0;0;0;0;6;2;0;0;0;0;0;9;0;4;0;0;16;0;0;0;0;1;0;0;0;0;0;0;0;0;0;0;0;8;141;145;48;49;0;0;0;0;0;0;2;1;0;0;0;0;3;0;0;0;46;54;26;8;0;3;0;0;5;0;0;0;0;0;0;0;0;0
P8S2G:04086:06433_SUB_SUB;894;0;0;0;0;0;0;0;0;0;0;0;0;0;0;0;0;0;0;0;0;0;0;37;5;0;0;0;0;2;0;20;219;0;0;0;0;0;0;0;0;0;2;0;0;0;0;0;0;22;0;0;0;0;0;0;0;0;0;0;0;0;0;227;0;255;0;70;0;0;0;0;0;0;0;0;0;0;0;0;0;0;0;0;0;0;28;0;7;0;0
P8S2G:04149:06703_SUB_SUB;176;0;0;0;0;0;0;0;0;0;0;0;0;0;0;0;0;0;0;0;0;0;0;7;2;1;0;0;10;0;1;0;0;0;0;0;0;0;0;0;3;15;0;2;0;1;0;0;0;3;91;0;0;0;0;0;0;0;0;0;0;0;0;0;0;0;37;0;3;0;0;0;0;0;0;0;0;0;0;0;0;0;0;0;0;0;0;0;0;0;0
P8S2G:04164:06782_SUB_SUB;123;0;0;0;0;0;0;0;0;0;0;0;0;0;0;0;0;0;0;0;0;0;0;9;24;0;0;0;0;0;0;0;0;0;0;0;0;0;0;0;2;0;0;0;0;0;0;0;0;0;13;0;0;0;0;0;0;3;0;0;4;0;0;4;0;0;4;10;0;0;0;0;0;0;0;0;30;0;20;0;0;0;0;0;0;0;0;0;0;0;0
P8S2G:04251:06998_SUB_SUB;693;0;0;0;0;0;0;0;0;0;0;0;0;0;0;0;0;0;0;0;0;0;0;9;1;0;0;0;0;0;0;0;0;0;4;0;0;0;0;12;0;0;0;9;0;566;0;0;0;0;0;0;0;2;1;1;0;0;17;0;14;0;0;0;1;0;1;0;0;0;46;0;0;0;0;0;4;0;2;0;0;0;0;0;0;0;1;0;0;0;2
P8S2G:04260:06983_SUB_SUB;102;0;0;0;0;0;0;0;0;0;0;0;0;0;0;0;0;0;0;0;0;0;0;3;0;0;0;0;0;0;0;0;0;0;1;0;0;0;0;7;0;0;0;3;0;67;0;0;0;0;0;0;0;0;0;0;0;0;5;0;2;0;0;0;1;0;1;0;0;0;10;0;0;0;0;0;1;0;1;0;0;0;0;0;0;0;0;0;0;0;0
P8S2G:04286:06538_SUB_SUB;314;0;0;0;0;0;0;0;0;0;0;0;0;0;0;0;0;0;0;0;0;0;0;25;289;0;0;0;0;0;0;0;0;0;0;0;0;0;0;0;0;0;0;0;0;0;0;0;0;0;0;0;0;0;0;0;0;0;0;0;0;0;0;0;0;0;0;0;0;0;0;0;0;0;0;0;0;0;0;0;0;0;0;0;0;0;0;0;0;0;0
P8S2G:04315:06588_SUB_SUB;806;0;0;0;0;0;0;0;0;0;0;0;0;0;0;0;0;0;0;0;0;0;0;75;187;0;0;0;0;1;0;0;0;0;0;0;0;0;0;0;18;0;0;1;0;0;0;0;0;0;54;0;0;0;0;0;0;43;0;0;28;0;0;38;0;0;21;27;0;0;0;0;0;0;0;0;209;0;104;0;0;0;0;0;0;0;0;0;0;0;0
P8S2G:04303:06899_SUB_SUB;1111;0;0;0;0;0;0;0;0;0;0;0;0;0;0;0;0;0;0;0;0;0;0;402;0;0;0;0;0;18;8;0;0;0;0;0;0;0;0;154;1;0;0;0;0;0;0;0;4;0;54;4;0;0;0;0;0;0;1;0;0;0;0;0;0;87;0;357;0;2;0;0;0;19;0;0;0;0;0;0;0;0;0;0;0;0;0;0;0;0;0
P8S2G:04333:06854_SUB_SUB;622;0;0;0;0;0;0;0;0;0;0;0;0;0;0;0;0;0;0;0;0;0;0;15;0;0;0;0;0;0;0;0;0;0;0;0;0;0;18;0;0;0;0;27;0;0;0;0;0;0;0;17;0;0;0;0;0;0;149;0;6;0;0;0;70;0;0;0;0;0;0;0;0;0;0;0;0;0;0;0;0;0;0;0;0;0;0;257;0;0;63
P8S2G:04341:06511_SUB_SUB;2100;0;0;0;0;0;0;0;0;0;0;0;0;0;0;0;0;0;0;0;0;0;0;40;0;253;0;0;0;0;0;1807;0;0;0;0;0;0;0;0;0;0;0;0;0;0;0;0;0;0;0;0;0;0;0;0;0;0;0;0;0;0;0;0;0;0;0;0;0;0;0;0;0;0;0;0;0;0;0;0;0;0;0;0;0;0;0;0;0;0;0
P8S2G:04569:06655_SUB_SUB;262;0;0;0;0;0;0;0;0;0;0;0;0;0;0;0;0;0;0;0;0;0;0;51;17;0;0;0;0;3;0;0;0;0;0;0;0;0;0;8;51;0;0;3;0;0;0;0;0;39;0;4;0;7;4;3;5;0;0;0;0;0;0;40;0;0;0;0;0;19;0;0;0;0;5;3;0;0;0;0;0;0;0;0;0;0;0;0;0;0;0
P8S2G:04632:06504_SUB_SUB;651;0;0;0;0;0;0;0;0;0;0;0;0;0;0;0;0;0;0;0;0;0;0;47;146;0;0;0;0;1;0;0;0;0;0;0;0;0;0;0;27;0;0;7;0;0;0;0;0;0;48;0;0;0;0;0;0;19;0;0;37;0;0;38;0;0;23;19;0;0;0;0;0;0;0;0;151;0;88;0;0;0;0;0;0;0;0;0;0;0;0
P8S2G:04588:06762_SUB_SUB;171;0;0;0;0;0;0;0;0;0;0;0;0;0;0;0;0;0;0;0;0;0;0;170;1;0;0;0;0;0;0;0;0;0;0;0;0;0;0;0;0;0;0;0;0;0;0;0;0;0;0;0;0;0;0;0;0;0;0;0;0;0;0;0;0;0;0;0;0;0;0;0;0;0;0;0;0;0;0;0;0;0;0;0;0;0;0;0;0;0;0
P8S2G:00706:05781_SUB_SUB;111;0;0;0;0;0;0;0;0;0;0;0;0;0;0;0;0;0;0;0;0;0;0;3;0;0;0;0;0;0;0;0;0;0;2;0;0;0;0;1;0;0;0;0;0;93;0;0;0;0;0;0;0;0;0;0;0;0;2;0;1;0;0;0;0;0;3;0;0;0;6;0;0;0;0;0;0;0;0;0;0;0;0;0;0;0;0;0;0;0;0
P8S2G:00701:06211_SUB_SUB;431;0;0;0;0;0;0;0;0;0;0;0;0;0;0;0;0;0;0;0;0;0;0;299;0;0;0;0;0;0;0;0;0;0;0;0;0;0;0;0;0;0;0;131;0;0;0;1;0;0;0;0;0;0;0;0;0;0;0;0;0;0;0;0;0;0;0;0;0;0;0;0;0;0;0;0;0;0;0;0;0;0;0;0;0;0;0;0;0;0;0
P8S2G:00816:06248_SUB_SUB;324;0;0;0;0;0;0;0;0;0;0;0;0;0;0;0;0;0;0;0;0;0;0;43;1;2;0;0;42;0;11;0;0;0;0;0;0;0;0;0;2;22;0;2;0;3;0;0;0;2;149;0;0;2;0;0;0;0;0;0;1;0;0;5;0;0;25;0;2;7;0;0;0;0;0;0;0;0;0;0;0;0;0;0;0;1;0;0;0;2;0
P8S2G:00914:06365_SUB_SUB;118;0;0;0;0;0;0;0;0;0;0;0;0;0;0;0;0;0;0;0;0;0;0;6;0;0;0;0;0;0;0;0;0;0;0;0;0;0;0;3;0;0;0;0;0;92;0;0;0;0;0;0;0;0;0;0;0;0;1;0;5;0;0;0;0;0;2;0;0;0;7;0;0;0;0;0;1;0;1;0;0;0;0;0;0;0;0;0;0;0;0
P8S2G:01038:05861_SUB_SUB;208;0;0;0;0;0;0;0;0;0;0;0;0;0;0;0;0;0;0;0;0;0;0;13;47;0;0;0;0;0;0;0;0;0;0;0;0;0;0;0;5;0;0;1;0;0;0;0;0;0;24;0;0;0;0;0;0;13;0;0;6;0;0;13;0;0;6;6;0;0;0;0;0;0;0;0;47;0;27;0;0;0;0;0;0;0;0;0;0;0;0
P8S2G:01187:06117_SUB_SUB;480;0;0;0;0;0;0;0;0;0;0;0;0;0;0;0;0;0;0;0;0;0;0;15;0;0;0;0;0;0;0;0;0;0;0;0;0;0;0;0;0;0;0;151;0;0;0;0;0;0;0;0;0;0;0;0;0;0;310;0;0;0;0;0;4;0;0;0;0;0;0;0;0;0;0;0;0;0;0;0;0;0;0;0;0;0;0;0;0;0;0
P8S2G:01195:06161_SUB_SUB;106;0;0;0;0;0;0;0;0;0;0;0;0;0;0;0;0;0;0;0;0;0;0;45;2;0;0;0;0;4;1;0;0;0;0;0;0;0;0;14;0;0;0;0;0;0;0;0;0;0;3;0;0;0;0;0;0;0;0;0;0;0;0;0;0;4;0;28;0;0;0;0;0;5;0;0;0;0;0;0;0;0;0;0;0;0;0;0;0;0;0
P8S2G:00131:02213_SUB_SUB;244;0;0;0;0;0;0;0;0;0;0;0;0;0;0;0;0;0;0;0;0;0;0;25;57;0;0;0;0;1;0;0;0;0;0;0;0;0;0;0;9;0;0;3;0;0;0;0;0;0;11;0;0;0;0;0;0;11;0;0;9;0;0;14;0;0;4;5;0;0;0;0;0;0;0;0;70;0;25;0;0;0;0;0;0;0;0;0;0;0;0
P8S2G:00109:02461_SUB_SUB;121;0;0;0;0;0;0;0;0;0;0;0;0;0;0;0;0;0;0;0;0;0;0;121;0;0;0;0;0;0;0;0;0;0;0;0;0;0;0;0;0;0;0;0;0;0;0;0;0;0;0;0;0;0;0;0;0;0;0;0;0;0;0;0;0;0;0;0;0;0;0;0;0;0;0;0;0;0;0;0;0;0;0;0;0;0;0;0;0;0;0
P8S2G:00224:02502_SUB_SUB;125;0;0;0;0;0;0;0;0;0;0;0;0;0;0;0;0;0;0;0;0;0;0;1;1;0;0;0;0;0;7;0;0;0;0;0;0;0;0;0;0;0;0;1;0;0;0;0;0;0;0;0;0;0;0;1;0;0;0;0;0;0;0;0;0;0;0;0;0;9;0;0;0;100;0;0;0;0;0;0;0;0;0;5;0;0;0;0;0;0;0
P8S2G:00275:02030_SUB_SUB;860;0;0;0;0;0;0;0;0;0;0;0;0;0;0;0;0;0;0;0;0;0;0;73;177;0;0;0;0;1;0;0;0;0;0;0;0;0;0;0;28;0;0;7;0;0;0;0;0;0;80;2;0;0;0;0;0;35;0;0;34;0;0;54;0;0;20;38;0;0;0;0;0;0;0;0;183;0;128;0;0;0;0;0;0;0;0;0;0;0;0
P8S2G:00270:02258_SUB_SUB;158;0;0;0;0;0;0;0;0;0;0;0;0;0;0;0;0;0;0;0;0;0;0;6;0;0;0;0;0;0;0;0;0;0;1;0;0;0;0;1;0;0;0;3;0;134;0;0;0;0;0;0;0;0;0;0;0;0;1;0;0;0;0;0;0;0;0;0;0;0;10;0;0;0;0;0;1;0;1;0;0;0;0;0;0;0;0;0;0;0;0
P8S2G:00305:01947_SUB_SUB;345;0;0;0;0;0;0;0;0;0;0;0;0;0;0;0;0;0;0;0;0;0;0;9;0;0;0;0;0;0;0;0;0;0;3;0;0;0;0;2;0;0;0;4;0;285;0;0;0;0;0;0;0;0;1;1;0;0;8;0;8;0;0;0;1;0;1;0;0;0;17;0;0;0;0;1;2;0;1;0;0;0;0;0;0;0;0;0;0;0;1
P8S2G:00393:02380_SUB_SUB;845;0;0;0;0;0;0;0;0;0;0;0;0;0;0;0;0;0;0;0;0;0;0;14;0;0;0;0;0;0;0;0;0;0;7;0;0;0;0;17;0;0;0;12;0;682;0;0;0;0;0;0;0;0;0;0;0;0;23;0;13;0;0;0;3;0;6;0;0;0;54;0;0;0;2;0;6;0;2;0;0;0;0;0;0;0;2;0;0;0;2
P8S2G:00422:02356_SUB_SUB;132;0;0;0;0;0;0;0;0;0;0;0;0;0;0;0;0;0;0;0;0;0;0;4;0;0;0;0;0;0;0;0;0;0;2;0;0;0;0;4;0;0;0;2;0;98;0;0;0;0;0;0;0;0;0;0;0;0;5;0;5;0;0;0;0;0;1;0;0;0;9;0;0;0;0;0;2;0;0;0;0;0;0;0;0;0;0;0;0;0;0
P8S2G:00591:01931_SUB_SUB;148;0;0;0;0;0;0;0;0;0;0;0;0;0;0;0;0;0;0;0;0;0;0;8;0;0;0;0;0;0;0;0;0;0;0;0;0;0;2;0;0;0;0;4;0;0;0;0;1;0;0;3;0;0;0;0;0;0;40;0;0;0;0;0;23;0;0;0;0;0;0;0;0;0;0;0;0;0;0;0;0;0;0;0;0;0;0;61;0;0;6
P8S2G:00597:02000_SUB_SUB;387;0;0;0;0;0;0;0;0;0;0;0;0;0;0;0;0;0;0;0;0;0;0;2;6;0;0;0;0;9;14;0;28;1;0;5;0;0;0;0;0;0;0;5;0;6;0;0;0;0;0;0;1;28;38;42;12;0;4;0;0;11;0;0;0;0;0;0;0;13;92;0;0;13;43;12;0;0;0;0;0;0;0;1;0;0;0;0;0;1;0
P8S2G:00317:00984_SUB_SUB;300;0;0;0;0;0;0;0;0;0;0;0;0;0;0;0;0;0;0;0;0;0;0;8;4;0;0;0;0;1;22;0;26;0;0;2;0;0;0;0;0;0;0;2;0;9;0;0;0;0;0;0;2;40;19;34;13;0;0;0;0;12;0;0;0;0;0;1;0;12;40;0;0;12;22;12;0;0;0;0;0;0;0;5;0;0;0;0;1;1;0
P8S2G:00334:01052_SUB_SUB;148;0;0;0;0;0;0;0;0;0;0;0;0;0;0;0;0;0;0;0;0;0;0;9;41;0;0;0;0;0;0;0;0;0;0;0;0;0;0;0;7;0;0;3;0;0;0;0;0;0;11;0;0;0;0;0;0;3;0;0;5;0;0;10;0;0;0;1;0;0;0;0;0;0;0;0;40;0;18;0;0;0;0;0;0;0;0;0;0;0;0
P8S2G:00444:01031_SUB_SUB;891;0;0;0;0;0;0;0;0;0;0;0;0;0;0;0;0;0;0;0;0;0;0;85;216;0;0;0;0;1;0;0;0;0;0;0;0;0;0;0;30;0;0;7;0;0;0;0;0;0;56;1;0;0;0;0;0;37;0;0;41;0;0;49;0;0;11;28;0;0;0;0;0;0;0;0;219;0;110;0;0;0;0;0;0;0;0;0;0;0;0
P8S2G:00082:04902_SUB_SUB;150;0;0;0;0;0;0;0;0;0;0;0;0;0;0;0;0;0;0;0;0;0;0;8;0;0;0;0;0;0;0;3;39;0;0;0;0;0;0;0;0;0;0;0;0;0;0;0;0;10;0;0;0;0;0;0;0;0;0;0;0;0;0;33;0;44;0;11;0;0;0;0;0;0;0;0;0;0;0;0;0;0;0;0;0;0;2;0;0;0;0
P8S2G:00192:05086_SUB_SUB;114;0;0;0;0;0;0;0;0;0;0;0;0;0;0;0;0;0;0;0;0;0;0;3;0;0;0;0;0;0;0;0;0;0;0;0;0;0;0;0;0;0;0;5;0;97;0;0;0;0;0;0;0;0;0;0;0;0;1;0;1;0;0;0;0;0;2;0;0;0;4;0;0;0;0;0;0;0;0;0;0;0;0;0;0;0;1;0;0;0;0
P8S2G:00384:04935_SUB_SUB;196;0;0;0;0;0;0;0;0;0;0;0;0;0;0;0;0;0;0;0;0;0;0;27;0;5;0;0;23;0;8;0;0;0;0;0;0;0;0;0;4;13;0;0;0;1;0;0;0;1;91;2;0;0;0;0;0;0;0;0;0;0;0;1;0;0;14;0;1;3;0;0;0;0;0;0;0;0;0;0;0;0;0;0;0;0;0;0;0;2;0
P8S2G:00286:03652_SUB_SUB;157;0;0;0;0;0;0;0;0;0;0;0;0;0;0;0;0;0;0;0;0;0;0;2;4;1;0;0;0;0;3;0;0;0;0;0;0;0;0;4;7;0;0;4;0;0;0;0;2;0;1;1;10;60;16;2;9;0;1;0;0;0;0;1;0;4;0;8;0;0;0;0;0;0;2;9;2;0;4;0;0;0;0;0;0;0;0;0;0;0;0
P8S2G:00543:03204_SUB_SUB;464;0;0;0;0;0;0;0;0;0;0;0;0;0;0;0;0;0;0;0;0;0;0;19;3;1;0;0;1;0;0;0;0;0;0;0;0;0;0;0;5;4;0;8;0;0;0;0;1;2;394;0;0;1;0;0;0;0;0;0;0;0;0;6;0;0;14;0;0;0;0;0;0;0;0;0;0;0;5;0;0;0;0;0;0;0;0;0;0;0;0
P8S2G:00149:06213_SUB_SUB;174;0;0;0;0;0;0;0;0;0;0;0;0;0;0;0;0;0;0;0;0;0;0;11;137;0;0;0;0;0;0;0;0;0;0;0;0;0;0;0;0;0;0;0;0;0;0;0;0;0;0;0;0;15;0;6;2;0;0;0;0;0;0;0;0;0;0;0;1;0;0;0;0;0;1;1;0;0;0;0;0;0;0;0;0;0;0;0;0;0;0
P8S2G:00364:05942_SUB_SUB;140;0;0;0;0;0;0;0;0;0;0;0;0;0;0;0;0;0;0;0;0;0;0;7;0;0;0;0;0;0;0;2;45;0;0;0;0;0;0;0;0;0;0;0;0;0;0;0;0;3;0;0;0;0;0;0;0;0;0;0;0;0;0;30;0;45;0;5;0;0;0;0;0;0;0;0;0;0;0;0;0;0;0;0;0;0;2;0;1;0;0
P8S2G:03419:01318_SUB_SUB;236;0;0;0;0;0;0;0;0;0;0;0;0;0;0;0;0;0;0;0;0;0;0;7;1;0;0;0;0;0;0;0;0;0;2;0;0;0;0;0;0;0;0;2;0;192;0;0;0;0;0;0;0;0;0;0;0;0;6;0;3;0;0;0;0;0;2;0;0;0;21;0;0;0;0;0;0;0;0;0;0;0;0;0;0;0;0;0;0;0;0
P8S2G:03442:01680_SUB_SUB;150;0;0;0;0;0;0;0;0;0;0;0;0;0;0;0;0;0;0;0;0;0;0;5;0;0;0;0;0;0;0;0;0;0;2;0;0;0;0;2;0;0;0;2;0;111;0;0;1;0;0;1;0;0;0;0;0;0;8;0;5;0;0;0;1;0;1;0;0;0;11;0;0;0;0;0;0;0;0;0;0;0;0;0;0;0;0;0;0;0;0
P8S2G:03476:01406_SUB_SUB;224;0;0;0;0;0;0;0;0;0;0;0;0;0;0;0;0;0;0;0;0;0;0;28;0;1;0;0;24;0;9;0;0;0;0;0;0;0;0;0;3;10;0;0;0;3;0;0;0;1;115;0;0;0;0;0;0;0;0;0;0;0;0;3;0;0;11;0;5;7;0;0;0;0;0;0;0;0;0;0;0;0;0;0;0;0;0;0;0;4;0
P8S2G:03730:01485_SUB_SUB;134;0;0;0;0;0;0;0;0;0;0;0;0;0;0;0;0;0;0;0;0;0;0;5;0;0;0;0;0;0;0;0;0;0;1;0;0;0;0;0;0;0;0;1;0;102;0;0;0;0;0;0;0;0;0;0;0;0;6;0;1;0;0;0;2;0;1;0;0;0;11;0;0;0;0;1;2;0;1;0;0;0;0;0;0;0;0;0;0;0;0
P8S2G:03814:01359_SUB_SUB;268;0;0;0;0;0;0;0;0;0;0;0;0;0;0;0;0;0;0;0;0;0;0;4;0;29;0;0;0;0;0;235;0;0;0;0;0;0;0;0;0;0;0;0;0;0;0;0;0;0;0;0;0;0;0;0;0;0;0;0;0;0;0;0;0;0;0;0;0;0;0;0;0;0;0;0;0;0;0;0;0;0;0;0;0;0;0;0;0;0;0
P8S2G:03819:01670_SUB_SUB;135;0;0;0;0;0;0;0;0;0;0;0;0;0;0;0;0;0;0;0;0;0;0;7;0;0;0;0;0;0;0;0;0;0;1;0;0;0;0;0;0;0;0;1;0;104;0;0;1;1;0;0;0;0;0;1;0;0;1;0;2;0;0;0;0;0;1;0;0;0;14;0;0;0;0;0;1;0;0;0;0;0;0;0;0;0;0;0;0;0;0
P8S2G:03941:01619_SUB_SUB;130;0;0;0;0;0;0;0;0;0;0;0;0;0;0;0;0;0;0;0;0;0;0;6;32;0;0;0;0;1;0;0;0;0;0;0;0;0;0;0;2;0;0;1;0;0;0;0;0;0;14;1;0;0;0;0;0;10;0;0;5;0;0;7;0;0;0;7;0;0;0;0;0;0;0;0;30;0;14;0;0;0;0;0;0;0;0;0;0;0;0
P8S2G:04706:01775_SUB_SUB;147;0;0;0;0;0;0;0;0;0;0;0;0;0;0;0;0;0;0;0;0;0;0;7;0;0;0;0;0;0;0;0;0;0;2;0;0;0;0;0;0;0;0;0;0;108;0;0;0;1;0;0;0;0;0;0;0;0;10;0;3;0;0;0;1;0;0;0;0;0;14;0;0;0;0;0;0;0;0;0;0;0;0;0;0;0;0;0;0;0;1
P8S2G:05253:01787_SUB_SUB;157;0;0;0;0;0;0;0;0;0;0;0;0;0;0;0;0;0;0;0;0;0;0;2;0;0;0;0;0;0;0;0;0;0;3;0;0;0;0;0;0;0;0;2;0;133;0;0;0;0;0;0;0;0;0;0;0;0;1;0;2;0;0;0;0;0;0;0;0;0;12;0;0;0;0;0;1;0;0;0;0;0;0;0;0;0;0;0;0;0;1
P8S2G:04701:00631_SUB_SUB;244;0;0;0;0;0;0;0;0;0;0;0;0;0;0;0;0;0;0;0;0;0;0;10;0;0;0;0;0;0;0;0;0;0;2;0;0;0;0;2;0;0;0;5;0;192;0;0;1;0;0;0;0;1;0;0;0;0;6;0;5;0;0;0;1;0;0;0;0;0;18;0;0;0;0;0;0;0;0;0;0;0;0;0;0;0;0;0;0;0;1
P8S2G:00756:01769_SUB_SUB;224;0;0;0;0;0;0;0;0;0;0;0;0;0;0;0;0;0;0;0;0;0;0;21;38;0;0;0;0;0;0;0;0;0;0;0;0;0;0;0;5;0;0;1;0;0;0;0;0;0;25;1;0;0;0;0;0;17;0;0;14;0;0;8;0;0;6;10;0;0;0;0;0;0;0;0;47;0;31;0;0;0;0;0;0;0;0;0;0;0;0
P8S2G:00844:01868_SUB_SUB;118;0;0;0;0;0;0;0;0;0;0;0;0;0;0;0;0;0;0;0;0;0;0;2;0;0;0;0;0;0;0;0;0;0;3;0;0;0;0;0;0;0;0;0;0;99;0;0;0;0;0;0;0;0;0;0;0;0;0;0;2;0;0;0;1;0;2;0;0;0;8;0;0;0;0;0;0;0;0;0;0;0;0;0;0;0;1;0;0;0;0
P8S2G:00857:01875_SUB_SUB;169;0;0;0;0;0;0;0;0;0;0;0;0;0;0;0;0;0;0;0;0;0;0;1;2;0;0;0;0;0;3;4;0;0;0;2;0;0;0;1;5;0;0;1;0;1;0;0;3;0;1;1;47;36;10;8;1;0;0;0;0;0;0;2;0;13;0;0;0;0;5;9;0;0;9;4;0;0;0;0;0;0;0;0;0;0;0;0;0;0;0
P8S2G:00902:01417_SUB_SUB;158;0;0;0;0;0;0;0;0;0;0;0;0;0;0;0;0;0;0;0;0;0;0;4;0;0;0;0;0;0;0;0;0;0;3;0;0;0;0;1;0;0;0;2;0;121;0;0;0;0;0;0;0;0;0;0;0;0;4;0;2;0;0;0;2;0;3;0;0;0;11;0;0;0;0;0;1;0;1;0;0;0;0;0;0;0;0;0;0;0;3
P8S2G:00887:01503_SUB_SUB;404;0;0;0;0;0;0;0;0;0;0;0;0;0;0;0;0;0;0;0;0;0;0;23;4;0;0;0;0;0;0;0;0;0;1;0;0;0;0;59;0;0;0;74;0;0;0;0;0;6;0;0;0;0;1;1;0;0;81;0;106;0;0;0;3;0;2;0;0;0;4;0;0;0;2;1;14;0;18;0;0;0;0;0;3;0;0;0;0;0;1
P8S2G:00873:01698_SUB_SUB;707;0;0;0;0;0;0;0;0;0;0;0;0;0;0;0;0;0;0;0;0;0;0;9;12;0;0;0;0;7;39;0;50;0;0;2;0;0;0;1;0;0;0;18;0;12;0;0;0;0;0;0;0;124;57;46;44;0;2;0;0;12;0;0;0;0;0;4;0;29;113;0;0;24;76;22;0;0;0;0;0;0;0;2;0;0;0;0;1;1;0
P8S2G:01142:01584_SUB_SUB;459;0;0;0;0;0;0;0;0;0;0;0;0;0;0;0;0;0;0;0;0;0;0;3;11;0;0;0;0;4;12;0;27;0;0;3;0;0;0;0;0;0;0;12;0;11;0;0;0;0;0;0;0;37;71;27;15;0;1;0;0;10;0;0;0;0;0;2;0;7;151;0;0;13;22;12;0;0;0;0;0;0;0;4;0;0;0;0;0;4;0
P8S2G:01240:01306_SUB_SUB;248;0;0;0;0;0;0;0;0;0;0;0;0;0;0;0;0;0;0;0;0;0;0;13;75;0;0;0;0;2;0;0;0;0;0;0;0;0;0;0;7;0;0;4;0;0;0;0;0;0;12;0;0;0;0;0;0;3;0;0;3;0;0;18;0;0;1;6;0;0;0;0;0;0;0;0;76;0;28;0;0;0;0;0;0;0;0;0;0;0;0
P8S2G:00863:03962_SUB_SUB;245;0;0;0;0;0;0;0;0;0;0;0;0;0;0;0;0;0;0;0;0;0;0;21;67;0;0;0;0;1;0;0;0;0;0;0;0;0;0;0;8;0;0;2;0;0;0;0;0;0;24;0;0;0;0;0;0;7;0;0;10;0;0;9;0;0;4;6;0;0;0;0;0;0;0;0;57;0;29;0;0;0;0;0;0;0;0;0;0;0;0
P8S2G:04792:05858_SUB_SUB;384;0;0;0;0;0;0;0;0;0;0;0;0;0;0;0;0;0;0;0;0;0;0;5;0;0;0;0;0;0;0;0;0;0;5;0;0;0;0;2;0;0;0;4;0;324;0;0;1;0;0;0;0;0;1;0;1;0;2;0;9;0;0;0;1;0;1;0;0;0;25;0;0;0;0;0;2;0;1;0;0;0;0;0;0;0;0;0;0;0;0
P8S2G:04799:06271_SUB_SUB;225;0;0;0;0;0;0;0;0;0;0;0;0;0;0;0;0;0;0;0;0;0;0;1;0;0;0;0;0;0;0;0;0;0;0;0;0;0;0;0;224;0;0;0;0;0;0;0;0;0;0;0;0;0;0;0;0;0;0;0;0;0;0;0;0;0;0;0;0;0;0;0;0;0;0;0;0;0;0;0;0;0;0;0;0;0;0;0;0;0;0
P8S2G:05026:02015_SUB_SUB;401;0;0;0;0;0;0;0;0;0;0;0;0;0;0;0;0;0;0;0;0;0;0;3;0;0;0;0;0;0;94;1;0;0;0;0;0;0;0;13;2;0;0;2;0;0;0;0;2;0;0;0;46;17;7;2;4;0;0;0;0;0;1;1;2;5;0;5;0;0;2;138;0;0;52;2;0;0;0;0;0;0;0;0;0;0;0;0;0;0;0
P8S2G:00715:02512_SUB_SUB;105;0;0;0;0;0;0;0;0;0;0;0;0;0;0;0;0;0;0;0;0;0;0;7;0;0;0;0;0;1;0;1;33;0;0;0;0;0;0;0;0;0;0;0;0;0;0;0;0;8;0;0;0;0;0;0;0;0;0;0;0;0;0;27;0;24;0;3;0;0;0;0;0;0;0;0;0;0;0;0;0;0;0;0;0;0;1;0;0;0;0
P8S2G:00769:01976_SUB_SUB;179;0;0;0;0;0;0;0;0;0;0;0;0;0;0;0;0;0;0;0;0;0;0;4;15;0;0;0;0;0;0;0;3;0;0;0;0;0;0;0;0;0;0;24;0;0;0;0;0;0;0;0;0;39;22;14;9;0;3;0;0;0;0;0;0;0;0;1;0;9;10;0;0;14;4;8;0;0;0;0;0;0;0;0;0;0;0;0;0;0;0
P8S2G:00842:02048_SUB_SUB;209;0;0;0;0;0;0;0;0;0;0;0;0;0;0;0;0;0;0;0;0;0;0;1;0;0;0;0;0;0;0;0;0;0;0;0;0;0;0;0;2;9;0;0;0;0;0;0;0;1;185;0;0;0;0;0;0;0;0;0;0;0;0;1;0;0;10;0;0;0;0;0;0;0;0;0;0;0;0;0;0;0;0;0;0;0;0;0;0;0;0
P8S2G:01173:02543_SUB_SUB;165;0;0;0;0;0;0;0;0;0;0;0;0;0;0;0;0;0;0;0;0;0;0;3;0;0;0;0;0;0;0;0;0;0;0;0;0;0;0;0;0;0;0;2;0;140;0;0;0;0;0;0;0;0;0;0;0;0;0;0;0;0;0;0;0;0;0;0;0;0;18;0;0;0;0;0;1;0;0;0;0;0;0;0;0;0;1;0;0;0;0
P8S2G:00683:00866_SUB_SUB;104;0;0;0;0;0;0;0;0;0;0;0;0;0;0;0;0;0;0;0;0;0;0;19;0;2;0;0;12;0;2;0;0;0;0;0;0;0;0;0;4;4;0;0;0;0;0;0;0;0;51;0;0;0;0;0;0;0;0;0;0;0;0;0;0;0;6;0;0;4;0;0;0;0;0;0;0;0;0;0;0;0;0;0;0;0;0;0;0;0;0
P8S2G:00789:04584_SUB_SUB;1998;0;0;0;0;0;0;0;0;0;0;0;0;0;0;0;0;0;0;0;0;0;0;1;0;1;0;0;262;0;0;0;0;0;0;0;0;0;1;0;38;0;11;0;0;0;0;224;44;182;0;72;0;0;0;0;0;0;2;0;57;0;0;0;835;0;0;0;0;0;0;0;0;0;0;0;0;0;0;0;0;0;0;0;0;0;0;0;0;0;268
P8S2G:00920:04838_SUB_SUB;133;0;0;0;0;0;0;0;0;0;0;0;0;0;0;0;0;0;0;0;0;0;0;5;0;0;0;0;0;0;0;0;0;0;1;0;0;0;0;3;0;0;0;3;0;104;0;0;0;0;0;0;0;0;0;0;0;0;3;0;1;0;0;0;2;0;1;0;0;0;9;0;0;0;0;0;0;0;0;0;0;0;0;0;0;0;1;0;0;0;0
P8S2G:00944:04885_SUB_SUB;155;0;0;0;0;0;0;0;0;0;0;0;0;0;0;0;0;0;0;0;0;0;0;17;0;4;0;0;23;0;2;0;0;0;0;0;0;0;0;0;3;7;0;0;0;3;0;0;0;1;74;0;0;0;0;0;0;0;0;0;2;0;0;1;0;0;10;0;2;5;0;0;0;0;0;0;0;0;0;0;0;0;0;0;0;0;0;0;0;1;0
P8S2G:00971:04506_SUB_SUB;116;0;0;0;0;0;0;0;0;0;0;0;0;0;0;0;0;0;0;0;0;0;0;2;10;0;0;0;0;0;3;0;0;0;0;0;0;0;0;0;0;0;0;10;0;0;0;0;0;0;0;0;0;49;8;5;15;0;3;0;0;0;0;0;0;0;0;0;0;4;1;0;0;2;2;2;0;0;0;0;0;0;0;0;0;0;0;0;0;0;0
P8S2G:04066:03157_SUB_SUB;421;0;0;0;0;0;0;0;0;0;0;0;0;0;0;0;0;0;0;0;0;0;0;9;1;0;0;0;0;0;0;0;0;0;15;0;0;0;0;5;0;0;0;3;0;322;0;0;1;0;0;0;0;1;0;0;0;0;15;0;7;0;0;0;2;0;6;0;0;0;31;0;0;0;0;0;0;0;2;0;0;0;0;0;0;0;0;0;0;0;1
P8S2G:05138:06586_SUB_SUB;131;0;0;0;0;0;0;0;0;0;0;0;0;0;0;0;0;0;0;0;0;0;0;2;0;0;0;0;0;0;0;0;0;0;2;0;0;0;0;3;0;0;0;1;0;111;0;0;0;0;0;0;0;0;0;0;0;0;0;0;2;0;0;0;2;0;3;0;0;0;2;0;0;0;0;0;1;0;1;0;0;0;0;0;0;0;0;0;0;0;1
P8S2G:04694:07081_SUB_SUB;150;0;0;0;0;0;0;0;0;0;0;0;0;0;0;0;0;0;0;0;0;0;0;3;0;0;0;0;0;0;1;0;0;0;0;0;0;0;0;0;2;1;0;2;0;0;0;0;0;1;128;0;0;0;0;0;0;0;0;0;0;0;0;3;0;0;8;0;0;0;0;0;0;0;0;0;0;0;0;0;0;0;0;0;0;1;0;0;0;0;0
P8S2G:04882:04438_SUB_SUB;282;0;0;0;0;0;0;0;0;0;0;0;0;0;0;0;0;0;0;0;0;0;0;5;3;0;0;0;0;2;19;0;14;0;0;3;0;0;0;0;0;0;0;4;0;3;0;0;0;0;1;0;3;23;17;25;9;0;5;0;0;8;0;0;0;0;0;1;0;17;60;0;0;7;46;7;0;0;0;0;0;0;0;0;0;0;0;0;0;0;0
P8S2G:05266:04131_SUB_SUB;407;0;0;0;0;0;0;0;0;0;0;0;0;0;0;0;0;0;0;0;0;0;0;7;1;0;0;0;0;0;0;0;0;0;3;0;0;0;0;9;0;0;0;12;0;327;0;0;0;1;0;0;0;0;1;1;0;0;7;0;5;0;0;0;1;0;4;0;0;0;18;0;0;0;0;0;2;0;4;0;0;0;0;0;0;0;2;0;0;0;2
P8S2G:02747:03762_SUB_SUB;416;0;0;0;0;0;0;0;0;0;0;0;0;0;0;0;0;0;0;0;0;0;0;10;0;0;0;0;0;0;0;0;0;0;1;0;0;0;0;4;0;0;0;5;0;344;0;0;1;1;0;0;0;0;0;0;0;0;5;0;7;0;0;0;1;0;6;0;0;0;26;0;0;0;0;1;2;0;2;0;0;0;0;0;0;0;0;0;0;0;0
P8S2G:03300:03260_SUB_SUB;229;0;0;0;0;0;0;0;0;0;0;0;0;0;0;0;0;0;0;0;0;0;0;8;0;0;0;0;0;0;0;0;0;0;3;0;0;0;0;1;0;0;0;2;0;173;0;0;0;1;0;0;0;0;0;0;0;0;16;0;8;0;0;0;0;0;0;0;0;0;14;0;0;0;0;0;2;0;1;0;0;0;0;0;0;0;0;0;0;0;0
P8S2G:03666:06695_SUB_SUB;157;0;0;0;0;0;0;0;0;0;0;0;0;0;0;0;0;0;0;0;0;0;0;1;0;0;0;0;0;0;0;0;0;0;2;0;0;0;0;1;0;0;0;2;0;130;0;0;0;0;0;0;0;0;0;0;0;0;2;0;2;0;0;0;0;0;1;0;0;0;14;0;0;0;0;0;2;0;0;0;0;0;0;0;0;0;0;0;0;0;0
P8S2G:03068:05713_SUB_SUB;185;0;0;0;0;0;0;0;0;0;0;0;0;0;0;0;0;0;0;0;0;0;0;2;6;0;0;0;0;1;19;0;17;0;0;0;0;0;0;0;0;0;0;1;0;0;0;0;0;0;0;0;1;24;15;14;5;0;4;0;0;3;0;0;0;0;0;0;0;14;21;0;0;9;26;1;0;0;0;0;0;0;0;2;0;0;0;0;0;0;0
P8S2G:04876:00920_SUB_SUB;198;0;0;0;0;0;0;0;0;0;0;0;0;0;0;0;0;0;0;0;0;0;0;4;0;0;0;0;0;0;0;0;0;0;0;1;0;0;0;8;0;0;0;24;0;0;0;0;2;0;0;0;0;2;0;0;0;0;0;0;2;0;0;3;0;2;0;19;0;0;0;0;0;0;0;0;76;0;55;0;0;0;0;0;0;0;0;0;0;0;0
P8S2G:04966:00956_SUB_SUB;113;0;0;0;0;0;0;0;0;0;0;0;0;0;0;0;0;0;0;0;0;0;0;4;0;0;0;0;0;0;0;0;0;0;5;0;0;0;0;5;0;0;0;1;0;78;0;0;0;0;0;0;0;0;0;0;0;0;5;0;4;0;0;0;0;0;3;0;0;0;6;0;0;0;0;0;1;0;0;0;0;0;0;0;0;0;1;0;0;0;0
P8S2G:05147:01141_SUB_SUB;138;0;0;0;0;0;0;0;0;0;0;0;0;0;0;0;0;0;0;0;0;0;0;5;0;0;0;0;0;0;0;0;0;0;0;0;0;0;0;1;0;0;0;3;0;110;0;0;0;1;0;0;0;0;0;0;0;0;3;0;4;0;0;0;0;0;1;0;0;0;5;0;0;0;0;0;2;0;2;0;0;0;0;0;0;0;0;0;0;0;1
P8S2G:03901:02038_SUB_SUB;183;0;0;0;0;0;0;0;0;0;0;0;0;0;0;0;0;0;0;0;0;0;0;1;0;0;0;0;0;0;1;0;0;0;0;6;0;0;0;0;0;0;0;0;0;0;0;0;1;0;0;0;0;18;6;5;3;0;0;0;0;0;0;1;0;0;0;0;0;3;0;0;0;116;2;3;7;0;6;0;0;4;0;0;0;0;0;0;0;0;0
P8S2G:03944:03002_SUB_SUB;164;0;0;0;0;0;0;0;0;0;0;0;0;0;0;0;0;0;0;0;0;0;0;2;4;0;0;0;0;1;4;0;10;0;0;0;0;0;0;0;0;0;0;4;0;0;0;0;0;0;0;0;1;18;33;7;1;0;1;0;0;2;0;0;0;0;0;0;0;2;45;0;0;8;14;5;0;0;0;0;0;0;0;2;0;0;0;0;0;0;0
P8S2G:03337:05062_SUB_SUB;177;0;0;0;0;0;0;0;0;0;0;0;0;0;0;0;0;0;0;0;0;0;0;1;0;0;0;0;0;0;0;0;0;0;0;0;0;0;0;0;0;0;0;3;0;0;0;0;0;0;0;16;0;0;0;0;0;0;0;0;12;0;0;0;54;0;0;0;0;0;0;0;0;0;0;0;0;0;0;0;0;0;0;0;0;0;0;0;0;0;91
P8S2G:03460:05025_SUB_SUB;928;0;0;0;0;0;0;0;0;0;0;0;0;0;0;0;0;0;0;0;0;0;0;3;30;0;0;0;0;4;12;0;57;2;0;5;0;0;0;0;1;0;0;23;0;22;0;0;0;0;1;0;1;123;137;50;27;0;3;0;0;18;0;0;0;0;0;1;1;15;288;0;0;34;32;26;0;0;0;0;0;0;0;8;0;1;0;0;0;3;0
P8S2G:03557:04672_SUB_SUB;210;0;0;0;0;0;0;0;0;0;0;0;0;0;0;0;0;0;0;0;0;0;0;4;0;0;0;0;0;0;0;0;0;0;1;0;0;0;0;0;0;0;0;2;0;167;0;0;0;0;0;0;0;0;0;0;2;0;3;0;8;0;0;0;1;0;2;0;0;0;16;0;0;0;0;0;3;0;0;0;0;0;0;0;0;0;0;0;0;0;1
P8S2G:03736:04970_SUB_SUB;150;0;0;0;0;0;0;0;0;0;0;0;0;0;0;0;0;0;0;0;0;0;0;7;41;0;0;0;0;0;0;0;0;0;0;0;0;0;0;0;4;0;0;3;0;0;0;0;0;0;14;0;0;0;0;0;0;4;0;0;3;0;0;8;0;0;4;1;0;0;0;0;0;0;0;0;51;0;10;0;0;0;0;0;0;0;0;0;0;0;0
P8S2G:03946:03902_SUB_SUB;125;0;0;0;0;0;0;0;0;0;0;0;0;0;0;0;0;0;0;0;0;0;0;2;0;0;11;0;0;2;0;0;2;17;21;29;0;0;0;0;0;0;0;0;0;0;0;0;1;0;0;0;0;0;0;0;0;0;0;0;0;0;0;0;0;0;0;1;0;0;0;8;0;0;0;0;10;0;0;0;0;0;0;0;0;9;0;10;0;0;2
P8S2G:00052:01742_SUB_SUB;222;0;0;0;0;0;0;0;0;0;0;0;0;0;0;0;0;0;0;0;0;0;0;4;0;0;0;0;0;0;0;0;0;0;3;0;0;0;0;5;0;0;0;3;0;183;0;0;0;0;0;0;0;0;0;0;0;0;1;0;3;0;0;0;2;0;1;0;0;0;12;0;0;0;0;0;4;0;1;0;0;0;0;0;0;0;0;0;0;0;0
P8S2G:00315:04400_SUB_SUB;118;0;0;0;0;0;0;0;0;0;0;0;0;0;0;0;0;0;0;0;0;0;0;1;0;0;0;0;0;0;0;0;7;0;0;0;0;0;0;2;0;0;0;5;0;0;0;0;0;0;4;0;0;16;2;1;3;0;1;0;0;0;0;1;0;0;0;0;14;3;8;42;0;0;3;1;0;0;0;0;0;0;0;4;0;0;0;0;0;0;0
P8S2G:03061:00851_SUB_SUB;657;0;0;0;0;0;0;0;0;0;0;0;0;0;0;0;0;0;0;0;0;0;0;5;19;0;0;0;0;4;11;0;38;3;0;6;0;0;0;0;0;0;0;25;0;16;0;0;0;0;0;0;3;104;68;19;47;0;1;0;0;24;0;0;0;0;0;2;0;11;151;0;0;32;31;29;0;0;0;0;0;0;0;7;0;0;0;0;0;1;0
P8S2G:03136:01006_SUB_SUB;109;0;0;0;0;0;0;0;0;0;0;0;0;0;0;0;0;0;0;0;0;0;0;7;20;0;0;0;0;1;0;0;0;0;0;0;0;0;0;0;1;0;0;0;0;0;0;0;0;0;10;0;0;0;0;0;0;5;0;0;2;0;0;7;0;0;0;8;0;0;0;0;0;0;0;0;28;0;20;0;0;0;0;0;0;0;0;0;0;0;0
P8S2G:00417:02704_SUB_SUB;144;0;0;0;0;0;0;0;0;0;0;0;0;0;0;0;0;0;0;0;0;0;0;2;1;0;0;0;0;0;0;0;0;0;0;0;0;0;0;0;0;0;0;2;0;124;0;0;0;0;0;0;0;0;0;0;0;0;1;0;1;0;0;0;2;0;0;0;0;0;8;0;0;0;0;1;1;0;0;0;0;0;0;0;0;0;1;0;0;0;0
P8S2G:04579:03996_SUB_SUB;151;0;0;0;0;0;0;0;0;0;0;0;0;0;0;0;0;0;0;0;0;0;0;1;4;0;0;0;0;3;3;0;10;0;0;0;0;0;0;0;0;0;0;3;0;9;0;0;0;0;0;0;1;21;9;17;3;0;0;0;0;6;0;0;0;0;0;0;0;11;33;0;0;6;7;3;0;0;0;0;0;0;0;1;0;0;0;0;0;0;0
P8S2G:04370:04489_SUB_SUB;109;0;0;0;0;0;0;0;0;0;0;0;0;0;0;0;0;0;0;0;0;0;0;1;0;0;21;0;0;0;0;0;0;0;0;0;0;0;0;0;0;0;0;0;0;0;0;0;0;0;0;0;0;2;0;0;0;0;0;0;2;0;0;0;0;0;0;0;0;0;70;1;0;11;0;0;0;0;0;0;0;0;0;0;0;1;0;0;0;0;0
P8S2G:04508:04963_SUB_SUB;298;0;0;0;0;0;0;0;0;0;0;0;0;0;0;0;0;0;0;0;0;0;0;2;0;0;0;0;0;0;0;0;0;0;0;0;0;0;0;4;0;0;0;5;0;233;0;0;0;0;0;0;0;0;1;0;0;0;7;0;7;0;0;0;0;0;4;0;0;0;31;0;0;0;0;0;3;0;0;0;0;0;0;0;0;0;0;0;0;0;1
P8S2G:03679:05856_SUB_SUB;451;0;0;0;0;0;0;0;0;0;0;0;0;0;0;0;0;0;0;0;0;0;0;2;0;0;0;0;0;0;43;0;3;0;0;8;0;0;0;0;1;0;0;0;0;0;0;0;0;0;0;2;2;79;39;45;30;0;0;0;0;0;0;3;0;0;0;0;0;10;0;1;0;24;142;12;1;0;3;0;0;1;0;0;0;0;0;0;0;0;0
P8S2G:01994:06364_SUB_SUB;476;0;0;0;0;0;0;0;0;0;0;0;0;0;0;0;0;0;0;0;0;0;0;1;0;46;0;0;0;0;0;0;0;0;0;0;0;0;0;0;429;0;0;0;0;0;0;0;0;0;0;0;0;0;0;0;0;0;0;0;0;0;0;0;0;0;0;0;0;0;0;0;0;0;0;0;0;0;0;0;0;0;0;0;0;0;0;0;0;0;0
P8S2G:02275:03728_SUB_SUB;101;0;0;0;0;0;0;0;0;0;0;0;0;0;0;0;0;0;0;0;0;0;0;2;0;0;0;0;0;0;0;0;0;0;1;0;0;0;0;0;0;0;0;0;0;77;0;0;1;0;0;0;0;0;0;1;0;0;2;0;0;0;0;0;0;0;1;0;0;0;12;0;0;0;0;0;3;0;0;0;0;0;0;0;0;0;1;0;0;0;0
P8S2G:02558:03531_SUB_SUB;119;0;0;0;0;0;0;0;0;0;0;0;0;0;0;0;0;0;0;0;0;0;0;3;0;0;0;0;0;0;0;0;0;0;0;0;0;0;0;0;0;0;0;2;0;100;0;0;0;0;0;0;0;0;0;0;0;0;1;0;1;0;0;0;0;0;0;0;0;0;12;0;0;0;0;0;0;0;0;0;0;0;0;0;0;0;0;0;0;0;0
P8S2G:03088:00267_SUB_SUB;112;0;0;0;0;0;0;0;0;0;0;0;0;0;0;0;0;0;0;0;0;0;0;1;0;0;0;0;0;0;0;0;0;0;0;13;0;0;0;3;0;0;0;0;0;0;0;0;0;0;0;0;0;2;4;1;1;0;0;0;0;0;0;7;0;7;0;7;0;0;0;0;0;0;0;0;59;0;7;0;0;0;0;0;0;0;0;0;0;0;0
P8S2G:02204:02995_SUB_SUB;155;0;0;0;0;0;0;0;0;0;0;0;0;0;0;0;0;0;0;0;0;0;0;2;0;0;0;0;0;0;0;0;0;0;1;0;0;0;0;0;0;0;0;1;0;138;0;0;0;0;0;0;0;0;0;0;0;0;1;0;2;0;0;0;0;0;0;0;0;0;9;0;0;0;0;0;1;0;0;0;0;0;0;0;0;0;0;0;0;0;0
P8S2G:04180:07267_SUB_SUB;104;0;0;0;0;0;0;0;0;0;0;0;0;0;0;0;0;0;0;0;0;0;0;2;4;0;0;0;0;1;3;0;5;0;0;1;0;0;0;0;0;0;0;7;0;3;0;0;0;0;0;0;0;16;6;8;1;0;0;0;0;6;0;0;0;0;0;0;0;4;27;0;0;2;5;3;0;0;0;0;0;0;0;0;0;0;0;0;0;0;0
P8S2G:02328:02381_SUB_SUB;189;0;0;0;0;0;0;0;0;0;0;0;0;0;0;0;0;0;0;0;0;0;0;1;0;0;0;0;0;0;0;0;5;0;0;0;0;0;0;1;0;0;0;9;0;0;0;0;0;0;0;0;1;21;6;2;9;0;0;0;1;0;0;4;0;0;0;0;30;4;31;51;0;0;3;2;0;0;1;0;0;0;0;6;0;0;0;0;1;0;0
P8S2G:02996:04747_SUB_SUB;125;0;0;0;0;0;0;0;0;0;0;0;0;0;0;0;0;0;0;0;0;0;0;1;1;0;0;0;0;0;2;1;0;0;0;3;0;0;0;0;5;0;0;0;0;1;0;0;0;0;0;0;30;22;13;5;6;0;0;0;0;0;5;0;0;10;0;2;0;0;3;4;0;0;7;4;0;0;0;0;0;0;0;0;0;0;0;0;0;0;0
P8S2G:02827:05924_SUB_SUB;194;0;0;0;0;0;0;0;0;0;0;0;0;0;0;0;0;0;0;0;0;0;0;1;3;0;0;0;0;0;3;0;4;0;0;3;0;0;0;0;1;0;0;3;0;9;0;0;0;0;0;0;2;42;34;10;9;0;0;0;0;5;0;0;0;0;0;0;0;4;45;0;0;6;7;2;0;0;0;0;0;0;0;1;0;0;0;0;0;0;0
P8S2G:03007:06034_SUB_SUB;253;0;0;0;0;0;0;0;0;0;0;0;0;0;0;0;0;0;0;0;0;0;0;1;0;0;0;0;0;0;0;0;0;0;2;0;0;0;0;1;0;0;0;0;0;214;0;0;0;0;0;0;0;0;0;0;0;0;11;0;7;0;0;0;1;0;2;0;0;0;12;0;0;0;0;0;1;0;0;0;0;0;0;0;0;0;0;0;0;0;1
P8S2G:04599:06385_SUB_SUB;542;0;0;0;0;0;0;0;0;0;0;0;0;0;0;0;0;0;0;0;0;0;0;2;0;0;0;0;0;2;5;0;0;0;0;0;0;0;0;0;0;0;0;2;0;1;0;0;0;0;0;0;38;206;100;41;73;0;0;0;0;0;0;0;0;0;0;1;0;0;15;1;0;0;31;24;0;0;0;0;0;0;0;0;0;0;0;0;0;0;0
P8S2G:01708:05351_SUB_SUB;174;0;0;0;0;0;0;0;0;0;0;0;0;0;0;0;0;0;0;0;0;0;0;1;0;0;0;0;0;0;0;0;0;0;0;45;0;0;0;5;0;0;0;3;0;0;0;0;1;0;0;0;0;1;1;0;2;0;0;0;1;0;0;5;0;39;1;16;0;0;0;0;0;0;2;0;33;0;18;0;0;0;0;0;0;0;0;0;0;0;0
P8S2G:01932:00393_SUB_SUB;112;0;0;0;0;0;0;0;0;0;0;0;0;0;0;0;0;0;0;0;0;0;0;1;0;0;0;0;0;0;0;0;0;0;0;12;0;0;0;0;0;0;0;1;0;0;0;0;0;0;0;0;0;4;3;1;2;0;0;0;0;0;0;1;0;18;0;9;0;0;0;0;0;0;0;0;45;0;15;0;0;0;0;0;0;0;0;0;0;0;0
P8S2G:00920:07016_SUB_SUB;271;0;0;0;0;0;0;0;0;0;0;0;0;0;0;0;0;0;0;0;0;0;0;1;1;2;0;0;2;0;0;0;0;0;0;0;0;0;0;0;0;161;0;0;0;0;0;0;0;1;61;0;0;0;0;0;0;0;1;0;1;0;0;0;0;0;35;0;5;0;0;0;0;0;0;0;0;0;0;0;0;0;0;0;0;0;0;0;0;0;0
P8S2G:01565:02349_SUB_SUB;104;0;0;0;0;0;0;0;0;0;0;0;0;0;0;0;0;0;0;0;0;0;0;1;0;0;0;0;0;0;0;0;0;0;0;0;0;0;0;0;0;0;0;0;0;0;0;0;0;0;0;0;1;2;0;0;0;0;0;0;0;0;0;0;0;0;0;0;0;0;21;79;0;0;0;0;0;0;0;0;0;0;0;0;0;0;0;0;0;0;0
P8S2G:04211:06602_SUB_SUB;127;0;0;0;0;0;0;0;0;0;0;0;0;0;0;0;0;0;0;0;0;0;0;0;127;0;0;0;0;0;0;0;0;0;0;0;0;0;0;0;0;0;0;0;0;0;0;0;0;0;0;0;0;0;0;0;0;0;0;0;0;0;0;0;0;0;0;0;0;0;0;0;0;0;0;0;0;0;0;0;0;0;0;0;0;0;0;0;0;0;0
P8S2G:04223:06957_SUB_SUB;149;0;0;0;0;0;0;0;0;0;0;0;0;0;0;0;0;0;0;0;0;0;0;0;3;0;0;0;0;0;4;0;12;1;0;1;0;0;0;0;0;0;0;7;0;3;0;0;0;0;0;0;0;15;18;10;5;0;1;0;0;2;0;0;0;0;0;0;0;1;52;0;0;4;3;5;0;0;0;0;0;0;0;1;0;1;0;0;0;0;0
P8S2G:01088:06249_SUB_SUB;118;0;0;0;0;0;0;0;0;0;0;0;0;0;0;0;0;0;0;0;0;0;0;0;2;0;0;0;0;0;4;0;6;0;0;1;0;0;0;0;0;0;0;8;0;2;0;0;0;0;0;0;0;14;16;7;7;0;1;0;0;4;0;0;0;0;0;1;0;6;21;0;0;3;8;4;0;0;0;0;0;0;0;2;0;0;0;0;0;1;0
P8S2G:00403:01229_SUB_SUB;214;0;0;0;0;0;0;0;0;0;0;0;0;0;0;0;0;0;0;0;0;0;0;0;9;0;0;0;0;1;0;0;1;0;0;0;0;0;0;0;6;0;0;1;0;0;0;0;0;0;6;0;26;83;34;5;23;0;0;0;1;0;0;0;0;0;0;0;0;0;0;0;0;0;9;2;1;0;6;0;0;0;0;0;0;0;0;0;0;0;0
P8S2G:00139:05040_SUB_SUB;162;0;0;0;0;0;0;0;0;0;0;0;0;0;0;0;0;0;0;0;0;0;0;0;8;0;0;0;0;3;0;0;6;4;0;0;0;0;0;0;3;0;0;0;0;0;0;0;0;0;0;0;70;34;16;2;5;0;0;0;2;0;0;1;0;0;0;0;0;0;0;0;0;0;4;4;0;0;0;0;0;0;0;0;0;0;0;0;0;0;0
P8S2G:00572:05119_SUB_SUB;102;0;0;0;0;0;0;0;0;0;0;0;0;0;0;0;0;0;0;0;0;0;0;0;1;0;0;0;0;0;0;0;0;0;0;0;0;0;0;0;0;0;0;0;3;0;3;0;0;0;0;0;0;1;0;0;0;0;0;0;0;0;94;0;0;0;0;0;0;0;0;0;0;0;0;0;0;0;0;0;0;0;0;0;0;0;0;0;0;0;0
P8S2G:04896:01539_SUB_SUB;213;0;0;0;0;0;0;0;0;0;0;0;0;0;0;0;0;0;0;0;0;0;0;0;9;0;0;0;0;2;2;0;6;0;0;0;0;0;0;0;0;0;0;8;0;6;0;0;0;0;0;0;1;31;32;12;9;0;1;0;0;1;0;0;0;0;0;0;0;3;76;0;0;5;3;4;0;0;0;0;0;0;0;2;0;0;0;0;0;0;0
P8S2G:01071:01289_SUB_SUB;133;0;0;0;0;0;0;0;0;0;0;0;0;0;0;0;0;0;0;0;0;0;0;0;8;0;0;0;0;2;2;0;4;1;0;2;0;0;0;0;0;0;0;7;0;1;0;0;0;0;0;0;0;11;21;8;6;0;1;0;0;3;0;0;0;0;0;0;0;4;42;0;0;3;5;2;0;0;0;0;0;0;0;0;0;0;0;0;0;0;0
P8S2G:00880:02802_SUB_SUB;157;0;0;0;0;0;0;0;0;0;0;0;0;0;0;0;0;0;0;0;0;0;0;0;5;0;0;0;0;0;0;0;0;0;0;0;0;0;0;2;0;0;0;34;0;0;0;0;0;0;11;1;0;30;16;6;13;0;0;0;1;0;0;9;0;0;0;0;2;5;1;1;0;0;4;10;0;0;6;0;0;0;0;0;0;0;0;0;0;0;0
P8S2G:01019:03224_SUB_SUB;161;0;0;0;0;0;0;0;0;0;0;0;0;0;0;0;0;0;0;0;0;0;0;0;1;0;0;0;0;0;0;0;0;0;0;0;0;0;0;0;0;0;0;0;7;0;1;0;0;0;0;0;0;0;1;0;0;0;2;0;0;0;149;0;0;0;0;0;0;0;0;0;0;0;0;0;0;0;0;0;0;0;0;0;0;0;0;0;0;0;0
P8S2G:01259:03287_SUB_SUB;168;0;0;0;0;0;0;0;0;0;0;0;0;0;0;0;0;0;0;0;0;0;0;0;3;0;0;0;0;1;0;0;2;0;0;0;0;0;0;0;0;0;0;3;0;0;0;0;0;0;0;0;8;83;28;5;22;0;0;0;0;0;0;0;0;0;0;0;0;0;0;0;0;0;7;6;0;0;0;0;0;0;0;0;0;0;0;0;0;0;0
P8S2G:01312:01081_SUB_SUB;364;0;0;0;0;0;0;0;0;0;0;0;0;0;0;0;0;0;0;0;0;0;0;0;1;0;0;0;0;0;7;0;2;0;0;9;0;0;1;0;0;0;0;0;0;0;0;0;0;0;0;0;1;109;61;38;22;0;0;0;0;0;0;0;0;0;0;0;0;9;0;0;0;71;22;11;0;0;0;0;0;0;0;0;0;0;0;0;0;0;0
P8S2G:03153:02138_SUB_SUB;164;0;0;0;0;0;0;0;0;0;0;0;0;0;0;0;0;0;0;0;0;0;0;0;2;0;0;0;0;0;2;0;14;0;0;8;0;0;0;0;0;0;0;2;0;8;0;0;0;0;0;0;0;0;1;0;1;0;0;0;0;0;0;0;0;0;0;0;0;0;87;0;0;37;0;0;0;0;0;0;0;0;0;2;0;0;0;0;0;0;0
P8S2G:04686:04033_SUB_SUB;355;0;0;0;0;0;0;0;0;0;0;0;0;0;0;0;0;0;0;0;0;0;0;0;1;0;0;0;0;0;13;0;52;0;0;27;0;0;0;0;0;0;0;3;0;6;0;0;0;0;1;0;0;2;2;0;1;0;0;0;0;0;0;0;0;0;0;0;0;4;131;0;0;111;0;0;0;0;0;0;0;0;0;1;0;0;0;0;0;0;0
P8S2G:00405:01742_SUB_SUB;151;0;0;0;0;0;0;0;0;0;0;0;0;0;0;0;0;0;0;0;0;0;0;0;2;0;0;0;0;5;0;0;5;1;0;0;0;0;0;0;8;0;0;2;0;0;0;0;0;0;2;0;36;56;11;5;6;0;0;0;0;0;0;2;0;0;0;1;0;1;0;0;0;0;3;2;1;0;2;0;0;0;0;0;0;0;0;0;0;0;0
P8S2G:02586:06549_SUB_SUB;384;0;0;0;0;0;0;0;0;0;0;0;0;0;0;0;0;0;0;0;0;0;0;0;1;0;0;0;0;1;0;0;72;0;0;0;0;0;0;29;46;0;0;0;0;0;0;0;54;14;14;2;3;9;2;2;1;0;2;0;0;0;0;14;0;0;0;41;28;31;0;0;0;0;6;1;0;0;0;0;0;0;0;0;0;0;0;0;0;0;11
P8S2G:00069:02779_SUB_SUB;365;0;0;0;0;0;0;0;0;0;0;0;0;0;0;0;0;0;0;0;0;0;0;0;1;0;0;0;0;0;204;0;0;0;0;10;0;0;0;0;0;0;0;0;0;21;0;0;0;0;0;0;10;19;9;1;5;0;0;0;0;0;0;0;0;0;0;0;0;0;80;0;0;0;2;3;0;0;0;0;0;0;0;0;0;0;0;0;0;0;0
P8S2G:04054:00441_SUB_SUB;101;0;0;0;0;0;0;0;0;0;0;0;0;0;0;0;0;0;0;0;0;0;0;0;4;0;0;0;0;2;3;0;9;0;0;1;0;0;0;0;0;0;0;0;0;2;0;0;0;0;0;0;0;18;16;5;8;0;0;0;0;2;0;0;0;0;0;0;0;0;19;0;0;6;2;2;0;0;0;0;0;0;0;1;0;1;0;0;0;0;0
P8S2G:03810:07320_SUB_SUB;400;0;0;0;0;0;0;0;0;0;0;0;0;0;0;0;0;0;0;0;0;0;0;0;1;0;0;0;0;0;3;0;0;0;0;0;0;0;0;1;0;0;0;1;0;0;0;0;0;0;0;0;25;185;76;23;41;0;0;0;0;0;0;0;0;1;0;1;0;0;7;0;0;0;17;18;0;0;0;0;0;0;0;0;0;0;0;0;0;0;0
P8S2G:00147:05717_SUB_SUB;112;0;0;0;0;0;0;0;0;0;0;0;0;0;0;0;0;0;0;0;0;0;0;0;1;0;0;0;0;0;12;0;0;0;0;0;0;0;0;0;0;0;0;0;0;0;0;0;0;0;0;0;0;1;1;0;0;0;0;0;0;0;0;0;0;0;0;0;0;4;0;0;0;80;0;0;0;0;0;0;0;0;0;13;0;0;0;0;0;0;0
P8S2G:03536:06108_SUB_SUB;228;0;0;0;0;0;0;0;0;0;0;0;0;0;0;0;0;0;0;0;0;0;0;0;2;0;0;0;0;4;11;0;12;0;0;0;0;0;0;0;0;0;0;8;0;0;0;0;0;0;0;0;0;22;29;14;12;0;2;0;0;4;0;0;0;0;0;2;0;10;64;0;0;5;18;7;0;0;0;0;0;0;0;1;0;0;0;0;0;1;0
P8S2G:02222:02171_SUB_SUB;226;0;0;0;0;0;0;0;0;0;0;0;0;0;0;0;0;0;0;0;0;0;0;0;1;0;0;0;0;0;0;0;0;0;0;0;0;0;0;0;0;0;0;0;11;0;5;0;1;0;0;0;0;0;0;0;0;0;1;0;0;0;206;0;0;0;0;0;0;0;0;0;0;0;0;0;0;1;0;0;0;0;0;0;0;0;0;0;0;0;0
P8S2G:03162:04733_SUB_SUB;169;0;0;0;0;0;0;0;0;0;0;0;0;0;0;0;0;0;0;0;0;0;0;0;2;0;0;0;0;0;0;0;0;0;0;0;0;0;0;10;34;0;0;1;0;0;0;0;24;6;16;1;1;13;7;2;0;0;0;0;0;0;0;23;0;0;0;14;1;5;0;0;0;0;0;1;0;0;0;0;0;0;0;0;0;0;0;0;0;0;8
P8S2G:04598:06313_SUB_SUB;379;0;0;0;0;0;0;0;0;0;0;0;0;0;0;0;0;0;0;0;0;0;0;0;1;0;0;0;0;0;5;0;1;0;0;0;0;0;0;0;0;0;0;0;0;0;0;0;0;0;0;0;4;111;95;52;45;0;0;0;0;0;0;0;0;0;0;0;0;10;0;0;0;3;32;20;0;0;0;0;0;0;0;0;0;0;0;0;0;0;0
P8S2G:01229:00315_SUB_SUB;120;0;0;0;0;0;0;0;0;0;0;0;0;0;0;0;0;0;0;0;0;0;0;0;1;0;0;0;0;0;4;0;6;0;0;0;0;0;0;0;0;0;0;4;0;1;0;0;0;0;0;0;0;20;19;8;10;0;2;0;0;1;0;0;0;0;0;0;0;3;22;0;0;5;9;4;0;0;0;0;0;0;0;1;0;0;0;0;0;0;0
P8S2G:04020:06620_SUB_SUB;154;0;0;0;0;0;0;0;0;0;0;0;0;0;0;0;0;0;0;0;0;0;0;0;0;111;0;0;0;0;0;0;0;0;0;0;0;0;0;0;1;0;0;0;0;0;0;1;8;0;0;28;0;0;0;0;0;0;0;0;0;0;0;0;3;0;0;0;0;0;0;0;0;0;0;0;0;0;0;0;0;0;0;0;0;0;0;0;0;0;2
P8S2G:03994:06730_SUB_SUB;124;0;0;0;0;0;0;0;0;0;0;0;0;0;0;0;0;0;0;0;0;0;0;0;0;87;0;0;0;0;0;0;0;0;0;0;0;0;0;0;0;0;0;0;0;0;0;21;0;0;0;0;0;0;0;0;0;0;0;0;0;0;11;0;4;0;0;0;0;0;0;0;0;0;0;0;0;0;0;0;0;0;0;0;0;1;0;0;0;0;0
P8S2G:04025:06814_SUB_SUB;1803;0;0;0;0;0;0;0;0;0;0;0;0;0;0;0;0;0;0;0;0;0;0;0;0;1803;0;0;0;0;0;0;0;0;0;0;0;0;0;0;0;0;0;0;0;0;0;0;0;0;0;0;0;0;0;0;0;0;0;0;0;0;0;0;0;0;0;0;0;0;0;0;0;0;0;0;0;0;0;0;0;0;0;0;0;0;0;0;0;0;0
P8S2G:03997:06962_SUB_SUB;335;0;0;0;0;0;0;0;0;0;0;0;0;0;0;0;0;0;0;0;0;0;0;0;0;335;0;0;0;0;0;0;0;0;0;0;0;0;0;0;0;0;0;0;0;0;0;0;0;0;0;0;0;0;0;0;0;0;0;0;0;0;0;0;0;0;0;0;0;0;0;0;0;0;0;0;0;0;0;0;0;0;0;0;0;0;0;0;0;0;0
P8S2G:04049:06534_SUB_SUB;2007;0;0;0;0;0;0;0;0;0;0;0;0;0;0;0;0;0;0;0;0;0;0;0;0;1442;0;0;0;0;0;0;0;0;0;30;0;0;0;0;259;0;0;0;0;0;0;0;87;0;0;121;0;0;0;0;1;0;15;0;0;0;0;0;2;0;0;0;0;0;0;0;0;0;0;0;0;0;0;0;0;0;0;0;0;0;0;0;0;47;3
P8S2G:04076:06556_SUB_SUB;1655;0;0;0;0;0;0;0;0;0;0;0;0;0;0;0;0;0;0;0;0;0;0;0;0;491;171;10;168;0;0;23;0;30;0;32;238;0;3;0;66;0;2;6;0;0;0;15;2;16;0;8;0;0;0;0;0;0;0;0;6;0;0;0;96;0;0;0;0;0;0;0;2;0;1;0;0;0;0;0;0;0;0;4;0;145;0;52;3;0;65
P8S2G:04083:06557_SUB_SUB;383;0;0;0;0;0;0;0;0;0;0;0;0;0;0;0;0;0;0;0;0;0;0;0;0;213;0;0;0;0;0;0;0;0;0;0;0;0;0;0;4;0;0;0;0;0;0;48;39;0;0;65;0;0;0;0;0;0;0;0;1;0;0;0;0;0;0;0;0;0;0;0;0;0;0;0;0;0;0;0;0;0;0;0;0;0;0;0;0;0;13
P8S2G:04035:06638_SUB_SUB;200;0;0;0;0;0;0;0;0;0;0;0;0;0;0;0;0;0;0;0;0;0;0;0;0;28;0;0;0;0;0;33;0;0;0;0;105;0;0;0;0;0;0;0;0;0;18;0;0;0;0;0;0;0;0;0;0;0;0;0;0;0;0;0;0;0;0;0;7;0;0;0;2;0;0;0;0;0;0;0;0;0;0;6;0;0;0;1;0;0;0
P8S2G:04054:06614_SUB_SUB;220;0;0;0;0;0;0;0;0;0;0;0;0;0;0;0;0;0;0;0;0;0;0;0;0;45;0;0;0;4;0;0;0;0;0;0;1;0;0;0;0;0;0;0;0;0;0;1;13;2;0;0;0;0;0;0;0;0;0;0;0;0;0;0;10;0;0;0;0;0;0;0;0;0;0;0;0;0;0;0;0;0;0;0;0;0;0;0;0;0;144
P8S2G:04056:06637_SUB_SUB;252;0;0;0;0;0;0;0;0;0;0;0;0;0;0;0;0;0;0;0;0;0;0;0;0;177;3;0;0;7;0;1;0;8;0;48;0;0;2;0;0;0;0;0;0;0;0;0;0;0;0;0;0;0;0;0;0;0;0;0;0;0;0;0;0;0;0;0;0;0;0;1;0;0;0;0;0;0;0;0;0;0;0;0;0;1;0;1;3;0;0
P8S2G:04075:06636_SUB_SUB;815;0;0;0;0;0;0;0;0;0;0;0;0;0;0;0;0;0;0;0;0;0;0;0;0;244;86;0;0;0;0;38;0;11;174;22;0;0;5;0;111;0;0;0;0;0;0;0;5;0;0;7;0;0;0;0;0;0;15;0;0;0;7;0;18;0;0;0;0;0;0;0;0;0;0;0;0;0;0;0;0;0;0;11;0;29;0;18;0;9;5
P8S2G:04052:06686_SUB_SUB;143;0;0;0;0;0;0;0;0;0;0;0;0;0;0;0;0;0;0;0;0;0;0;0;0;52;23;0;0;7;0;0;0;2;0;36;0;0;0;0;5;0;5;0;0;0;0;0;3;0;0;0;0;0;0;0;0;0;0;0;0;0;1;0;0;0;0;0;0;0;0;0;0;0;0;0;0;0;0;0;0;0;0;0;0;9;0;0;0;0;0
P8S2G:04064:06655_SUB_SUB;295;0;0;0;0;0;0;0;0;0;0;0;0;0;0;0;0;0;0;0;0;0;0;0;0;214;4;0;0;0;0;0;0;0;0;0;0;0;0;0;0;0;0;0;0;0;0;0;5;0;0;6;0;0;0;0;0;0;0;0;5;0;0;0;52;0;0;0;0;0;0;0;0;0;0;0;0;0;0;0;0;0;0;0;0;0;0;0;0;0;9
P8S2G:04036:06801_SUB_SUB;162;0;0;0;0;0;0;0;0;0;0;0;0;0;0;0;0;0;0;0;0;0;0;0;0;54;38;0;0;0;0;20;0;2;0;0;0;0;0;0;0;0;0;0;0;0;0;0;0;0;0;0;0;0;0;0;0;0;16;0;0;0;0;0;0;0;0;0;0;0;0;0;0;0;0;0;0;0;0;0;0;0;0;0;0;0;0;25;0;7;0
P8S2G:04079:06901_SUB_SUB;135;0;0;0;0;0;0;0;0;0;0;0;0;0;0;0;0;0;0;0;0;0;0;0;0;135;0;0;0;0;0;0;0;0;0;0;0;0;0;0;0;0;0;0;0;0;0;0;0;0;0;0;0;0;0;0;0;0;0;0;0;0;0;0;0;0;0;0;0;0;0;0;0;0;0;0;0;0;0;0;0;0;0;0;0;0;0;0;0;0;0
P8S2G:04041:07005_SUB_SUB;152;0;0;0;0;0;0;0;0;0;0;0;0;0;0;0;0;0;0;0;0;0;0;0;0;138;0;0;0;0;0;0;0;0;7;0;0;0;0;0;0;0;0;0;0;0;0;1;0;0;0;0;0;0;0;0;0;0;0;0;0;0;1;0;0;0;0;0;0;0;0;0;0;0;0;0;0;0;0;0;0;0;0;0;0;5;0;0;0;0;0
P8S2G:04088:06539_SUB_SUB;20494;0;0;0;0;0;0;0;0;0;0;0;0;0;0;0;0;0;0;0;0;0;0;0;0;158;36;33;0;0;0;0;0;0;5596;243;0;0;883;0;0;0;0;0;0;0;0;0;0;0;0;48;0;0;0;0;0;0;839;0;0;0;35;0;1;0;0;0;0;0;0;1;0;0;0;0;0;0;0;0;0;0;0;0;0;0;14;12354;0;253;0
P8S2G:04106:06531_SUB_SUB;137;0;0;0;0;0;0;0;0;0;0;0;0;0;0;0;0;0;0;0;0;0;0;0;0;134;0;0;0;0;0;0;0;0;0;0;0;0;0;0;0;0;0;0;0;0;0;0;0;0;0;1;0;0;0;0;0;0;0;0;0;0;0;0;0;0;0;0;0;0;0;0;0;0;0;0;0;0;0;0;0;0;0;0;0;0;0;0;0;2;0
P8S2G:04099:06637_SUB_SUB;387;0;0;0;0;0;0;0;0;0;0;0;0;0;0;0;0;0;0;0;0;0;0;0;0;346;0;0;0;38;0;0;0;0;0;0;0;0;0;0;0;0;0;0;0;0;0;0;0;0;0;0;0;0;0;0;0;0;0;0;0;0;0;0;0;0;0;0;0;0;0;0;0;0;0;0;0;0;0;0;0;0;0;0;0;3;0;0;0;0;0
P8S2G:04095:06690_SUB_SUB;326;0;0;0;0;0;0;0;0;0;0;0;0;0;0;0;0;0;0;0;0;0;0;0;0;173;53;0;0;60;0;0;0;5;0;0;3;0;0;0;0;0;0;0;0;0;0;0;3;0;0;0;0;0;0;0;0;0;0;0;0;0;6;0;0;0;0;0;0;0;0;0;0;0;0;0;0;0;0;0;0;0;0;2;0;20;0;0;1;0;0
P8S2G:04113:06917_SUB_SUB;398;0;0;0;0;0;0;0;0;0;0;0;0;0;0;0;0;0;0;0;0;0;0;0;0;249;0;0;0;36;0;0;0;0;0;9;56;0;0;0;37;0;0;0;0;0;0;0;0;0;0;0;0;0;0;0;0;0;0;0;0;0;0;11;0;0;0;0;0;0;0;0;0;0;0;0;0;0;0;0;0;0;0;0;0;0;0;0;0;0;0
P8S2G:04118:06997_SUB_SUB;149;0;0;0;0;0;0;0;0;0;0;0;0;0;0;0;0;0;0;0;0;0;0;0;0;144;0;0;0;0;0;0;0;0;0;0;0;0;5;0;0;0;0;0;0;0;0;0;0;0;0;0;0;0;0;0;0;0;0;0;0;0;0;0;0;0;0;0;0;0;0;0;0;0;0;0;0;0;0;0;0;0;0;0;0;0;0;0;0;0;0
P8S2G:04139:06590_SUB_SUB;336;0;0;0;0;0;0;0;0;0;0;0;0;0;0;0;0;0;0;0;0;0;0;0;0;152;0;0;0;0;0;0;0;0;0;28;0;0;0;0;20;0;0;0;0;0;0;0;45;0;0;85;0;0;0;0;0;0;0;0;0;0;0;0;4;0;0;0;0;0;0;1;0;0;0;0;0;0;0;0;0;0;0;0;0;0;0;0;0;0;1
P8S2G:04147:06655_SUB_SUB;209;0;0;0;0;0;0;0;0;0;0;0;0;0;0;0;0;0;0;0;0;0;0;0;0;134;0;0;0;0;1;0;0;0;0;0;0;0;0;0;0;0;0;0;0;0;0;0;0;0;0;0;0;0;0;0;0;0;73;0;0;0;0;0;1;0;0;0;0;0;0;0;0;0;0;0;0;0;0;0;0;0;0;0;0;0;0;0;0;0;0
P8S2G:04154:06671_SUB_SUB;751;0;0;0;0;0;0;0;0;0;0;0;0;0;0;0;0;0;0;0;0;0;0;0;0;42;0;0;0;0;0;0;0;0;0;0;0;0;0;0;0;0;0;0;0;0;0;620;0;0;0;17;0;0;0;0;0;0;0;0;0;0;0;0;0;0;0;0;0;0;0;1;35;0;0;0;0;0;0;0;0;1;0;0;0;0;35;0;0;0;0
P8S2G:04166:06687_SUB_SUB;3753;0;0;0;0;0;0;0;0;0;0;0;0;0;0;0;0;0;0;0;0;0;0;0;0;891;1221;0;0;514;0;0;0;93;0;80;31;0;0;0;124;0;51;0;0;0;0;0;42;0;0;0;0;0;0;0;0;0;60;0;0;0;8;0;0;0;0;0;0;0;0;0;0;0;0;0;0;0;0;0;0;0;0;10;1;266;332;0;29;0;0
P8S2G:04140:06727_SUB_SUB;207;0;0;0;0;0;0;0;0;0;0;0;0;0;0;0;0;0;0;0;0;0;0;0;0;22;2;0;74;5;0;3;0;3;4;2;2;0;2;0;15;0;3;0;0;0;3;2;1;5;0;4;0;0;0;0;0;0;0;0;2;0;0;0;26;0;0;0;0;0;0;0;0;0;0;0;0;0;0;0;0;0;0;1;0;6;0;0;0;0;20
P8S2G:04182:06772_SUB_SUB;877;0;0;0;0;0;0;0;0;0;0;0;0;0;0;0;0;0;0;0;0;0;0;0;0;461;32;0;0;77;0;85;0;30;0;20;0;0;1;0;0;0;0;0;0;0;0;0;0;0;0;0;0;0;0;0;0;0;9;0;0;0;0;0;0;0;0;0;6;0;0;0;3;0;0;0;0;0;0;0;0;0;0;0;1;36;0;33;73;10;0
P8S2G:04166:06931_SUB_SUB;600;0;0;0;0;0;0;0;0;0;0;0;0;0;0;0;0;0;0;0;0;0;0;0;0;50;14;0;453;0;0;1;0;3;0;0;3;0;9;0;1;0;0;0;0;0;6;8;0;3;0;2;0;0;0;0;0;0;0;0;2;0;3;0;3;0;0;0;0;0;0;0;0;0;0;0;0;0;0;0;0;0;0;20;0;0;0;0;0;0;19
P8S2G:04135:07005_SUB_SUB;424;0;0;0;0;0;0;0;0;0;0;0;0;0;0;0;0;0;0;0;0;0;0;0;0;215;0;0;0;0;0;0;0;0;0;0;0;0;0;0;0;0;0;0;0;0;0;0;0;0;0;0;0;0;0;0;0;0;0;0;0;0;0;0;0;0;0;0;0;0;0;0;0;0;0;0;0;0;0;0;0;0;0;0;0;209;0;0;0;0;0
P8S2G:04232:06437_SUB_SUB;167;0;0;0;0;0;0;0;0;0;0;0;0;0;0;0;0;0;0;0;0;0;0;0;0;21;0;0;0;0;0;27;0;0;0;0;0;0;0;0;0;0;0;0;0;0;12;0;0;0;0;0;0;0;0;0;0;0;0;0;0;0;0;0;0;0;0;0;37;0;0;4;2;0;0;0;0;0;0;0;0;0;0;46;0;17;1;0;0;0;0
P8S2G:04190:06553_SUB_SUB;515;0;0;0;0;0;0;0;0;0;0;0;0;0;0;0;0;0;0;0;0;0;0;0;0;8;134;4;0;78;0;25;0;46;146;0;0;0;2;0;0;0;0;0;0;0;0;1;18;0;0;1;0;0;0;0;0;0;0;0;0;0;0;0;3;0;0;0;0;0;0;0;0;0;0;0;0;0;0;0;0;0;0;0;0;13;0;32;0;0;4
P8S2G:04184:06666_SUB_SUB;115;0;0;0;0;0;0;0;0;0;0;0;0;0;0;0;0;0;0;0;0;0;0;0;0;89;0;0;0;0;0;0;0;0;0;0;0;0;0;0;0;0;0;0;0;0;0;0;0;0;0;0;0;0;0;0;0;0;0;0;0;0;0;0;0;0;0;0;0;0;0;0;0;0;0;0;0;0;0;0;0;0;0;0;0;26;0;0;0;0;0
P8S2G:04206:06948_SUB_SUB;1071;0;0;0;0;0;0;0;0;0;0;0;0;0;0;0;0;0;0;0;0;0;0;0;0;153;152;0;0;0;0;181;0;43;0;0;0;0;1;0;4;0;0;0;0;0;0;6;2;0;0;7;0;0;0;0;0;0;6;0;0;0;0;0;3;0;0;0;46;0;0;0;7;0;0;0;0;0;0;0;0;0;0;251;0;0;0;3;3;203;0
P8S2G:04201:06974_SUB_SUB;365;0;0;0;0;0;0;0;0;0;0;0;0;0;0;0;0;0;0;0;0;0;0;0;0;84;103;0;0;50;0;0;0;11;0;5;2;0;0;0;17;0;2;0;0;0;0;0;4;0;0;0;0;0;0;0;0;0;5;0;0;0;0;0;0;0;0;0;0;0;0;0;0;0;0;0;0;0;0;0;0;0;0;0;0;35;45;0;2;0;0
P8S2G:04222:07018_SUB_SUB;124;0;0;0;0;0;0;0;0;0;0;0;0;0;0;0;0;0;0;0;0;0;0;0;0;1;3;0;117;0;0;0;0;0;0;0;0;0;0;0;0;0;0;0;0;0;0;0;0;0;0;0;0;0;0;0;0;0;0;0;0;0;0;0;0;0;0;0;0;0;0;0;0;0;0;0;0;0;0;0;0;0;0;0;0;3;0;0;0;0;0
P8S2G:04248:06554_SUB_SUB;266;0;0;0;0;0;0;0;0;0;0;0;0;0;0;0;0;0;0;0;0;0;0;0;0;135;0;0;0;20;0;0;0;0;0;0;0;0;0;0;0;0;0;0;0;0;0;0;5;56;0;0;0;0;0;0;0;0;0;0;14;0;0;1;0;0;0;0;0;0;0;0;0;0;0;0;0;0;0;0;0;0;0;0;0;33;0;0;2;0;0
P8S2G:04251:06651_SUB_SUB;3447;0;0;0;0;0;0;0;0;0;0;0;0;0;0;0;0;0;0;0;0;0;0;0;0;245;0;0;0;0;0;0;0;0;0;0;0;0;0;0;3200;0;0;0;0;0;0;0;0;0;0;0;0;0;0;0;0;0;0;0;0;0;0;0;0;0;0;0;0;0;0;0;0;0;0;0;0;0;0;1;0;0;0;0;0;0;0;0;1;0;0
P8S2G:04323:06542_SUB_SUB;320;0;0;0;0;0;0;0;0;0;0;0;0;0;0;0;0;0;0;0;0;0;0;0;0;302;0;0;0;0;0;0;0;0;0;0;0;0;0;0;0;0;0;0;0;0;0;0;0;0;0;0;0;0;0;0;0;0;0;0;0;0;0;0;0;0;0;0;0;0;0;0;0;0;0;0;0;0;0;0;0;0;0;0;0;18;0;0;0;0;0
P8S2G:04330:06792_SUB_SUB;220;0;0;0;0;0;0;0;0;0;0;0;0;0;0;0;0;0;0;0;0;0;0;0;0;65;0;0;0;0;0;0;0;0;0;6;0;0;0;0;0;0;0;0;0;0;0;6;5;8;0;0;0;0;0;0;0;0;0;0;0;0;0;0;6;0;0;0;0;0;0;0;0;0;0;0;0;0;0;0;0;0;0;0;0;22;0;65;0;0;37
P8S2G:04286:06838_SUB_SUB;119;0;0;0;0;0;0;0;0;0;0;0;0;0;0;0;0;0;0;0;0;0;0;0;0;64;0;0;0;1;0;0;0;0;0;0;15;0;7;0;0;0;0;0;0;0;0;16;0;0;0;0;0;0;0;0;0;0;0;0;0;0;0;0;0;0;0;0;0;0;0;2;4;0;0;0;0;0;0;0;0;0;0;1;0;0;0;0;0;9;0
P8S2G:04303:06835_SUB_SUB;175;0;0;0;0;0;0;0;0;0;0;0;0;0;0;0;0;0;0;0;0;0;0;0;0;158;0;0;0;0;0;0;0;0;0;9;0;0;0;0;8;0;0;0;0;0;0;0;0;0;0;0;0;0;0;0;0;0;0;0;0;0;0;0;0;0;0;0;0;0;0;0;0;0;0;0;0;0;0;0;0;0;0;0;0;0;0;0;0;0;0
P8S2G:04423:06771_SUB_SUB;302;0;0;0;0;0;0;0;0;0;0;0;0;0;0;0;0;0;0;0;0;0;0;0;0;43;0;0;0;0;0;60;0;0;0;2;0;0;0;0;0;0;0;0;0;0;44;0;0;0;0;0;0;0;0;0;0;0;0;0;0;0;0;0;0;0;0;0;50;0;0;4;10;0;0;0;0;0;0;0;0;0;0;72;0;17;0;0;0;0;0
P8S2G:04394:06809_SUB_SUB;241;0;0;0;0;0;0;0;0;0;0;0;0;0;0;0;0;0;0;0;0;0;0;0;0;16;1;0;120;0;0;1;0;2;0;5;0;0;0;0;4;0;3;0;0;0;1;8;2;2;0;3;0;0;0;0;0;0;0;0;1;0;1;1;32;0;0;0;0;0;0;0;0;0;0;0;0;0;0;0;0;0;0;9;0;2;0;0;0;0;27
P8S2G:04452:06413_SUB_SUB;189;0;0;0;0;0;0;0;0;0;0;0;0;0;0;0;0;0;0;0;0;0;0;0;0;189;0;0;0;0;0;0;0;0;0;0;0;0;0;0;0;0;0;0;0;0;0;0;0;0;0;0;0;0;0;0;0;0;0;0;0;0;0;0;0;0;0;0;0;0;0;0;0;0;0;0;0;0;0;0;0;0;0;0;0;0;0;0;0;0;0
P8S2G:04463:06593_SUB_SUB;247;0;0;0;0;0;0;0;0;0;0;0;0;0;0;0;0;0;0;0;0;0;0;0;0;53;0;0;5;0;0;0;0;0;0;0;47;0;0;0;5;0;0;0;0;0;90;0;0;0;0;0;0;0;0;0;0;0;0;0;0;0;0;0;3;0;0;0;0;0;0;0;0;0;0;0;0;0;0;0;0;0;0;0;0;4;0;33;0;0;7
P8S2G:04447:06855_SUB_SUB;168;0;0;0;0;0;0;0;0;0;0;0;0;0;0;0;0;0;0;0;0;0;0;0;0;3;0;0;0;0;0;0;0;0;0;0;0;0;0;0;0;0;0;0;0;0;0;165;0;0;0;0;0;0;0;0;0;0;0;0;0;0;0;0;0;0;0;0;0;0;0;0;0;0;0;0;0;0;0;0;0;0;0;0;0;0;0;0;0;0;0
P8S2G:04520:06652_SUB_SUB;345;0;0;0;0;0;0;0;0;0;0;0;0;0;0;0;0;0;0;0;0;0;0;0;0;120;53;0;0;86;0;0;0;5;0;29;0;0;0;0;17;0;5;0;0;0;0;0;8;0;0;0;0;0;0;0;0;0;1;0;0;0;5;0;0;0;0;0;0;0;0;0;0;0;0;0;0;0;0;0;0;0;0;2;0;12;0;0;2;0;0
P8S2G:04502:06816_SUB_SUB;292;0;0;0;0;0;0;0;0;0;0;0;0;0;0;0;0;0;0;0;0;0;0;0;0;39;5;0;158;0;0;2;0;5;0;0;0;0;0;0;1;0;0;0;0;0;5;3;1;6;0;3;0;0;0;0;0;0;0;0;3;0;0;0;7;0;0;0;0;0;0;0;0;0;0;0;0;0;0;0;0;0;0;1;0;0;0;0;0;0;53
P8S2G:04486:06987_SUB_SUB;191;0;0;0;0;0;0;0;0;0;0;0;0;0;0;0;0;0;0;0;0;0;0;0;0;65;0;2;0;0;0;0;0;112;0;0;0;0;0;0;0;0;0;0;0;0;0;0;0;0;0;0;0;0;0;0;0;0;0;0;0;0;0;0;0;0;0;0;0;0;0;0;0;0;0;0;0;0;0;0;0;0;0;0;0;0;0;12;0;0;0
P8S2G:04572:06568_SUB_SUB;1245;0;0;0;0;0;0;0;0;0;0;0;0;0;0;0;0;0;0;0;0;0;0;0;0;48;0;0;0;16;0;116;0;253;19;33;365;0;0;0;0;0;0;0;27;0;0;0;0;132;0;0;0;0;0;0;0;0;2;0;89;1;5;0;0;0;0;0;0;0;0;0;0;0;0;0;0;0;0;0;0;0;0;0;0;0;0;125;0;5;9
P8S2G:04566:06722_SUB_SUB;159;0;0;0;0;0;0;0;0;0;0;0;0;0;0;0;0;0;0;0;0;0;0;0;0;1;0;0;0;0;0;0;0;0;0;0;0;0;0;0;0;0;0;0;0;0;0;157;0;0;0;1;0;0;0;0;0;0;0;0;0;0;0;0;0;0;0;0;0;0;0;0;0;0;0;0;0;0;0;0;0;0;0;0;0;0;0;0;0;0;0
P8S2G:04534:06933_SUB_SUB;382;0;0;0;0;0;0;0;0;0;0;0;0;0;0;0;0;0;0;0;0;0;0;0;0;50;23;0;124;2;0;41;0;0;25;0;0;0;0;0;0;0;0;0;0;0;0;0;0;0;0;0;0;0;0;0;0;0;0;0;0;0;0;0;1;0;0;0;0;0;83;0;0;0;0;0;0;0;0;0;0;0;0;0;0;4;11;18;0;0;0
P8S2G:04627:06493_SUB_SUB;102;0;0;0;0;0;0;0;0;0;0;0;0;0;0;0;0;0;0;0;0;0;0;0;0;18;10;0;0;0;0;7;0;2;0;0;0;0;0;0;0;0;0;0;0;0;0;9;0;0;0;2;0;0;0;0;0;0;0;0;0;0;0;0;1;0;0;0;0;0;0;0;0;0;0;0;0;0;0;0;0;0;0;53;0;0;0;0;0;0;0
P8S2G:04629:06789_SUB_SUB;471;0;0;0;0;0;0;0;0;0;0;0;0;0;0;0;0;0;0;0;0;0;0;0;0;51;0;34;0;0;0;0;0;0;0;0;0;0;0;0;177;0;0;0;0;0;0;0;0;0;0;0;0;1;0;0;0;0;0;0;0;0;0;0;11;0;0;0;0;0;0;0;0;0;0;0;0;0;0;0;0;0;0;38;0;0;0;159;0;0;0
P8S2G:04632:06771_SUB_SUB;388;0;0;0;0;0;0;0;0;0;0;0;0;0;0;0;0;0;0;0;0;0;0;0;0;118;62;0;0;51;0;0;0;5;0;68;0;0;0;0;12;0;19;0;0;0;0;0;12;0;0;0;0;0;0;0;0;0;0;0;0;0;15;0;0;0;0;0;0;0;0;0;0;0;0;0;0;0;0;0;0;0;0;4;0;22;0;0;0;0;0
P8S2G:04635:06528_SUB_SUB;1197;0;0;0;0;0;0;0;0;0;0;0;0;0;0;0;0;0;0;0;0;0;0;0;0;146;324;0;0;202;0;0;0;159;0;0;308;0;0;0;0;0;0;0;0;0;0;0;0;0;0;0;0;0;0;0;0;0;0;0;0;0;0;0;0;0;0;0;0;0;0;0;0;0;0;0;0;0;0;0;0;0;0;0;0;58;0;0;0;0;0
P8S2G:04637:06746_SUB_SUB;573;0;0;0;0;0;0;0;0;0;0;0;0;0;0;0;0;0;0;0;0;0;0;0;0;3;0;0;0;0;0;0;0;0;0;0;0;0;0;0;0;0;0;0;0;0;0;560;0;0;0;9;0;0;0;0;0;0;0;0;0;0;0;0;1;0;0;0;0;0;0;0;0;0;0;0;0;0;0;0;0;0;0;0;0;0;0;0;0;0;0
P8S2G:00755:06059_SUB_SUB;150;0;0;0;0;0;0;0;0;0;0;0;0;0;0;0;0;0;0;0;0;0;0;0;0;28;2;0;60;0;0;14;0;0;12;0;0;0;0;0;0;0;0;0;0;0;0;0;0;0;0;0;0;0;0;0;0;0;0;0;0;0;0;0;1;0;0;0;0;0;24;0;0;0;0;0;0;0;0;0;0;0;0;0;0;3;1;5;0;0;0
P8S2G:00752:06216_SUB_SUB;223;0;0;0;0;0;0;0;0;0;0;0;0;0;0;0;0;0;0;0;0;0;0;0;0;78;0;0;8;0;0;0;0;0;0;0;0;0;0;0;0;0;0;0;0;0;0;103;0;6;0;0;0;0;0;0;0;0;0;0;0;0;0;0;24;0;0;0;0;0;0;0;0;0;0;0;0;0;0;0;0;0;0;0;0;0;0;0;0;0;4
P8S2G:00798:05970_SUB_SUB;104;0;0;0;0;0;0;0;0;0;0;0;0;0;0;0;0;0;0;0;0;0;0;0;0;86;5;0;0;9;0;0;0;0;0;1;0;0;0;0;0;0;0;0;0;0;0;0;0;0;0;0;0;0;0;0;0;0;0;0;0;0;0;0;0;0;0;0;0;0;0;0;0;0;0;0;0;0;0;0;0;0;0;0;0;3;0;0;0;0;0
P8S2G:00806:06151_SUB_SUB;146;0;0;0;0;0;0;0;0;0;0;0;0;0;0;0;0;0;0;0;0;0;0;0;0;146;0;0;0;0;0;0;0;0;0;0;0;0;0;0;0;0;0;0;0;0;0;0;0;0;0;0;0;0;0;0;0;0;0;0;0;0;0;0;0;0;0;0;0;0;0;0;0;0;0;0;0;0;0;0;0;0;0;0;0;0;0;0;0;0;0
P8S2G:00775:06162_SUB_SUB;560;0;0;0;0;0;0;0;0;0;0;0;0;0;0;0;0;0;0;0;0;0;0;0;0;2;0;0;0;0;0;0;0;0;0;0;0;0;0;0;0;0;0;0;0;0;0;557;0;0;0;0;0;0;0;0;0;0;0;0;0;0;0;0;1;0;0;0;0;0;0;0;0;0;0;0;0;0;0;0;0;0;0;0;0;0;0;0;0;0;0
P8S2G:00910:05820_SUB_SUB;194;0;0;0;0;0;0;0;0;0;0;0;0;0;0;0;0;0;0;0;0;0;0;0;0;49;0;0;0;2;0;3;0;0;0;0;0;0;0;0;0;0;0;0;0;0;0;0;0;9;0;0;0;0;0;0;0;0;0;0;14;0;0;0;27;0;0;0;0;0;0;0;0;0;0;0;0;0;0;0;0;0;0;0;3;70;17;0;0;0;0
P8S2G:00911:06092_SUB_SUB;103;0;0;0;0;0;0;0;0;0;0;0;0;0;0;0;0;0;0;0;0;0;0;0;0;103;0;0;0;0;0;0;0;0;0;0;0;0;0;0;0;0;0;0;0;0;0;0;0;0;0;0;0;0;0;0;0;0;0;0;0;0;0;0;0;0;0;0;0;0;0;0;0;0;0;0;0;0;0;0;0;0;0;0;0;0;0;0;0;0;0
P8S2G:00930:05820_SUB_SUB;128;0;0;0;0;0;0;0;0;0;0;0;0;0;0;0;0;0;0;0;0;0;0;0;0;8;0;0;36;4;0;1;0;0;0;0;0;0;0;0;1;0;0;0;0;0;3;4;6;7;0;9;0;0;0;0;0;0;0;0;9;0;0;0;9;0;0;0;0;0;0;0;0;0;0;0;0;0;0;0;0;0;0;0;0;0;0;0;0;0;31
P8S2G:00954:06218_SUB_SUB;220;0;0;0;0;0;0;0;0;0;0;0;0;0;0;0;0;0;0;0;0;0;0;0;0;158;0;0;0;0;0;0;0;0;0;2;0;0;0;0;40;0;0;0;0;0;0;0;8;0;0;9;0;0;0;0;0;0;1;0;0;0;0;0;1;0;0;0;0;0;0;0;0;0;0;0;0;0;0;0;0;0;0;0;0;0;0;0;0;1;0
P8S2G:00971:06132_SUB_SUB;144;0;0;0;0;0;0;0;0;0;0;0;0;0;0;0;0;0;0;0;0;0;0;0;0;11;0;0;0;0;0;0;0;0;1;2;0;0;0;0;0;0;0;0;0;0;0;0;0;0;0;0;0;0;0;0;0;0;0;0;0;0;0;0;0;0;0;0;0;0;0;0;0;0;0;0;0;0;0;0;0;0;0;0;0;0;0;115;0;15;0
P8S2G:00968:06169_SUB_SUB;549;0;0;0;0;0;0;0;0;0;0;0;0;0;0;0;0;0;0;0;0;0;0;0;0;34;18;0;0;4;0;0;0;60;154;78;42;0;0;0;24;0;7;0;0;0;0;0;0;0;0;0;0;0;0;0;0;0;1;0;0;0;0;0;2;0;0;0;0;0;0;0;0;0;0;0;0;0;0;0;0;0;0;0;0;3;0;84;0;38;0
P8S2G:00972:06361_SUB_SUB;161;0;0;0;0;0;0;0;0;0;0;0;0;0;0;0;0;0;0;0;0;0;0;0;0;121;0;0;0;0;0;0;0;0;0;8;0;0;0;0;5;0;0;0;0;0;0;0;18;0;0;9;0;0;0;0;0;0;0;0;0;0;0;0;0;0;0;0;0;0;0;0;0;0;0;0;0;0;0;0;0;0;0;0;0;0;0;0;0;0;0
P8S2G:01062:05997_SUB_SUB;163;0;0;0;0;0;0;0;0;0;0;0;0;0;0;0;0;0;0;0;0;0;0;0;0;26;0;0;0;0;0;0;0;0;0;0;0;0;0;0;137;0;0;0;0;0;0;0;0;0;0;0;0;0;0;0;0;0;0;0;0;0;0;0;0;0;0;0;0;0;0;0;0;0;0;0;0;0;0;0;0;0;0;0;0;0;0;0;0;0;0
P8S2G:01042:06198_SUB_SUB;108;0;0;0;0;0;0;0;0;0;0;0;0;0;0;0;0;0;0;0;0;0;0;0;0;30;0;0;0;2;0;0;0;0;0;0;0;0;0;0;0;0;0;0;0;0;37;0;0;12;0;0;0;0;0;0;0;0;0;0;26;0;0;0;1;0;0;0;0;0;0;0;0;0;0;0;0;0;0;0;0;0;0;0;0;0;0;0;0;0;0
P8S2G:00038:02333_SUB_SUB;602;0;0;0;0;0;0;0;0;0;0;0;0;0;0;0;0;0;0;0;0;0;0;0;0;23;3;0;167;15;0;3;0;3;3;0;1;0;1;0;0;0;0;0;0;0;16;12;42;31;0;29;0;0;0;0;0;0;0;0;23;0;1;0;52;0;0;0;0;0;0;0;0;0;0;0;0;0;0;0;0;0;0;1;0;6;0;1;3;0;166
P8S2G:00113:02559_SUB_SUB;116;0;0;0;0;0;0;0;0;0;0;0;0;0;0;0;0;0;0;0;0;0;0;0;0;105;9;0;0;0;0;0;0;0;0;0;0;0;0;0;0;0;0;0;0;0;0;0;0;0;0;0;0;0;0;0;0;0;0;0;0;0;0;0;0;0;0;0;0;0;0;2;0;0;0;0;0;0;0;0;0;0;0;0;0;0;0;0;0;0;0
P8S2G:00150:02241_SUB_SUB;245;0;0;0;0;0;0;0;0;0;0;0;0;0;0;0;0;0;0;0;0;0;0;0;0;41;15;0;0;24;0;6;0;2;0;0;50;0;0;0;9;0;0;0;0;0;66;0;0;0;0;2;0;0;0;0;0;0;2;0;0;0;1;0;0;0;0;0;0;0;0;0;11;0;0;0;0;0;0;0;0;0;0;0;4;0;0;7;3;2;0
P8S2G:00160:02426_SUB_SUB;158;0;0;0;0;0;0;0;0;0;0;0;0;0;0;0;0;0;0;0;0;0;0;0;0;65;59;0;0;1;0;0;0;7;0;3;1;0;0;0;7;0;3;0;0;0;0;0;0;0;0;0;0;0;0;0;0;0;0;0;0;0;1;0;0;0;0;0;0;0;0;0;0;0;0;0;0;0;0;0;0;0;0;3;0;8;0;0;0;0;0
P8S2G:00280:02187_SUB_SUB;100;0;0;0;0;0;0;0;0;0;0;0;0;0;0;0;0;0;0;0;0;0;0;0;0;28;9;0;0;0;0;3;0;0;18;3;0;0;2;0;16;0;0;0;0;0;0;0;1;0;0;2;0;0;0;0;0;0;1;0;0;0;0;0;3;0;0;0;0;0;0;0;0;0;0;0;0;0;0;0;0;0;0;2;0;7;0;2;0;2;1
P8S2G:00597:01945_SUB_SUB;415;0;0;0;0;0;0;0;0;0;0;0;0;0;0;0;0;0;0;0;0;0;0;0;0;27;0;0;0;0;0;0;0;7;0;0;0;0;277;0;5;0;0;0;0;0;0;98;0;0;0;0;0;0;0;0;0;0;0;0;1;0;0;0;0;0;0;0;0;0;0;0;0;0;0;0;0;0;0;0;0;0;0;0;0;0;0;0;0;0;0
P8S2G:00346:00818_SUB_SUB;278;0;0;0;0;0;0;0;0;0;0;0;0;0;0;0;0;0;0;0;0;0;0;0;0;16;0;0;0;0;0;0;0;0;0;0;20;0;14;0;4;0;0;0;0;0;0;57;17;11;0;0;0;0;0;0;0;0;0;0;0;0;9;0;21;0;0;0;0;0;0;0;0;0;0;0;0;0;0;0;0;0;0;7;0;0;0;0;0;0;102
P8S2G:00336:00855_SUB_SUB;1073;0;0;0;0;0;0;0;0;0;0;0;0;0;0;0;0;0;0;0;0;0;0;0;0;26;7;0;277;23;0;12;0;9;4;0;3;0;4;0;1;0;0;0;0;0;15;42;43;75;0;83;0;0;0;0;0;0;0;0;24;0;1;0;110;0;0;0;0;0;0;0;0;0;0;0;0;0;0;0;1;0;0;3;0;6;0;1;1;0;302
P8S2G:00301:01090_SUB_SUB;102;0;0;0;0;0;0;0;0;0;0;0;0;0;0;0;0;0;0;0;0;0;0;0;0;44;20;0;0;10;0;0;0;5;0;0;1;0;0;0;0;0;0;0;0;0;0;0;13;0;0;0;0;0;0;0;0;0;0;0;0;0;0;0;0;0;0;0;0;0;0;0;0;0;0;0;0;0;0;0;0;0;0;0;0;9;0;0;0;0;0
P8S2G:00516:00640_SUB_SUB;147;0;0;0;0;0;0;0;0;0;0;0;0;0;0;0;0;0;0;0;0;0;0;0;0;35;13;0;19;0;0;2;0;0;0;2;20;0;0;0;10;0;0;1;0;0;0;2;0;0;0;0;0;0;0;0;0;0;0;0;1;0;0;0;12;0;0;0;0;0;0;0;0;0;0;0;0;0;0;0;0;0;0;1;0;17;0;8;0;0;4
P8S2G:00513:00699_SUB_SUB;259;0;0;0;0;0;0;0;0;0;0;0;0;0;0;0;0;0;0;0;0;0;0;0;0;1;0;0;35;0;0;0;0;0;0;0;0;0;0;0;0;0;0;0;0;0;0;12;7;21;0;25;0;0;0;0;0;0;0;0;5;0;0;0;89;0;0;0;0;0;0;0;0;0;0;0;0;0;0;0;0;0;0;0;0;0;0;0;0;0;64
P8S2G:00543:00749_SUB_SUB;398;0;0;0;0;0;0;0;0;0;0;0;0;0;0;0;0;0;0;0;0;0;0;0;0;48;74;0;0;0;0;60;0;14;0;0;0;0;1;0;5;0;0;0;0;0;0;1;0;0;0;0;0;0;0;0;0;0;4;0;0;0;0;0;0;0;0;0;30;0;0;0;0;0;0;0;0;0;0;0;0;0;0;119;0;0;0;1;1;40;0
P8S2G:00514:01113_SUB_SUB;123;0;0;0;0;0;0;0;0;0;0;0;0;0;0;0;0;0;0;0;0;0;0;0;0;4;0;0;0;3;0;0;0;0;0;0;20;0;7;0;6;0;0;0;0;0;0;0;6;0;0;0;0;0;0;0;0;0;0;0;2;0;0;0;3;0;0;0;4;0;0;0;0;0;0;0;0;0;0;0;0;0;0;1;0;0;0;1;1;0;65
P8S2G:00617:01140_SUB_SUB;170;0;0;0;0;0;0;0;0;0;0;0;0;0;0;0;0;0;0;0;0;0;0;0;0;14;4;0;0;0;0;0;0;0;16;39;0;0;56;0;0;0;0;0;0;0;0;0;0;0;0;12;0;0;0;0;0;0;7;0;0;0;7;0;0;0;0;0;0;0;0;0;0;0;0;0;0;0;0;0;0;0;0;0;0;0;0;15;0;0;0
P8S2G:00569:00576_SUB_SUB;109;0;0;0;0;0;0;0;0;0;0;0;0;0;0;0;0;0;0;0;0;0;0;0;0;43;29;0;0;18;0;0;0;2;0;0;2;0;0;0;0;0;0;0;0;0;0;0;7;0;0;0;0;0;0;0;0;0;0;0;0;0;0;0;0;0;0;0;0;0;0;0;0;0;0;0;0;0;0;0;0;0;0;4;0;4;0;0;0;0;0
P8S2G:00649:00548_SUB_SUB;123;0;0;0;0;0;0;0;0;0;0;0;0;0;0;0;0;0;0;0;0;0;0;0;0;10;33;0;0;13;0;0;0;19;0;0;43;0;0;0;0;0;0;0;0;0;0;0;0;0;0;0;0;0;0;0;0;0;0;0;0;0;0;0;0;0;0;0;0;0;0;0;0;0;0;0;0;0;0;0;0;0;0;0;0;5;0;0;0;0;0
P8S2G:00477:04766_SUB_SUB;187;0;0;0;0;0;0;0;0;0;0;0;0;0;0;0;0;0;0;0;0;0;0;0;0;10;0;0;0;0;0;0;0;0;0;0;0;0;0;0;0;0;0;0;0;0;0;177;0;0;0;0;0;0;0;0;0;0;0;0;0;0;0;0;0;0;0;0;0;0;0;0;0;0;0;0;0;0;0;0;0;0;0;0;0;0;0;0;0;0;0
P8S2G:00641:04979_SUB_SUB;102;0;0;0;0;0;0;0;0;0;0;0;0;0;0;0;0;0;0;0;0;0;0;0;0;20;10;0;15;0;0;4;0;3;0;1;20;0;1;0;2;0;0;0;0;0;0;3;0;0;0;1;0;0;0;0;0;0;0;0;1;0;0;0;9;0;0;0;0;0;0;0;0;0;0;0;0;0;0;0;0;0;0;0;0;11;0;0;0;0;1
P8S2G:00185:03554_SUB_SUB;106;0;0;0;0;0;0;0;0;0;0;0;0;0;0;0;0;0;0;0;0;0;0;0;0;15;20;0;0;0;0;18;0;3;0;0;0;0;0;0;0;0;0;0;0;0;0;1;0;0;0;0;0;0;0;0;0;0;0;0;0;0;0;0;0;0;0;0;4;0;0;0;0;0;0;0;0;0;0;0;0;0;0;21;0;0;0;0;1;23;0
P8S2G:00436:03746_SUB_SUB;129;0;0;0;0;0;0;0;0;0;0;0;0;0;0;0;0;0;0;0;0;0;0;0;0;5;0;0;0;0;0;0;0;114;0;0;0;0;0;0;0;0;0;0;0;0;0;0;0;0;0;0;0;0;0;0;0;0;0;0;0;0;0;0;0;0;0;0;0;0;0;0;0;0;0;0;0;0;0;0;0;0;0;0;0;4;0;0;0;6;0
P8S2G:00036:06071_SUB_SUB;210;0;0;0;0;0;0;0;0;0;0;0;0;0;0;0;0;0;0;0;0;0;0;0;0;7;0;0;0;0;0;0;0;0;0;0;0;0;0;0;12;0;1;0;0;0;0;7;12;2;0;0;0;0;0;0;0;0;0;0;0;0;0;0;80;0;0;0;0;0;0;0;0;0;0;0;0;0;0;0;0;0;0;0;0;0;0;0;0;0;89
P8S2G:00105:05949_SUB_SUB;184;0;0;0;0;0;0;0;0;0;0;0;0;0;0;0;0;0;0;0;0;0;0;0;0;2;0;0;0;0;0;0;0;0;0;0;5;0;0;0;0;0;0;0;0;0;177;0;0;0;0;0;0;0;0;0;0;0;0;0;0;0;0;0;0;0;0;0;0;0;0;0;0;0;0;0;0;0;0;0;0;0;0;0;0;0;0;0;0;0;0
P8S2G:00161:06103_SUB_SUB;390;0;0;0;0;0;0;0;0;0;0;0;0;0;0;0;0;0;0;0;0;0;0;0;0;4;0;0;280;0;0;0;0;0;0;0;0;0;1;0;17;0;12;0;0;0;0;23;0;5;0;1;0;0;0;0;0;0;0;0;1;0;0;0;30;0;0;0;0;0;0;0;0;0;0;0;0;0;0;0;0;0;0;0;0;0;0;0;0;0;16
P8S2G:03465:01740_SUB_SUB;125;0;0;0;0;0;0;0;0;0;0;0;0;0;0;0;0;0;0;0;0;0;0;0;0;28;13;1;12;0;0;2;0;6;0;0;13;0;0;0;10;0;0;0;0;0;0;0;0;2;0;0;0;0;0;0;0;0;0;0;0;0;0;0;12;0;0;0;0;0;0;0;0;0;0;0;0;0;0;0;0;0;0;1;0;8;0;1;0;0;16
P8S2G:03778:01660_SUB_SUB;196;0;0;0;0;0;0;0;0;0;0;0;0;0;0;0;0;0;0;0;0;0;0;0;0;4;1;0;41;1;0;1;0;1;0;0;1;0;0;0;0;0;0;0;0;0;2;5;8;19;0;14;0;0;0;0;0;0;0;0;5;0;0;0;20;0;0;0;0;0;0;0;0;0;0;0;0;0;0;0;0;0;0;0;0;0;0;0;0;0;73
P8S2G:03862:01505_SUB_SUB;547;0;0;0;0;0;0;0;0;0;0;0;0;0;0;0;0;0;0;0;0;0;0;0;0;11;435;0;0;0;0;0;0;46;18;4;17;0;0;0;0;0;0;0;0;0;0;0;0;0;0;0;0;0;0;0;0;0;0;0;0;0;0;0;0;0;0;0;0;0;0;0;0;0;0;0;0;0;0;0;0;0;0;0;0;0;0;0;0;16;0
P8S2G:04744:01760_SUB_SUB;113;0;0;0;0;0;0;0;0;0;0;0;0;0;0;0;0;0;0;0;0;0;0;0;0;16;0;0;0;1;0;0;0;0;0;0;25;0;6;0;8;0;0;1;0;0;0;0;10;2;0;0;0;0;0;0;0;0;0;0;0;1;1;0;5;0;0;0;3;0;0;0;0;0;0;0;0;0;0;0;0;0;0;2;0;0;0;8;0;0;24
P8S2G:05050:01609_SUB_SUB;6639;0;0;0;0;0;0;0;0;0;0;0;0;0;0;0;0;0;0;0;0;0;0;0;0;5;0;0;593;0;0;0;0;0;0;0;0;0;6;0;102;0;15;0;0;0;0;633;138;541;0;258;0;0;0;0;0;0;2;0;108;0;0;0;3443;0;0;0;0;0;0;0;0;0;0;0;0;0;0;0;0;0;0;0;0;5;0;0;0;0;790
P8S2G:04686:00563_SUB_SUB;215;0;0;0;0;0;0;0;0;0;0;0;0;0;0;0;0;0;0;0;0;0;0;0;0;15;1;0;64;6;0;0;0;1;1;0;0;0;1;0;0;0;0;0;0;0;2;8;16;12;0;16;0;0;0;0;0;0;0;0;12;0;0;0;23;0;0;0;0;0;0;0;0;0;0;0;0;0;0;0;0;0;0;0;0;1;0;0;0;0;36
P8S2G:01295:04229_SUB_SUB;392;0;0;0;0;0;0;0;0;0;0;0;0;0;0;0;0;0;0;0;0;0;0;0;0;7;0;0;0;0;0;0;0;0;0;0;7;0;0;0;0;0;0;0;0;0;0;377;0;0;0;0;0;0;0;0;0;0;0;0;0;0;0;0;1;0;0;0;0;0;0;0;0;0;0;0;0;0;0;0;0;0;0;0;0;0;0;0;0;0;0
P8S2G:04762:05788_SUB_SUB;120;0;0;0;0;0;0;0;0;0;0;0;0;0;0;0;0;0;0;0;0;0;0;0;0;5;0;0;0;1;0;11;0;25;0;7;38;0;0;0;0;0;0;0;5;0;0;0;0;10;0;0;0;0;0;0;0;0;0;0;3;0;0;0;0;0;0;0;0;0;0;0;0;0;0;0;0;0;0;0;0;0;0;0;0;0;0;15;0;0;0
P8S2G:04851:02312_SUB_SUB;181;0;0;0;0;0;0;0;0;0;0;0;0;0;0;0;0;0;0;0;0;0;0;0;0;3;0;0;30;0;0;0;0;0;0;0;0;0;0;0;0;0;0;0;0;0;0;5;6;24;0;27;0;0;0;0;0;0;0;0;4;0;0;0;55;0;0;0;0;0;0;0;0;0;0;0;0;0;0;0;0;0;0;0;0;1;0;0;0;0;26
P8S2G:04960:02314_SUB_SUB;2467;0;0;0;0;0;0;0;0;0;0;0;0;0;0;0;0;0;0;0;0;0;0;0;0;13;0;0;497;0;0;2;0;0;0;0;0;0;0;0;3;0;0;0;0;0;1;104;89;237;0;172;0;0;0;0;0;0;1;0;62;0;0;0;789;0;0;0;0;0;0;0;0;0;0;0;0;0;0;0;0;0;0;0;0;11;0;0;1;0;485
P8S2G:05008:01949_SUB_SUB;145;0;0;0;0;0;0;0;0;0;0;0;0;0;0;0;0;0;0;0;0;0;0;0;0;3;0;0;0;0;0;0;0;0;0;0;0;0;0;0;0;0;0;0;0;0;0;142;0;0;0;0;0;0;0;0;0;0;0;0;0;0;0;0;0;0;0;0;0;0;0;0;0;0;0;0;0;0;0;0;0;0;0;0;0;0;0;0;0;0;0
P8S2G:05160:02143_SUB_SUB;286;0;0;0;0;0;0;0;0;0;0;0;0;0;0;0;0;0;0;0;0;0;0;0;0;14;0;0;1;0;0;0;0;0;0;0;0;0;0;0;52;0;0;0;0;0;0;111;25;0;0;35;0;0;0;0;0;0;0;0;1;0;0;0;40;0;0;0;0;0;0;0;0;0;0;0;0;0;0;0;0;0;0;0;0;0;0;0;0;0;7
P8S2G:01031:02025_SUB_SUB;573;0;0;0;0;0;0;0;0;0;0;0;0;0;0;0;0;0;0;0;0;0;0;0;0;1;0;0;0;0;0;0;0;0;115;1;0;0;14;0;0;0;0;0;0;0;0;0;0;0;0;1;0;0;0;0;0;0;19;0;0;0;0;0;0;0;0;0;0;0;0;0;0;0;0;0;0;0;0;0;0;0;0;0;0;0;0;418;0;4;0
P8S2G:01140:02004_SUB_SUB;241;0;0;0;0;0;0;0;0;0;0;0;0;0;0;0;0;0;0;0;0;0;0;0;0;20;2;0;88;4;0;1;0;0;1;0;0;0;1;0;0;0;0;0;0;0;3;12;14;12;0;5;0;0;0;0;0;0;0;0;17;0;2;0;18;0;0;0;0;0;0;0;0;0;0;0;0;0;0;0;0;0;0;1;0;2;0;0;0;0;38
P8S2G:00744:02732_SUB_SUB;131;0;0;0;0;0;0;0;0;0;0;0;0;0;0;0;0;0;0;0;0;0;0;0;0;4;0;0;0;1;0;4;0;1;13;14;0;0;18;0;3;0;62;0;0;0;0;0;0;0;0;0;0;0;0;0;0;0;1;0;2;0;1;0;1;0;0;0;0;0;0;0;0;0;0;0;0;0;0;0;0;0;0;4;0;2;0;0;0;0;0
P8S2G:00849:03028_SUB_SUB;106;0;0;0;0;0;0;0;0;0;0;0;0;0;0;0;0;0;0;0;0;0;0;0;0;3;7;0;24;1;0;1;0;5;1;0;0;0;3;0;6;0;0;0;0;0;12;0;0;1;0;1;0;0;0;0;0;0;0;0;0;0;1;1;10;0;0;0;0;0;0;0;0;0;0;0;0;0;0;0;0;0;0;0;0;2;0;1;0;0;26
P8S2G:01222:02720_SUB_SUB;128;0;0;0;0;0;0;0;0;0;0;0;0;0;0;0;0;0;0;0;0;0;0;0;0;4;1;0;23;0;0;0;0;0;0;19;0;0;1;0;4;0;5;0;0;0;0;65;1;1;0;0;0;0;0;0;0;0;0;0;0;0;0;0;0;0;0;0;0;0;0;0;0;0;0;0;0;0;0;0;0;0;0;4;0;0;0;0;0;0;0
P8S2G:01145:03464_SUB_SUB;242;0;0;0;0;0;0;0;0;0;0;0;0;0;0;0;0;0;0;0;0;0;0;0;0;8;1;0;65;6;0;1;0;2;0;1;0;0;1;0;0;0;0;0;0;0;6;10;12;19;0;14;0;0;0;0;0;0;0;0;8;0;0;0;34;0;0;0;0;0;0;0;0;0;0;0;0;0;0;0;0;0;0;0;0;0;0;0;0;0;54
P8S2G:00558:07047_SUB_SUB;198;0;0;0;0;0;0;0;0;0;0;0;0;0;0;0;0;0;0;0;0;0;0;0;0;16;6;0;143;0;0;0;0;3;0;0;2;0;0;0;0;0;0;0;0;0;7;1;0;0;0;0;0;0;0;0;0;0;0;0;0;0;0;0;4;0;0;0;0;0;0;0;0;0;0;0;0;0;0;0;0;0;0;8;0;0;0;0;0;0;8
P8S2G:00777:01014_SUB_SUB;198;0;0;0;0;0;0;0;0;0;0;0;0;0;0;0;0;0;0;0;0;0;0;0;0;1;0;0;34;0;0;0;0;0;0;0;0;0;0;0;3;0;1;0;0;0;0;22;2;20;0;9;0;0;0;0;0;0;0;0;2;0;0;0;87;0;0;0;0;0;0;0;0;0;0;0;0;0;0;0;0;0;0;0;0;0;0;0;0;0;17
P8S2G:01106:04917_SUB_SUB;227;0;0;0;0;0;0;0;0;0;0;0;0;0;0;0;0;0;0;0;0;0;0;0;0;7;0;0;0;0;0;0;0;0;0;0;0;0;0;0;0;0;0;0;0;0;0;218;0;0;0;2;0;0;0;0;0;0;0;0;0;0;0;0;0;0;0;0;0;0;0;0;0;0;0;0;0;0;0;0;0;0;0;0;0;0;0;0;0;0;0
P8S2G:04492:02888_SUB_SUB;804;0;0;0;0;0;0;0;0;0;0;0;0;0;0;0;0;0;0;0;0;0;0;0;0;5;0;0;145;0;0;0;0;0;0;0;0;0;0;0;1;0;0;0;0;0;1;32;31;79;0;67;0;0;0;0;0;0;0;0;17;0;0;0;257;0;0;0;0;0;0;0;0;0;0;0;0;0;0;0;0;0;0;0;0;5;0;0;0;0;164
P8S2G:03121:05427_SUB_SUB;261;0;0;0;0;0;0;0;0;0;0;0;0;0;0;0;0;0;0;0;0;0;0;0;0;4;79;0;0;114;0;2;0;19;29;0;0;0;3;0;0;0;0;0;0;0;0;0;1;0;0;1;0;0;0;0;0;0;0;0;0;0;0;0;1;0;0;0;0;0;0;0;0;0;0;0;0;0;0;0;0;0;0;0;0;5;0;2;0;0;1
P8S2G:03458:03106_SUB_SUB;173;0;0;0;0;0;0;0;0;0;0;0;0;0;0;0;0;0;0;0;0;0;0;0;0;4;0;0;64;0;0;0;0;0;0;0;0;0;0;0;6;0;1;0;0;0;0;8;1;7;0;1;0;0;0;0;0;0;0;0;1;0;0;0;44;0;0;0;0;0;0;0;0;0;0;0;0;0;0;0;0;0;0;0;0;1;0;0;0;0;35
P8S2G:03625:04468_SUB_SUB;203;0;0;0;0;0;0;0;0;0;0;0;0;0;0;0;0;0;0;0;0;0;0;0;0;4;0;2;0;0;0;0;0;0;72;1;0;0;12;0;0;0;0;0;0;0;0;0;0;0;0;0;0;0;0;0;0;0;15;0;0;0;1;0;0;0;0;0;0;0;0;0;0;0;0;0;0;0;0;0;0;0;0;0;0;0;0;95;0;1;0
P8S2G:03496:00484_SUB_SUB;148;0;0;0;0;0;0;0;0;0;0;0;0;0;0;0;0;0;0;0;0;0;0;0;0;1;0;0;22;0;0;0;0;0;0;0;0;0;0;0;0;0;0;0;0;0;0;7;5;14;0;13;0;0;0;0;0;0;0;0;1;0;0;0;49;0;0;0;0;0;0;0;0;0;0;0;0;0;0;0;0;0;0;0;0;0;0;0;0;0;36
P8S2G:04648:03503_SUB_SUB;128;0;0;0;0;0;0;0;0;0;0;0;0;0;0;0;0;0;0;0;0;0;0;0;0;1;0;0;0;0;0;0;0;0;0;0;0;0;0;0;0;0;0;0;0;0;0;127;0;0;0;0;0;0;0;0;0;0;0;0;0;0;0;0;0;0;0;0;0;0;0;0;0;0;0;0;0;0;0;0;0;0;0;0;0;0;0;0;0;0;0
P8S2G:04896:03716_SUB_SUB;511;0;0;0;0;0;0;0;0;0;0;0;0;0;0;0;0;0;0;0;0;0;0;0;0;2;0;0;96;0;0;0;0;0;0;0;0;0;0;0;2;0;0;0;0;0;0;20;19;59;0;38;0;0;0;0;0;0;0;0;6;0;0;0;159;0;0;0;0;0;0;0;0;0;0;0;0;0;0;0;0;0;0;0;0;0;0;0;0;0;110
P8S2G:02541:05577_SUB_SUB;466;0;0;0;0;0;0;0;0;0;0;0;0;0;0;0;0;0;0;0;0;0;0;0;0;3;39;0;386;0;0;0;0;0;0;0;0;0;0;0;0;0;0;0;0;0;0;20;0;0;0;0;0;0;0;0;0;0;0;0;0;0;0;0;0;0;0;0;0;0;0;0;0;0;0;0;0;0;0;0;0;0;0;0;0;17;0;1;0;0;0
P8S2G:02578:04690_SUB_SUB;1099;0;0;0;0;0;0;0;0;0;0;0;0;0;0;0;0;0;0;0;0;0;0;0;0;2;0;0;91;0;0;0;0;0;0;0;0;0;0;0;17;0;0;0;0;0;0;59;21;70;0;48;0;0;0;0;0;0;0;0;6;0;0;0;670;0;0;0;0;0;0;0;0;0;0;0;0;0;0;0;0;0;0;0;0;0;0;0;0;0;115
P8S2G:02319:03057_SUB_SUB;114;0;0;0;0;0;0;0;0;0;0;0;0;0;0;0;0;0;0;0;0;0;0;0;0;1;0;0;0;0;0;0;0;0;0;0;0;0;0;0;33;0;0;0;0;0;0;80;0;0;0;0;0;0;0;0;0;0;0;0;0;0;0;0;0;0;0;0;0;0;0;0;0;0;0;0;0;0;0;0;0;0;0;0;0;0;0;0;0;0;0
P8S2G:02786:01462_SUB_SUB;178;0;0;0;0;0;0;0;0;0;0;0;0;0;0;0;0;0;0;0;0;0;0;0;0;1;0;0;0;0;0;0;0;0;57;5;0;0;7;0;0;0;0;0;0;0;0;0;0;0;0;0;0;0;0;0;0;0;3;0;0;0;0;0;0;0;0;0;0;0;0;0;0;0;0;0;0;0;0;0;0;0;0;0;0;0;1;103;0;1;0
P8S2G:02244:02301_SUB_SUB;117;0;0;0;0;0;0;0;0;0;0;0;0;0;0;0;0;0;0;0;0;0;0;0;0;1;0;0;36;0;0;0;0;0;0;0;0;0;0;0;0;0;0;0;0;0;0;6;8;9;0;8;0;0;0;0;0;0;0;0;1;0;0;0;39;0;0;0;0;0;0;0;0;0;0;0;0;0;0;0;0;0;0;0;0;0;0;0;0;0;9
P8S2G:01801:00534_SUB_SUB;420;0;0;0;0;0;0;0;0;0;0;0;0;0;0;0;0;0;0;0;0;0;0;0;0;1;4;1;0;0;0;0;0;0;119;6;0;0;71;0;0;0;0;0;0;0;0;0;0;0;0;1;0;0;0;0;0;0;26;0;0;0;9;0;0;0;0;0;0;0;0;0;0;0;0;0;0;0;0;0;0;0;0;0;0;0;0;175;0;7;0
P8S2G:04961:02987_SUB_SUB;127;0;0;0;0;0;0;0;0;0;0;0;0;0;0;0;0;0;0;0;0;0;0;0;0;1;0;0;0;0;0;0;0;0;0;0;91;0;0;0;18;0;0;0;0;0;0;0;0;0;0;0;0;0;0;0;0;0;0;0;0;0;0;0;1;0;0;0;0;0;0;0;0;0;0;0;0;0;0;0;0;0;0;0;0;0;0;0;0;0;16
P8S2G:04312:02283_SUB_SUB;407;0;0;0;0;0;0;0;0;0;0;0;0;0;0;0;0;0;0;0;0;0;0;0;0;1;0;0;0;11;0;1;0;0;0;1;173;0;0;0;0;0;0;0;0;0;0;0;0;0;0;0;0;0;0;0;0;0;2;0;0;0;0;0;0;0;0;0;0;0;0;0;0;0;0;0;0;0;0;0;0;0;0;7;0;4;0;185;3;6;13
P8S2G:01757:01885_SUB_SUB;1116;0;0;0;0;0;0;0;0;0;0;0;0;0;0;0;0;0;0;0;0;0;0;0;0;1;0;0;156;0;0;0;0;0;0;0;0;0;1;0;4;0;4;0;0;0;0;121;17;90;0;45;0;0;0;0;0;0;3;0;27;0;0;0;553;0;0;0;0;0;0;0;0;0;0;0;0;0;0;0;0;0;0;0;0;3;0;0;0;0;91
P8S2G:00892:00578_SUB_SUB;432;0;0;0;0;0;0;0;0;0;0;0;0;0;0;0;0;0;0;0;0;0;0;0;0;1;24;0;0;0;5;0;0;0;0;23;0;0;0;0;0;0;0;0;0;0;0;12;0;0;0;0;0;0;0;0;0;0;0;0;0;0;0;0;0;182;0;2;0;0;125;0;0;0;0;0;0;0;0;48;10;0;0;0;0;0;0;0;0;0;0
P8S2G:01153:00622_SUB_SUB;176;0;0;0;0;0;0;0;0;0;0;0;0;0;0;0;0;0;0;0;0;0;0;0;0;1;62;0;40;0;0;0;0;0;0;0;0;0;0;0;0;0;0;0;0;0;0;0;0;0;0;0;0;0;0;0;0;0;0;0;0;0;0;0;0;0;0;0;0;0;0;0;0;0;0;0;0;0;0;0;0;0;0;0;0;69;0;4;0;0;0
P8S2G:04003:06422_SUB_SUB;108;0;0;0;0;0;0;0;0;0;0;0;0;0;0;0;0;0;0;0;0;0;0;0;0;0;108;0;0;0;0;0;0;0;0;0;0;0;0;0;0;0;0;0;0;0;0;0;0;0;0;0;0;0;0;0;0;0;0;0;0;0;0;0;0;0;0;0;0;0;0;0;0;0;0;0;0;0;0;0;0;0;0;0;0;0;0;0;0;0;0
P8S2G:04002:06730_SUB_SUB;2628;0;0;0;0;0;0;0;0;0;0;0;0;0;0;0;0;0;0;0;0;0;0;0;0;0;2602;0;0;0;0;0;0;10;0;0;0;0;0;0;0;0;0;0;0;0;0;0;0;0;0;0;0;0;0;0;0;0;0;0;0;0;0;0;0;0;0;0;0;0;0;0;0;0;0;0;0;0;0;0;0;0;0;0;0;0;0;16;0;0;0
P8S2G:04027:06866_SUB_SUB;692;0;0;0;0;0;0;0;0;0;0;0;0;0;0;0;0;0;0;0;0;0;0;0;0;0;612;0;0;22;0;45;0;0;0;0;0;0;0;0;0;0;0;0;0;0;0;0;0;0;0;0;0;0;0;0;0;0;0;0;0;0;0;0;0;0;0;0;0;0;0;0;0;0;0;0;0;0;0;0;0;0;0;0;0;13;0;0;0;0;0
P8S2G:04039:06409_SUB_SUB;461;0;0;0;0;0;0;0;0;0;0;0;0;0;0;0;0;0;0;0;0;0;0;0;0;0;461;0;0;0;0;0;0;0;0;0;0;0;0;0;0;0;0;0;0;0;0;0;0;0;0;0;0;0;0;0;0;0;0;0;0;0;0;0;0;0;0;0;0;0;0;0;0;0;0;0;0;0;0;0;0;0;0;0;0;0;0;0;0;0;0
P8S2G:04059:06414_SUB_SUB;1110;0;0;0;0;0;0;0;0;0;0;0;0;0;0;0;0;0;0;0;0;0;0;0;0;0;1110;0;0;0;0;0;0;0;0;0;0;0;0;0;0;0;0;0;0;0;0;0;0;0;0;0;0;0;0;0;0;0;0;0;0;0;0;0;0;0;0;0;0;0;0;0;0;0;0;0;0;0;0;0;0;0;0;0;0;0;0;0;0;0;0
P8S2G:04037:06541_SUB_SUB;157;0;0;0;0;0;0;0;0;0;0;0;0;0;0;0;0;0;0;0;0;0;0;0;0;0;157;0;0;0;0;0;0;0;0;0;0;0;0;0;0;0;0;0;0;0;0;0;0;0;0;0;0;0;0;0;0;0;0;0;0;0;0;0;0;0;0;0;0;0;0;0;0;0;0;0;0;0;0;0;0;0;0;0;0;0;0;0;0;0;0
P8S2G:04078:06636_SUB_SUB;1038;0;0;0;0;0;0;0;0;0;0;0;0;0;0;0;0;0;0;0;0;0;0;0;0;0;1034;0;0;0;0;0;0;0;4;0;0;0;0;0;0;0;0;0;0;0;0;0;0;0;0;0;0;0;0;0;0;0;0;0;0;0;0;0;0;0;0;0;0;0;0;0;0;0;0;0;0;0;0;0;0;0;0;0;0;0;0;0;0;0;0
P8S2G:04046:06712_SUB_SUB;815;0;0;0;0;0;0;0;0;0;0;0;0;0;0;0;0;0;0;0;0;0;0;0;0;0;253;0;0;0;0;0;0;0;0;0;0;0;0;0;0;0;0;0;0;0;0;0;0;0;0;0;0;0;0;0;0;0;0;0;0;0;0;0;0;0;0;0;0;0;0;330;0;0;0;0;0;0;0;0;0;0;0;0;0;0;0;232;0;0;0
P8S2G:04062:06836_SUB_SUB;161;0;0;0;0;0;0;0;0;0;0;0;0;0;0;0;0;0;0;0;0;0;0;0;0;0;103;0;0;0;0;0;0;58;0;0;0;0;0;0;0;0;0;0;0;0;0;0;0;0;0;0;0;0;0;0;0;0;0;0;0;0;0;0;0;0;0;0;0;0;0;0;0;0;0;0;0;0;0;0;0;0;0;0;0;0;0;0;0;0;0
P8S2G:04116:06461_SUB_SUB;234;0;0;0;0;0;0;0;0;0;0;0;0;0;0;0;0;0;0;0;0;0;0;0;0;0;231;0;0;0;0;0;0;1;0;0;0;0;0;0;0;0;0;0;0;0;0;0;0;0;0;0;0;0;0;0;0;0;0;0;0;0;0;0;0;0;0;0;0;0;0;0;0;0;0;0;0;0;0;0;0;0;0;0;0;0;0;2;0;0;0
P8S2G:04107:06551_SUB_SUB;276;0;0;0;0;0;0;0;0;0;0;0;0;0;0;0;0;0;0;0;0;0;0;0;0;0;276;0;0;0;0;0;0;0;0;0;0;0;0;0;0;0;0;0;0;0;0;0;0;0;0;0;0;0;0;0;0;0;0;0;0;0;0;0;0;0;0;0;0;0;0;0;0;0;0;0;0;0;0;0;0;0;0;0;0;0;0;0;0;0;0
P8S2G:04108:06552_SUB_SUB;131;0;0;0;0;0;0;0;0;0;0;0;0;0;0;0;0;0;0;0;0;0;0;0;0;0;131;0;0;0;0;0;0;0;0;0;0;0;0;0;0;0;0;0;0;0;0;0;0;0;0;0;0;0;0;0;0;0;0;0;0;0;0;0;0;0;0;0;0;0;0;0;0;0;0;0;0;0;0;0;0;0;0;0;0;0;0;0;0;0;0
P8S2G:04135:06431_SUB_SUB;305;0;0;0;0;0;0;0;0;0;0;0;0;0;0;0;0;0;0;0;0;0;0;0;0;0;297;0;0;8;0;0;0;0;0;0;0;0;0;0;0;0;0;0;0;0;0;0;0;0;0;0;0;0;0;0;0;0;0;0;0;0;0;0;0;0;0;0;0;0;0;0;0;0;0;0;0;0;0;0;0;0;0;0;0;0;0;0;0;0;0
P8S2G:04170:06450_SUB_SUB;218;0;0;0;0;0;0;0;0;0;0;0;0;0;0;0;0;0;0;0;0;0;0;0;0;0;218;0;0;0;0;0;0;0;0;0;0;0;0;0;0;0;0;0;0;0;0;0;0;0;0;0;0;0;0;0;0;0;0;0;0;0;0;0;0;0;0;0;0;0;0;0;0;0;0;0;0;0;0;0;0;0;0;0;0;0;0;0;0;0;0
P8S2G:04178:06503_SUB_SUB;131;0;0;0;0;0;0;0;0;0;0;0;0;0;0;0;0;0;0;0;0;0;0;0;0;0;89;0;0;0;0;22;0;20;0;0;0;0;0;0;0;0;0;0;0;0;0;0;0;0;0;0;0;0;0;0;0;0;0;0;0;0;0;0;0;0;0;0;0;0;0;0;0;0;0;0;0;0;0;0;0;0;0;0;0;0;0;0;0;0;0
P8S2G:04135:06782_SUB_SUB;234;0;0;0;0;0;0;0;0;0;0;0;0;0;0;0;0;0;0;0;0;0;0;0;0;0;234;0;0;0;0;0;0;0;0;0;0;0;0;0;0;0;0;0;0;0;0;0;0;0;0;0;0;0;0;0;0;0;0;0;0;0;0;0;0;0;0;0;0;0;0;0;0;0;0;0;0;0;0;0;0;0;0;0;0;0;0;0;0;0;0
P8S2G:04200:06824_SUB_SUB;135;0;0;0;0;0;0;0;0;0;0;0;0;0;0;0;0;0;0;0;0;0;0;0;0;0;135;0;0;0;0;0;0;0;0;0;0;0;0;0;0;0;0;0;0;0;0;0;0;0;0;0;0;0;0;0;0;0;0;0;0;0;0;0;0;0;0;0;0;0;0;0;0;0;0;0;0;0;0;0;0;0;0;0;0;0;0;0;0;0;0
P8S2G:04271:06724_SUB_SUB;254;0;0;0;0;0;0;0;0;0;0;0;0;0;0;0;0;0;0;0;0;0;0;0;0;0;75;0;0;0;0;0;0;0;88;0;0;0;0;0;0;0;0;0;0;0;0;0;0;0;0;0;0;0;0;0;0;0;0;0;0;0;0;0;3;0;0;0;0;0;0;0;0;0;0;0;0;0;0;0;1;0;0;0;0;1;0;23;0;0;63
P8S2G:04410:06409_SUB_SUB;162;0;0;0;0;0;0;0;0;0;0;0;0;0;0;0;0;0;0;0;0;0;0;0;0;0;162;0;0;0;0;0;0;0;0;0;0;0;0;0;0;0;0;0;0;0;0;0;0;0;0;0;0;0;0;0;0;0;0;0;0;0;0;0;0;0;0;0;0;0;0;0;0;0;0;0;0;0;0;0;0;0;0;0;0;0;0;0;0;0;0
P8S2G:04430:06593_SUB_SUB;130;0;0;0;0;0;0;0;0;0;0;0;0;0;0;0;0;0;0;0;0;0;0;0;0;0;130;0;0;0;0;0;0;0;0;0;0;0;0;0;0;0;0;0;0;0;0;0;0;0;0;0;0;0;0;0;0;0;0;0;0;0;0;0;0;0;0;0;0;0;0;0;0;0;0;0;0;0;0;0;0;0;0;0;0;0;0;0;0;0;0
P8S2G:04386:06817_SUB_SUB;206;0;0;0;0;0;0;0;0;0;0;0;0;0;0;0;0;0;0;0;0;0;0;0;0;0;77;0;79;0;0;25;0;0;0;0;0;0;0;0;0;0;0;0;0;0;0;0;0;0;0;0;0;0;0;0;0;0;0;0;0;0;0;0;3;0;0;0;0;0;0;0;0;0;0;0;13;0;0;0;0;0;0;0;0;0;0;0;0;0;9
P8S2G:04504:06831_SUB_SUB;242;0;0;0;0;0;0;0;0;0;0;0;0;0;0;0;0;0;0;0;0;0;0;0;0;0;241;0;0;0;0;0;0;1;0;0;0;0;0;0;0;0;0;0;0;0;0;0;0;0;0;0;0;0;0;0;0;0;0;0;0;0;0;0;0;0;0;0;0;0;0;0;0;0;0;0;0;0;0;0;0;0;0;0;0;0;0;0;0;0;0
P8S2G:00695:06052_SUB_SUB;116;0;0;0;0;0;0;0;0;0;0;0;0;0;0;0;0;0;0;0;0;0;0;0;0;0;116;0;0;0;0;0;0;0;0;0;0;0;0;0;0;0;0;0;0;0;0;0;0;0;0;0;0;0;0;0;0;0;0;0;0;0;0;0;0;0;0;0;0;0;0;0;0;0;0;0;0;0;0;0;0;0;0;0;0;0;0;0;0;0;0
P8S2G:00897:05776_SUB_SUB;127;0;0;0;0;0;0;0;0;0;0;0;0;0;0;0;0;0;0;0;0;0;0;0;0;0;86;0;0;0;0;0;0;41;0;0;0;0;0;0;0;0;0;0;0;0;0;0;0;0;0;0;0;0;0;0;0;0;0;0;0;0;0;0;0;0;0;0;0;0;0;0;0;0;0;0;0;0;0;0;0;0;0;0;0;0;0;0;0;0;0
P8S2G:01004:06318_SUB_SUB;128;0;0;0;0;0;0;0;0;0;0;0;0;0;0;0;0;0;0;0;0;0;0;0;0;0;128;0;0;0;0;0;0;0;0;0;0;0;0;0;0;0;0;0;0;0;0;0;0;0;0;0;0;0;0;0;0;0;0;0;0;0;0;0;0;0;0;0;0;0;0;0;0;0;0;0;0;0;0;0;0;0;0;0;0;0;0;0;0;0;0
P8S2G:01019:05836_SUB_SUB;100;0;0;0;0;0;0;0;0;0;0;0;0;0;0;0;0;0;0;0;0;0;0;0;0;0;99;0;0;0;0;0;0;0;0;0;0;0;0;0;0;0;0;0;0;0;0;0;0;0;0;0;0;0;0;0;0;0;0;0;0;0;0;0;0;0;0;0;0;0;0;0;0;0;0;0;0;0;0;0;0;0;0;0;0;0;0;1;0;0;0
P8S2G:01040:06121_SUB_SUB;153;0;0;0;0;0;0;0;0;0;0;0;0;0;0;0;0;0;0;0;0;0;0;0;0;0;70;0;0;0;0;20;0;0;0;55;0;0;0;0;0;0;0;0;0;0;0;0;0;0;0;0;0;0;0;0;0;0;0;0;0;0;0;0;0;0;0;0;0;0;0;0;0;0;0;0;0;0;0;0;0;0;0;8;0;0;0;0;0;0;0
P8S2G:01266:06007_SUB_SUB;100;0;0;0;0;0;0;0;0;0;0;0;0;0;0;0;0;0;0;0;0;0;0;0;0;0;2;0;0;0;2;0;0;0;0;3;0;0;0;0;0;0;0;0;0;0;0;0;0;0;0;0;0;0;0;0;0;0;0;0;0;0;12;0;0;71;0;0;0;0;10;0;0;0;0;0;0;0;0;0;0;0;0;0;0;0;0;0;0;0;0
P8S2G:01300:06113_SUB_SUB;153;0;0;0;0;0;0;0;0;0;0;0;0;0;0;0;0;0;0;0;0;0;0;0;0;0;137;0;0;0;0;0;0;0;0;0;0;0;0;0;0;0;0;0;0;0;0;0;0;0;0;0;0;0;0;0;0;0;0;0;0;0;0;0;0;0;0;0;0;0;0;0;0;0;0;0;0;0;0;0;0;0;0;0;0;16;0;0;0;0;0
P8S2G:00022:02451_SUB_SUB;823;0;0;0;0;0;0;0;0;0;0;0;0;0;0;0;0;0;0;0;0;0;0;0;0;0;61;0;0;0;0;0;0;0;0;0;0;0;0;0;0;0;0;0;0;0;0;0;0;0;0;0;0;0;0;0;0;0;0;0;0;0;0;0;0;0;0;0;0;1;0;0;0;0;0;0;0;0;0;0;0;0;0;0;0;0;0;0;0;761;0
P8S2G:00320:02147_SUB_SUB;171;0;0;0;0;0;0;0;0;0;0;0;0;0;0;0;0;0;0;0;0;0;0;0;0;0;171;0;0;0;0;0;0;0;0;0;0;0;0;0;0;0;0;0;0;0;0;0;0;0;0;0;0;0;0;0;0;0;0;0;0;0;0;0;0;0;0;0;0;0;0;0;0;0;0;0;0;0;0;0;0;0;0;0;0;0;0;0;0;0;0
P8S2G:00653:00723_SUB_SUB;251;0;0;0;0;0;0;0;0;0;0;0;0;0;0;0;0;0;0;0;0;0;0;0;0;0;24;0;0;0;0;0;0;0;205;0;0;0;0;0;0;0;0;0;0;0;0;0;0;0;0;0;0;0;0;0;0;0;3;0;0;0;0;0;0;0;0;0;0;0;0;0;0;0;0;0;0;0;0;0;0;0;0;0;0;0;0;19;0;0;0
P8S2G:00083:04995_SUB_SUB;1354;0;0;0;0;0;0;0;0;0;0;0;0;0;0;0;0;0;0;0;0;0;0;0;0;0;31;0;0;1;0;38;0;0;155;0;0;0;0;0;0;0;0;0;0;0;0;0;0;0;0;0;0;0;0;0;0;0;8;0;0;277;5;0;0;0;0;0;0;0;0;0;0;0;0;0;0;0;0;0;2;0;0;0;0;0;0;788;0;0;49
P8S2G:00102:03504_SUB_SUB;147;0;0;0;0;0;0;0;0;0;0;0;0;0;0;0;0;0;0;0;0;0;0;0;0;0;4;0;0;0;0;1;0;0;6;0;0;0;0;0;0;0;0;0;0;0;0;0;0;0;0;0;0;0;0;0;0;0;0;0;0;111;2;0;0;0;0;0;0;0;0;0;0;0;0;0;0;0;0;0;0;0;0;0;0;0;0;23;0;0;0
P8S2G:00423:03726_SUB_SUB;102;0;0;0;0;0;0;0;0;0;0;0;0;0;0;0;0;0;0;0;0;0;0;0;0;0;46;0;0;0;0;0;0;0;0;0;0;0;0;0;0;0;0;0;0;0;0;0;7;1;0;0;0;0;0;0;0;0;0;0;0;0;0;0;0;0;0;0;0;0;0;0;0;0;0;0;0;0;0;0;0;0;0;0;0;46;2;0;0;0;0
P8S2G:04745:01394_SUB_SUB;141;0;0;0;0;0;0;0;0;0;0;0;0;0;0;0;0;0;0;0;0;0;0;0;0;0;2;0;0;0;17;0;1;1;0;2;0;0;0;3;2;0;0;0;0;0;0;0;0;0;0;0;0;2;0;0;0;0;0;0;0;0;0;0;0;79;0;8;0;0;8;16;0;0;0;0;0;0;0;0;0;0;0;0;0;0;0;0;0;0;0
P8S2G:01311:04209_SUB_SUB;292;0;0;0;0;0;0;0;0;0;0;0;0;0;0;0;0;0;0;0;0;0;0;0;0;0;6;0;0;0;0;0;0;0;0;0;0;0;0;0;0;0;0;0;0;0;0;0;0;0;0;0;0;0;0;0;0;0;0;0;0;0;0;0;0;0;0;0;0;0;256;8;0;22;0;0;0;0;0;0;0;0;0;0;0;0;0;0;0;0;0
P8S2G:05173:06102_SUB_SUB;422;0;0;0;0;0;0;0;0;0;0;0;0;0;0;0;0;0;0;0;0;0;0;0;0;0;20;0;0;0;0;0;0;0;0;54;0;0;0;0;0;0;0;0;0;0;0;0;0;0;0;0;0;0;0;0;0;0;9;0;0;0;0;0;0;0;0;0;323;0;0;0;0;0;0;0;0;0;0;0;0;0;0;0;0;4;0;0;0;12;0
P8S2G:00952:00738_SUB_SUB;142;0;0;0;0;0;0;0;0;0;0;0;0;0;0;0;0;0;0;0;0;0;0;0;0;0;1;0;0;0;8;0;0;0;0;9;0;0;0;3;1;0;0;0;0;0;0;0;0;0;0;0;0;1;0;0;1;0;0;0;0;0;0;0;0;89;0;1;0;0;12;16;0;0;0;0;0;0;0;0;0;0;0;0;0;0;0;0;0;0;0
P8S2G:03789:00753_SUB_SUB;166;0;0;0;0;0;0;0;0;0;0;0;0;0;0;0;0;0;0;0;0;0;0;0;0;0;3;0;0;0;0;6;0;0;23;0;0;0;0;0;0;0;0;0;0;0;0;0;0;0;0;0;0;0;0;0;0;0;0;0;0;27;3;0;0;0;0;0;0;0;0;0;0;0;0;0;0;0;0;0;0;0;0;0;0;0;0;102;0;0;2
P8S2G:03839:03835_SUB_SUB;209;0;0;0;0;0;0;0;0;0;0;0;0;0;0;0;0;0;0;0;0;0;0;0;0;0;1;0;0;0;0;0;0;208;0;0;0;0;0;0;0;0;0;0;0;0;0;0;0;0;0;0;0;0;0;0;0;0;0;0;0;0;0;0;0;0;0;0;0;0;0;0;0;0;0;0;0;0;0;0;0;0;0;0;0;0;0;0;0;0;0
P8S2G:03615:00321_SUB_SUB;309;0;0;0;0;0;0;0;0;0;0;0;0;0;0;0;0;0;0;0;0;0;0;0;0;0;1;0;0;0;0;12;0;0;37;0;0;0;0;0;0;0;0;0;0;0;0;0;0;0;0;0;0;0;0;0;0;0;3;0;0;72;0;0;0;0;0;0;0;0;0;0;0;0;0;0;0;0;0;0;0;0;0;0;0;0;0;184;0;0;0
P8S2G:04341:03378_SUB_SUB;276;0;0;0;0;0;0;0;0;0;0;0;0;0;0;0;0;0;0;0;0;0;0;0;0;0;2;0;0;267;0;0;0;0;0;0;0;0;0;0;0;0;0;0;0;0;0;0;0;0;0;0;0;0;0;0;0;0;7;0;0;0;0;0;0;0;0;0;0;0;0;0;0;0;0;0;0;0;0;0;0;0;0;0;0;0;0;0;0;0;0
P8S2G:02585:01748_SUB_SUB;106;0;0;0;0;0;0;0;0;0;0;0;0;0;0;0;0;0;0;0;0;0;0;0;0;0;1;0;0;0;5;1;0;0;0;0;0;0;0;1;5;0;0;0;0;0;0;0;1;0;1;1;33;18;5;8;5;0;0;0;1;0;1;0;1;1;0;2;0;0;1;7;0;0;7;0;0;0;0;0;0;0;0;0;0;0;0;0;0;0;0
P8S2G:05153:02032_SUB_SUB;148;0;0;0;0;0;0;0;0;0;0;0;0;0;0;0;0;0;0;0;0;0;0;0;0;0;0;2;0;0;0;0;0;0;0;0;0;0;0;0;0;0;0;0;0;0;0;0;0;0;0;0;0;0;0;0;1;0;0;0;0;0;0;0;0;0;0;0;0;0;72;73;0;0;0;0;0;0;0;0;0;0;0;0;0;0;0;0;0;0;0
P8S2G:00719:03272_SUB_SUB;614;0;0;0;0;0;0;0;0;0;0;0;0;0;0;0;0;0;0;0;0;0;0;0;0;0;0;8;0;0;0;0;0;0;479;4;0;0;119;0;0;0;0;0;0;0;0;0;0;0;0;0;0;0;0;0;0;0;0;0;0;0;4;0;0;0;0;0;0;0;0;0;0;0;0;0;0;0;0;0;0;0;0;0;0;0;0;0;0;0;0
P8S2G:05256:04033_SUB_SUB;124;0;0;0;0;0;0;0;0;0;0;0;0;0;0;0;0;0;0;0;0;0;0;0;0;0;0;1;0;0;0;0;0;0;76;0;0;0;30;0;7;0;0;0;0;0;0;0;0;0;0;0;0;0;0;0;0;0;0;0;0;1;6;0;1;0;0;0;0;0;0;2;0;0;0;0;0;0;0;0;0;0;0;0;0;0;0;0;0;0;0
P8S2G:03635:02990_SUB_SUB;157;0;0;0;0;0;0;0;0;0;0;0;0;0;0;0;0;0;0;0;0;0;0;0;0;0;0;3;0;0;0;0;0;0;142;2;0;0;7;0;0;0;0;0;0;0;0;0;0;0;0;0;0;0;0;0;0;0;0;0;0;0;3;0;0;0;0;0;0;0;0;0;0;0;0;0;0;0;0;0;0;0;0;0;0;0;0;0;0;0;0
P8S2G:04554:01733_SUB_SUB;152;0;0;0;0;0;0;0;0;0;0;0;0;0;0;0;0;0;0;0;0;0;0;0;0;0;0;1;0;0;0;0;0;0;42;0;0;0;0;0;0;0;0;0;0;0;0;0;0;0;0;1;0;0;0;0;0;0;41;0;0;0;0;0;0;0;0;0;0;0;0;0;0;0;0;0;0;0;0;0;0;0;0;0;0;0;0;46;0;21;0
P8S2G:04014:00661_SUB_SUB;322;0;0;0;0;0;0;0;0;0;0;0;0;0;0;0;0;0;0;0;0;0;0;0;0;0;0;1;0;0;0;0;0;0;278;4;0;0;2;0;5;0;0;0;0;0;0;0;0;0;0;0;0;0;0;0;0;0;0;0;0;10;0;0;0;0;0;0;0;0;0;22;0;0;0;0;0;0;0;0;0;0;0;0;0;0;0;0;0;0;0
P8S2G:04000:07039_SUB_SUB;1537;0;0;0;0;0;0;0;0;0;0;0;0;0;0;0;0;0;0;0;0;0;0;0;0;0;0;0;802;0;0;0;0;0;0;139;0;0;0;0;0;0;15;0;0;0;0;125;46;49;0;6;0;0;0;0;0;0;10;0;33;0;2;0;15;0;0;0;0;0;0;0;0;0;0;0;0;0;0;0;0;0;0;0;0;0;0;0;0;0;295
P8S2G:04080:06969_SUB_SUB;132;0;0;0;0;0;0;0;0;0;0;0;0;0;0;0;0;0;0;0;0;0;0;0;0;0;0;0;119;0;0;0;0;0;0;6;0;0;0;0;0;0;3;0;0;0;0;2;0;0;0;0;0;0;0;0;0;0;0;0;0;0;0;0;0;0;0;0;0;0;0;0;0;0;0;0;0;0;0;0;0;0;0;0;0;0;0;0;0;0;2
P8S2G:04090:06777_SUB_SUB;492;0;0;0;0;0;0;0;0;0;0;0;0;0;0;0;0;0;0;0;0;0;0;0;0;0;0;0;461;0;0;0;0;0;0;19;0;0;0;0;0;0;3;0;0;0;0;3;0;2;0;0;0;0;0;0;0;0;0;0;0;0;0;0;0;0;0;0;0;0;0;0;0;0;0;0;0;0;0;0;0;0;0;0;0;0;0;0;0;0;4
P8S2G:04171:06735_SUB_SUB;157;0;0;0;0;0;0;0;0;0;0;0;0;0;0;0;0;0;0;0;0;0;0;0;0;0;0;0;29;0;0;0;0;0;0;0;0;0;0;0;2;0;1;0;0;0;0;24;2;10;0;5;0;0;0;0;0;0;0;0;2;0;0;0;62;0;0;0;0;0;0;0;0;0;0;0;0;0;0;0;0;0;0;0;0;1;0;0;0;0;19
P8S2G:04324:06463_SUB_SUB;2486;0;0;0;0;0;0;0;0;0;0;0;0;0;0;0;0;0;0;0;0;0;0;0;0;0;0;0;83;0;0;0;0;0;0;0;0;0;0;0;62;0;0;0;4;0;0;186;42;92;0;1603;0;0;0;0;0;0;23;0;241;0;0;39;51;0;0;0;0;0;0;0;0;0;0;0;0;0;0;0;0;0;0;0;0;0;0;49;0;0;11
P8S2G:04425:06897_SUB_SUB;112;0;0;0;0;0;0;0;0;0;0;0;0;0;0;0;0;0;0;0;0;0;0;0;0;0;0;0;53;0;0;0;0;0;0;0;0;0;0;0;0;0;0;0;0;0;0;9;6;7;0;2;0;0;0;0;0;0;0;0;0;0;0;0;6;0;0;0;0;0;0;0;0;0;0;0;0;0;0;0;0;0;0;0;0;0;0;0;0;0;29
P8S2G:04611:06711_SUB_SUB;247;0;0;0;0;0;0;0;0;0;0;0;0;0;0;0;0;0;0;0;0;0;0;0;0;0;0;0;21;0;0;0;0;0;0;0;0;0;0;0;1;0;1;0;0;0;0;22;3;23;0;14;0;0;0;0;0;0;0;0;1;0;0;0;127;0;0;0;0;0;0;0;0;0;0;0;0;0;0;0;0;0;0;0;0;0;0;0;0;0;34
P8S2G:00982:06372_SUB_SUB;187;0;0;0;0;0;0;0;0;0;0;0;0;0;0;0;0;0;0;0;0;0;0;0;0;0;0;0;107;0;0;0;0;0;0;12;0;0;0;0;0;0;1;0;0;0;0;8;6;4;0;2;0;0;0;0;0;0;0;0;1;0;0;0;1;0;0;0;0;0;0;0;0;0;0;0;0;0;0;0;0;0;0;0;0;0;0;0;0;0;45
P8S2G:00453:02107_SUB_SUB;181;0;0;0;0;0;0;0;0;0;0;0;0;0;0;0;0;0;0;0;0;0;0;0;0;0;0;0;20;0;0;0;0;0;0;0;0;0;0;0;0;0;1;0;0;0;0;15;5;13;0;9;0;0;0;0;0;0;0;0;5;0;0;0;98;0;0;0;0;0;0;0;0;0;0;0;0;0;0;0;0;0;0;0;0;0;0;0;0;0;15
P8S2G:00253:01001_SUB_SUB;299;0;0;0;0;0;0;0;0;0;0;0;0;0;0;0;0;0;0;0;0;0;0;0;0;0;0;0;7;0;0;0;0;0;0;0;0;0;0;0;1;0;0;0;1;0;0;10;3;6;0;251;0;0;0;0;0;0;0;0;13;0;0;0;3;0;0;0;0;0;0;0;0;0;0;0;0;0;0;0;0;0;0;0;0;0;0;4;0;0;0
P8S2G:00143:03833_SUB_SUB;285;0;0;0;0;0;0;0;0;0;0;0;0;0;0;0;0;0;0;0;0;0;0;0;0;0;0;0;25;0;0;0;0;0;0;0;0;0;0;0;6;0;0;0;0;0;0;22;4;30;0;13;0;0;0;0;0;0;0;0;6;0;0;0;146;0;0;0;0;0;0;0;0;0;0;0;0;0;0;0;0;0;0;0;0;0;0;0;0;0;33
P8S2G:00174:03674_SUB_SUB;154;0;0;0;0;0;0;0;0;0;0;0;0;0;0;0;0;0;0;0;0;0;0;0;0;0;0;0;10;0;0;0;0;0;0;0;0;0;0;0;0;0;0;0;0;0;0;11;2;11;0;8;0;0;0;0;0;0;0;0;0;0;0;0;99;0;0;0;0;0;0;0;0;0;0;0;0;0;0;0;0;0;0;0;0;0;0;0;0;0;13
P8S2G:02772:02380_SUB_SUB;121;0;0;0;0;0;0;0;0;0;0;0;0;0;0;0;0;0;0;0;0;0;0;0;0;0;0;0;11;0;0;0;0;0;0;0;0;0;0;0;2;0;1;0;0;0;0;10;5;6;0;8;0;0;0;0;0;0;0;0;1;0;0;0;61;0;0;0;0;0;0;0;0;0;0;0;0;0;0;0;0;0;0;0;0;0;0;0;0;0;16
P8S2G:04688:04148_SUB_SUB;135;0;0;0;0;0;0;0;0;0;0;0;0;0;0;0;0;0;0;0;0;0;0;0;0;0;0;0;3;0;0;0;0;0;0;0;0;0;0;0;0;0;0;0;0;0;0;1;0;0;0;127;0;0;0;0;0;0;0;0;0;0;0;0;4;0;0;0;0;0;0;0;0;0;0;0;0;0;0;0;0;0;0;0;0;0;0;0;0;0;0
P8S2G:03396:01168_SUB_SUB;205;0;0;0;0;0;0;0;0;0;0;0;0;0;0;0;0;0;0;0;0;0;0;0;0;0;0;0;115;0;0;0;0;0;0;22;0;0;0;0;0;0;3;0;0;0;0;22;4;6;0;4;0;0;0;0;0;0;2;0;8;0;0;0;2;0;0;0;0;0;0;1;0;0;0;0;0;0;0;0;0;0;0;0;0;0;0;0;0;0;16
P8S2G:03859:04999_SUB_SUB;323;0;0;0;0;0;0;0;0;0;0;0;0;0;0;0;0;0;0;0;0;0;0;0;0;0;0;0;1;0;0;0;0;0;0;0;0;0;0;0;0;0;0;0;0;0;318;0;0;0;0;4;0;0;0;0;0;0;0;0;0;0;0;0;0;0;0;0;0;0;0;0;0;0;0;0;0;0;0;0;0;0;0;0;0;0;0;0;0;0;0
P8S2G:03925:05444_SUB_SUB;100;0;0;0;0;0;0;0;0;0;0;0;0;0;0;0;0;0;0;0;0;0;0;0;0;0;0;0;5;0;0;0;0;0;0;0;0;0;0;0;1;0;0;0;0;0;0;7;2;6;0;61;0;0;0;0;0;0;1;0;13;0;0;1;1;0;0;0;0;0;0;0;0;0;0;0;0;0;0;0;0;0;0;0;0;0;0;1;0;0;1
P8S2G:02081:07000_SUB_SUB;124;0;0;0;0;0;0;0;0;0;0;0;0;0;0;0;0;0;0;0;0;0;0;0;0;0;0;0;2;9;0;0;0;0;0;0;0;0;0;0;0;0;0;0;0;0;17;0;0;0;0;0;0;0;0;0;0;0;0;0;52;0;0;0;11;0;0;0;0;0;0;0;0;0;0;0;0;0;0;0;0;0;0;8;0;0;0;0;0;0;25
P8S2G:04009:06483_SUB_SUB;672;0;0;0;0;0;0;0;0;0;0;0;0;0;0;0;0;0;0;0;0;0;0;0;0;0;0;0;0;671;0;0;0;0;0;0;0;0;0;0;0;0;0;0;0;0;0;0;0;0;0;0;0;0;0;0;0;0;0;0;0;0;0;0;0;0;0;0;0;0;0;1;0;0;0;0;0;0;0;0;0;0;0;0;0;0;0;0;0;0;0
P8S2G:04014:06641_SUB_SUB;112;0;0;0;0;0;0;0;0;0;0;0;0;0;0;0;0;0;0;0;0;0;0;0;0;0;0;0;0;112;0;0;0;0;0;0;0;0;0;0;0;0;0;0;0;0;0;0;0;0;0;0;0;0;0;0;0;0;0;0;0;0;0;0;0;0;0;0;0;0;0;0;0;0;0;0;0;0;0;0;0;0;0;0;0;0;0;0;0;0;0
P8S2G:03996:06786_SUB_SUB;115;0;0;0;0;0;0;0;0;0;0;0;0;0;0;0;0;0;0;0;0;0;0;0;0;0;0;0;0;1;2;0;75;1;0;0;0;0;0;0;0;0;1;0;0;0;0;0;0;0;0;0;7;13;6;2;2;0;0;0;0;0;0;0;0;0;0;0;0;1;0;0;0;0;3;1;0;0;0;0;0;0;0;0;0;0;0;0;0;0;0
P8S2G:04039:06440_SUB_SUB;168;0;0;0;0;0;0;0;0;0;0;0;0;0;0;0;0;0;0;0;0;0;0;0;0;0;0;0;0;92;0;0;0;0;0;0;0;0;19;0;0;0;0;0;0;0;0;0;0;0;0;0;0;0;0;0;0;0;0;0;0;0;0;0;0;0;0;0;57;0;0;0;0;0;0;0;0;0;0;0;0;0;0;0;0;0;0;0;0;0;0
P8S2G:04070:06543_SUB_SUB;274;0;0;0;0;0;0;0;0;0;0;0;0;0;0;0;0;0;0;0;0;0;0;0;0;0;0;0;0;8;0;0;0;0;0;0;0;0;0;0;0;0;0;0;0;0;0;0;0;0;0;0;0;0;0;0;0;0;0;0;0;266;0;0;0;0;0;0;0;0;0;0;0;0;0;0;0;0;0;0;0;0;0;0;0;0;0;0;0;0;0
P8S2G:04052:06720_SUB_SUB;114;0;0;0;0;0;0;0;0;0;0;0;0;0;0;0;0;0;0;0;0;0;0;0;0;0;0;0;0;114;0;0;0;0;0;0;0;0;0;0;0;0;0;0;0;0;0;0;0;0;0;0;0;0;0;0;0;0;0;0;0;0;0;0;0;0;0;0;0;0;0;0;0;0;0;0;0;0;0;0;0;0;0;0;0;0;0;0;0;0;0
P8S2G:04083:06883_SUB_SUB;143;0;0;0;0;0;0;0;0;0;0;0;0;0;0;0;0;0;0;0;0;0;0;0;0;0;0;0;0;4;0;0;0;0;0;0;34;0;0;0;0;0;0;0;0;0;0;0;0;17;0;0;0;0;0;0;0;0;1;0;12;0;0;0;0;0;0;0;0;0;0;0;0;0;0;0;0;0;41;0;0;0;0;0;11;0;23;0;0;0;0
P8S2G:04091:06490_SUB_SUB;168;0;0;0;0;0;0;0;0;0;0;0;0;0;0;0;0;0;0;0;0;0;0;0;0;0;0;0;0;6;0;0;0;0;79;0;0;0;0;0;0;0;24;0;0;0;0;0;0;0;0;0;0;0;0;0;0;0;0;0;0;0;13;0;37;0;0;0;0;0;0;0;0;0;0;0;0;0;0;0;0;0;0;1;8;0;0;0;0;0;0
P8S2G:04140:06657_SUB_SUB;844;0;0;0;0;0;0;0;0;0;0;0;0;0;0;0;0;0;0;0;0;0;0;0;0;0;0;0;0;15;0;0;0;0;99;695;0;0;0;0;0;0;0;0;0;0;0;0;0;0;0;0;0;0;0;0;0;0;8;0;0;0;0;0;0;0;0;0;9;0;0;3;0;0;0;0;0;0;0;0;0;0;0;3;0;4;8;0;0;0;0
P8S2G:04194:06653_SUB_SUB;555;0;0;0;0;0;0;0;0;0;0;0;0;0;0;0;0;0;0;0;0;0;0;0;0;0;0;0;0;12;0;82;0;0;0;0;0;0;0;0;0;0;0;0;0;0;0;0;0;0;0;0;0;0;0;0;0;0;0;0;0;0;0;0;0;0;0;0;288;0;0;13;106;0;0;0;0;0;0;0;0;0;0;0;19;0;0;0;35;0;0
P8S2G:04204:06688_SUB_SUB;1952;0;0;0;0;0;0;0;0;0;0;0;0;0;0;0;0;0;0;0;0;0;0;0;0;0;0;0;0;163;0;1;0;0;0;0;0;0;0;0;0;0;0;0;0;0;261;0;0;0;0;0;0;0;0;0;0;0;0;0;722;0;0;0;25;0;0;0;61;0;0;0;0;0;0;0;0;0;0;0;0;0;0;209;4;0;0;0;19;0;487
P8S2G:04266:06663_SUB_SUB;294;0;0;0;0;0;0;0;0;0;0;0;0;0;0;0;0;0;0;0;0;0;0;0;0;0;0;0;0;135;0;0;0;0;37;0;0;0;0;0;4;0;0;0;0;0;63;0;0;0;0;0;0;0;0;0;0;0;0;0;0;0;0;0;1;0;0;0;50;0;0;0;0;0;0;0;0;0;0;0;0;0;0;0;0;4;0;0;0;0;0
P8S2G:04267:06914_SUB_SUB;747;0;0;0;0;0;0;0;0;0;0;0;0;0;0;0;0;0;0;0;0;0;0;0;0;0;0;0;0;41;0;170;0;0;0;0;0;0;0;0;0;0;0;0;0;0;0;0;0;0;0;0;0;0;0;0;0;0;0;0;0;0;0;0;0;0;0;0;378;0;0;6;14;0;0;0;0;0;0;0;0;0;0;83;0;30;0;19;0;6;0
P8S2G:04350:06414_SUB_SUB;216;0;0;0;0;0;0;0;0;0;0;0;0;0;0;0;0;0;0;0;0;0;0;0;0;0;0;0;0;210;0;0;0;0;0;0;6;0;0;0;0;0;0;0;0;0;0;0;0;0;0;0;0;0;0;0;0;0;0;0;0;0;0;0;0;0;0;0;0;0;0;0;0;0;0;0;0;0;0;0;0;0;0;0;0;0;0;0;0;0;0
P8S2G:04350:06502_SUB_SUB;293;0;0;0;0;0;0;0;0;0;0;0;0;0;0;0;0;0;0;0;0;0;0;0;0;0;0;0;0;10;0;0;0;0;0;0;268;0;0;0;0;0;0;0;0;0;0;0;0;0;0;0;0;0;0;0;0;0;0;0;0;0;0;0;0;0;0;0;0;0;0;0;0;0;0;0;0;0;0;0;0;0;0;0;15;0;0;0;0;0;0
P8S2G:04564:06606_SUB_SUB;365;0;0;0;0;0;0;0;0;0;0;0;0;0;0;0;0;0;0;0;0;0;0;0;0;0;0;0;0;2;0;7;0;27;18;0;43;0;0;0;5;0;0;0;0;0;0;0;0;35;0;4;0;0;0;0;0;0;1;0;21;0;0;0;30;0;0;0;0;0;0;9;0;0;0;0;0;0;1;0;0;0;0;0;0;2;0;82;0;10;68
P8S2G:00755:05866_SUB_SUB;655;0;0;0;0;0;0;0;0;0;0;0;0;0;0;0;0;0;0;0;0;0;0;0;0;0;0;0;0;21;0;0;0;0;0;0;0;0;0;0;0;0;0;0;0;0;0;0;0;0;0;0;0;0;0;0;0;0;0;0;0;0;0;0;0;0;0;0;0;0;0;0;0;0;0;0;0;0;0;0;0;0;0;244;0;0;0;0;390;0;0
P8S2G:00795:06392_SUB_SUB;259;0;0;0;0;0;0;0;0;0;0;0;0;0;0;0;0;0;0;0;0;0;0;0;0;0;0;0;0;106;0;0;0;0;0;0;0;0;0;0;0;0;0;0;0;0;0;0;0;0;0;0;0;0;0;0;0;0;0;0;0;0;0;0;0;0;0;0;3;0;0;0;150;0;0;0;0;0;0;0;0;0;0;0;0;0;0;0;0;0;0
P8S2G:00925:06084_SUB_SUB;879;0;0;0;0;0;0;0;0;0;0;0;0;0;0;0;0;0;0;0;0;0;0;0;0;0;0;0;0;11;0;0;0;0;0;0;0;0;0;0;10;0;0;1;19;110;0;0;0;0;0;0;0;0;0;1;0;0;2;0;0;725;0;0;0;0;0;0;0;0;0;0;0;0;0;0;0;0;0;0;0;0;0;0;0;0;0;0;0;0;0
P8S2G:00980:06022_SUB_SUB;206;0;0;0;0;0;0;0;0;0;0;0;0;0;0;0;0;0;0;0;0;0;0;0;0;0;0;0;0;103;0;0;0;0;0;0;0;0;0;0;0;0;0;0;0;0;0;0;0;0;0;0;0;0;0;0;0;0;0;0;0;0;0;0;0;0;0;0;10;0;0;0;93;0;0;0;0;0;0;0;0;0;0;0;0;0;0;0;0;0;0
P8S2G:01256:06030_SUB_SUB;346;0;0;0;0;0;0;0;0;0;0;0;0;0;0;0;0;0;0;0;0;0;0;0;0;0;0;0;0;10;0;0;0;0;0;0;0;0;0;0;0;0;0;0;218;0;0;0;0;0;0;0;0;0;0;0;0;0;72;0;9;0;0;0;0;0;0;0;0;0;0;0;0;0;0;0;0;0;0;0;0;0;0;0;13;0;0;0;0;0;24
P8S2G:01278:06381_SUB_SUB;8523;0;0;0;0;0;0;0;0;0;0;0;0;0;0;0;0;0;0;0;0;0;0;0;0;0;0;0;0;110;0;0;0;0;0;0;0;0;0;5;87;0;0;24;198;1223;0;0;0;0;0;0;0;0;0;7;0;0;10;0;0;6859;0;0;0;0;0;0;0;0;0;0;0;0;0;0;0;0;0;0;0;0;0;0;0;0;0;0;0;0;0
P8S2G:00044:02025_SUB_SUB;530;0;0;0;0;0;0;0;0;0;0;0;0;0;0;0;0;0;0;0;0;0;0;0;0;0;0;0;0;10;0;0;0;0;0;0;438;0;0;0;0;0;0;0;0;0;0;0;0;0;0;0;0;0;0;0;2;0;0;0;0;0;0;0;0;0;0;0;0;0;0;4;0;0;0;0;0;0;0;0;0;59;0;0;0;0;0;0;0;17;0
P8S2G:00227:02441_SUB_SUB;176;0;0;0;0;0;0;0;0;0;0;0;0;0;0;0;0;0;0;0;0;0;0;0;0;0;0;0;0;13;0;0;0;0;0;0;0;0;0;0;0;0;0;0;0;0;21;0;0;0;0;0;0;0;0;0;0;0;0;0;71;0;0;0;1;0;0;0;3;0;0;0;0;0;0;0;0;0;0;0;0;0;0;20;1;0;0;0;0;0;46
P8S2G:00334:02196_SUB_SUB;621;0;0;0;0;0;0;0;0;0;0;0;0;0;0;0;0;0;0;0;0;0;0;0;0;0;0;0;0;2;0;0;0;7;0;0;0;0;0;0;0;0;0;2;0;0;0;0;0;0;0;42;0;0;0;0;0;0;0;0;0;0;0;516;0;0;0;0;0;10;0;42;0;0;0;0;0;0;0;0;0;0;0;0;0;0;0;0;0;0;0
P8S2G:00398:02096_SUB_SUB;114;0;0;0;0;0;0;0;0;0;0;0;0;0;0;0;0;0;0;0;0;0;0;0;0;0;0;0;0;12;0;0;0;0;0;0;65;0;0;0;0;0;0;0;0;0;0;0;0;0;0;0;0;0;0;0;0;0;0;0;0;0;0;0;0;0;0;0;0;0;0;0;0;0;0;0;0;0;0;0;0;0;0;3;0;0;0;22;1;1;10
P8S2G:00473:02484_SUB_SUB;122;0;0;0;0;0;0;0;0;0;0;0;0;0;0;0;0;0;0;0;0;0;0;0;0;0;0;0;0;5;0;0;78;33;0;0;0;0;0;0;0;0;0;0;0;0;0;0;0;0;0;0;0;0;0;0;0;0;0;0;0;0;0;0;0;0;0;0;0;0;0;0;0;0;0;0;0;0;0;0;0;0;0;0;4;0;0;0;2;0;0
P8S2G:00366:00786_SUB_SUB;230;0;0;0;0;0;0;0;0;0;0;0;0;0;0;0;0;0;0;0;0;0;0;0;0;0;0;0;0;15;0;0;0;0;102;0;0;0;0;0;0;0;25;0;0;0;0;0;0;0;0;0;0;0;0;0;0;0;0;0;0;0;37;0;34;0;0;0;0;0;0;0;0;0;0;0;0;0;0;0;0;0;0;4;13;0;0;0;0;0;0
P8S2G:00612:00902_SUB_SUB;132;0;0;0;0;0;0;0;0;0;0;0;0;0;0;0;0;0;0;0;0;0;0;0;0;0;0;0;0;11;0;0;0;0;0;0;0;0;0;0;0;0;0;0;0;0;0;0;0;13;0;0;0;0;0;0;0;0;0;0;17;0;0;0;0;0;0;0;0;0;0;0;0;0;0;0;0;0;7;0;80;0;0;0;4;0;0;0;0;0;0
P8S2G:00619:00905_SUB_SUB;161;0;0;0;0;0;0;0;0;0;0;0;0;0;0;0;0;0;0;0;0;0;0;0;0;0;0;0;0;12;0;0;0;0;0;0;0;0;0;0;0;0;0;0;0;0;0;0;0;0;0;0;0;0;0;0;0;0;0;0;0;0;0;0;0;0;0;0;0;0;0;0;0;0;0;0;0;0;0;0;0;0;0;0;3;0;146;0;0;0;0
P8S2G:00181:05072_SUB_SUB;140;0;0;0;0;0;0;0;0;0;0;0;0;0;0;0;0;0;0;0;0;0;0;0;0;0;0;0;0;5;0;0;0;0;102;0;0;0;0;0;0;0;0;0;0;0;0;0;0;0;0;0;0;0;0;0;0;0;33;0;0;0;0;0;0;0;0;0;0;0;0;0;0;0;0;0;0;0;0;0;0;0;0;0;0;0;0;0;0;0;0
P8S2G:00464:04528_SUB_SUB;890;0;0;0;0;0;0;0;0;0;0;0;0;0;0;0;0;0;0;0;0;0;0;0;0;0;0;0;0;3;0;0;0;0;32;0;0;0;0;0;0;0;0;0;253;0;0;0;0;4;0;0;0;0;0;0;0;0;0;0;472;0;0;0;119;0;0;0;0;0;0;0;0;0;0;0;0;0;0;0;0;0;0;0;0;0;0;0;0;0;7
P8S2G:00611:04725_SUB_SUB;109;0;0;0;0;0;0;0;0;0;0;0;0;0;0;0;0;0;0;0;0;0;0;0;0;0;0;0;0;7;0;0;0;0;48;0;0;0;0;0;0;0;12;0;0;0;0;0;0;0;0;0;0;0;0;0;0;0;0;0;0;0;25;0;15;0;0;0;0;0;0;0;0;0;0;0;0;0;0;0;0;0;0;0;2;0;0;0;0;0;0
P8S2G:00333:03298_SUB_SUB;132;0;0;0;0;0;0;0;0;0;0;0;0;0;0;0;0;0;0;0;0;0;0;0;0;0;0;0;0;3;0;2;0;0;0;18;0;0;0;0;0;0;2;0;0;0;1;0;0;0;0;0;0;0;0;0;0;0;0;0;0;0;9;0;0;0;0;0;0;0;0;0;0;0;0;0;0;0;0;0;0;0;0;96;0;1;0;0;0;0;0
P8S2G:03422:01630_SUB_SUB;7798;0;0;0;0;0;0;0;0;0;0;0;0;0;0;0;0;0;0;0;0;0;0;0;0;0;0;0;0;42;0;0;0;0;311;0;0;0;0;0;0;0;0;0;2189;0;0;0;0;39;0;0;0;0;0;0;0;0;0;0;4077;2;0;0;1058;0;0;0;0;0;0;0;0;0;0;0;0;0;0;0;0;0;0;0;0;0;0;0;0;0;80
P8S2G:04721:01427_SUB_SUB;432;0;0;0;0;0;0;0;0;0;0;0;0;0;0;0;0;0;0;0;0;0;0;0;0;0;0;0;0;3;0;0;374;47;0;0;0;0;0;0;0;0;0;0;0;0;0;0;0;0;0;0;0;0;0;0;0;0;0;0;0;0;0;0;0;0;0;0;1;0;0;0;0;0;0;0;0;0;0;0;0;0;0;0;2;0;0;0;5;0;0
P8S2G:00728:01841_SUB_SUB;139;0;0;0;0;0;0;0;0;0;0;0;0;0;0;0;0;0;0;0;0;0;0;0;0;0;0;0;0;13;0;0;0;0;0;0;0;0;0;0;0;0;0;0;0;0;0;0;0;0;0;0;0;0;0;0;0;0;0;0;0;0;0;0;0;0;0;0;0;0;0;126;0;0;0;0;0;0;0;0;0;0;0;0;0;0;0;0;0;0;0
P8S2G:00814:01398_SUB_SUB;330;0;0;0;0;0;0;0;0;0;0;0;0;0;0;0;0;0;0;0;0;0;0;0;0;0;0;0;0;16;0;0;0;0;0;0;0;0;0;0;129;0;0;6;0;0;0;129;0;0;0;0;0;0;0;0;0;0;48;0;0;0;0;0;2;0;0;0;0;0;0;0;0;0;0;0;0;0;0;0;0;0;0;0;0;0;0;0;0;0;0
P8S2G:01140:01762_SUB_SUB;639;0;0;0;0;0;0;0;0;0;0;0;0;0;0;0;0;0;0;0;0;0;0;0;0;0;0;0;0;7;0;0;0;0;0;0;0;0;0;0;0;0;0;0;0;0;0;0;0;0;0;0;0;0;0;0;0;0;0;0;0;0;4;0;0;0;0;0;552;0;0;0;0;0;0;0;0;0;0;0;0;0;0;76;0;0;0;0;0;0;0
P8S2G:04682:06096_SUB_SUB;206;0;0;0;0;0;0;0;0;0;0;0;0;0;0;0;0;0;0;0;0;0;0;0;0;0;0;0;0;2;0;0;0;19;0;0;1;0;0;0;5;0;4;0;0;0;88;0;0;0;0;0;0;0;0;0;0;0;0;0;0;0;0;0;0;0;0;0;0;0;0;0;0;0;0;0;0;0;0;0;0;0;0;87;0;0;0;0;0;0;0
P8S2G:04912:06003_SUB_SUB;133;0;0;0;0;0;0;0;0;0;0;0;0;0;0;0;0;0;0;0;0;0;0;0;0;0;0;0;0;5;0;0;0;0;0;0;107;0;0;0;0;0;0;0;0;0;0;0;0;0;0;0;0;0;0;0;0;0;0;0;0;0;0;0;0;0;0;0;0;0;0;0;0;0;0;0;0;0;0;0;0;0;0;0;0;0;17;0;4;0;0
P8S2G:05006:06253_SUB_SUB;230;0;0;0;0;0;0;0;0;0;0;0;0;0;0;0;0;0;0;0;0;0;0;0;0;0;0;0;0;4;0;0;39;0;0;0;0;0;0;15;54;0;0;0;0;0;0;0;13;3;6;0;0;5;7;2;0;0;1;0;0;0;0;14;0;0;0;16;21;12;0;0;0;0;13;1;0;0;0;0;0;0;0;0;0;0;0;0;0;0;4
P8S2G:05195:05943_SUB_SUB;125;0;0;0;0;0;0;0;0;0;0;0;0;0;0;0;0;0;0;0;0;0;0;0;0;0;0;0;0;2;0;0;0;0;0;0;0;0;0;0;0;0;0;3;0;0;0;0;0;0;0;0;0;0;0;0;0;0;1;0;90;0;0;0;0;0;0;0;0;0;10;0;0;0;0;0;0;0;0;0;0;0;0;0;0;19;0;0;0;0;0
P8S2G:05199:06045_SUB_SUB;122;0;0;0;0;0;0;0;0;0;0;0;0;0;0;0;0;0;0;0;0;0;0;0;0;0;0;0;0;3;0;0;0;0;0;0;0;0;0;0;0;0;0;0;0;0;0;0;0;0;0;0;0;0;0;0;0;0;3;0;0;0;116;0;0;0;0;0;0;0;0;0;0;0;0;0;0;0;0;0;0;0;0;0;0;0;0;0;0;0;0
P8S2G:00517:06801_SUB_SUB;568;0;0;0;0;0;0;0;0;0;0;0;0;0;0;0;0;0;0;0;0;0;0;0;0;0;0;0;0;7;0;0;0;0;3;550;0;0;0;0;0;0;0;0;0;0;0;0;0;0;0;0;0;0;0;0;0;0;0;0;0;0;0;0;0;0;0;0;0;0;0;3;0;0;0;0;0;0;0;0;0;0;0;5;0;0;0;0;0;0;0
P8S2G:04742:02435_SUB_SUB;310;0;0;0;0;0;0;0;0;0;0;0;0;0;0;0;0;0;0;0;0;0;0;0;0;0;0;0;0;7;0;0;223;72;0;0;0;0;0;0;0;0;0;0;0;0;0;0;0;0;0;0;0;0;0;0;0;0;0;0;0;0;0;0;0;0;0;0;0;0;0;0;0;0;0;0;0;0;0;0;0;0;0;0;5;0;0;0;3;0;0
P8S2G:00815:02331_SUB_SUB;3645;0;0;0;0;0;0;0;0;0;0;0;0;0;0;0;0;0;0;0;0;0;0;0;0;0;0;0;0;17;0;0;0;3614;0;0;0;0;0;0;0;0;0;0;0;0;0;0;0;14;0;0;0;0;0;0;0;0;0;0;0;0;0;0;0;0;0;0;0;0;0;0;0;0;0;0;0;0;0;0;0;0;0;0;0;0;0;0;0;0;0
P8S2G:00830:02512_SUB_SUB;108;0;0;0;0;0;0;0;0;0;0;0;0;0;0;0;0;0;0;0;0;0;0;0;0;0;0;0;0;10;0;0;0;17;0;0;15;0;0;0;0;0;0;0;0;0;0;0;0;0;0;0;0;0;0;0;0;0;3;0;0;0;0;0;0;0;0;0;0;0;0;0;0;0;0;0;0;0;0;0;0;0;0;2;0;0;0;61;0;0;0
P8S2G:01151:02195_SUB_SUB;116;0;0;0;0;0;0;0;0;0;0;0;0;0;0;0;0;0;0;0;0;0;0;0;0;0;0;0;0;2;0;0;0;0;1;111;0;0;0;0;0;0;0;0;0;0;0;0;0;0;0;0;0;0;0;0;0;0;0;0;0;0;0;0;0;0;0;0;0;0;0;0;0;0;0;0;0;0;0;0;0;0;0;2;0;0;0;0;0;0;0
P8S2G:01049:02675_SUB_SUB;141;0;0;0;0;0;0;0;0;0;0;0;0;0;0;0;0;0;0;0;0;0;0;0;0;0;0;0;0;7;0;47;0;0;0;0;0;0;0;0;0;0;0;0;0;0;0;0;0;0;0;0;0;0;0;0;0;0;0;0;0;0;0;0;0;0;0;0;56;0;0;1;2;0;0;0;0;0;0;0;0;0;0;12;0;6;0;7;0;3;0
P8S2G:01199:02660_SUB_SUB;264;0;0;0;0;0;0;0;0;0;0;0;0;0;0;0;0;0;0;0;0;0;0;0;0;0;0;0;0;5;0;0;0;0;0;0;0;0;0;0;5;0;0;1;7;26;0;0;0;0;0;0;0;0;0;0;0;0;2;0;0;218;0;0;0;0;0;0;0;0;0;0;0;0;0;0;0;0;0;0;0;0;0;0;0;0;0;0;0;0;0
P8S2G:00860:03222_SUB_SUB;113;0;0;0;0;0;0;0;0;0;0;0;0;0;0;0;0;0;0;0;0;0;0;0;0;0;0;0;0;3;0;0;0;0;0;0;0;0;0;0;0;0;0;0;0;0;9;0;0;0;0;0;0;0;0;0;0;0;0;0;33;0;0;0;0;0;0;0;0;0;0;0;0;0;0;0;0;0;0;0;0;0;0;32;0;0;0;0;1;0;35
P8S2G:02873:02205_SUB_SUB;2209;0;0;0;0;0;0;0;0;0;0;0;0;0;0;0;0;0;0;0;0;0;0;0;0;0;0;0;0;2;0;0;2061;109;0;0;0;0;0;0;0;0;0;0;0;0;0;0;0;0;0;0;0;0;0;0;0;0;0;0;0;0;0;0;0;0;0;0;0;0;0;0;0;0;0;0;0;0;0;0;0;0;0;0;5;0;0;0;32;0;0
P8S2G:03155:02190_SUB_SUB;126;0;0;0;0;0;0;0;0;0;0;0;0;0;0;0;0;0;0;0;0;0;0;0;0;0;0;0;0;3;0;0;0;121;0;0;0;0;0;0;0;0;0;0;0;0;0;0;0;2;0;0;0;0;0;0;0;0;0;0;0;0;0;0;0;0;0;0;0;0;0;0;0;0;0;0;0;0;0;0;0;0;0;0;0;0;0;0;0;0;0
P8S2G:04741:06984_SUB_SUB;206;0;0;0;0;0;0;0;0;0;0;0;0;0;0;0;0;0;0;0;0;0;0;0;0;0;0;0;0;5;0;0;0;0;0;0;0;0;0;0;1;0;0;0;0;0;0;0;0;173;0;0;0;0;0;0;0;0;0;0;1;0;0;0;0;0;0;0;0;0;0;0;0;0;0;0;0;0;0;0;0;0;0;0;0;0;0;0;0;0;26
P8S2G:04695:04117_SUB_SUB;117;0;0;0;0;0;0;0;0;0;0;0;0;0;0;0;0;0;0;0;0;0;0;0;0;0;0;0;0;6;0;0;0;0;0;0;0;0;0;0;0;0;0;0;0;0;0;0;0;0;0;0;0;0;0;0;0;0;0;0;6;0;0;0;0;0;0;0;0;0;0;0;0;0;0;0;0;0;0;0;0;0;0;77;14;0;14;0;0;0;0
P8S2G:04909:04101_SUB_SUB;113;0;0;0;0;0;0;0;0;0;0;0;0;0;0;0;0;0;0;0;0;0;0;0;0;0;0;0;0;2;0;0;0;0;0;0;0;0;0;0;3;0;0;0;0;7;0;0;0;0;0;0;0;0;0;1;0;0;0;0;0;100;0;0;0;0;0;0;0;0;0;0;0;0;0;0;0;0;0;0;0;0;0;0;0;0;0;0;0;0;0
P8S2G:04746:05383_SUB_SUB;477;0;0;0;0;0;0;0;0;0;0;0;0;0;0;0;0;0;0;0;0;0;0;0;0;0;0;0;0;2;0;0;0;242;11;0;0;0;0;0;0;0;0;0;0;0;17;0;0;0;0;0;0;0;0;0;0;0;4;0;0;0;10;0;1;0;0;0;5;0;0;0;0;0;0;0;0;0;0;0;0;0;0;0;0;0;0;180;0;5;0
P8S2G:04709:05701_SUB_SUB;131;0;0;0;0;0;0;0;0;0;0;0;0;0;0;0;0;0;0;0;0;0;0;0;0;0;0;0;0;2;0;0;0;0;0;0;0;0;0;0;0;0;0;0;0;0;0;0;0;35;0;0;0;0;0;0;0;0;0;0;8;0;0;0;0;0;0;0;0;0;0;85;0;0;0;0;0;0;0;0;0;0;0;0;1;0;0;0;0;0;0
P8S2G:04810:05335_SUB_SUB;671;0;0;0;0;0;0;0;0;0;0;0;0;0;0;0;0;0;0;0;0;0;0;0;0;0;0;0;0;2;0;0;0;8;0;0;0;0;0;0;0;0;0;1;1;0;0;0;1;0;0;50;0;0;0;0;0;0;0;0;0;0;0;547;0;0;0;0;0;16;0;45;0;0;0;0;0;0;0;0;0;0;0;0;0;0;0;0;0;0;0
P8S2G:02933:03709_SUB_SUB;100;0;0;0;0;0;0;0;0;0;0;0;0;0;0;0;0;0;0;0;0;0;0;0;0;0;0;0;0;3;0;0;0;0;0;0;0;0;0;0;0;0;0;0;0;0;0;0;0;0;0;0;0;0;0;0;0;0;0;0;0;0;0;0;0;0;0;0;0;0;0;0;0;0;0;0;0;0;0;0;0;0;0;20;0;0;0;0;77;0;0
P8S2G:03312:03656_SUB_SUB;163;0;0;0;0;0;0;0;0;0;0;0;0;0;0;0;0;0;0;0;0;0;0;0;0;0;0;0;0;7;0;0;0;17;0;0;82;0;0;0;0;0;0;0;0;0;0;0;0;7;0;0;0;0;0;0;0;0;0;0;36;0;0;0;0;0;0;0;0;0;0;0;0;0;0;0;0;0;0;0;0;0;0;0;11;0;2;0;1;0;0
P8S2G:04796:00809_SUB_SUB;275;0;0;0;0;0;0;0;0;0;0;0;0;0;0;0;0;0;0;0;0;0;0;0;0;0;0;0;0;5;0;1;0;0;0;0;0;0;0;0;0;0;0;0;0;0;19;0;0;0;0;0;0;0;0;0;0;0;0;0;87;0;0;0;35;0;0;0;0;0;0;0;0;0;0;0;0;0;0;0;0;0;0;28;0;0;0;0;1;0;99
P8S2G:03402:00937_SUB_SUB;438;0;0;0;0;0;0;0;0;0;0;0;0;0;0;0;0;0;0;0;0;0;0;0;0;0;0;0;0;4;0;0;0;0;1;0;0;0;0;0;0;0;0;0;0;0;0;0;0;5;0;0;0;0;0;0;0;0;0;0;225;0;0;0;191;0;0;0;0;0;0;0;0;0;0;0;0;0;0;0;0;0;0;0;0;0;0;0;0;0;12
P8S2G:03665:03080_SUB_SUB;223;0;0;0;0;0;0;0;0;0;0;0;0;0;0;0;0;0;0;0;0;0;0;0;0;0;0;0;0;5;0;0;0;56;0;0;0;0;0;0;89;0;0;0;0;0;0;0;0;0;0;18;0;0;0;0;0;0;12;0;0;0;43;0;0;0;0;0;0;0;0;0;0;0;0;0;0;0;0;0;0;0;0;0;0;0;0;0;0;0;0
P8S2G:02169:06524_SUB_SUB;436;0;0;0;0;0;0;0;0;0;0;0;0;0;0;0;0;0;0;0;0;0;0;0;0;0;0;0;0;7;0;0;0;0;0;0;342;0;0;0;0;0;0;0;0;0;0;0;0;0;0;0;0;0;0;0;2;0;0;0;0;0;0;0;0;0;0;0;0;0;0;8;0;0;0;0;0;0;0;0;0;61;0;0;0;0;0;0;0;16;0
P8S2G:00048:03900_SUB_SUB;797;0;0;0;0;0;0;0;0;0;0;0;0;0;0;0;0;0;0;0;0;0;0;0;0;0;0;0;0;1;0;0;732;49;0;0;0;0;0;0;0;0;0;0;0;0;0;0;0;0;0;0;0;0;0;0;0;0;0;0;0;0;0;0;0;0;0;0;0;0;0;0;0;0;0;0;0;0;0;0;0;0;0;0;2;0;0;0;13;0;0
P8S2G:00530:02978_SUB_SUB;107;0;0;0;0;0;0;0;0;0;0;0;0;0;0;0;0;0;0;0;0;0;0;0;0;0;0;0;0;2;0;0;0;0;46;0;0;0;0;0;0;0;18;0;0;0;0;0;0;0;0;0;0;0;0;0;0;0;0;0;0;0;9;0;28;0;0;0;0;0;0;0;0;0;0;0;0;0;0;0;0;0;0;0;4;0;0;0;0;0;0
P8S2G:04776:04500_SUB_SUB;130;0;0;0;0;0;0;0;0;0;0;0;0;0;0;0;0;0;0;0;0;0;0;0;0;0;0;0;0;6;0;28;0;0;0;0;0;0;0;0;0;0;0;0;0;0;0;0;0;0;0;0;0;0;0;0;0;0;0;0;0;0;0;0;0;0;0;0;51;0;0;3;25;0;0;0;0;0;0;0;0;0;0;0;1;0;0;0;16;0;0
P8S2G:03261:06673_SUB_SUB;202;0;0;0;0;0;0;0;0;0;0;0;0;0;0;0;0;0;0;0;0;0;0;0;0;0;0;0;0;1;0;0;3;0;0;0;0;0;0;2;0;0;0;2;0;0;0;0;2;0;3;0;3;70;29;7;20;0;0;0;0;0;0;24;0;0;0;0;0;6;18;2;0;0;6;4;0;0;0;0;0;0;0;0;0;0;0;0;0;0;0
P8S2G:02102:01288_SUB_SUB;167;0;0;0;0;0;0;0;0;0;0;0;0;0;0;0;0;0;0;0;0;0;0;0;0;0;0;0;0;1;0;0;1;0;0;0;0;0;0;1;4;0;0;0;0;0;0;0;0;0;0;0;54;53;10;5;13;0;0;0;0;0;0;2;0;0;0;0;0;0;0;0;0;0;17;6;0;0;0;0;0;0;0;0;0;0;0;0;0;0;0
P8S2G:02855:01529_SUB_SUB;295;0;0;0;0;0;0;0;0;0;0;0;0;0;0;0;0;0;0;0;0;0;0;0;0;0;0;0;0;1;3;0;22;1;0;0;0;0;0;2;12;0;0;0;0;0;0;0;0;0;0;0;129;61;10;10;7;0;0;0;1;0;0;2;0;0;0;0;0;2;0;0;0;0;24;5;1;0;2;0;0;0;0;0;0;0;0;0;0;0;0
P8S2G:01536:05247_SUB_SUB;2221;0;0;0;0;0;0;0;0;0;0;0;0;0;0;0;0;0;0;0;0;0;0;0;0;0;0;0;0;2;0;0;3;1;0;0;0;0;0;2;66;0;0;0;0;0;0;0;1;0;1;0;712;915;153;32;117;0;0;0;0;0;0;15;1;1;0;2;0;0;0;0;0;0;134;63;0;0;0;0;0;0;0;0;0;0;0;0;0;0;0
P8S2G:01654:01505_SUB_SUB;199;0;0;0;0;0;0;0;0;0;0;0;0;0;0;0;0;0;0;0;0;0;0;0;0;0;0;0;0;1;0;0;3;0;0;0;0;0;0;1;0;0;0;8;0;0;0;0;0;0;1;0;2;18;25;3;11;0;0;0;0;0;0;3;0;0;0;0;36;5;35;34;0;0;2;1;0;0;1;0;0;0;0;9;0;0;0;0;0;0;0
P8S2G:04534:06737_SUB_SUB;239;0;0;0;0;0;0;0;0;0;0;0;0;0;0;0;0;0;0;0;0;0;0;0;0;0;0;0;0;0;68;0;26;1;0;6;0;0;0;0;0;0;0;0;0;10;0;0;0;0;0;0;4;37;8;9;8;0;0;0;0;0;0;0;0;0;0;0;0;0;60;0;0;0;2;0;0;0;0;0;0;0;0;0;0;0;0;0;0;0;0
P8S2G:00999:05935_SUB_SUB;279;0;0;0;0;0;0;0;0;0;0;0;0;0;0;0;0;0;0;0;0;0;0;0;0;0;0;0;0;0;9;0;0;0;0;0;0;0;0;0;1;0;0;0;0;0;0;0;0;0;0;0;26;109;59;14;33;0;0;0;0;0;0;0;0;0;0;0;0;0;8;0;0;0;13;7;0;0;0;0;0;0;0;0;0;0;0;0;0;0;0
P8S2G:00405:01926_SUB_SUB;147;0;0;0;0;0;0;0;0;0;0;0;0;0;0;0;0;0;0;0;0;0;0;0;0;0;0;0;0;0;2;0;0;0;0;2;0;0;0;0;0;0;0;0;0;0;0;0;0;0;0;0;9;53;41;5;14;0;0;0;0;0;0;6;0;0;0;0;0;1;0;0;0;0;8;5;0;0;1;0;0;0;0;0;0;0;0;0;0;0;0
P8S2G:00312:01120_SUB_SUB;465;0;0;0;0;0;0;0;0;0;0;0;0;0;0;0;0;0;0;0;0;0;0;0;0;0;0;0;0;0;24;0;0;0;0;0;0;0;0;0;0;0;0;1;0;0;0;0;0;0;0;0;68;168;88;33;42;0;1;0;0;0;0;0;0;0;0;0;0;0;1;0;0;0;24;15;0;0;0;0;0;0;0;0;0;0;0;0;0;0;0
P8S2G:00628:01243_SUB_SUB;113;0;0;0;0;0;0;0;0;0;0;0;0;0;0;0;0;0;0;0;0;0;0;0;0;0;0;0;0;0;35;0;0;0;0;1;0;0;0;0;0;0;0;0;0;10;0;0;0;0;0;0;0;7;3;0;2;0;0;0;0;0;0;0;0;0;0;0;0;0;54;0;0;0;0;1;0;0;0;0;0;0;0;0;0;0;0;0;0;0;0
P8S2G:00086:04999_SUB_SUB;131;0;0;0;0;0;0;0;0;0;0;0;0;0;0;0;0;0;0;0;0;0;0;0;0;0;0;0;0;0;3;0;0;0;0;1;0;0;0;0;0;0;0;0;0;0;0;0;0;0;0;0;0;0;0;0;0;0;0;0;0;0;16;0;0;98;0;0;0;0;13;0;0;0;0;0;0;0;0;0;0;0;0;0;0;0;0;0;0;0;0
P8S2G:03340:01591_SUB_SUB;152;0;0;0;0;0;0;0;0;0;0;0;0;0;0;0;0;0;0;0;0;0;0;0;0;0;0;0;0;0;1;0;3;0;0;10;0;0;0;1;0;0;0;0;0;0;0;0;0;0;0;0;0;2;5;1;0;0;0;0;0;0;0;0;0;0;0;0;0;0;129;0;0;0;0;0;0;0;0;0;0;0;0;0;0;0;0;0;0;0;0
P8S2G:02939:03355_SUB_SUB;346;0;0;0;0;0;0;0;0;0;0;0;0;0;0;0;0;0;0;0;0;0;0;0;0;0;0;0;0;0;3;0;0;0;0;2;0;0;0;0;2;0;0;0;0;0;0;0;0;0;0;0;37;159;63;18;36;0;0;0;0;0;0;3;0;0;0;0;0;0;0;0;0;0;11;12;0;0;0;0;0;0;0;0;0;0;0;0;0;0;0
P8S2G:04785:01192_SUB_SUB;115;0;0;0;0;0;0;0;0;0;0;0;0;0;0;0;0;0;0;0;0;0;0;0;0;0;0;0;0;0;3;0;2;0;0;0;0;0;0;1;2;0;0;1;0;0;0;0;0;0;0;0;1;54;19;4;18;0;0;0;0;0;0;0;0;0;0;1;0;0;2;0;0;0;6;1;0;0;0;0;0;0;0;0;0;0;0;0;0;0;0
P8S2G:03495:04184_SUB_SUB;292;0;0;0;0;0;0;0;0;0;0;0;0;0;0;0;0;0;0;0;0;0;0;0;0;0;0;0;0;0;1;0;0;0;0;0;0;0;0;1;11;0;0;0;0;0;0;0;0;0;0;0;75;125;10;6;25;0;0;0;0;0;0;3;0;0;0;0;0;0;0;0;0;0;26;9;0;0;0;0;0;0;0;0;0;0;0;0;0;0;0
P8S2G:05286:03207_SUB_SUB;221;0;0;0;0;0;0;0;0;0;0;0;0;0;0;0;0;0;0;0;0;0;0;0;0;0;0;0;0;0;1;0;0;0;0;0;0;0;0;0;0;0;0;0;0;0;0;0;0;0;0;0;0;62;69;32;32;0;0;0;0;0;0;0;0;0;0;0;0;1;0;0;0;0;8;16;0;0;0;0;0;0;0;0;0;0;0;0;0;0;0
P8S2G:02047:00934_SUB_SUB;109;0;0;0;0;0;0;0;0;0;0;0;0;0;0;0;0;0;0;0;0;0;0;0;0;0;0;0;0;0;1;0;0;0;0;0;0;0;0;0;0;0;0;0;0;0;0;0;0;0;0;0;5;52;23;8;10;0;0;0;0;0;0;3;0;0;0;0;0;0;0;0;0;1;5;1;0;0;0;0;0;0;0;0;0;0;0;0;0;0;0
P8S2G:01395:02291_SUB_SUB;148;0;0;0;0;0;0;0;0;0;0;0;0;0;0;0;0;0;0;0;0;0;0;0;0;0;0;0;0;0;1;0;18;0;0;5;0;0;0;0;0;0;0;0;0;1;0;0;0;0;0;0;0;0;0;0;0;0;0;0;0;0;0;0;0;0;0;0;0;1;88;0;0;34;0;0;0;0;0;0;0;0;0;0;0;0;0;0;0;0;0
P8S2G:03987:06468_SUB_SUB;1670;0;0;0;0;0;0;0;0;0;0;0;0;0;0;0;0;0;0;0;0;0;0;0;0;0;0;0;0;0;0;1670;0;0;0;0;0;0;0;0;0;0;0;0;0;0;0;0;0;0;0;0;0;0;0;0;0;0;0;0;0;0;0;0;0;0;0;0;0;0;0;0;0;0;0;0;0;0;0;0;0;0;0;0;0;0;0;0;0;0;0
P8S2G:04004:06694_SUB_SUB;1123;0;0;0;0;0;0;0;0;0;0;0;0;0;0;0;0;0;0;0;0;0;0;0;0;0;0;0;0;0;0;1123;0;0;0;0;0;0;0;0;0;0;0;0;0;0;0;0;0;0;0;0;0;0;0;0;0;0;0;0;0;0;0;0;0;0;0;0;0;0;0;0;0;0;0;0;0;0;0;0;0;0;0;0;0;0;0;0;0;0;0
P8S2G:04003:06812_SUB_SUB;845;0;0;0;0;0;0;0;0;0;0;0;0;0;0;0;0;0;0;0;0;0;0;0;0;0;0;0;0;0;0;608;0;0;237;0;0;0;0;0;0;0;0;0;0;0;0;0;0;0;0;0;0;0;0;0;0;0;0;0;0;0;0;0;0;0;0;0;0;0;0;0;0;0;0;0;0;0;0;0;0;0;0;0;0;0;0;0;0;0;0
P8S2G:03987:06914_SUB_SUB;150;0;0;0;0;0;0;0;0;0;0;0;0;0;0;0;0;0;0;0;0;0;0;0;0;0;0;0;0;0;0;138;0;0;0;0;0;0;0;0;0;0;0;0;0;0;0;0;0;0;0;0;0;0;0;0;0;0;0;0;12;0;0;0;0;0;0;0;0;0;0;0;0;0;0;0;0;0;0;0;0;0;0;0;0;0;0;0;0;0;0
P8S2G:04037:06714_SUB_SUB;117;0;0;0;0;0;0;0;0;0;0;0;0;0;0;0;0;0;0;0;0;0;0;0;0;0;0;0;0;0;0;117;0;0;0;0;0;0;0;0;0;0;0;0;0;0;0;0;0;0;0;0;0;0;0;0;0;0;0;0;0;0;0;0;0;0;0;0;0;0;0;0;0;0;0;0;0;0;0;0;0;0;0;0;0;0;0;0;0;0;0
P8S2G:04078:06796_SUB_SUB;237;0;0;0;0;0;0;0;0;0;0;0;0;0;0;0;0;0;0;0;0;0;0;0;0;0;0;0;0;0;0;237;0;0;0;0;0;0;0;0;0;0;0;0;0;0;0;0;0;0;0;0;0;0;0;0;0;0;0;0;0;0;0;0;0;0;0;0;0;0;0;0;0;0;0;0;0;0;0;0;0;0;0;0;0;0;0;0;0;0;0
P8S2G:04035:06817_SUB_SUB;137;0;0;0;0;0;0;0;0;0;0;0;0;0;0;0;0;0;0;0;0;0;0;0;0;0;0;0;0;0;0;135;0;0;0;0;0;0;0;0;0;0;0;0;2;0;0;0;0;0;0;0;0;0;0;0;0;0;0;0;0;0;0;0;0;0;0;0;0;0;0;0;0;0;0;0;0;0;0;0;0;0;0;0;0;0;0;0;0;0;0
P8S2G:04104:06909_SUB_SUB;158;0;0;0;0;0;0;0;0;0;0;0;0;0;0;0;0;0;0;0;0;0;0;0;0;0;0;0;0;0;0;143;0;0;0;0;0;0;0;0;0;0;0;0;0;0;0;0;0;0;0;0;0;0;0;0;0;0;0;0;5;0;0;0;0;0;0;0;0;0;0;0;0;0;0;0;0;0;0;0;0;0;0;0;0;0;0;4;0;6;0
P8S2G:04212:06624_SUB_SUB;700;0;0;0;0;0;0;0;0;0;0;0;0;0;0;0;0;0;0;0;0;0;0;0;0;0;0;0;0;0;0;179;0;0;0;0;0;0;0;0;0;0;0;0;0;0;0;0;0;0;0;0;0;0;0;0;0;0;0;0;0;0;0;0;0;0;0;0;0;0;0;0;0;0;0;0;0;0;0;0;0;0;0;0;521;0;0;0;0;0;0
P8S2G:04184:06737_SUB_SUB;794;0;0;0;0;0;0;0;0;0;0;0;0;0;0;0;0;0;0;0;0;0;0;0;0;0;0;0;0;0;0;47;0;0;0;0;0;0;0;0;0;0;0;0;0;0;633;0;0;0;0;0;0;0;0;0;0;0;0;0;0;0;0;0;114;0;0;0;0;0;0;0;0;0;0;0;0;0;0;0;0;0;0;0;0;0;0;0;0;0;0
P8S2G:04209:06727_SUB_SUB;168;0;0;0;0;0;0;0;0;0;0;0;0;0;0;0;0;0;0;0;0;0;0;0;0;0;0;0;0;0;0;44;0;17;12;10;0;0;0;0;0;0;0;0;0;0;0;0;0;61;0;16;0;0;0;0;0;0;0;0;0;0;0;0;0;0;0;0;0;0;0;0;0;0;0;0;0;0;0;0;0;0;0;6;2;0;0;0;0;0;0
P8S2G:04512:06453_SUB_SUB;2225;0;0;0;0;0;0;0;0;0;0;0;0;0;0;0;0;0;0;0;0;0;0;0;0;0;0;0;0;0;0;165;0;0;0;0;0;0;0;0;1226;0;0;22;0;0;0;0;71;0;212;0;2;14;4;0;0;0;0;0;0;0;0;6;57;0;68;0;0;0;0;267;0;0;0;0;0;0;0;0;0;0;0;0;0;40;0;0;0;0;71
P8S2G:00869:06037_SUB_SUB;279;0;0;0;0;0;0;0;0;0;0;0;0;0;0;0;0;0;0;0;0;0;0;0;0;0;0;0;0;0;0;32;0;0;0;0;99;0;0;0;0;0;0;0;114;0;0;0;0;0;0;0;0;0;0;0;0;0;0;0;0;0;0;0;0;0;0;0;0;0;0;0;1;0;0;0;0;0;0;0;0;0;0;0;0;0;21;12;0;0;0
P8S2G:00161:02003_SUB_SUB;400;0;0;0;0;0;0;0;0;0;0;0;0;0;0;0;0;0;0;0;0;0;0;0;0;0;0;0;0;0;0;3;0;0;0;0;298;0;0;0;0;0;0;0;0;0;0;0;0;0;0;0;0;0;0;0;0;0;81;0;0;0;0;0;0;0;0;0;0;0;0;0;0;0;0;0;0;0;0;0;0;0;0;0;0;0;0;18;0;0;0
P8S2G:00207:01947_SUB_SUB;787;0;0;0;0;0;0;0;0;0;0;0;0;0;0;0;0;0;0;0;0;0;0;0;0;0;0;0;0;0;0;67;0;0;0;17;9;0;0;0;0;0;5;0;0;0;0;0;0;0;0;0;0;0;0;0;0;0;153;0;0;4;24;0;0;0;0;0;0;0;0;13;0;0;0;0;0;0;0;0;0;0;0;469;0;2;18;6;0;0;0
P8S2G:00202:02355_SUB_SUB;109;0;0;0;0;0;0;0;0;0;0;0;0;0;0;0;0;0;0;0;0;0;0;0;0;0;0;0;0;0;0;74;0;0;35;0;0;0;0;0;0;0;0;0;0;0;0;0;0;0;0;0;0;0;0;0;0;0;0;0;0;0;0;0;0;0;0;0;0;0;0;0;0;0;0;0;0;0;0;0;0;0;0;0;0;0;0;0;0;0;0
P8S2G:00405:02432_SUB_SUB;459;0;0;0;0;0;0;0;0;0;0;0;0;0;0;0;0;0;0;0;0;0;0;0;0;0;0;0;0;0;0;44;0;0;0;0;0;0;0;0;0;0;0;0;0;0;0;0;0;0;0;0;0;0;0;0;0;0;0;0;0;0;0;0;0;0;0;0;0;0;0;0;0;0;0;0;0;0;0;0;0;0;0;0;0;0;0;415;0;0;0
P8S2G:03924:01391_SUB_SUB;134;0;0;0;0;0;0;0;0;0;0;0;0;0;0;0;0;0;0;0;0;0;0;0;0;0;0;0;0;0;0;11;0;0;0;0;0;0;0;0;83;0;0;0;0;0;0;0;5;0;13;0;0;1;0;0;0;0;0;0;0;0;0;0;3;0;2;0;0;0;0;8;0;0;0;0;0;0;0;0;0;0;0;0;0;3;0;0;0;0;5
P8S2G:03934:01388_SUB_SUB;155;0;0;0;0;0;0;0;0;0;0;0;0;0;0;0;0;0;0;0;0;0;0;0;0;0;0;0;0;0;0;9;0;0;0;0;85;0;0;0;0;0;0;0;0;0;0;0;0;0;0;0;0;0;0;0;0;0;0;0;0;0;61;0;0;0;0;0;0;0;0;0;0;0;0;0;0;0;0;0;0;0;0;0;0;0;0;0;0;0;0
P8S2G:00813:04011_SUB_SUB;109;0;0;0;0;0;0;0;0;0;0;0;0;0;0;0;0;0;0;0;0;0;0;0;0;0;0;0;0;0;0;1;0;0;0;0;0;0;0;0;0;0;0;0;0;0;0;8;3;1;0;0;0;0;0;0;0;0;0;0;0;0;0;0;31;0;0;0;0;0;0;0;0;0;0;0;0;0;0;0;0;0;0;0;0;0;0;0;0;0;65
P8S2G:00980:03860_SUB_SUB;194;0;0;0;0;0;0;0;0;0;0;0;0;0;0;0;0;0;0;0;0;0;0;0;0;0;0;0;0;0;0;8;0;0;0;0;0;0;0;0;117;0;0;0;0;0;0;0;5;0;21;0;0;0;0;0;0;0;0;0;0;0;0;0;5;0;6;0;0;0;0;23;0;0;0;0;0;0;0;0;0;0;0;0;0;3;0;0;0;0;6
P8S2G:01170:02413_SUB_SUB;1509;0;0;0;0;0;0;0;0;0;0;0;0;0;0;0;0;0;0;0;0;0;0;0;0;0;0;0;0;0;0;1;0;0;61;0;910;0;0;0;4;0;0;0;511;0;0;0;0;0;0;0;0;0;0;0;0;0;8;0;0;0;0;0;0;0;0;0;0;1;0;0;0;0;0;0;0;0;0;0;0;0;0;0;0;0;2;11;0;0;0
P8S2G:02660:02044_SUB_SUB;139;0;0;0;0;0;0;0;0;0;0;0;0;0;0;0;0;0;0;0;0;0;0;0;0;0;0;0;0;0;0;10;0;0;0;0;0;0;0;0;94;0;0;0;0;0;0;0;4;0;12;0;0;1;1;0;0;0;0;0;0;0;0;0;1;0;1;0;0;0;0;8;0;0;0;0;0;0;0;0;0;0;0;0;0;3;0;0;0;0;4
P8S2G:02231:04020_SUB_SUB;752;0;0;0;0;0;0;0;0;0;0;0;0;0;0;0;0;0;0;0;0;0;0;0;0;0;0;0;0;0;0;1;0;0;0;0;0;0;0;0;0;0;0;0;0;0;0;0;0;0;0;0;0;0;0;0;0;0;0;0;0;751;0;0;0;0;0;0;0;0;0;0;0;0;0;0;0;0;0;0;0;0;0;0;0;0;0;0;0;0;0
P8S2G:04024:06746_SUB_SUB;1930;0;0;0;0;0;0;0;0;0;0;0;0;0;0;0;0;0;0;0;0;0;0;0;0;0;0;0;0;0;0;0;431;0;0;0;0;0;0;0;0;0;1;0;0;0;0;0;0;0;0;0;0;0;0;0;0;0;0;0;0;0;0;0;0;0;387;1111;0;0;0;0;0;0;0;0;0;0;0;0;0;0;0;0;0;0;0;0;0;0;0
P8S2G:04077:06582_SUB_SUB;481;0;0;0;0;0;0;0;0;0;0;0;0;0;0;0;0;0;0;0;0;0;0;0;0;0;0;0;0;0;0;0;481;0;0;0;0;0;0;0;0;0;0;0;0;0;0;0;0;0;0;0;0;0;0;0;0;0;0;0;0;0;0;0;0;0;0;0;0;0;0;0;0;0;0;0;0;0;0;0;0;0;0;0;0;0;0;0;0;0;0
P8S2G:04055:06713_SUB_SUB;312;0;0;0;0;0;0;0;0;0;0;0;0;0;0;0;0;0;0;0;0;0;0;0;0;0;0;0;0;0;0;0;312;0;0;0;0;0;0;0;0;0;0;0;0;0;0;0;0;0;0;0;0;0;0;0;0;0;0;0;0;0;0;0;0;0;0;0;0;0;0;0;0;0;0;0;0;0;0;0;0;0;0;0;0;0;0;0;0;0;0
P8S2G:04074:06876_SUB_SUB;134;0;0;0;0;0;0;0;0;0;0;0;0;0;0;0;0;0;0;0;0;0;0;0;0;0;0;0;0;0;0;0;133;1;0;0;0;0;0;0;0;0;0;0;0;0;0;0;0;0;0;0;0;0;0;0;0;0;0;0;0;0;0;0;0;0;0;0;0;0;0;0;0;0;0;0;0;0;0;0;0;0;0;0;0;0;0;0;0;0;0
P8S2G:04034:07036_SUB_SUB;125;0;0;0;0;0;0;0;0;0;0;0;0;0;0;0;0;0;0;0;0;0;0;0;0;0;0;0;0;0;0;0;117;5;0;0;0;0;0;0;0;0;0;0;0;0;0;0;0;0;0;0;0;0;0;0;0;0;0;0;0;0;0;0;0;0;0;0;0;0;0;0;0;0;0;0;0;0;0;0;0;0;0;0;2;0;0;0;1;0;0
P8S2G:04045:07029_SUB_SUB;102;0;0;0;0;0;0;0;0;0;0;0;0;0;0;0;0;0;0;0;0;0;0;0;0;0;0;0;0;0;0;0;102;0;0;0;0;0;0;0;0;0;0;0;0;0;0;0;0;0;0;0;0;0;0;0;0;0;0;0;0;0;0;0;0;0;0;0;0;0;0;0;0;0;0;0;0;0;0;0;0;0;0;0;0;0;0;0;0;0;0
P8S2G:04213:06942_SUB_SUB;287;0;0;0;0;0;0;0;0;0;0;0;0;0;0;0;0;0;0;0;0;0;0;0;0;0;0;0;0;0;0;0;274;10;0;0;0;0;0;0;0;0;0;0;0;0;0;0;0;0;0;0;0;0;0;0;0;0;0;0;0;0;0;0;0;0;0;0;0;0;0;0;0;0;0;0;0;0;0;0;0;0;0;0;0;0;0;0;3;0;0
P8S2G:04643:06811_SUB_SUB;251;0;0;0;0;0;0;0;0;0;0;0;0;0;0;0;0;0;0;0;0;0;0;0;0;0;0;0;0;0;0;0;249;2;0;0;0;0;0;0;0;0;0;0;0;0;0;0;0;0;0;0;0;0;0;0;0;0;0;0;0;0;0;0;0;0;0;0;0;0;0;0;0;0;0;0;0;0;0;0;0;0;0;0;0;0;0;0;0;0;0
P8S2G:00671:06145_SUB_SUB;174;0;0;0;0;0;0;0;0;0;0;0;0;0;0;0;0;0;0;0;0;0;0;0;0;0;0;0;0;0;0;0;31;0;0;0;0;0;0;0;0;0;0;0;0;0;0;0;0;0;0;0;0;0;0;0;0;0;0;0;0;0;0;0;0;0;37;106;0;0;0;0;0;0;0;0;0;0;0;0;0;0;0;0;0;0;0;0;0;0;0
P8S2G:01026:06024_SUB_SUB;325;0;0;0;0;0;0;0;0;0;0;0;0;0;0;0;0;0;0;0;0;0;0;0;0;0;0;0;0;0;0;0;45;0;0;0;0;0;0;9;52;0;0;2;0;0;0;0;21;11;4;0;3;20;4;3;1;0;0;0;0;0;0;39;0;0;0;42;44;9;0;0;0;0;4;3;0;0;0;0;0;0;0;0;0;0;0;0;0;0;9
P8S2G:00049:03555_SUB_SUB;109;0;0;0;0;0;0;0;0;0;0;0;0;0;0;0;0;0;0;0;0;0;0;0;0;0;0;0;0;0;0;0;16;0;0;0;0;0;0;0;0;0;0;0;0;0;0;0;0;0;0;0;0;0;0;0;0;0;0;0;0;0;0;0;0;0;0;0;0;13;70;6;0;0;0;1;0;0;0;0;0;0;0;3;0;0;0;0;0;0;0
P8S2G:04672:00548_SUB_SUB;232;0;0;0;0;0;0;0;0;0;0;0;0;0;0;0;0;0;0;0;0;0;0;0;0;0;0;0;0;0;0;0;232;0;0;0;0;0;0;0;0;0;0;0;0;0;0;0;0;0;0;0;0;0;0;0;0;0;0;0;0;0;0;0;0;0;0;0;0;0;0;0;0;0;0;0;0;0;0;0;0;0;0;0;0;0;0;0;0;0;0
P8S2G:00956:01458_SUB_SUB;184;0;0;0;0;0;0;0;0;0;0;0;0;0;0;0;0;0;0;0;0;0;0;0;0;0;0;0;0;0;0;0;3;0;0;0;0;0;0;0;0;0;0;0;0;0;0;0;0;0;1;0;0;3;1;0;1;0;0;0;0;0;0;2;0;0;0;0;1;2;0;157;0;0;12;1;0;0;0;0;0;0;0;0;0;0;0;0;0;0;0
P8S2G:00683:04634_SUB_SUB;170;0;0;0;0;0;0;0;0;0;0;0;0;0;0;0;0;0;0;0;0;0;0;0;0;0;0;0;0;0;0;0;1;0;0;0;0;0;0;12;9;0;0;0;0;0;0;0;16;0;3;1;7;15;7;3;0;0;0;0;0;0;0;60;0;0;0;30;0;3;0;0;0;0;2;1;0;0;0;0;0;0;0;0;0;0;0;0;0;0;0
P8S2G:04011:06554_SUB_SUB;484;0;0;0;0;0;0;0;0;0;0;0;0;0;0;0;0;0;0;0;0;0;0;0;0;0;0;0;0;0;0;0;0;484;0;0;0;0;0;0;0;0;0;0;0;0;0;0;0;0;0;0;0;0;0;0;0;0;0;0;0;0;0;0;0;0;0;0;0;0;0;0;0;0;0;0;0;0;0;0;0;0;0;0;0;0;0;0;0;0;0
P8S2G:03991:06684_SUB_SUB;237;0;0;0;0;0;0;0;0;0;0;0;0;0;0;0;0;0;0;0;0;0;0;0;0;0;0;0;0;0;0;0;0;237;0;0;0;0;0;0;0;0;0;0;0;0;0;0;0;0;0;0;0;0;0;0;0;0;0;0;0;0;0;0;0;0;0;0;0;0;0;0;0;0;0;0;0;0;0;0;0;0;0;0;0;0;0;0;0;0;0
P8S2G:03997:06749_SUB_SUB;412;0;0;0;0;0;0;0;0;0;0;0;0;0;0;0;0;0;0;0;0;0;0;0;0;0;0;0;0;0;0;0;0;412;0;0;0;0;0;0;0;0;0;0;0;0;0;0;0;0;0;0;0;0;0;0;0;0;0;0;0;0;0;0;0;0;0;0;0;0;0;0;0;0;0;0;0;0;0;0;0;0;0;0;0;0;0;0;0;0;0
P8S2G:04028:06719_SUB_SUB;108;0;0;0;0;0;0;0;0;0;0;0;0;0;0;0;0;0;0;0;0;0;0;0;0;0;0;0;0;0;0;0;0;96;0;0;0;0;8;0;0;0;0;0;0;0;0;0;0;0;0;0;0;0;0;0;0;0;0;0;0;0;0;0;0;0;0;0;0;0;0;0;4;0;0;0;0;0;0;0;0;0;0;0;0;0;0;0;0;0;0
P8S2G:03996:07037_SUB_SUB;234;0;0;0;0;0;0;0;0;0;0;0;0;0;0;0;0;0;0;0;0;0;0;0;0;0;0;0;0;0;0;0;0;88;89;0;0;0;0;0;50;0;0;0;0;0;0;0;1;0;0;0;0;0;0;0;0;0;2;0;0;0;0;0;0;0;0;0;0;0;0;0;0;0;0;0;0;0;0;0;0;0;0;0;0;0;0;0;0;4;0
P8S2G:04177:06888_SUB_SUB;138;0;0;0;0;0;0;0;0;0;0;0;0;0;0;0;0;0;0;0;0;0;0;0;0;0;0;0;0;0;0;0;0;15;0;0;0;0;0;0;0;0;0;0;0;0;0;0;0;0;0;1;0;0;0;0;0;0;0;0;82;0;0;0;17;0;0;0;0;0;0;0;0;0;0;0;0;0;0;0;0;0;0;0;4;0;19;0;0;0;0
P8S2G:04253:06583_SUB_SUB;452;0;0;0;0;0;0;0;0;0;0;0;0;0;0;0;0;0;0;0;0;0;0;0;0;0;0;0;0;0;0;0;0;136;301;0;0;0;0;0;0;0;0;0;0;0;0;0;0;0;0;0;0;0;0;0;0;0;15;0;0;0;0;0;0;0;0;0;0;0;0;0;0;0;0;0;0;0;0;0;0;0;0;0;0;0;0;0;0;0;0
P8S2G:04296:06672_SUB_SUB;128;0;0;0;0;0;0;0;0;0;0;0;0;0;0;0;0;0;0;0;0;0;0;0;0;0;0;0;0;0;0;0;0;128;0;0;0;0;0;0;0;0;0;0;0;0;0;0;0;0;0;0;0;0;0;0;0;0;0;0;0;0;0;0;0;0;0;0;0;0;0;0;0;0;0;0;0;0;0;0;0;0;0;0;0;0;0;0;0;0;0
P8S2G:04345:06492_SUB_SUB;137;0;0;0;0;0;0;0;0;0;0;0;0;0;0;0;0;0;0;0;0;0;0;0;0;0;0;0;0;0;0;0;0;137;0;0;0;0;0;0;0;0;0;0;0;0;0;0;0;0;0;0;0;0;0;0;0;0;0;0;0;0;0;0;0;0;0;0;0;0;0;0;0;0;0;0;0;0;0;0;0;0;0;0;0;0;0;0;0;0;0
P8S2G:04512:06741_SUB_SUB;119;0;0;0;0;0;0;0;0;0;0;0;0;0;0;0;0;0;0;0;0;0;0;0;0;0;0;0;0;0;0;0;0;118;0;0;0;0;0;0;0;0;0;0;0;0;0;0;0;1;0;0;0;0;0;0;0;0;0;0;0;0;0;0;0;0;0;0;0;0;0;0;0;0;0;0;0;0;0;0;0;0;0;0;0;0;0;0;0;0;0
P8S2G:04531:06919_SUB_SUB;123;0;0;0;0;0;0;0;0;0;0;0;0;0;0;0;0;0;0;0;0;0;0;0;0;0;0;0;0;0;0;0;0;59;0;0;0;0;0;0;0;0;0;0;0;0;0;6;0;0;0;7;0;0;0;0;0;0;0;0;0;0;0;0;16;0;0;0;35;0;0;0;0;0;0;0;0;0;0;0;0;0;0;0;0;0;0;0;0;0;0
P8S2G:04603:06567_SUB_SUB;199;0;0;0;0;0;0;0;0;0;0;0;0;0;0;0;0;0;0;0;0;0;0;0;0;0;0;0;0;0;0;0;0;73;0;0;84;0;0;0;0;0;0;0;0;0;0;0;0;0;0;0;0;0;0;0;0;0;0;0;0;0;0;0;0;0;0;0;0;0;0;0;25;0;0;0;0;0;0;0;0;0;0;0;0;17;0;0;0;0;0
P8S2G:04624:06928_SUB_SUB;115;0;0;0;0;0;0;0;0;0;0;0;0;0;0;0;0;0;0;0;0;0;0;0;0;0;0;0;0;0;0;0;0;82;0;0;0;0;0;0;0;0;0;0;0;0;0;0;33;0;0;0;0;0;0;0;0;0;0;0;0;0;0;0;0;0;0;0;0;0;0;0;0;0;0;0;0;0;0;0;0;0;0;0;0;0;0;0;0;0;0
P8S2G:00909:05896_SUB_SUB;191;0;0;0;0;0;0;0;0;0;0;0;0;0;0;0;0;0;0;0;0;0;0;0;0;0;0;0;0;0;0;0;0;31;0;0;130;0;0;0;0;0;0;0;0;0;0;0;0;0;0;0;0;0;0;0;0;0;0;0;0;0;0;0;0;0;0;0;0;0;0;0;0;0;0;0;0;0;0;0;0;0;0;0;0;0;0;0;0;30;0
P8S2G:00656:02192_SUB_SUB;102;0;0;0;0;0;0;0;0;0;0;0;0;0;0;0;0;0;0;0;0;0;0;0;0;0;0;0;0;0;0;0;0;2;0;0;0;0;0;0;0;0;0;0;0;0;0;0;0;0;0;11;0;0;0;0;0;0;0;0;0;0;0;75;0;0;0;0;0;8;0;6;0;0;0;0;0;0;0;0;0;0;0;0;0;0;0;0;0;0;0
P8S2G:00387:01180_SUB_SUB;240;0;0;0;0;0;0;0;0;0;0;0;0;0;0;0;0;0;0;0;0;0;0;0;0;0;0;0;0;0;0;0;0;6;0;0;179;0;0;0;0;0;0;0;0;0;0;0;0;0;0;0;0;0;0;0;0;0;0;0;0;0;0;0;0;0;0;0;0;0;0;0;55;0;0;0;0;0;0;0;0;0;0;0;0;0;0;0;0;0;0
P8S2G:00466:00697_SUB_SUB;149;0;0;0;0;0;0;0;0;0;0;0;0;0;0;0;0;0;0;0;0;0;0;0;0;0;0;0;0;0;0;0;0;17;0;0;0;0;0;0;0;0;0;0;0;0;0;0;0;0;0;0;0;0;0;0;0;0;0;0;4;0;0;0;0;0;0;0;0;0;0;0;0;0;0;0;0;0;0;0;0;0;0;0;27;6;93;0;2;0;0
P8S2G:00532:00590_SUB_SUB;213;0;0;0;0;0;0;0;0;0;0;0;0;0;0;0;0;0;0;0;0;0;0;0;0;0;0;0;0;0;0;0;0;26;0;0;0;0;0;0;0;0;0;0;0;0;128;0;0;0;0;0;0;0;0;0;0;0;0;0;0;0;0;0;0;0;0;0;0;0;0;2;24;0;0;0;0;0;0;0;0;0;0;32;1;0;0;0;0;0;0
P8S2G:00423:06952_SUB_SUB;719;0;0;0;0;0;0;0;0;0;0;0;0;0;0;0;0;0;0;0;0;0;0;0;0;0;0;0;0;0;0;0;0;6;0;0;0;0;0;0;0;0;0;1;0;0;0;0;0;0;0;51;0;0;0;0;0;0;0;0;0;0;0;636;0;0;0;0;0;11;0;14;0;0;0;0;0;0;0;0;0;0;0;0;0;0;0;0;0;0;0
P8S2G:05283:05522_SUB_SUB;556;0;0;0;0;0;0;0;0;0;0;0;0;0;0;0;0;0;0;0;0;0;0;0;0;0;0;0;0;0;0;0;0;7;0;0;0;0;0;0;0;0;0;0;0;0;0;0;1;0;0;42;0;0;0;0;0;0;0;0;0;0;0;480;0;0;0;0;0;10;0;16;0;0;0;0;0;0;0;0;0;0;0;0;0;0;0;0;0;0;0
P8S2G:03452:01989_SUB_SUB;293;0;0;0;0;0;0;0;0;0;0;0;0;0;0;0;0;0;0;0;0;0;0;0;0;0;0;0;0;0;0;0;0;3;0;0;0;0;0;0;0;0;0;0;0;0;0;0;0;0;0;5;0;0;0;0;0;0;0;0;0;0;0;284;0;0;0;0;0;1;0;0;0;0;0;0;0;0;0;0;0;0;0;0;0;0;0;0;0;0;0
P8S2G:01706:01518_SUB_SUB;111;0;0;0;0;0;0;0;0;0;0;0;0;0;0;0;0;0;0;0;0;0;0;0;0;0;0;0;0;0;0;0;0;1;0;0;0;0;0;0;0;0;0;0;0;0;0;0;0;0;0;1;0;0;0;0;0;0;0;0;0;0;0;108;0;0;0;0;0;0;0;1;0;0;0;0;0;0;0;0;0;0;0;0;0;0;0;0;0;0;0
P8S2G:04001:06416_SUB_SUB;10552;0;0;0;0;0;0;0;0;0;0;0;0;0;0;0;0;0;0;0;0;0;0;0;0;0;0;0;0;0;0;0;0;0;1979;0;0;0;0;0;0;0;0;0;0;0;0;9;0;0;0;0;0;0;0;0;0;0;7;0;1;8556;0;0;0;0;0;0;0;0;0;0;0;0;0;0;0;0;0;0;0;0;0;0;0;0;0;0;0;0;0
P8S2G:04025:06478_SUB_SUB;3503;0;0;0;0;0;0;0;0;0;0;0;0;0;0;0;0;0;0;0;0;0;0;0;0;0;0;0;0;0;0;0;0;0;3501;0;0;0;0;0;0;0;0;0;0;0;0;0;0;0;0;0;0;0;0;0;0;0;0;0;0;1;0;0;0;0;0;0;0;0;0;0;1;0;0;0;0;0;0;0;0;0;0;0;0;0;0;0;0;0;0
P8S2G:04010:06531_SUB_SUB;144;0;0;0;0;0;0;0;0;0;0;0;0;0;0;0;0;0;0;0;0;0;0;0;0;0;0;0;0;0;0;0;0;0;121;0;0;0;0;0;0;0;0;0;0;0;0;0;0;0;0;0;0;0;0;0;0;0;0;0;0;23;0;0;0;0;0;0;0;0;0;0;0;0;0;0;0;0;0;0;0;0;0;0;0;0;0;0;0;0;0
P8S2G:04002:06666_SUB_SUB;315;0;0;0;0;0;0;0;0;0;0;0;0;0;0;0;0;0;0;0;0;0;0;0;0;0;0;0;0;0;0;0;0;0;313;0;0;0;0;0;0;0;0;0;0;0;0;0;0;0;0;0;0;0;0;0;0;0;0;0;0;0;0;0;0;0;0;0;0;0;0;0;0;0;0;0;0;0;0;0;0;0;0;0;0;0;0;0;0;2;0
P8S2G:03996:06824_SUB_SUB;262;0;0;0;0;0;0;0;0;0;0;0;0;0;0;0;0;0;0;0;0;0;0;0;0;0;0;0;0;0;0;0;0;0;262;0;0;0;0;0;0;0;0;0;0;0;0;0;0;0;0;0;0;0;0;0;0;0;0;0;0;0;0;0;0;0;0;0;0;0;0;0;0;0;0;0;0;0;0;0;0;0;0;0;0;0;0;0;0;0;0
P8S2G:03984:06974_SUB_SUB;2572;0;0;0;0;0;0;0;0;0;0;0;0;0;0;0;0;0;0;0;0;0;0;0;0;0;0;0;0;0;0;0;0;0;2572;0;0;0;0;0;0;0;0;0;0;0;0;0;0;0;0;0;0;0;0;0;0;0;0;0;0;0;0;0;0;0;0;0;0;0;0;0;0;0;0;0;0;0;0;0;0;0;0;0;0;0;0;0;0;0;0
P8S2G:04007:07031_SUB_SUB;100;0;0;0;0;0;0;0;0;0;0;0;0;0;0;0;0;0;0;0;0;0;0;0;0;0;0;0;0;0;0;0;0;0;100;0;0;0;0;0;0;0;0;0;0;0;0;0;0;0;0;0;0;0;0;0;0;0;0;0;0;0;0;0;0;0;0;0;0;0;0;0;0;0;0;0;0;0;0;0;0;0;0;0;0;0;0;0;0;0;0
P8S2G:04069:06600_SUB_SUB;421;0;0;0;0;0;0;0;0;0;0;0;0;0;0;0;0;0;0;0;0;0;0;0;0;0;0;0;0;0;0;0;0;0;421;0;0;0;0;0;0;0;0;0;0;0;0;0;0;0;0;0;0;0;0;0;0;0;0;0;0;0;0;0;0;0;0;0;0;0;0;0;0;0;0;0;0;0;0;0;0;0;0;0;0;0;0;0;0;0;0
P8S2G:04075:06821_SUB_SUB;144;0;0;0;0;0;0;0;0;0;0;0;0;0;0;0;0;0;0;0;0;0;0;0;0;0;0;0;0;0;0;0;0;0;144;0;0;0;0;0;0;0;0;0;0;0;0;0;0;0;0;0;0;0;0;0;0;0;0;0;0;0;0;0;0;0;0;0;0;0;0;0;0;0;0;0;0;0;0;0;0;0;0;0;0;0;0;0;0;0;0
P8S2G:04080:06860_SUB_SUB;427;0;0;0;0;0;0;0;0;0;0;0;0;0;0;0;0;0;0;0;0;0;0;0;0;0;0;0;0;0;0;0;0;0;427;0;0;0;0;0;0;0;0;0;0;0;0;0;0;0;0;0;0;0;0;0;0;0;0;0;0;0;0;0;0;0;0;0;0;0;0;0;0;0;0;0;0;0;0;0;0;0;0;0;0;0;0;0;0;0;0
P8S2G:04070:07025_SUB_SUB;253;0;0;0;0;0;0;0;0;0;0;0;0;0;0;0;0;0;0;0;0;0;0;0;0;0;0;0;0;0;0;0;0;0;27;139;0;0;20;0;2;0;33;0;0;0;0;0;0;0;0;0;0;0;0;0;0;0;1;0;0;0;28;0;3;0;0;0;0;0;0;0;0;0;0;0;0;0;0;0;0;0;0;0;0;0;0;0;0;0;0
P8S2G:04125:06475_SUB_SUB;100;0;0;0;0;0;0;0;0;0;0;0;0;0;0;0;0;0;0;0;0;0;0;0;0;0;0;0;0;0;0;0;0;0;97;0;0;0;0;0;0;0;0;0;0;0;0;0;0;0;0;0;0;0;0;0;0;0;0;0;0;0;0;0;0;0;0;0;0;0;0;0;0;0;0;0;0;0;0;0;0;0;0;0;0;0;0;3;0;0;0
P8S2G:04104:06887_SUB_SUB;415;0;0;0;0;0;0;0;0;0;0;0;0;0;0;0;0;0;0;0;0;0;0;0;0;0;0;0;0;0;0;0;0;0;308;37;0;0;5;0;1;0;10;0;0;0;0;0;0;0;0;0;0;0;0;0;0;0;0;0;0;29;2;0;0;0;0;0;0;0;0;23;0;0;0;0;0;0;0;0;0;0;0;0;0;0;0;0;0;0;0
P8S2G:04108:06928_SUB_SUB;105;0;0;0;0;0;0;0;0;0;0;0;0;0;0;0;0;0;0;0;0;0;0;0;0;0;0;0;0;0;0;0;0;0;105;0;0;0;0;0;0;0;0;0;0;0;0;0;0;0;0;0;0;0;0;0;0;0;0;0;0;0;0;0;0;0;0;0;0;0;0;0;0;0;0;0;0;0;0;0;0;0;0;0;0;0;0;0;0;0;0
P8S2G:04122:06900_SUB_SUB;143;0;0;0;0;0;0;0;0;0;0;0;0;0;0;0;0;0;0;0;0;0;0;0;0;0;0;0;0;0;0;0;0;0;140;0;0;0;0;0;0;0;0;0;0;0;0;0;0;0;0;0;0;0;0;0;0;0;3;0;0;0;0;0;0;0;0;0;0;0;0;0;0;0;0;0;0;0;0;0;0;0;0;0;0;0;0;0;0;0;0
P8S2G:04140:06402_SUB_SUB;130;0;0;0;0;0;0;0;0;0;0;0;0;0;0;0;0;0;0;0;0;0;0;0;0;0;0;0;0;0;0;0;0;0;106;0;0;0;2;0;0;0;0;0;0;0;0;0;0;0;0;0;0;0;0;0;0;0;0;0;0;0;0;0;0;0;0;0;0;0;0;0;0;0;0;0;0;0;0;0;0;0;0;0;0;0;0;22;0;0;0
P8S2G:04149:06456_SUB_SUB;251;0;0;0;0;0;0;0;0;0;0;0;0;0;0;0;0;0;0;0;0;0;0;0;0;0;0;0;0;0;0;0;0;0;247;0;0;0;0;0;0;0;0;0;0;0;0;0;0;0;0;0;0;0;0;0;0;0;0;0;0;0;0;0;0;0;0;0;0;0;0;0;0;0;0;0;0;0;4;0;0;0;0;0;0;0;0;0;0;0;0
P8S2G:04180:06472_SUB_SUB;522;0;0;0;0;0;0;0;0;0;0;0;0;0;0;0;0;0;0;0;0;0;0;0;0;0;0;0;0;0;0;0;0;0;522;0;0;0;0;0;0;0;0;0;0;0;0;0;0;0;0;0;0;0;0;0;0;0;0;0;0;0;0;0;0;0;0;0;0;0;0;0;0;0;0;0;0;0;0;0;0;0;0;0;0;0;0;0;0;0;0
P8S2G:04213:06747_SUB_SUB;148;0;0;0;0;0;0;0;0;0;0;0;0;0;0;0;0;0;0;0;0;0;0;0;0;0;0;0;0;0;0;0;0;0;129;0;0;0;0;0;19;0;0;0;0;0;0;0;0;0;0;0;0;0;0;0;0;0;0;0;0;0;0;0;0;0;0;0;0;0;0;0;0;0;0;0;0;0;0;0;0;0;0;0;0;0;0;0;0;0;0
P8S2G:04186:06766_SUB_SUB;518;0;0;0;0;0;0;0;0;0;0;0;0;0;0;0;0;0;0;0;0;0;0;0;0;0;0;0;0;0;0;0;0;0;371;9;0;0;121;0;0;0;0;0;0;0;0;0;0;0;0;0;0;0;0;0;0;0;1;0;0;0;0;0;0;0;0;0;0;0;0;0;0;0;0;0;0;0;0;0;0;0;0;0;0;0;1;14;0;1;0
P8S2G:04257:06498_SUB_SUB;113;0;0;0;0;0;0;0;0;0;0;0;0;0;0;0;0;0;0;0;0;0;0;0;0;0;0;0;0;0;0;0;0;0;112;0;0;0;0;0;0;0;0;0;0;0;0;0;0;0;0;0;0;0;0;0;0;0;0;0;0;0;0;0;0;0;0;0;0;0;0;0;0;0;0;0;0;0;0;0;0;0;0;0;0;0;0;0;1;0;0
P8S2G:04239:06769_SUB_SUB;107;0;0;0;0;0;0;0;0;0;0;0;0;0;0;0;0;0;0;0;0;0;0;0;0;0;0;0;0;0;0;0;0;0;107;0;0;0;0;0;0;0;0;0;0;0;0;0;0;0;0;0;0;0;0;0;0;0;0;0;0;0;0;0;0;0;0;0;0;0;0;0;0;0;0;0;0;0;0;0;0;0;0;0;0;0;0;0;0;0;0
P8S2G:04295:06785_SUB_SUB;137;0;0;0;0;0;0;0;0;0;0;0;0;0;0;0;0;0;0;0;0;0;0;0;0;0;0;0;0;0;0;0;0;0;137;0;0;0;0;0;0;0;0;0;0;0;0;0;0;0;0;0;0;0;0;0;0;0;0;0;0;0;0;0;0;0;0;0;0;0;0;0;0;0;0;0;0;0;0;0;0;0;0;0;0;0;0;0;0;0;0
P8S2G:04350:06529_SUB_SUB;416;0;0;0;0;0;0;0;0;0;0;0;0;0;0;0;0;0;0;0;0;0;0;0;0;0;0;0;0;0;0;0;0;0;6;0;330;0;0;0;0;0;0;0;79;0;0;0;0;0;0;0;0;0;0;0;0;0;0;0;0;0;0;0;0;0;0;0;0;0;0;0;0;0;0;0;0;0;0;0;0;0;0;0;0;0;1;0;0;0;0
P8S2G:04423:06547_SUB_SUB;162;0;0;0;0;0;0;0;0;0;0;0;0;0;0;0;0;0;0;0;0;0;0;0;0;0;0;0;0;0;0;0;0;0;51;111;0;0;0;0;0;0;0;0;0;0;0;0;0;0;0;0;0;0;0;0;0;0;0;0;0;0;0;0;0;0;0;0;0;0;0;0;0;0;0;0;0;0;0;0;0;0;0;0;0;0;0;0;0;0;0
P8S2G:04394:06682_SUB_SUB;273;0;0;0;0;0;0;0;0;0;0;0;0;0;0;0;0;0;0;0;0;0;0;0;0;0;0;0;0;0;0;0;0;0;273;0;0;0;0;0;0;0;0;0;0;0;0;0;0;0;0;0;0;0;0;0;0;0;0;0;0;0;0;0;0;0;0;0;0;0;0;0;0;0;0;0;0;0;0;0;0;0;0;0;0;0;0;0;0;0;0
P8S2G:04410:06804_SUB_SUB;115;0;0;0;0;0;0;0;0;0;0;0;0;0;0;0;0;0;0;0;0;0;0;0;0;0;0;0;0;0;0;0;0;0;115;0;0;0;0;0;0;0;0;0;0;0;0;0;0;0;0;0;0;0;0;0;0;0;0;0;0;0;0;0;0;0;0;0;0;0;0;0;0;0;0;0;0;0;0;0;0;0;0;0;0;0;0;0;0;0;0
P8S2G:04462:06427_SUB_SUB;212;0;0;0;0;0;0;0;0;0;0;0;0;0;0;0;0;0;0;0;0;0;0;0;0;0;0;0;0;0;0;0;0;0;212;0;0;0;0;0;0;0;0;0;0;0;0;0;0;0;0;0;0;0;0;0;0;0;0;0;0;0;0;0;0;0;0;0;0;0;0;0;0;0;0;0;0;0;0;0;0;0;0;0;0;0;0;0;0;0;0
P8S2G:04448:06550_SUB_SUB;278;0;0;0;0;0;0;0;0;0;0;0;0;0;0;0;0;0;0;0;0;0;0;0;0;0;0;0;0;0;0;0;0;0;278;0;0;0;0;0;0;0;0;0;0;0;0;0;0;0;0;0;0;0;0;0;0;0;0;0;0;0;0;0;0;0;0;0;0;0;0;0;0;0;0;0;0;0;0;0;0;0;0;0;0;0;0;0;0;0;0
P8S2G:04578:06722_SUB_SUB;705;0;0;0;0;0;0;0;0;0;0;0;0;0;0;0;0;0;0;0;0;0;0;0;0;0;0;0;0;0;0;0;0;0;101;0;0;0;0;0;63;0;0;0;0;0;0;0;5;0;0;33;0;0;0;0;0;0;337;0;0;0;0;0;29;0;0;0;0;0;0;0;0;0;0;0;0;0;0;0;0;0;0;0;0;0;0;0;0;0;137
P8S2G:04593:06847_SUB_SUB;121;0;0;0;0;0;0;0;0;0;0;0;0;0;0;0;0;0;0;0;0;0;0;0;0;0;0;0;0;0;0;0;0;0;35;0;0;0;0;0;0;0;0;0;0;0;0;0;0;0;0;0;0;0;0;0;0;0;14;0;0;71;0;0;0;0;0;0;0;0;0;0;0;0;0;0;0;0;0;0;0;0;0;0;0;0;0;0;0;0;1
P8S2G:04587:06929_SUB_SUB;1099;0;0;0;0;0;0;0;0;0;0;0;0;0;0;0;0;0;0;0;0;0;0;0;0;0;0;0;0;0;0;0;0;0;208;0;0;0;0;0;0;0;0;0;0;0;0;2;0;0;0;0;0;0;0;0;0;0;0;0;0;889;0;0;0;0;0;0;0;0;0;0;0;0;0;0;0;0;0;0;0;0;0;0;0;0;0;0;0;0;0
P8S2G:04635:06708_SUB_SUB;136;0;0;0;0;0;0;0;0;0;0;0;0;0;0;0;0;0;0;0;0;0;0;0;0;0;0;0;0;0;0;0;0;0;136;0;0;0;0;0;0;0;0;0;0;0;0;0;0;0;0;0;0;0;0;0;0;0;0;0;0;0;0;0;0;0;0;0;0;0;0;0;0;0;0;0;0;0;0;0;0;0;0;0;0;0;0;0;0;0;0
P8S2G:00694:06112_SUB_SUB;154;0;0;0;0;0;0;0;0;0;0;0;0;0;0;0;0;0;0;0;0;0;0;0;0;0;0;0;0;0;0;0;0;0;2;0;0;0;0;4;0;0;0;2;0;128;0;0;0;0;0;0;0;0;0;0;0;0;1;0;5;0;0;0;0;0;0;0;0;0;10;0;0;0;0;0;0;0;0;0;0;0;0;0;0;0;0;0;0;0;2
P8S2G:00684:06263_SUB_SUB;124;0;0;0;0;0;0;0;0;0;0;0;0;0;0;0;0;0;0;0;0;0;0;0;0;0;0;0;0;0;0;0;0;0;122;0;0;0;0;0;0;0;0;0;0;0;0;0;0;0;0;0;0;0;0;0;0;0;0;0;0;2;0;0;0;0;0;0;0;0;0;0;0;0;0;0;0;0;0;0;0;0;0;0;0;0;0;0;0;0;0
P8S2G:00786:06168_SUB_SUB;113;0;0;0;0;0;0;0;0;0;0;0;0;0;0;0;0;0;0;0;0;0;0;0;0;0;0;0;0;0;0;0;0;0;112;0;0;0;0;0;0;0;0;0;0;0;0;0;0;0;0;0;0;0;0;0;0;0;1;0;0;0;0;0;0;0;0;0;0;0;0;0;0;0;0;0;0;0;0;0;0;0;0;0;0;0;0;0;0;0;0
P8S2G:00823:05761_SUB_SUB;110;0;0;0;0;0;0;0;0;0;0;0;0;0;0;0;0;0;0;0;0;0;0;0;0;0;0;0;0;0;0;0;0;0;110;0;0;0;0;0;0;0;0;0;0;0;0;0;0;0;0;0;0;0;0;0;0;0;0;0;0;0;0;0;0;0;0;0;0;0;0;0;0;0;0;0;0;0;0;0;0;0;0;0;0;0;0;0;0;0;0
P8S2G:00923:06199_SUB_SUB;139;0;0;0;0;0;0;0;0;0;0;0;0;0;0;0;0;0;0;0;0;0;0;0;0;0;0;0;0;0;0;0;0;0;18;0;0;0;0;0;0;0;0;0;0;0;0;0;0;0;0;0;0;0;0;0;0;0;0;0;0;0;0;0;0;0;0;0;0;0;0;0;0;0;0;0;0;0;0;0;0;0;0;0;0;0;0;121;0;0;0
P8S2G:01043:05768_SUB_SUB;126;0;0;0;0;0;0;0;0;0;0;0;0;0;0;0;0;0;0;0;0;0;0;0;0;0;0;0;0;0;0;0;0;0;92;0;0;0;0;0;0;0;0;0;0;0;0;0;0;0;0;0;0;0;0;0;0;0;0;0;0;34;0;0;0;0;0;0;0;0;0;0;0;0;0;0;0;0;0;0;0;0;0;0;0;0;0;0;0;0;0
P8S2G:01301:06227_SUB_SUB;155;0;0;0;0;0;0;0;0;0;0;0;0;0;0;0;0;0;0;0;0;0;0;0;0;0;0;0;0;0;0;0;0;0;120;0;0;0;0;0;0;0;0;0;0;0;0;0;0;0;0;0;0;0;0;0;0;0;0;0;0;35;0;0;0;0;0;0;0;0;0;0;0;0;0;0;0;0;0;0;0;0;0;0;0;0;0;0;0;0;0
P8S2G:00081:02342_SUB_SUB;139;0;0;0;0;0;0;0;0;0;0;0;0;0;0;0;0;0;0;0;0;0;0;0;0;0;0;0;0;0;0;0;0;0;51;1;0;0;6;0;0;0;0;0;0;0;0;0;0;0;0;0;0;0;0;0;0;0;3;0;0;0;0;0;0;0;0;0;0;0;0;0;0;0;0;0;0;0;0;0;0;0;0;0;0;0;1;77;0;0;0
P8S2G:00148:02010_SUB_SUB;147;0;0;0;0;0;0;0;0;0;0;0;0;0;0;0;0;0;0;0;0;0;0;0;0;0;0;0;0;0;0;0;0;0;13;0;0;0;0;0;0;0;0;0;0;0;0;0;0;0;0;0;0;0;0;0;0;0;0;0;0;0;0;0;0;0;0;0;0;0;0;0;0;0;0;0;0;0;0;0;0;0;0;0;0;0;0;134;0;0;0
P8S2G:00167:02432_SUB_SUB;724;0;0;0;0;0;0;0;0;0;0;0;0;0;0;0;0;0;0;0;0;0;0;0;0;0;0;0;0;0;0;0;0;0;137;0;0;0;0;0;0;0;0;0;0;0;0;0;0;0;0;0;0;0;0;0;0;0;1;0;0;586;0;0;0;0;0;0;0;0;0;0;0;0;0;0;0;0;0;0;0;0;0;0;0;0;0;0;0;0;0
P8S2G:00539:01922_SUB_SUB;141;0;0;0;0;0;0;0;0;0;0;0;0;0;0;0;0;0;0;0;0;0;0;0;0;0;0;0;0;0;0;0;0;0;22;0;0;0;0;0;0;0;0;0;0;0;0;0;0;0;0;0;0;0;0;0;0;0;0;0;0;119;0;0;0;0;0;0;0;0;0;0;0;0;0;0;0;0;0;0;0;0;0;0;0;0;0;0;0;0;0
P8S2G:00206:01102_SUB_SUB;103;0;0;0;0;0;0;0;0;0;0;0;0;0;0;0;0;0;0;0;0;0;0;0;0;0;0;0;0;0;0;0;0;0;2;0;67;0;0;0;2;0;0;0;31;0;0;0;0;0;0;0;0;0;0;0;0;0;0;0;0;0;0;0;0;0;0;0;0;0;0;0;0;0;0;0;0;0;0;0;0;0;0;0;0;0;0;1;0;0;0
P8S2G:00319:01140_SUB_SUB;113;0;0;0;0;0;0;0;0;0;0;0;0;0;0;0;0;0;0;0;0;0;0;0;0;0;0;0;0;0;0;0;0;0;29;0;0;0;3;0;0;0;0;0;0;0;0;0;0;0;0;1;0;0;0;0;0;0;48;0;0;0;0;0;0;0;0;0;0;0;0;0;0;0;0;0;0;0;0;0;0;0;0;0;0;0;0;24;0;8;0
P8S2G:00631:00524_SUB_SUB;144;0;0;0;0;0;0;0;0;0;0;0;0;0;0;0;0;0;0;0;0;0;0;0;0;0;0;0;0;0;0;0;0;0;3;0;113;0;0;0;0;0;0;0;27;0;0;0;0;0;0;0;0;0;0;0;0;0;0;0;0;0;0;0;0;0;0;0;0;0;0;0;0;0;0;0;0;0;0;0;0;0;0;0;1;0;0;0;0;0;0
P8S2G:00096:06246_SUB_SUB;119;0;0;0;0;0;0;0;0;0;0;0;0;0;0;0;0;0;0;0;0;0;0;0;0;0;0;0;0;0;0;0;0;0;20;0;0;0;89;0;1;0;0;0;0;0;0;0;0;0;0;0;0;0;0;0;0;0;0;0;0;0;9;0;0;0;0;0;0;0;0;0;0;0;0;0;0;0;0;0;0;0;0;0;0;0;0;0;0;0;0
P8S2G:03713:01756_SUB_SUB;117;0;0;0;0;0;0;0;0;0;0;0;0;0;0;0;0;0;0;0;0;0;0;0;0;0;0;0;0;0;0;0;0;0;25;0;0;0;0;0;0;0;0;0;0;0;0;0;0;0;0;0;0;0;0;0;0;0;1;0;0;91;0;0;0;0;0;0;0;0;0;0;0;0;0;0;0;0;0;0;0;0;0;0;0;0;0;0;0;0;0
P8S2G:00627:06859_SUB_SUB;195;0;0;0;0;0;0;0;0;0;0;0;0;0;0;0;0;0;0;0;0;0;0;0;0;0;0;0;0;0;0;0;0;0;2;193;0;0;0;0;0;0;0;0;0;0;0;0;0;0;0;0;0;0;0;0;0;0;0;0;0;0;0;0;0;0;0;0;0;0;0;0;0;0;0;0;0;0;0;0;0;0;0;0;0;0;0;0;0;0;0
P8S2G:00638:06933_SUB_SUB;413;0;0;0;0;0;0;0;0;0;0;0;0;0;0;0;0;0;0;0;0;0;0;0;0;0;0;0;0;0;0;0;0;0;22;0;0;0;0;0;0;0;0;0;0;0;0;0;0;0;0;0;0;0;0;0;0;0;0;0;0;0;0;0;0;0;0;0;0;0;0;0;0;0;0;0;0;0;0;0;0;0;0;0;0;0;0;391;0;0;0
P8S2G:00997:04653_SUB_SUB;130;0;0;0;0;0;0;0;0;0;0;0;0;0;0;0;0;0;0;0;0;0;0;0;0;0;0;0;0;0;0;0;0;0;4;0;0;0;0;0;0;0;0;0;0;0;0;0;0;0;0;0;0;0;0;0;0;0;0;0;0;0;0;0;0;0;0;0;0;0;0;0;0;0;0;0;0;0;0;0;0;0;0;0;0;0;0;125;0;1;0
P8S2G:05158:05193_SUB_SUB;104;0;0;0;0;0;0;0;0;0;0;0;0;0;0;0;0;0;0;0;0;0;0;0;0;0;0;0;0;0;0;0;0;0;3;0;0;0;0;0;0;0;0;0;23;0;0;0;0;0;0;0;0;0;0;0;0;0;0;0;62;0;0;0;16;0;0;0;0;0;0;0;0;0;0;0;0;0;0;0;0;0;0;0;0;0;0;0;0;0;0
P8S2G:00457:03909_SUB_SUB;3979;0;0;0;0;0;0;0;0;0;0;0;0;0;0;0;0;0;0;0;0;0;0;0;0;0;0;0;0;0;0;0;0;0;1;0;0;0;0;0;0;0;0;0;0;0;0;0;0;0;0;0;0;0;0;0;0;0;0;0;0;3977;0;0;1;0;0;0;0;0;0;0;0;0;0;0;0;0;0;0;0;0;0;0;0;0;0;0;0;0;0
P8S2G:04014:06962_SUB_SUB;126;0;0;0;0;0;0;0;0;0;0;0;0;0;0;0;0;0;0;0;0;0;0;0;0;0;0;0;0;0;0;0;0;0;0;125;0;0;0;0;0;0;0;0;0;0;0;0;0;0;0;0;0;0;0;0;0;0;0;0;0;0;0;0;0;0;0;0;0;0;0;1;0;0;0;0;0;0;0;0;0;0;0;0;0;0;0;0;0;0;0
P8S2G:04103:06439_SUB_SUB;198;0;0;0;0;0;0;0;0;0;0;0;0;0;0;0;0;0;0;0;0;0;0;0;0;0;0;0;0;0;0;0;0;0;0;198;0;0;0;0;0;0;0;0;0;0;0;0;0;0;0;0;0;0;0;0;0;0;0;0;0;0;0;0;0;0;0;0;0;0;0;0;0;0;0;0;0;0;0;0;0;0;0;0;0;0;0;0;0;0;0
P8S2G:04095:06566_SUB_SUB;324;0;0;0;0;0;0;0;0;0;0;0;0;0;0;0;0;0;0;0;0;0;0;0;0;0;0;0;0;0;0;0;0;0;0;195;0;0;0;0;0;0;0;0;0;0;0;127;0;0;0;0;0;0;0;0;0;0;0;0;0;0;0;0;0;0;0;0;0;0;0;2;0;0;0;0;0;0;0;0;0;0;0;0;0;0;0;0;0;0;0
P8S2G:00687:06313_SUB_SUB;457;0;0;0;0;0;0;0;0;0;0;0;0;0;0;0;0;0;0;0;0;0;0;0;0;0;0;0;0;0;0;0;0;0;0;76;0;0;0;0;0;0;0;0;0;0;0;381;0;0;0;0;0;0;0;0;0;0;0;0;0;0;0;0;0;0;0;0;0;0;0;0;0;0;0;0;0;0;0;0;0;0;0;0;0;0;0;0;0;0;0
P8S2G:00947:06043_SUB_SUB;1038;0;0;0;0;0;0;0;0;0;0;0;0;0;0;0;0;0;0;0;0;0;0;0;0;0;0;0;0;0;0;0;0;0;0;59;0;0;0;0;0;0;0;0;0;0;0;0;0;0;0;0;0;0;0;0;0;0;3;0;0;0;0;0;0;0;0;0;964;0;0;0;0;0;0;0;0;0;0;0;0;0;0;5;7;0;0;0;0;0;0
P8S2G:00959:06092_SUB_SUB;155;0;0;0;0;0;0;0;0;0;0;0;0;0;0;0;0;0;0;0;0;0;0;0;0;0;0;0;0;0;0;0;0;0;0;141;0;0;0;0;0;0;12;0;0;0;0;0;0;0;0;0;0;0;0;0;0;0;0;0;0;0;1;0;0;0;0;0;0;0;0;1;0;0;0;0;0;0;0;0;0;0;0;0;0;0;0;0;0;0;0
P8S2G:00964:06393_SUB_SUB;3450;0;0;0;0;0;0;0;0;0;0;0;0;0;0;0;0;0;0;0;0;0;0;0;0;0;0;0;0;0;0;0;0;0;0;47;0;0;0;0;0;0;72;0;0;0;0;182;228;29;0;0;0;0;0;0;0;0;0;0;0;0;0;0;539;0;0;0;0;0;0;0;0;0;0;0;0;0;0;0;0;0;0;0;0;0;0;0;0;0;2353
P8S2G:00176:02162_SUB_SUB;250;0;0;0;0;0;0;0;0;0;0;0;0;0;0;0;0;0;0;0;0;0;0;0;0;0;0;0;0;0;0;0;0;0;0;16;0;0;0;0;40;0;0;0;0;0;2;6;9;0;0;2;0;0;0;0;0;0;6;0;4;0;23;0;72;0;0;0;0;0;0;0;0;0;0;0;0;0;0;0;0;0;0;0;0;0;0;43;0;0;27
P8S2G:00509:01929_SUB_SUB;4974;0;0;0;0;0;0;0;0;0;0;0;0;0;0;0;0;0;0;0;0;0;0;0;0;0;0;0;0;0;0;0;0;0;0;39;0;0;0;0;0;0;264;16;0;0;0;172;479;30;0;0;0;0;0;0;0;0;0;0;1;0;0;0;674;0;0;0;0;0;0;0;6;0;0;0;0;0;0;0;0;0;0;0;0;0;0;0;0;0;3293
P8S2G:00440:01195_SUB_SUB;661;0;0;0;0;0;0;0;0;0;0;0;0;0;0;0;0;0;0;0;0;0;0;0;0;0;0;0;0;0;0;0;0;0;0;10;0;0;0;0;0;0;24;0;0;0;0;41;75;10;0;0;0;0;0;0;0;0;0;0;0;0;0;0;180;0;0;0;0;0;0;0;0;0;0;0;0;0;0;0;0;0;0;0;0;0;0;0;0;0;321
P8S2G:00654:00953_SUB_SUB;147;0;0;0;0;0;0;0;0;0;0;0;0;0;0;0;0;0;0;0;0;0;0;0;0;0;0;0;0;0;0;0;0;0;0;25;0;0;0;0;0;0;0;0;0;0;0;0;0;0;0;0;0;0;0;0;0;0;0;0;0;0;0;0;0;122;0;0;0;0;0;0;0;0;0;0;0;0;0;0;0;0;0;0;0;0;0;0;0;0;0
P8S2G:00469:04566_SUB_SUB;516;0;0;0;0;0;0;0;0;0;0;0;0;0;0;0;0;0;0;0;0;0;0;0;0;0;0;0;0;0;0;0;0;0;0;39;0;0;0;0;0;0;38;0;0;0;0;42;31;0;0;0;0;0;0;0;0;0;0;0;0;0;0;0;1;0;0;0;0;0;0;0;0;0;0;0;0;0;0;0;0;0;0;0;0;0;0;0;0;0;365
P8S2G:00450:03765_SUB_SUB;223;0;0;0;0;0;0;0;0;0;0;0;0;0;0;0;0;0;0;0;0;0;0;0;0;0;0;0;0;0;0;0;0;0;0;1;0;0;0;10;0;0;0;3;0;0;0;0;3;0;0;0;0;16;9;1;3;0;0;0;3;0;0;16;0;18;0;70;0;0;0;0;0;0;0;1;38;0;31;0;0;0;0;0;0;0;0;0;0;0;0
P8S2G:00461:03829_SUB_SUB;102;0;0;0;0;0;0;0;0;0;0;0;0;0;0;0;0;0;0;0;0;0;0;0;0;0;0;0;0;0;0;0;0;0;0;51;0;0;0;0;0;0;0;0;0;0;0;0;0;0;0;0;0;0;0;0;0;0;3;0;0;0;6;0;0;0;0;0;0;0;0;0;0;0;0;0;0;0;0;0;0;0;0;0;0;42;0;0;0;0;0
P8S2G:00588:06235_SUB_SUB;140;0;0;0;0;0;0;0;0;0;0;0;0;0;0;0;0;0;0;0;0;0;0;0;0;0;0;0;0;0;0;0;0;0;0;11;0;0;0;0;0;0;6;0;0;0;0;6;5;2;0;0;0;0;0;0;0;0;0;0;0;0;0;0;3;0;0;0;0;0;0;0;0;0;0;0;0;0;0;0;0;0;0;0;0;0;0;0;0;0;107
P8S2G:03763:01875_SUB_SUB;146;0;0;0;0;0;0;0;0;0;0;0;0;0;0;0;0;0;0;0;0;0;0;0;0;0;0;0;0;0;0;0;0;0;0;8;0;0;0;0;0;0;0;0;0;0;0;0;0;0;0;0;0;0;0;0;0;0;0;0;0;0;0;0;0;0;0;0;136;0;0;0;0;0;0;0;0;0;0;0;0;0;0;0;2;0;0;0;0;0;0
P8S2G:03983:01504_SUB_SUB;102;0;0;0;0;0;0;0;0;0;0;0;0;0;0;0;0;0;0;0;0;0;0;0;0;0;0;0;0;0;0;0;0;0;0;8;0;0;0;0;0;0;0;0;0;0;0;93;0;0;0;0;0;0;0;0;0;0;0;0;0;0;0;0;1;0;0;0;0;0;0;0;0;0;0;0;0;0;0;0;0;0;0;0;0;0;0;0;0;0;0
P8S2G:01002:01727_SUB_SUB;114;0;0;0;0;0;0;0;0;0;0;0;0;0;0;0;0;0;0;0;0;0;0;0;0;0;0;0;0;0;0;0;0;0;0;20;0;0;0;0;0;0;0;0;0;0;0;0;0;0;0;0;0;0;0;0;0;0;0;0;2;42;0;0;6;0;0;0;0;0;0;1;0;0;0;0;0;0;0;0;0;0;0;0;0;0;0;43;0;0;0
P8S2G:00993:04183_SUB_SUB;263;0;0;0;0;0;0;0;0;0;0;0;0;0;0;0;0;0;0;0;0;0;0;0;0;0;0;0;0;0;0;0;0;0;0;6;0;0;0;0;0;0;0;0;0;0;0;0;0;0;0;0;0;0;0;0;0;0;0;0;0;0;0;0;0;0;0;0;0;0;0;0;0;0;0;0;0;0;0;0;0;0;0;0;0;0;0;257;0;0;0
P8S2G:04901:02075_SUB_SUB;135;0;0;0;0;0;0;0;0;0;0;0;0;0;0;0;0;0;0;0;0;0;0;0;0;0;0;0;0;0;0;0;0;0;0;1;0;0;0;0;0;0;0;0;0;0;0;0;0;0;0;0;0;0;0;0;0;0;0;0;0;0;0;0;0;0;0;0;0;0;0;0;0;0;0;0;0;0;0;0;0;0;0;0;0;0;0;134;0;0;0
P8S2G:00811:03109_SUB_SUB;562;0;0;0;0;0;0;0;0;0;0;0;0;0;0;0;0;0;0;0;0;0;0;0;0;0;0;0;0;0;0;0;0;0;0;4;0;0;0;0;0;0;20;2;0;0;0;20;72;1;0;0;0;0;0;0;0;0;0;0;0;0;0;0;99;0;0;0;0;0;0;0;1;0;0;0;0;0;0;0;0;0;0;0;0;0;0;0;0;0;343
P8S2G:00921:01237_SUB_SUB;175;0;0;0;0;0;0;0;0;0;0;0;0;0;0;0;0;0;0;0;0;0;0;0;0;0;0;0;0;0;0;0;0;0;0;7;0;0;0;0;0;0;2;0;0;0;0;23;15;1;0;0;0;0;0;0;0;0;0;0;0;0;0;0;19;0;0;0;0;0;0;0;0;0;0;0;0;0;0;0;0;0;0;0;0;0;0;0;0;0;108
P8S2G:04087:03034_SUB_SUB;113;0;0;0;0;0;0;0;0;0;0;0;0;0;0;0;0;0;0;0;0;0;0;0;0;0;0;0;0;0;0;0;0;0;0;25;7;0;2;0;0;0;58;0;0;0;0;2;0;0;0;0;0;0;0;0;0;0;0;0;0;0;0;0;0;0;0;0;0;0;0;12;0;0;0;0;0;0;0;0;2;5;0;0;0;0;0;0;0;0;0
P8S2G:04157:02968_SUB_SUB;106;0;0;0;0;0;0;0;0;0;0;0;0;0;0;0;0;0;0;0;0;0;0;0;0;0;0;0;0;0;0;0;0;0;0;5;0;0;0;0;0;0;0;0;0;0;0;0;0;0;0;0;0;0;0;0;0;0;2;0;0;0;0;0;0;0;0;0;98;0;0;0;0;0;0;0;0;0;0;0;0;0;0;0;1;0;0;0;0;0;0
P8S2G:03878:00753_SUB_SUB;339;0;0;0;0;0;0;0;0;0;0;0;0;0;0;0;0;0;0;0;0;0;0;0;0;0;0;0;0;0;0;0;0;0;0;3;0;0;0;0;0;0;8;0;0;0;0;21;25;0;0;0;0;0;0;0;0;0;0;0;0;0;0;0;60;0;0;0;0;0;0;0;0;0;0;0;0;0;0;0;0;0;0;0;0;0;0;0;0;0;222
P8S2G:02539:04234_SUB_SUB;102;0;0;0;0;0;0;0;0;0;0;0;0;0;0;0;0;0;0;0;0;0;0;0;0;0;0;0;0;0;0;0;0;0;0;2;0;0;0;0;0;0;4;0;0;0;0;4;20;2;0;0;0;0;0;0;0;0;0;0;0;0;0;0;26;0;0;0;0;0;0;0;0;0;0;0;0;0;0;0;0;0;0;0;0;0;0;0;0;0;44
P8S2G:01816:07556_SUB_SUB;117;0;0;0;0;0;0;0;0;0;0;0;0;0;0;0;0;0;0;0;0;0;0;0;0;0;0;0;0;0;0;0;0;0;0;1;0;0;0;0;0;0;0;0;0;0;0;0;0;0;0;0;0;0;0;0;0;0;2;0;0;0;0;0;0;0;0;0;0;0;0;0;0;0;0;0;0;0;0;0;0;0;0;0;0;0;0;114;0;0;0
P8S2G:04001:06584_SUB_SUB;554;0;0;0;0;0;0;0;0;0;0;0;0;0;0;0;0;0;0;0;0;0;0;0;0;0;0;0;0;0;0;0;0;0;0;0;554;0;0;0;0;0;0;0;0;0;0;0;0;0;0;0;0;0;0;0;0;0;0;0;0;0;0;0;0;0;0;0;0;0;0;0;0;0;0;0;0;0;0;0;0;0;0;0;0;0;0;0;0;0;0
P8S2G:04001:06646_SUB_SUB;125;0;0;0;0;0;0;0;0;0;0;0;0;0;0;0;0;0;0;0;0;0;0;0;0;0;0;0;0;0;0;0;0;0;0;0;124;0;0;0;0;0;0;0;0;0;0;0;0;0;0;0;0;0;0;0;0;0;0;0;0;0;0;0;0;0;0;0;0;0;0;0;0;0;0;0;0;0;0;0;0;0;0;0;1;0;0;0;0;0;0
P8S2G:04029:06700_SUB_SUB;378;0;0;0;0;0;0;0;0;0;0;0;0;0;0;0;0;0;0;0;0;0;0;0;0;0;0;0;0;0;0;0;0;0;0;0;378;0;0;0;0;0;0;0;0;0;0;0;0;0;0;0;0;0;0;0;0;0;0;0;0;0;0;0;0;0;0;0;0;0;0;0;0;0;0;0;0;0;0;0;0;0;0;0;0;0;0;0;0;0;0
P8S2G:03987:06793_SUB_SUB;100;0;0;0;0;0;0;0;0;0;0;0;0;0;0;0;0;0;0;0;0;0;0;0;0;0;0;0;0;0;0;0;0;0;0;0;78;0;0;0;0;0;0;0;0;0;0;0;0;0;0;0;0;0;0;0;0;0;0;0;0;0;0;0;0;0;0;0;22;0;0;0;0;0;0;0;0;0;0;0;0;0;0;0;0;0;0;0;0;0;0
P8S2G:03997:06859_SUB_SUB;200;0;0;0;0;0;0;0;0;0;0;0;0;0;0;0;0;0;0;0;0;0;0;0;0;0;0;0;0;0;0;0;0;0;0;0;112;0;0;0;0;0;0;0;0;0;0;0;0;0;0;0;0;0;0;0;0;0;0;0;4;0;0;0;0;0;0;0;0;0;0;0;0;0;0;0;0;0;0;0;0;0;0;0;0;0;0;84;0;0;0
P8S2G:03998:06909_SUB_SUB;1434;0;0;0;0;0;0;0;0;0;0;0;0;0;0;0;0;0;0;0;0;0;0;0;0;0;0;0;0;0;0;0;0;0;0;0;1434;0;0;0;0;0;0;0;0;0;0;0;0;0;0;0;0;0;0;0;0;0;0;0;0;0;0;0;0;0;0;0;0;0;0;0;0;0;0;0;0;0;0;0;0;0;0;0;0;0;0;0;0;0;0
P8S2G:04058:06509_SUB_SUB;833;0;0;0;0;0;0;0;0;0;0;0;0;0;0;0;0;0;0;0;0;0;0;0;0;0;0;0;0;0;0;0;0;0;0;0;833;0;0;0;0;0;0;0;0;0;0;0;0;0;0;0;0;0;0;0;0;0;0;0;0;0;0;0;0;0;0;0;0;0;0;0;0;0;0;0;0;0;0;0;0;0;0;0;0;0;0;0;0;0;0
P8S2G:04066:06545_SUB_SUB;315;0;0;0;0;0;0;0;0;0;0;0;0;0;0;0;0;0;0;0;0;0;0;0;0;0;0;0;0;0;0;0;0;0;0;0;315;0;0;0;0;0;0;0;0;0;0;0;0;0;0;0;0;0;0;0;0;0;0;0;0;0;0;0;0;0;0;0;0;0;0;0;0;0;0;0;0;0;0;0;0;0;0;0;0;0;0;0;0;0;0
P8S2G:04062:06761_SUB_SUB;679;0;0;0;0;0;0;0;0;0;0;0;0;0;0;0;0;0;0;0;0;0;0;0;0;0;0;0;0;0;0;0;0;0;0;0;374;94;0;0;45;0;0;0;3;0;0;0;0;0;0;0;0;0;0;0;0;0;36;0;38;0;0;0;45;0;0;0;0;0;0;0;0;0;0;0;0;0;0;0;0;0;0;0;18;0;0;0;0;26;0
P8S2G:04036:06855_SUB_SUB;194;0;0;0;0;0;0;0;0;0;0;0;0;0;0;0;0;0;0;0;0;0;0;0;0;0;0;0;0;0;0;0;0;0;0;0;79;0;0;0;0;0;0;0;0;0;0;0;0;0;0;0;0;0;0;0;0;0;0;0;0;0;0;0;0;0;0;0;0;0;0;0;0;0;0;0;0;0;0;0;0;0;0;0;16;13;86;0;0;0;0
P8S2G:04047:06876_SUB_SUB;364;0;0;0;0;0;0;0;0;0;0;0;0;0;0;0;0;0;0;0;0;0;0;0;0;0;0;0;0;0;0;0;0;0;0;0;363;0;0;0;0;0;0;0;0;0;0;0;0;0;0;0;0;0;0;0;0;0;0;0;0;0;0;0;0;0;0;0;0;0;0;0;0;0;0;0;0;0;0;0;0;0;0;0;1;0;0;0;0;0;0
P8S2G:04069:06924_SUB_SUB;358;0;0;0;0;0;0;0;0;0;0;0;0;0;0;0;0;0;0;0;0;0;0;0;0;0;0;0;0;0;0;0;0;0;0;0;160;0;0;0;0;0;0;0;0;0;0;0;0;0;0;0;0;0;0;0;0;0;0;0;0;0;0;0;0;0;0;0;0;0;0;0;0;0;0;0;0;0;0;0;0;0;0;114;6;17;57;0;0;0;4
P8S2G:04095:06603_SUB_SUB;154;0;0;0;0;0;0;0;0;0;0;0;0;0;0;0;0;0;0;0;0;0;0;0;0;0;0;0;0;0;0;0;0;0;0;0;154;0;0;0;0;0;0;0;0;0;0;0;0;0;0;0;0;0;0;0;0;0;0;0;0;0;0;0;0;0;0;0;0;0;0;0;0;0;0;0;0;0;0;0;0;0;0;0;0;0;0;0;0;0;0
P8S2G:04137:06428_SUB_SUB;120;0;0;0;0;0;0;0;0;0;0;0;0;0;0;0;0;0;0;0;0;0;0;0;0;0;0;0;0;0;0;0;0;0;0;0;120;0;0;0;0;0;0;0;0;0;0;0;0;0;0;0;0;0;0;0;0;0;0;0;0;0;0;0;0;0;0;0;0;0;0;0;0;0;0;0;0;0;0;0;0;0;0;0;0;0;0;0;0;0;0
P8S2G:04149:06610_SUB_SUB;135;0;0;0;0;0;0;0;0;0;0;0;0;0;0;0;0;0;0;0;0;0;0;0;0;0;0;0;0;0;0;0;0;0;0;0;135;0;0;0;0;0;0;0;0;0;0;0;0;0;0;0;0;0;0;0;0;0;0;0;0;0;0;0;0;0;0;0;0;0;0;0;0;0;0;0;0;0;0;0;0;0;0;0;0;0;0;0;0;0;0
P8S2G:04137:06735_SUB_SUB;186;0;0;0;0;0;0;0;0;0;0;0;0;0;0;0;0;0;0;0;0;0;0;0;0;0;0;0;0;0;0;0;0;0;0;0;169;0;0;0;0;0;0;0;0;0;0;0;0;0;0;0;0;0;0;0;0;0;0;0;0;0;0;0;0;0;0;0;0;0;0;0;0;0;0;0;0;0;0;0;0;17;0;0;0;0;0;0;0;0;0
P8S2G:04167:07038_SUB_SUB;286;0;0;0;0;0;0;0;0;0;0;0;0;0;0;0;0;0;0;0;0;0;0;0;0;0;0;0;0;0;0;0;0;0;0;0;286;0;0;0;0;0;0;0;0;0;0;0;0;0;0;0;0;0;0;0;0;0;0;0;0;0;0;0;0;0;0;0;0;0;0;0;0;0;0;0;0;0;0;0;0;0;0;0;0;0;0;0;0;0;0
P8S2G:04233:06560_SUB_SUB;111;0;0;0;0;0;0;0;0;0;0;0;0;0;0;0;0;0;0;0;0;0;0;0;0;0;0;0;0;0;0;0;0;0;0;0;111;0;0;0;0;0;0;0;0;0;0;0;0;0;0;0;0;0;0;0;0;0;0;0;0;0;0;0;0;0;0;0;0;0;0;0;0;0;0;0;0;0;0;0;0;0;0;0;0;0;0;0;0;0;0
P8S2G:04207:06635_SUB_SUB;237;0;0;0;0;0;0;0;0;0;0;0;0;0;0;0;0;0;0;0;0;0;0;0;0;0;0;0;0;0;0;0;0;0;0;0;237;0;0;0;0;0;0;0;0;0;0;0;0;0;0;0;0;0;0;0;0;0;0;0;0;0;0;0;0;0;0;0;0;0;0;0;0;0;0;0;0;0;0;0;0;0;0;0;0;0;0;0;0;0;0
P8S2G:04197:06815_SUB_SUB;372;0;0;0;0;0;0;0;0;0;0;0;0;0;0;0;0;0;0;0;0;0;0;0;0;0;0;0;0;0;0;0;0;0;0;0;372;0;0;0;0;0;0;0;0;0;0;0;0;0;0;0;0;0;0;0;0;0;0;0;0;0;0;0;0;0;0;0;0;0;0;0;0;0;0;0;0;0;0;0;0;0;0;0;0;0;0;0;0;0;0
P8S2G:04240:06676_SUB_SUB;136;0;0;0;0;0;0;0;0;0;0;0;0;0;0;0;0;0;0;0;0;0;0;0;0;0;0;0;0;0;0;0;0;0;0;0;98;0;0;0;0;0;0;0;0;0;0;0;0;0;0;0;0;0;0;0;0;0;0;0;0;0;0;0;0;0;0;0;0;0;0;0;38;0;0;0;0;0;0;0;0;0;0;0;0;0;0;0;0;0;0
P8S2G:04259:06746_SUB_SUB;320;0;0;0;0;0;0;0;0;0;0;0;0;0;0;0;0;0;0;0;0;0;0;0;0;0;0;0;0;0;0;0;0;0;0;0;51;0;0;0;0;0;0;0;0;0;14;0;7;0;0;0;0;0;0;0;0;0;25;0;54;0;0;0;34;0;0;0;0;0;0;0;0;0;0;0;1;0;0;0;12;0;0;0;9;0;0;0;0;113;0
P8S2G:04300:06463_SUB_SUB;396;0;0;0;0;0;0;0;0;0;0;0;0;0;0;0;0;0;0;0;0;0;0;0;0;0;0;0;0;0;0;0;0;0;0;0;396;0;0;0;0;0;0;0;0;0;0;0;0;0;0;0;0;0;0;0;0;0;0;0;0;0;0;0;0;0;0;0;0;0;0;0;0;0;0;0;0;0;0;0;0;0;0;0;0;0;0;0;0;0;0
P8S2G:04305:06501_SUB_SUB;462;0;0;0;0;0;0;0;0;0;0;0;0;0;0;0;0;0;0;0;0;0;0;0;0;0;0;0;0;0;0;0;0;0;0;0;462;0;0;0;0;0;0;0;0;0;0;0;0;0;0;0;0;0;0;0;0;0;0;0;0;0;0;0;0;0;0;0;0;0;0;0;0;0;0;0;0;0;0;0;0;0;0;0;0;0;0;0;0;0;0
P8S2G:04289:06880_SUB_SUB;106;0;0;0;0;0;0;0;0;0;0;0;0;0;0;0;0;0;0;0;0;0;0;0;0;0;0;0;0;0;0;0;0;0;0;0;92;0;0;0;0;0;0;0;0;0;0;0;0;0;0;0;0;0;0;0;0;0;0;0;0;0;0;0;0;0;0;0;0;0;0;0;0;0;0;0;0;0;0;0;0;0;0;0;0;0;14;0;0;0;0
P8S2G:04301:06932_SUB_SUB;343;0;0;0;0;0;0;0;0;0;0;0;0;0;0;0;0;0;0;0;0;0;0;0;0;0;0;0;0;0;0;0;0;0;0;0;313;0;0;0;0;0;0;0;0;0;0;0;0;0;0;0;0;0;0;0;0;0;0;0;0;0;0;0;0;0;0;0;0;0;0;0;30;0;0;0;0;0;0;0;0;0;0;0;0;0;0;0;0;0;0
P8S2G:04368:06532_SUB_SUB;155;0;0;0;0;0;0;0;0;0;0;0;0;0;0;0;0;0;0;0;0;0;0;0;0;0;0;0;0;0;0;0;0;0;0;0;155;0;0;0;0;0;0;0;0;0;0;0;0;0;0;0;0;0;0;0;0;0;0;0;0;0;0;0;0;0;0;0;0;0;0;0;0;0;0;0;0;0;0;0;0;0;0;0;0;0;0;0;0;0;0
P8S2G:04392:06596_SUB_SUB;147;0;0;0;0;0;0;0;0;0;0;0;0;0;0;0;0;0;0;0;0;0;0;0;0;0;0;0;0;0;0;0;0;0;0;0;147;0;0;0;0;0;0;0;0;0;0;0;0;0;0;0;0;0;0;0;0;0;0;0;0;0;0;0;0;0;0;0;0;0;0;0;0;0;0;0;0;0;0;0;0;0;0;0;0;0;0;0;0;0;0
P8S2G:04401:06662_SUB_SUB;549;0;0;0;0;0;0;0;0;0;0;0;0;0;0;0;0;0;0;0;0;0;0;0;0;0;0;0;0;0;0;0;0;0;0;0;549;0;0;0;0;0;0;0;0;0;0;0;0;0;0;0;0;0;0;0;0;0;0;0;0;0;0;0;0;0;0;0;0;0;0;0;0;0;0;0;0;0;0;0;0;0;0;0;0;0;0;0;0;0;0
P8S2G:04409:06709_SUB_SUB;573;0;0;0;0;0;0;0;0;0;0;0;0;0;0;0;0;0;0;0;0;0;0;0;0;0;0;0;0;0;0;0;0;0;0;0;570;0;0;0;0;0;0;0;0;0;0;0;0;0;0;0;0;0;0;0;0;0;0;0;0;0;0;0;0;0;0;0;0;0;0;0;0;0;0;0;0;0;0;0;0;0;0;0;3;0;0;0;0;0;0
P8S2G:04431:06722_SUB_SUB;215;0;0;0;0;0;0;0;0;0;0;0;0;0;0;0;0;0;0;0;0;0;0;0;0;0;0;0;0;0;0;0;0;0;0;0;193;0;0;0;0;0;0;0;0;0;0;0;0;0;0;0;0;0;0;0;0;0;0;0;0;0;0;0;22;0;0;0;0;0;0;0;0;0;0;0;0;0;0;0;0;0;0;0;0;0;0;0;0;0;0
P8S2G:04444:06406_SUB_SUB;112;0;0;0;0;0;0;0;0;0;0;0;0;0;0;0;0;0;0;0;0;0;0;0;0;0;0;0;0;0;0;0;0;0;0;0;112;0;0;0;0;0;0;0;0;0;0;0;0;0;0;0;0;0;0;0;0;0;0;0;0;0;0;0;0;0;0;0;0;0;0;0;0;0;0;0;0;0;0;0;0;0;0;0;0;0;0;0;0;0;0
P8S2G:04470:06512_SUB_SUB;101;0;0;0;0;0;0;0;0;0;0;0;0;0;0;0;0;0;0;0;0;0;0;0;0;0;0;0;0;0;0;0;0;0;0;0;101;0;0;0;0;0;0;0;0;0;0;0;0;0;0;0;0;0;0;0;0;0;0;0;0;0;0;0;0;0;0;0;0;0;0;0;0;0;0;0;0;0;0;0;0;0;0;0;0;0;0;0;0;0;0
P8S2G:04450:06557_SUB_SUB;151;0;0;0;0;0;0;0;0;0;0;0;0;0;0;0;0;0;0;0;0;0;0;0;0;0;0;0;0;0;0;0;0;0;0;0;125;0;0;0;0;0;0;0;0;0;0;0;0;0;0;0;0;0;0;0;0;0;0;0;0;0;0;0;0;0;0;0;6;0;0;0;20;0;0;0;0;0;0;0;0;0;0;0;0;0;0;0;0;0;0
P8S2G:04533:06842_SUB_SUB;117;0;0;0;0;0;0;0;0;0;0;0;0;0;0;0;0;0;0;0;0;0;0;0;0;0;0;0;0;0;0;0;0;0;0;0;117;0;0;0;0;0;0;0;0;0;0;0;0;0;0;0;0;0;0;0;0;0;0;0;0;0;0;0;0;0;0;0;0;0;0;0;0;0;0;0;0;0;0;0;0;0;0;0;0;0;0;0;0;0;0
P8S2G:04526:07012_SUB_SUB;511;0;0;0;0;0;0;0;0;0;0;0;0;0;0;0;0;0;0;0;0;0;0;0;0;0;0;0;0;0;0;0;0;0;0;0;192;0;0;0;0;0;0;0;0;0;319;0;0;0;0;0;0;0;0;0;0;0;0;0;0;0;0;0;0;0;0;0;0;0;0;0;0;0;0;0;0;0;0;0;0;0;0;0;0;0;0;0;0;0;0
P8S2G:04600:06691_SUB_SUB;115;0;0;0;0;0;0;0;0;0;0;0;0;0;0;0;0;0;0;0;0;0;0;0;0;0;0;0;0;0;0;0;0;0;0;0;115;0;0;0;0;0;0;0;0;0;0;0;0;0;0;0;0;0;0;0;0;0;0;0;0;0;0;0;0;0;0;0;0;0;0;0;0;0;0;0;0;0;0;0;0;0;0;0;0;0;0;0;0;0;0
P8S2G:00727:06343_SUB_SUB;108;0;0;0;0;0;0;0;0;0;0;0;0;0;0;0;0;0;0;0;0;0;0;0;0;0;0;0;0;0;0;0;0;0;0;0;87;0;0;0;0;0;0;0;17;0;0;0;0;0;0;0;0;0;0;0;0;0;0;0;0;0;0;0;0;0;0;0;0;0;0;0;0;0;0;0;0;0;0;0;0;3;0;0;1;0;0;0;0;0;0
P8S2G:00771:06313_SUB_SUB;128;0;0;0;0;0;0;0;0;0;0;0;0;0;0;0;0;0;0;0;0;0;0;0;0;0;0;0;0;0;0;0;0;0;0;0;128;0;0;0;0;0;0;0;0;0;0;0;0;0;0;0;0;0;0;0;0;0;0;0;0;0;0;0;0;0;0;0;0;0;0;0;0;0;0;0;0;0;0;0;0;0;0;0;0;0;0;0;0;0;0
P8S2G:00940:06054_SUB_SUB;110;0;0;0;0;0;0;0;0;0;0;0;0;0;0;0;0;0;0;0;0;0;0;0;0;0;0;0;0;0;0;0;0;0;0;0;110;0;0;0;0;0;0;0;0;0;0;0;0;0;0;0;0;0;0;0;0;0;0;0;0;0;0;0;0;0;0;0;0;0;0;0;0;0;0;0;0;0;0;0;0;0;0;0;0;0;0;0;0;0;0
P8S2G:00467:00753_SUB_SUB;102;0;0;0;0;0;0;0;0;0;0;0;0;0;0;0;0;0;0;0;0;0;0;0;0;0;0;0;0;0;0;0;0;0;0;0;102;0;0;0;0;0;0;0;0;0;0;0;0;0;0;0;0;0;0;0;0;0;0;0;0;0;0;0;0;0;0;0;0;0;0;0;0;0;0;0;0;0;0;0;0;0;0;0;0;0;0;0;0;0;0
P8S2G:03672:01617_SUB_SUB;113;0;0;0;0;0;0;0;0;0;0;0;0;0;0;0;0;0;0;0;0;0;0;0;0;0;0;0;0;0;0;0;0;0;0;0;18;0;0;0;0;0;0;0;0;0;0;0;0;34;0;0;0;0;0;0;0;0;0;0;31;0;0;0;0;0;0;0;0;0;0;0;0;0;0;0;0;0;2;0;26;2;0;0;0;0;0;0;0;0;0
P8S2G:01016:04414_SUB_SUB;106;0;0;0;0;0;0;0;0;0;0;0;0;0;0;0;0;0;0;0;0;0;0;0;0;0;0;0;0;0;0;0;0;0;0;0;10;0;0;0;0;0;17;0;0;0;0;0;0;76;0;0;0;0;0;0;0;0;0;0;3;0;0;0;0;0;0;0;0;0;0;0;0;0;0;0;0;0;0;0;0;0;0;0;0;0;0;0;0;0;0
P8S2G:04113:02817_SUB_SUB;165;0;0;0;0;0;0;0;0;0;0;0;0;0;0;0;0;0;0;0;0;0;0;0;0;0;0;0;0;0;0;0;0;0;0;0;4;0;0;0;28;0;0;0;0;0;0;0;0;3;0;0;0;0;0;0;0;0;10;0;48;0;0;0;42;0;0;0;0;0;0;8;0;0;0;0;0;0;0;0;0;0;0;0;21;0;0;0;1;0;0
P8S2G:04007:06669_SUB_SUB;857;0;0;0;0;0;0;0;0;0;0;0;0;0;0;0;0;0;0;0;0;0;0;0;0;0;0;0;0;0;0;0;0;0;0;0;0;855;0;0;0;0;0;0;0;0;0;0;0;0;0;0;0;0;0;0;0;0;0;0;0;0;0;0;1;0;0;0;0;0;0;0;0;0;0;0;0;1;0;0;0;0;0;0;0;0;0;0;0;0;0
P8S2G:04005:06822_SUB_SUB;1404;0;0;0;0;0;0;0;0;0;0;0;0;0;0;0;0;0;0;0;0;0;0;0;0;0;0;0;0;0;0;0;0;0;0;0;0;1404;0;0;0;0;0;0;0;0;0;0;0;0;0;0;0;0;0;0;0;0;0;0;0;0;0;0;0;0;0;0;0;0;0;0;0;0;0;0;0;0;0;0;0;0;0;0;0;0;0;0;0;0;0
P8S2G:04074:06841_SUB_SUB;534;0;0;0;0;0;0;0;0;0;0;0;0;0;0;0;0;0;0;0;0;0;0;0;0;0;0;0;0;0;0;0;0;0;0;0;0;534;0;0;0;0;0;0;0;0;0;0;0;0;0;0;0;0;0;0;0;0;0;0;0;0;0;0;0;0;0;0;0;0;0;0;0;0;0;0;0;0;0;0;0;0;0;0;0;0;0;0;0;0;0
P8S2G:04107:06484_SUB_SUB;234;0;0;0;0;0;0;0;0;0;0;0;0;0;0;0;0;0;0;0;0;0;0;0;0;0;0;0;0;0;0;0;0;0;0;0;0;234;0;0;0;0;0;0;0;0;0;0;0;0;0;0;0;0;0;0;0;0;0;0;0;0;0;0;0;0;0;0;0;0;0;0;0;0;0;0;0;0;0;0;0;0;0;0;0;0;0;0;0;0;0
P8S2G:04126:06570_SUB_SUB;473;0;0;0;0;0;0;0;0;0;0;0;0;0;0;0;0;0;0;0;0;0;0;0;0;0;0;0;0;0;0;0;0;0;0;0;0;473;0;0;0;0;0;0;0;0;0;0;0;0;0;0;0;0;0;0;0;0;0;0;0;0;0;0;0;0;0;0;0;0;0;0;0;0;0;0;0;0;0;0;0;0;0;0;0;0;0;0;0;0;0
P8S2G:04104:06816_SUB_SUB;392;0;0;0;0;0;0;0;0;0;0;0;0;0;0;0;0;0;0;0;0;0;0;0;0;0;0;0;0;0;0;0;0;0;0;0;0;392;0;0;0;0;0;0;0;0;0;0;0;0;0;0;0;0;0;0;0;0;0;0;0;0;0;0;0;0;0;0;0;0;0;0;0;0;0;0;0;0;0;0;0;0;0;0;0;0;0;0;0;0;0
P8S2G:04284:06546_SUB_SUB;204;0;0;0;0;0;0;0;0;0;0;0;0;0;0;0;0;0;0;0;0;0;0;0;0;0;0;0;0;0;0;0;0;0;0;0;0;200;0;0;0;0;0;0;0;0;0;0;0;0;0;0;0;0;0;0;0;0;0;0;4;0;0;0;0;0;0;0;0;0;0;0;0;0;0;0;0;0;0;0;0;0;0;0;0;0;0;0;0;0;0
P8S2G:04363:06492_SUB_SUB;228;0;0;0;0;0;0;0;0;0;0;0;0;0;0;0;0;0;0;0;0;0;0;0;0;0;0;0;0;0;0;0;0;0;0;0;0;226;0;0;0;0;0;0;0;0;0;0;0;0;0;0;0;0;0;0;0;0;0;0;0;0;0;0;0;0;0;0;0;0;0;0;0;0;0;0;0;0;0;0;0;0;0;0;2;0;0;0;0;0;0
P8S2G:04407:06735_SUB_SUB;145;0;0;0;0;0;0;0;0;0;0;0;0;0;0;0;0;0;0;0;0;0;0;0;0;0;0;0;0;0;0;0;0;0;0;0;0;145;0;0;0;0;0;0;0;0;0;0;0;0;0;0;0;0;0;0;0;0;0;0;0;0;0;0;0;0;0;0;0;0;0;0;0;0;0;0;0;0;0;0;0;0;0;0;0;0;0;0;0;0;0
P8S2G:04497:06663_SUB_SUB;156;0;0;0;0;0;0;0;0;0;0;0;0;0;0;0;0;0;0;0;0;0;0;0;0;0;0;0;0;0;0;0;0;0;0;0;0;30;0;0;0;0;0;0;0;0;0;0;0;0;0;0;0;0;0;0;0;0;0;0;0;0;0;0;0;0;0;0;0;0;0;0;0;0;0;0;0;0;0;0;0;126;0;0;0;0;0;0;0;0;0
P8S2G:04635:06796_SUB_SUB;336;0;0;0;0;0;0;0;0;0;0;0;0;0;0;0;0;0;0;0;0;0;0;0;0;0;0;0;0;0;0;0;0;0;0;0;0;91;0;0;0;0;0;0;245;0;0;0;0;0;0;0;0;0;0;0;0;0;0;0;0;0;0;0;0;0;0;0;0;0;0;0;0;0;0;0;0;0;0;0;0;0;0;0;0;0;0;0;0;0;0
P8S2G:00212:00957_SUB_SUB;299;0;0;0;0;0;0;0;0;0;0;0;0;0;0;0;0;0;0;0;0;0;0;0;0;0;0;0;0;0;0;0;0;0;0;0;0;1;0;0;0;0;0;0;0;0;0;0;0;0;0;0;0;0;0;0;0;0;0;0;0;298;0;0;0;0;0;0;0;0;0;0;0;0;0;0;0;0;0;0;0;0;0;0;0;0;0;0;0;0;0
P8S2G:04059:06659_SUB_SUB;146;0;0;0;0;0;0;0;0;0;0;0;0;0;0;0;0;0;0;0;0;0;0;0;0;0;0;0;0;0;0;0;0;0;0;0;0;0;146;0;0;0;0;0;0;0;0;0;0;0;0;0;0;0;0;0;0;0;0;0;0;0;0;0;0;0;0;0;0;0;0;0;0;0;0;0;0;0;0;0;0;0;0;0;0;0;0;0;0;0;0
P8S2G:04070:06689_SUB_SUB;113;0;0;0;0;0;0;0;0;0;0;0;0;0;0;0;0;0;0;0;0;0;0;0;0;0;0;0;0;0;0;0;0;0;0;0;0;0;17;0;75;0;0;0;0;0;0;0;0;0;0;0;0;0;0;0;0;0;7;0;0;0;0;0;2;0;0;0;0;0;0;0;0;0;0;0;0;0;0;0;0;0;0;0;0;0;0;0;0;0;12
P8S2G:04087:06594_SUB_SUB;232;0;0;0;0;0;0;0;0;0;0;0;0;0;0;0;0;0;0;0;0;0;0;0;0;0;0;0;0;0;0;0;0;0;0;0;0;0;220;0;0;0;0;0;0;0;0;0;0;0;0;0;0;0;0;0;0;0;12;0;0;0;0;0;0;0;0;0;0;0;0;0;0;0;0;0;0;0;0;0;0;0;0;0;0;0;0;0;0;0;0
P8S2G:04143:06841_SUB_SUB;268;0;0;0;0;0;0;0;0;0;0;0;0;0;0;0;0;0;0;0;0;0;0;0;0;0;0;0;0;0;0;0;0;0;0;0;0;0;268;0;0;0;0;0;0;0;0;0;0;0;0;0;0;0;0;0;0;0;0;0;0;0;0;0;0;0;0;0;0;0;0;0;0;0;0;0;0;0;0;0;0;0;0;0;0;0;0;0;0;0;0
P8S2G:04271:06451_SUB_SUB;104;0;0;0;0;0;0;0;0;0;0;0;0;0;0;0;0;0;0;0;0;0;0;0;0;0;0;0;0;0;0;0;0;0;0;0;0;0;104;0;0;0;0;0;0;0;0;0;0;0;0;0;0;0;0;0;0;0;0;0;0;0;0;0;0;0;0;0;0;0;0;0;0;0;0;0;0;0;0;0;0;0;0;0;0;0;0;0;0;0;0
P8S2G:04289:06721_SUB_SUB;253;0;0;0;0;0;0;0;0;0;0;0;0;0;0;0;0;0;0;0;0;0;0;0;0;0;0;0;0;0;0;0;0;0;0;0;0;0;253;0;0;0;0;0;0;0;0;0;0;0;0;0;0;0;0;0;0;0;0;0;0;0;0;0;0;0;0;0;0;0;0;0;0;0;0;0;0;0;0;0;0;0;0;0;0;0;0;0;0;0;0
P8S2G:04518:06555_SUB_SUB;131;0;0;0;0;0;0;0;0;0;0;0;0;0;0;0;0;0;0;0;0;0;0;0;0;0;0;0;0;0;0;0;0;0;0;0;0;0;131;0;0;0;0;0;0;0;0;0;0;0;0;0;0;0;0;0;0;0;0;0;0;0;0;0;0;0;0;0;0;0;0;0;0;0;0;0;0;0;0;0;0;0;0;0;0;0;0;0;0;0;0
P8S2G:01035:06312_SUB_SUB;176;0;0;0;0;0;0;0;0;0;0;0;0;0;0;0;0;0;0;0;0;0;0;0;0;0;0;0;0;0;0;0;0;0;0;0;0;0;122;0;0;0;0;0;0;0;0;0;0;0;0;0;0;0;0;0;0;0;0;0;54;0;0;0;0;0;0;0;0;0;0;0;0;0;0;0;0;0;0;0;0;0;0;0;0;0;0;0;0;0;0
P8S2G:01230:05819_SUB_SUB;140;0;0;0;0;0;0;0;0;0;0;0;0;0;0;0;0;0;0;0;0;0;0;0;0;0;0;0;0;0;0;0;0;0;0;0;0;0;90;0;0;0;0;0;0;0;0;0;0;0;0;0;0;0;0;0;0;0;0;0;0;0;10;0;0;0;0;0;0;0;0;0;0;0;0;0;0;0;0;0;0;0;0;0;0;0;0;0;0;40;0
P8S2G:01251:05815_SUB_SUB;181;0;0;0;0;0;0;0;0;0;0;0;0;0;0;0;0;0;0;0;0;0;0;0;0;0;0;0;0;0;0;0;0;0;0;0;0;0;181;0;0;0;0;0;0;0;0;0;0;0;0;0;0;0;0;0;0;0;0;0;0;0;0;0;0;0;0;0;0;0;0;0;0;0;0;0;0;0;0;0;0;0;0;0;0;0;0;0;0;0;0
P8S2G:00098:02236_SUB_SUB;298;0;0;0;0;0;0;0;0;0;0;0;0;0;0;0;0;0;0;0;0;0;0;0;0;0;0;0;0;0;0;0;0;0;0;0;0;0;298;0;0;0;0;0;0;0;0;0;0;0;0;0;0;0;0;0;0;0;0;0;0;0;0;0;0;0;0;0;0;0;0;0;0;0;0;0;0;0;0;0;0;0;0;0;0;0;0;0;0;0;0
P8S2G:00449:01279_SUB_SUB;120;0;0;0;0;0;0;0;0;0;0;0;0;0;0;0;0;0;0;0;0;0;0;0;0;0;0;0;0;0;0;0;0;0;0;0;0;0;5;0;0;0;0;0;0;0;0;0;0;0;0;0;0;0;0;0;0;0;7;0;0;0;0;0;0;0;0;0;0;0;0;0;0;0;0;0;0;0;0;0;0;0;0;0;0;0;0;108;0;0;0
P8S2G:00055:05053_SUB_SUB;102;0;0;0;0;0;0;0;0;0;0;0;0;0;0;0;0;0;0;0;0;0;0;0;0;0;0;0;0;0;0;0;0;0;0;0;0;0;54;0;0;0;0;0;0;0;0;0;0;0;0;0;0;0;0;0;0;0;1;0;11;0;0;0;36;0;0;0;0;0;0;0;0;0;0;0;0;0;0;0;0;0;0;0;0;0;0;0;0;0;0
P8S2G:03774:03011_SUB_SUB;135;0;0;0;0;0;0;0;0;0;0;0;0;0;0;0;0;0;0;0;0;0;0;0;0;0;0;0;0;0;0;0;0;0;0;0;0;0;2;0;0;0;0;0;0;0;0;0;0;0;0;0;0;0;0;0;0;0;0;0;0;0;0;0;0;0;0;0;0;0;0;0;0;0;0;0;0;0;0;0;0;0;0;0;0;0;0;132;0;1;0
P8S2G:04599:06978_SUB_SUB;125;0;0;0;0;0;0;0;0;0;0;0;0;0;0;0;0;0;0;0;0;0;0;0;0;0;0;0;0;0;0;0;0;0;0;0;0;0;0;15;103;0;0;0;0;0;0;0;0;0;0;0;2;2;0;3;0;0;0;0;0;0;0;0;0;0;0;0;0;0;0;0;0;0;0;0;0;0;0;0;0;0;0;0;0;0;0;0;0;0;0
P8S2G:03744:03660_SUB_SUB;102;0;0;0;0;0;0;0;0;0;0;0;0;0;0;0;0;0;0;0;0;0;0;0;0;0;0;0;0;0;0;0;0;0;0;0;0;0;0;1;15;0;0;0;0;0;0;0;0;0;84;1;0;0;0;0;0;0;0;0;0;0;0;0;0;0;1;0;0;0;0;0;0;0;0;0;0;0;0;0;0;0;0;0;0;0;0;0;0;0;0
P8S2G:01382:05806_SUB_SUB;441;0;0;0;0;0;0;0;0;0;0;0;0;0;0;0;0;0;0;0;0;0;0;0;0;0;0;0;0;0;0;0;0;0;0;0;0;0;0;2;0;2;0;138;0;0;0;0;0;0;2;0;32;163;40;9;44;0;0;0;0;0;0;0;1;0;0;3;0;0;0;0;0;0;2;1;0;0;2;0;0;0;0;0;0;0;0;0;0;0;0
P8S2G:04001:06724_SUB_SUB;371;0;0;0;0;0;0;0;0;0;0;0;0;0;0;0;0;0;0;0;0;0;0;0;0;0;0;0;0;0;0;0;0;0;0;0;0;0;0;0;139;0;0;0;0;0;0;81;13;0;0;67;0;0;0;0;0;0;0;0;0;0;0;0;71;0;0;0;0;0;0;0;0;0;0;0;0;0;0;0;0;0;0;0;0;0;0;0;0;0;0
P8S2G:04020:06702_SUB_SUB;199;0;0;0;0;0;0;0;0;0;0;0;0;0;0;0;0;0;0;0;0;0;0;0;0;0;0;0;0;0;0;0;0;0;0;0;0;0;0;0;199;0;0;0;0;0;0;0;0;0;0;0;0;0;0;0;0;0;0;0;0;0;0;0;0;0;0;0;0;0;0;0;0;0;0;0;0;0;0;0;0;0;0;0;0;0;0;0;0;0;0
P8S2G:04051:06819_SUB_SUB;158;0;0;0;0;0;0;0;0;0;0;0;0;0;0;0;0;0;0;0;0;0;0;0;0;0;0;0;0;0;0;0;0;0;0;0;0;0;0;0;158;0;0;0;0;0;0;0;0;0;0;0;0;0;0;0;0;0;0;0;0;0;0;0;0;0;0;0;0;0;0;0;0;0;0;0;0;0;0;0;0;0;0;0;0;0;0;0;0;0;0
P8S2G:04057:06838_SUB_SUB;443;0;0;0;0;0;0;0;0;0;0;0;0;0;0;0;0;0;0;0;0;0;0;0;0;0;0;0;0;0;0;0;0;0;0;0;0;0;0;0;287;0;0;0;0;0;0;0;2;0;0;2;0;0;0;0;0;0;0;0;0;107;0;0;45;0;0;0;0;0;0;0;0;0;0;0;0;0;0;0;0;0;0;0;0;0;0;0;0;0;0
P8S2G:04066:06874_SUB_SUB;166;0;0;0;0;0;0;0;0;0;0;0;0;0;0;0;0;0;0;0;0;0;0;0;0;0;0;0;0;0;0;0;0;0;0;0;0;0;0;0;166;0;0;0;0;0;0;0;0;0;0;0;0;0;0;0;0;0;0;0;0;0;0;0;0;0;0;0;0;0;0;0;0;0;0;0;0;0;0;0;0;0;0;0;0;0;0;0;0;0;0
P8S2G:04106:06948_SUB_SUB;1096;0;0;0;0;0;0;0;0;0;0;0;0;0;0;0;0;0;0;0;0;0;0;0;0;0;0;0;0;0;0;0;0;0;0;0;0;0;0;0;1093;0;0;0;0;0;0;0;3;0;0;0;0;0;0;0;0;0;0;0;0;0;0;0;0;0;0;0;0;0;0;0;0;0;0;0;0;0;0;0;0;0;0;0;0;0;0;0;0;0;0
P8S2G:04154:06530_SUB_SUB;177;0;0;0;0;0;0;0;0;0;0;0;0;0;0;0;0;0;0;0;0;0;0;0;0;0;0;0;0;0;0;0;0;0;0;0;0;0;0;0;177;0;0;0;0;0;0;0;0;0;0;0;0;0;0;0;0;0;0;0;0;0;0;0;0;0;0;0;0;0;0;0;0;0;0;0;0;0;0;0;0;0;0;0;0;0;0;0;0;0;0
P8S2G:00690:06019_SUB_SUB;133;0;0;0;0;0;0;0;0;0;0;0;0;0;0;0;0;0;0;0;0;0;0;0;0;0;0;0;0;0;0;0;0;0;0;0;0;0;0;0;35;0;0;0;0;0;0;98;0;0;0;0;0;0;0;0;0;0;0;0;0;0;0;0;0;0;0;0;0;0;0;0;0;0;0;0;0;0;0;0;0;0;0;0;0;0;0;0;0;0;0
P8S2G:00940:05871_SUB_SUB;6689;0;0;0;0;0;0;0;0;0;0;0;0;0;0;0;0;0;0;0;0;0;0;0;0;0;0;0;0;0;0;0;0;0;0;0;0;0;0;0;16;0;6657;0;0;0;0;15;0;0;0;0;0;0;0;0;0;0;0;0;0;0;0;0;0;0;0;0;0;0;0;1;0;0;0;0;0;0;0;0;0;0;0;0;0;0;0;0;0;0;0
P8S2G:00939:05928_SUB_SUB;103;0;0;0;0;0;0;0;0;0;0;0;0;0;0;0;0;0;0;0;0;0;0;0;0;0;0;0;0;0;0;0;0;0;0;0;0;0;0;0;86;0;0;0;0;0;0;0;0;0;0;0;0;0;0;0;0;0;4;0;13;0;0;0;0;0;0;0;0;0;0;0;0;0;0;0;0;0;0;0;0;0;0;0;0;0;0;0;0;0;0
P8S2G:01045:06369_SUB_SUB;132;0;0;0;0;0;0;0;0;0;0;0;0;0;0;0;0;0;0;0;0;0;0;0;0;0;0;0;0;0;0;0;0;0;0;0;0;0;0;0;64;0;0;0;0;0;0;0;0;0;0;0;0;0;0;0;0;0;68;0;0;0;0;0;0;0;0;0;0;0;0;0;0;0;0;0;0;0;0;0;0;0;0;0;0;0;0;0;0;0;0
P8S2G:00431:02243_SUB_SUB;103;0;0;0;0;0;0;0;0;0;0;0;0;0;0;0;0;0;0;0;0;0;0;0;0;0;0;0;0;0;0;0;0;0;0;0;0;0;0;0;103;0;0;0;0;0;0;0;0;0;0;0;0;0;0;0;0;0;0;0;0;0;0;0;0;0;0;0;0;0;0;0;0;0;0;0;0;0;0;0;0;0;0;0;0;0;0;0;0;0;0
P8S2G:00437:01153_SUB_SUB;142;0;0;0;0;0;0;0;0;0;0;0;0;0;0;0;0;0;0;0;0;0;0;0;0;0;0;0;0;0;0;0;0;0;0;0;0;0;0;0;8;0;0;0;0;0;0;0;0;0;0;0;0;0;0;0;0;0;0;0;0;0;82;0;0;0;0;0;0;0;0;0;0;0;0;0;0;0;0;0;0;0;0;0;0;0;0;22;0;30;0
P8S2G:05053:05784_SUB_SUB;175;0;0;0;0;0;0;0;0;0;0;0;0;0;0;0;0;0;0;0;0;0;0;0;0;0;0;0;0;0;0;0;0;0;0;0;0;0;0;0;16;0;0;0;0;0;0;83;5;0;0;35;0;0;0;0;0;0;0;0;0;0;0;0;36;0;0;0;0;0;0;0;0;0;0;0;0;0;0;0;0;0;0;0;0;0;0;0;0;0;0
P8S2G:01009:02951_SUB_SUB;262;0;0;0;0;0;0;0;0;0;0;0;0;0;0;0;0;0;0;0;0;0;0;0;0;0;0;0;0;0;0;0;0;0;0;0;0;0;0;0;10;0;0;0;0;0;0;0;24;0;0;55;0;0;0;0;0;0;1;0;0;0;0;0;139;0;0;0;0;0;0;0;0;0;0;0;0;0;0;0;0;0;0;0;0;0;0;0;33;0;0
P8S2G:01123:04758_SUB_SUB;102;0;0;0;0;0;0;0;0;0;0;0;0;0;0;0;0;0;0;0;0;0;0;0;0;0;0;0;0;0;0;0;0;0;0;0;0;0;0;0;4;0;0;0;0;0;0;98;0;0;0;0;0;0;0;0;0;0;0;0;0;0;0;0;0;0;0;0;0;0;0;0;0;0;0;0;0;0;0;0;0;0;0;0;0;0;0;0;0;0;0
P8S2G:01237:05098_SUB_SUB;163;0;0;0;0;0;0;0;0;0;0;0;0;0;0;0;0;0;0;0;0;0;0;0;0;0;0;0;0;0;0;0;0;0;0;0;0;0;0;0;6;0;0;0;0;0;0;136;0;0;0;1;0;0;0;0;0;0;0;0;0;0;0;0;16;0;0;0;0;0;0;0;0;0;0;0;0;0;0;0;0;0;0;0;0;2;0;0;0;0;2
P8S2G:03985:02764_SUB_SUB;287;0;0;0;0;0;0;0;0;0;0;0;0;0;0;0;0;0;0;0;0;0;0;0;0;0;0;0;0;0;0;0;0;0;0;0;0;0;0;0;1;0;0;0;0;0;0;286;0;0;0;0;0;0;0;0;0;0;0;0;0;0;0;0;0;0;0;0;0;0;0;0;0;0;0;0;0;0;0;0;0;0;0;0;0;0;0;0;0;0;0
P8S2G:01573:06956_SUB_SUB;116;0;0;0;0;0;0;0;0;0;0;0;0;0;0;0;0;0;0;0;0;0;0;0;0;0;0;0;0;0;0;0;0;0;0;0;0;0;0;0;1;0;0;0;0;0;0;0;0;0;0;0;0;0;0;0;0;0;0;0;54;0;0;0;29;0;0;0;0;0;0;0;0;0;0;0;0;0;0;0;0;0;0;0;0;0;4;0;0;4;24
P8S2G:00931:03782_SUB_SUB;191;0;0;0;0;0;0;0;0;0;0;0;0;0;0;0;0;0;0;0;0;0;0;0;0;0;0;0;0;0;0;0;0;0;0;0;0;0;0;0;0;4;0;0;0;0;0;0;0;0;171;0;0;0;0;0;3;0;0;0;0;0;0;0;0;0;13;0;0;0;0;0;0;0;0;0;0;0;0;0;0;0;0;0;0;0;0;0;0;0;0
P8S2G:04002:06419_SUB_SUB;530;0;0;0;0;0;0;0;0;0;0;0;0;0;0;0;0;0;0;0;0;0;0;0;0;0;0;0;0;0;0;0;0;0;0;0;0;0;0;0;0;0;517;0;0;0;0;13;0;0;0;0;0;0;0;0;0;0;0;0;0;0;0;0;0;0;0;0;0;0;0;0;0;0;0;0;0;0;0;0;0;0;0;0;0;0;0;0;0;0;0
P8S2G:04031:06639_SUB_SUB;145;0;0;0;0;0;0;0;0;0;0;0;0;0;0;0;0;0;0;0;0;0;0;0;0;0;0;0;0;0;0;0;0;0;0;0;0;0;0;0;0;0;58;0;0;0;0;0;0;0;0;0;0;0;0;0;0;0;0;0;0;87;0;0;0;0;0;0;0;0;0;0;0;0;0;0;0;0;0;0;0;0;0;0;0;0;0;0;0;0;0
P8S2G:04060:06443_SUB_SUB;578;0;0;0;0;0;0;0;0;0;0;0;0;0;0;0;0;0;0;0;0;0;0;0;0;0;0;0;0;0;0;0;0;0;0;0;0;0;0;0;0;0;578;0;0;0;0;0;0;0;0;0;0;0;0;0;0;0;0;0;0;0;0;0;0;0;0;0;0;0;0;0;0;0;0;0;0;0;0;0;0;0;0;0;0;0;0;0;0;0;0
P8S2G:04089:06511_SUB_SUB;387;0;0;0;0;0;0;0;0;0;0;0;0;0;0;0;0;0;0;0;0;0;0;0;0;0;0;0;0;0;0;0;0;0;0;0;0;0;0;0;0;0;387;0;0;0;0;0;0;0;0;0;0;0;0;0;0;0;0;0;0;0;0;0;0;0;0;0;0;0;0;0;0;0;0;0;0;0;0;0;0;0;0;0;0;0;0;0;0;0;0
P8S2G:04097:06926_SUB_SUB;179;0;0;0;0;0;0;0;0;0;0;0;0;0;0;0;0;0;0;0;0;0;0;0;0;0;0;0;0;0;0;0;0;0;0;0;0;0;0;0;0;0;178;0;0;0;0;1;0;0;0;0;0;0;0;0;0;0;0;0;0;0;0;0;0;0;0;0;0;0;0;0;0;0;0;0;0;0;0;0;0;0;0;0;0;0;0;0;0;0;0
P8S2G:04089:06961_SUB_SUB;117;0;0;0;0;0;0;0;0;0;0;0;0;0;0;0;0;0;0;0;0;0;0;0;0;0;0;0;0;0;0;0;0;0;0;0;0;0;0;0;0;0;117;0;0;0;0;0;0;0;0;0;0;0;0;0;0;0;0;0;0;0;0;0;0;0;0;0;0;0;0;0;0;0;0;0;0;0;0;0;0;0;0;0;0;0;0;0;0;0;0
P8S2G:04115:06968_SUB_SUB;757;0;0;0;0;0;0;0;0;0;0;0;0;0;0;0;0;0;0;0;0;0;0;0;0;0;0;0;0;0;0;0;0;0;0;0;0;0;0;0;0;0;131;0;0;0;0;0;0;0;0;0;0;0;0;0;0;0;0;0;0;626;0;0;0;0;0;0;0;0;0;0;0;0;0;0;0;0;0;0;0;0;0;0;0;0;0;0;0;0;0
P8S2G:04142:06945_SUB_SUB;1571;0;0;0;0;0;0;0;0;0;0;0;0;0;0;0;0;0;0;0;0;0;0;0;0;0;0;0;0;0;0;0;0;0;0;0;0;0;0;0;0;0;40;0;0;0;0;230;79;9;0;0;0;0;0;0;0;0;0;0;0;0;0;0;269;0;0;0;0;0;0;0;0;0;0;0;0;0;0;0;0;0;0;0;0;0;0;0;0;0;944
P8S2G:04187:06582_SUB_SUB;109;0;0;0;0;0;0;0;0;0;0;0;0;0;0;0;0;0;0;0;0;0;0;0;0;0;0;0;0;0;0;0;0;0;0;0;0;0;0;0;0;0;89;0;0;0;0;0;0;0;0;0;0;0;0;0;0;0;0;0;0;0;0;0;0;0;0;0;0;0;0;20;0;0;0;0;0;0;0;0;0;0;0;0;0;0;0;0;0;0;0
P8S2G:04283:06517_SUB_SUB;256;0;0;0;0;0;0;0;0;0;0;0;0;0;0;0;0;0;0;0;0;0;0;0;0;0;0;0;0;0;0;0;0;0;0;0;0;0;0;0;0;0;256;0;0;0;0;0;0;0;0;0;0;0;0;0;0;0;0;0;0;0;0;0;0;0;0;0;0;0;0;0;0;0;0;0;0;0;0;0;0;0;0;0;0;0;0;0;0;0;0
P8S2G:04313:06882_SUB_SUB;385;0;0;0;0;0;0;0;0;0;0;0;0;0;0;0;0;0;0;0;0;0;0;0;0;0;0;0;0;0;0;0;0;0;0;0;0;0;0;0;0;0;376;0;0;0;0;9;0;0;0;0;0;0;0;0;0;0;0;0;0;0;0;0;0;0;0;0;0;0;0;0;0;0;0;0;0;0;0;0;0;0;0;0;0;0;0;0;0;0;0
P8S2G:04471:06887_SUB_SUB;146;0;0;0;0;0;0;0;0;0;0;0;0;0;0;0;0;0;0;0;0;0;0;0;0;0;0;0;0;0;0;0;0;0;0;0;0;0;0;0;0;0;146;0;0;0;0;0;0;0;0;0;0;0;0;0;0;0;0;0;0;0;0;0;0;0;0;0;0;0;0;0;0;0;0;0;0;0;0;0;0;0;0;0;0;0;0;0;0;0;0
P8S2G:00686:05848_SUB_SUB;193;0;0;0;0;0;0;0;0;0;0;0;0;0;0;0;0;0;0;0;0;0;0;0;0;0;0;0;0;0;0;0;0;0;0;0;0;0;0;0;0;0;193;0;0;0;0;0;0;0;0;0;0;0;0;0;0;0;0;0;0;0;0;0;0;0;0;0;0;0;0;0;0;0;0;0;0;0;0;0;0;0;0;0;0;0;0;0;0;0;0
P8S2G:00843:06267_SUB_SUB;641;0;0;0;0;0;0;0;0;0;0;0;0;0;0;0;0;0;0;0;0;0;0;0;0;0;0;0;0;0;0;0;0;0;0;0;0;0;0;0;0;0;8;0;0;0;0;40;34;6;0;0;0;0;0;0;0;0;0;0;0;0;0;0;263;0;0;0;0;0;0;0;0;0;0;0;0;0;0;0;0;0;0;0;0;0;0;0;0;0;290
P8S2G:01071:05957_SUB_SUB;170;0;0;0;0;0;0;0;0;0;0;0;0;0;0;0;0;0;0;0;0;0;0;0;0;0;0;0;0;0;0;0;0;0;0;0;0;0;0;0;0;0;5;0;0;0;0;0;0;0;0;0;0;0;0;0;0;0;0;0;0;165;0;0;0;0;0;0;0;0;0;0;0;0;0;0;0;0;0;0;0;0;0;0;0;0;0;0;0;0;0
P8S2G:05008:06749_SUB_SUB;157;0;0;0;0;0;0;0;0;0;0;0;0;0;0;0;0;0;0;0;0;0;0;0;0;0;0;0;0;0;0;0;0;0;0;0;0;0;0;0;0;0;3;0;0;0;0;19;15;2;0;0;0;0;0;0;0;0;0;0;0;0;0;0;38;0;0;0;0;0;0;0;0;0;0;0;0;0;0;0;0;0;0;0;0;0;0;0;0;0;80
P8S2G:04887:01055_SUB_SUB;150;0;0;0;0;0;0;0;0;0;0;0;0;0;0;0;0;0;0;0;0;0;0;0;0;0;0;0;0;0;0;0;0;0;0;0;0;0;0;0;0;0;10;0;0;0;0;0;0;11;0;0;0;0;0;0;0;0;0;0;0;0;0;0;43;0;0;0;0;0;0;0;0;0;0;0;0;0;0;0;0;0;0;0;0;0;0;0;0;0;86
P8S2G:01296:06328_SUB_SUB;558;0;0;0;0;0;0;0;0;0;0;0;0;0;0;0;0;0;0;0;0;0;0;0;0;0;0;0;0;0;0;0;0;0;0;0;0;0;0;0;0;0;0;16;0;0;0;1;3;379;0;0;0;0;0;0;0;0;6;0;0;0;0;0;7;0;0;0;0;0;0;0;0;0;0;0;0;0;0;0;0;0;0;0;0;0;0;0;0;0;146
P8S2G:00154:03413_SUB_SUB;270;0;0;0;0;0;0;0;0;0;0;0;0;0;0;0;0;0;0;0;0;0;0;0;0;0;0;0;0;0;0;0;0;0;0;0;0;0;0;0;0;0;0;26;0;227;0;0;0;0;0;0;0;8;0;4;5;0;0;0;0;0;0;0;0;0;0;0;0;0;0;0;0;0;0;0;0;0;0;0;0;0;0;0;0;0;0;0;0;0;0
P8S2G:02418:02338_SUB_SUB;34317;0;0;0;0;0;0;0;0;0;0;0;0;0;0;0;0;0;0;0;0;0;0;0;0;0;0;0;0;0;0;0;0;0;0;0;0;0;0;0;0;0;0;1;0;0;0;0;0;0;0;0;0;0;0;0;0;0;6;0;1;34307;0;0;0;0;0;0;0;0;0;0;0;0;0;0;0;0;0;0;0;0;2;0;0;0;0;0;0;0;0
P8S2G:03997:06616_SUB_SUB;266;0;0;0;0;0;0;0;0;0;0;0;0;0;0;0;0;0;0;0;0;0;0;0;0;0;0;0;0;0;0;0;0;0;0;0;0;0;0;0;0;0;0;0;266;0;0;0;0;0;0;0;0;0;0;0;0;0;0;0;0;0;0;0;0;0;0;0;0;0;0;0;0;0;0;0;0;0;0;0;0;0;0;0;0;0;0;0;0;0;0
P8S2G:04032:06655_SUB_SUB;101;0;0;0;0;0;0;0;0;0;0;0;0;0;0;0;0;0;0;0;0;0;0;0;0;0;0;0;0;0;0;0;0;0;0;0;0;0;0;0;0;0;0;0;101;0;0;0;0;0;0;0;0;0;0;0;0;0;0;0;0;0;0;0;0;0;0;0;0;0;0;0;0;0;0;0;0;0;0;0;0;0;0;0;0;0;0;0;0;0;0
P8S2G:04055:06596_SUB_SUB;159;0;0;0;0;0;0;0;0;0;0;0;0;0;0;0;0;0;0;0;0;0;0;0;0;0;0;0;0;0;0;0;0;0;0;0;0;0;0;0;0;0;0;0;159;0;0;0;0;0;0;0;0;0;0;0;0;0;0;0;0;0;0;0;0;0;0;0;0;0;0;0;0;0;0;0;0;0;0;0;0;0;0;0;0;0;0;0;0;0;0
P8S2G:04037:06662_SUB_SUB;1533;0;0;0;0;0;0;0;0;0;0;0;0;0;0;0;0;0;0;0;0;0;0;0;0;0;0;0;0;0;0;0;0;0;0;0;0;0;0;0;0;0;0;0;1532;0;0;0;0;0;0;0;0;0;0;0;0;0;0;0;0;0;0;0;0;0;0;0;0;0;0;0;0;0;0;0;0;0;0;0;0;0;0;0;0;0;0;0;1;0;0
P8S2G:04042:06736_SUB_SUB;204;0;0;0;0;0;0;0;0;0;0;0;0;0;0;0;0;0;0;0;0;0;0;0;0;0;0;0;0;0;0;0;0;0;0;0;0;0;0;0;0;0;0;0;204;0;0;0;0;0;0;0;0;0;0;0;0;0;0;0;0;0;0;0;0;0;0;0;0;0;0;0;0;0;0;0;0;0;0;0;0;0;0;0;0;0;0;0;0;0;0
P8S2G:04034:06974_SUB_SUB;676;0;0;0;0;0;0;0;0;0;0;0;0;0;0;0;0;0;0;0;0;0;0;0;0;0;0;0;0;0;0;0;0;0;0;0;0;0;0;0;0;0;0;0;676;0;0;0;0;0;0;0;0;0;0;0;0;0;0;0;0;0;0;0;0;0;0;0;0;0;0;0;0;0;0;0;0;0;0;0;0;0;0;0;0;0;0;0;0;0;0
P8S2G:04057:06991_SUB_SUB;980;0;0;0;0;0;0;0;0;0;0;0;0;0;0;0;0;0;0;0;0;0;0;0;0;0;0;0;0;0;0;0;0;0;0;0;0;0;0;0;0;0;0;0;221;0;0;0;0;0;0;0;0;0;0;0;0;0;2;0;3;644;0;0;0;0;0;0;0;0;0;0;0;0;0;0;0;0;0;0;0;0;0;0;0;0;0;0;0;110;0
P8S2G:04114:06476_SUB_SUB;481;0;0;0;0;0;0;0;0;0;0;0;0;0;0;0;0;0;0;0;0;0;0;0;0;0;0;0;0;0;0;0;0;0;0;0;0;0;0;0;0;0;0;0;481;0;0;0;0;0;0;0;0;0;0;0;0;0;0;0;0;0;0;0;0;0;0;0;0;0;0;0;0;0;0;0;0;0;0;0;0;0;0;0;0;0;0;0;0;0;0
P8S2G:04211:06496_SUB_SUB;155;0;0;0;0;0;0;0;0;0;0;0;0;0;0;0;0;0;0;0;0;0;0;0;0;0;0;0;0;0;0;0;0;0;0;0;0;0;0;0;0;0;0;0;155;0;0;0;0;0;0;0;0;0;0;0;0;0;0;0;0;0;0;0;0;0;0;0;0;0;0;0;0;0;0;0;0;0;0;0;0;0;0;0;0;0;0;0;0;0;0
P8S2G:04233:06838_SUB_SUB;208;0;0;0;0;0;0;0;0;0;0;0;0;0;0;0;0;0;0;0;0;0;0;0;0;0;0;0;0;0;0;0;0;0;0;0;0;0;0;0;0;0;0;0;206;0;0;0;0;0;0;0;0;0;0;0;0;0;0;0;2;0;0;0;0;0;0;0;0;0;0;0;0;0;0;0;0;0;0;0;0;0;0;0;0;0;0;0;0;0;0
P8S2G:04204:07009_SUB_SUB;149;0;0;0;0;0;0;0;0;0;0;0;0;0;0;0;0;0;0;0;0;0;0;0;0;0;0;0;0;0;0;0;0;0;0;0;0;0;0;0;0;0;0;0;149;0;0;0;0;0;0;0;0;0;0;0;0;0;0;0;0;0;0;0;0;0;0;0;0;0;0;0;0;0;0;0;0;0;0;0;0;0;0;0;0;0;0;0;0;0;0
P8S2G:04300:06435_SUB_SUB;131;0;0;0;0;0;0;0;0;0;0;0;0;0;0;0;0;0;0;0;0;0;0;0;0;0;0;0;0;0;0;0;0;0;0;0;0;0;0;0;0;0;0;0;65;0;66;0;0;0;0;0;0;0;0;0;0;0;0;0;0;0;0;0;0;0;0;0;0;0;0;0;0;0;0;0;0;0;0;0;0;0;0;0;0;0;0;0;0;0;0
P8S2G:04479:06787_SUB_SUB;101;0;0;0;0;0;0;0;0;0;0;0;0;0;0;0;0;0;0;0;0;0;0;0;0;0;0;0;0;0;0;0;0;0;0;0;0;0;0;0;0;0;0;0;101;0;0;0;0;0;0;0;0;0;0;0;0;0;0;0;0;0;0;0;0;0;0;0;0;0;0;0;0;0;0;0;0;0;0;0;0;0;0;0;0;0;0;0;0;0;0
P8S2G:04612:06915_SUB_SUB;148;0;0;0;0;0;0;0;0;0;0;0;0;0;0;0;0;0;0;0;0;0;0;0;0;0;0;0;0;0;0;0;0;0;0;0;0;0;0;0;0;0;0;0;148;0;0;0;0;0;0;0;0;0;0;0;0;0;0;0;0;0;0;0;0;0;0;0;0;0;0;0;0;0;0;0;0;0;0;0;0;0;0;0;0;0;0;0;0;0;0
P8S2G:00698:06245_SUB_SUB;100;0;0;0;0;0;0;0;0;0;0;0;0;0;0;0;0;0;0;0;0;0;0;0;0;0;0;0;0;0;0;0;0;0;0;0;0;0;0;0;0;0;0;0;100;0;0;0;0;0;0;0;0;0;0;0;0;0;0;0;0;0;0;0;0;0;0;0;0;0;0;0;0;0;0;0;0;0;0;0;0;0;0;0;0;0;0;0;0;0;0
P8S2G:01223:05816_SUB_SUB;107;0;0;0;0;0;0;0;0;0;0;0;0;0;0;0;0;0;0;0;0;0;0;0;0;0;0;0;0;0;0;0;0;0;0;0;0;0;0;0;0;0;0;0;13;0;11;0;0;0;0;0;0;0;0;0;0;0;0;0;83;0;0;0;0;0;0;0;0;0;0;0;0;0;0;0;0;0;0;0;0;0;0;0;0;0;0;0;0;0;0
P8S2G:01246:06008_SUB_SUB;169;0;0;0;0;0;0;0;0;0;0;0;0;0;0;0;0;0;0;0;0;0;0;0;0;0;0;0;0;0;0;0;0;0;0;0;0;0;0;0;0;0;0;0;169;0;0;0;0;0;0;0;0;0;0;0;0;0;0;0;0;0;0;0;0;0;0;0;0;0;0;0;0;0;0;0;0;0;0;0;0;0;0;0;0;0;0;0;0;0;0
P8S2G:00488:02139_SUB_SUB;154;0;0;0;0;0;0;0;0;0;0;0;0;0;0;0;0;0;0;0;0;0;0;0;0;0;0;0;0;0;0;0;0;0;0;0;0;0;0;0;0;0;0;0;43;0;0;0;0;0;0;0;0;0;0;0;0;0;2;0;1;95;0;0;0;0;0;0;0;0;0;0;0;0;0;0;0;0;0;0;0;0;0;0;0;0;0;0;0;13;0
P8S2G:04023:06505_SUB_SUB;3421;0;0;0;0;0;0;0;0;0;0;0;0;0;0;0;0;0;0;0;0;0;0;0;0;0;0;0;0;0;0;0;0;0;0;0;0;0;0;0;0;0;0;0;0;345;0;0;0;0;0;0;0;0;0;0;0;0;42;0;0;3020;0;0;0;0;0;0;0;0;0;0;0;0;0;0;0;0;0;0;0;14;0;0;0;0;0;0;0;0;0
P8S2G:04008:06595_SUB_SUB;37113;0;0;0;0;0;0;0;0;0;0;0;0;0;0;0;0;0;0;0;0;0;0;0;0;0;0;0;0;0;0;0;0;0;0;0;0;0;0;0;0;0;0;0;0;4268;0;0;0;0;0;0;1;0;0;0;0;0;428;0;0;32234;0;0;0;0;0;0;0;0;0;0;0;0;0;0;0;0;0;0;0;182;0;0;0;0;0;0;0;0;0
P8S2G:04031:06599_SUB_SUB;498;0;0;0;0;0;0;0;0;0;0;0;0;0;0;0;0;0;0;0;0;0;0;0;0;0;0;0;0;0;0;0;0;0;0;0;0;0;0;0;0;0;0;0;0;420;0;0;0;0;0;0;1;35;19;4;17;0;0;0;0;0;0;0;0;0;0;0;0;0;0;0;0;0;0;2;0;0;0;0;0;0;0;0;0;0;0;0;0;0;0
P8S2G:04014:06830_SUB_SUB;508;0;0;0;0;0;0;0;0;0;0;0;0;0;0;0;0;0;0;0;0;0;0;0;0;0;0;0;0;0;0;0;0;0;0;0;0;0;0;0;0;0;0;0;0;411;0;0;0;0;0;0;0;0;0;0;0;0;0;0;0;0;0;0;0;0;0;97;0;0;0;0;0;0;0;0;0;0;0;0;0;0;0;0;0;0;0;0;0;0;0
P8S2G:04528:06818_SUB_SUB;391;0;0;0;0;0;0;0;0;0;0;0;0;0;0;0;0;0;0;0;0;0;0;0;0;0;0;0;0;0;0;0;0;0;0;0;0;0;0;0;0;0;0;0;0;41;0;0;0;0;0;0;0;0;0;0;0;0;6;0;0;342;0;0;0;0;0;0;0;0;0;0;0;0;0;0;0;0;0;0;0;2;0;0;0;0;0;0;0;0;0
P8S2G:04550:06803_SUB_SUB;1224;0;0;0;0;0;0;0;0;0;0;0;0;0;0;0;0;0;0;0;0;0;0;0;0;0;0;0;0;0;0;0;0;0;0;0;0;0;0;0;0;0;0;0;0;135;0;0;0;0;0;0;0;0;0;0;0;0;26;0;0;1061;0;0;0;0;0;0;0;0;0;0;0;0;0;0;0;0;0;0;0;2;0;0;0;0;0;0;0;0;0
P8S2G:01169:06001_SUB_SUB;261;0;0;0;0;0;0;0;0;0;0;0;0;0;0;0;0;0;0;0;0;0;0;0;0;0;0;0;0;0;0;0;0;0;0;0;0;0;0;0;0;0;0;0;0;75;0;0;0;0;0;0;0;0;0;0;0;0;0;0;0;186;0;0;0;0;0;0;0;0;0;0;0;0;0;0;0;0;0;0;0;0;0;0;0;0;0;0;0;0;0
P8S2G:00643:02448_SUB_SUB;128;0;0;0;0;0;0;0;0;0;0;0;0;0;0;0;0;0;0;0;0;0;0;0;0;0;0;0;0;0;0;0;0;0;0;0;0;0;0;0;0;0;0;0;0;26;0;0;0;0;0;0;0;0;0;0;0;0;3;0;0;99;0;0;0;0;0;0;0;0;0;0;0;0;0;0;0;0;0;0;0;0;0;0;0;0;0;0;0;0;0
P8S2G:00477:04640_SUB_SUB;149;0;0;0;0;0;0;0;0;0;0;0;0;0;0;0;0;0;0;0;0;0;0;0;0;0;0;0;0;0;0;0;0;0;0;0;0;0;0;0;0;0;0;0;0;18;0;0;0;0;0;0;0;0;0;0;0;0;3;0;0;126;0;0;0;0;0;0;0;0;0;0;0;0;0;0;0;0;0;0;0;2;0;0;0;0;0;0;0;0;0
P8S2G:03505:01365_SUB_SUB;368;0;0;0;0;0;0;0;0;0;0;0;0;0;0;0;0;0;0;0;0;0;0;0;0;0;0;0;0;0;0;0;0;0;0;0;0;0;0;0;0;0;0;0;0;43;0;0;0;0;0;0;0;0;0;0;0;0;7;0;0;316;0;0;0;0;0;0;0;0;0;0;0;0;0;0;0;0;0;0;0;2;0;0;0;0;0;0;0;0;0
P8S2G:04030:06436_SUB_SUB;330;0;0;0;0;0;0;0;0;0;0;0;0;0;0;0;0;0;0;0;0;0;0;0;0;0;0;0;0;0;0;0;0;0;0;0;0;0;0;0;0;0;0;0;0;0;330;0;0;0;0;0;0;0;0;0;0;0;0;0;0;0;0;0;0;0;0;0;0;0;0;0;0;0;0;0;0;0;0;0;0;0;0;0;0;0;0;0;0;0;0
P8S2G:03989:06723_SUB_SUB;1885;0;0;0;0;0;0;0;0;0;0;0;0;0;0;0;0;0;0;0;0;0;0;0;0;0;0;0;0;0;0;0;0;0;0;0;0;0;0;0;0;0;0;0;0;0;1884;0;0;0;0;0;0;0;0;0;0;0;0;0;0;0;0;0;0;0;0;0;0;0;0;0;0;0;0;0;0;1;0;0;0;0;0;0;0;0;0;0;0;0;0
P8S2G:04002:06793_SUB_SUB;783;0;0;0;0;0;0;0;0;0;0;0;0;0;0;0;0;0;0;0;0;0;0;0;0;0;0;0;0;0;0;0;0;0;0;0;0;0;0;0;0;0;0;0;0;0;780;0;0;0;0;3;0;0;0;0;0;0;0;0;0;0;0;0;0;0;0;0;0;0;0;0;0;0;0;0;0;0;0;0;0;0;0;0;0;0;0;0;0;0;0
P8S2G:04056:06627_SUB_SUB;286;0;0;0;0;0;0;0;0;0;0;0;0;0;0;0;0;0;0;0;0;0;0;0;0;0;0;0;0;0;0;0;0;0;0;0;0;0;0;0;0;0;0;0;0;0;286;0;0;0;0;0;0;0;0;0;0;0;0;0;0;0;0;0;0;0;0;0;0;0;0;0;0;0;0;0;0;0;0;0;0;0;0;0;0;0;0;0;0;0;0
P8S2G:04114:06663_SUB_SUB;350;0;0;0;0;0;0;0;0;0;0;0;0;0;0;0;0;0;0;0;0;0;0;0;0;0;0;0;0;0;0;0;0;0;0;0;0;0;0;0;0;0;0;0;0;0;350;0;0;0;0;0;0;0;0;0;0;0;0;0;0;0;0;0;0;0;0;0;0;0;0;0;0;0;0;0;0;0;0;0;0;0;0;0;0;0;0;0;0;0;0
P8S2G:04105:06792_SUB_SUB;202;0;0;0;0;0;0;0;0;0;0;0;0;0;0;0;0;0;0;0;0;0;0;0;0;0;0;0;0;0;0;0;0;0;0;0;0;0;0;0;0;0;0;0;0;0;200;0;0;0;0;2;0;0;0;0;0;0;0;0;0;0;0;0;0;0;0;0;0;0;0;0;0;0;0;0;0;0;0;0;0;0;0;0;0;0;0;0;0;0;0
P8S2G:04117:06932_SUB_SUB;146;0;0;0;0;0;0;0;0;0;0;0;0;0;0;0;0;0;0;0;0;0;0;0;0;0;0;0;0;0;0;0;0;0;0;0;0;0;0;0;0;0;0;0;0;0;146;0;0;0;0;0;0;0;0;0;0;0;0;0;0;0;0;0;0;0;0;0;0;0;0;0;0;0;0;0;0;0;0;0;0;0;0;0;0;0;0;0;0;0;0
P8S2G:04210:06699_SUB_SUB;118;0;0;0;0;0;0;0;0;0;0;0;0;0;0;0;0;0;0;0;0;0;0;0;0;0;0;0;0;0;0;0;0;0;0;0;0;0;0;0;0;0;0;0;0;0;118;0;0;0;0;0;0;0;0;0;0;0;0;0;0;0;0;0;0;0;0;0;0;0;0;0;0;0;0;0;0;0;0;0;0;0;0;0;0;0;0;0;0;0;0
P8S2G:04243:06606_SUB_SUB;142;0;0;0;0;0;0;0;0;0;0;0;0;0;0;0;0;0;0;0;0;0;0;0;0;0;0;0;0;0;0;0;0;0;0;0;0;0;0;0;0;0;0;0;0;0;142;0;0;0;0;0;0;0;0;0;0;0;0;0;0;0;0;0;0;0;0;0;0;0;0;0;0;0;0;0;0;0;0;0;0;0;0;0;0;0;0;0;0;0;0
P8S2G:04296:06857_SUB_SUB;122;0;0;0;0;0;0;0;0;0;0;0;0;0;0;0;0;0;0;0;0;0;0;0;0;0;0;0;0;0;0;0;0;0;0;0;0;0;0;0;0;0;0;0;0;0;122;0;0;0;0;0;0;0;0;0;0;0;0;0;0;0;0;0;0;0;0;0;0;0;0;0;0;0;0;0;0;0;0;0;0;0;0;0;0;0;0;0;0;0;0
P8S2G:04467:06537_SUB_SUB;477;0;0;0;0;0;0;0;0;0;0;0;0;0;0;0;0;0;0;0;0;0;0;0;0;0;0;0;0;0;0;0;0;0;0;0;0;0;0;0;0;0;0;0;0;0;473;0;0;0;0;4;0;0;0;0;0;0;0;0;0;0;0;0;0;0;0;0;0;0;0;0;0;0;0;0;0;0;0;0;0;0;0;0;0;0;0;0;0;0;0
P8S2G:04475:06578_SUB_SUB;106;0;0;0;0;0;0;0;0;0;0;0;0;0;0;0;0;0;0;0;0;0;0;0;0;0;0;0;0;0;0;0;0;0;0;0;0;0;0;0;0;0;0;0;0;0;106;0;0;0;0;0;0;0;0;0;0;0;0;0;0;0;0;0;0;0;0;0;0;0;0;0;0;0;0;0;0;0;0;0;0;0;0;0;0;0;0;0;0;0;0
P8S2G:04534:06781_SUB_SUB;104;0;0;0;0;0;0;0;0;0;0;0;0;0;0;0;0;0;0;0;0;0;0;0;0;0;0;0;0;0;0;0;0;0;0;0;0;0;0;0;0;0;0;0;0;0;104;0;0;0;0;0;0;0;0;0;0;0;0;0;0;0;0;0;0;0;0;0;0;0;0;0;0;0;0;0;0;0;0;0;0;0;0;0;0;0;0;0;0;0;0
P8S2G:01140:05786_SUB_SUB;136;0;0;0;0;0;0;0;0;0;0;0;0;0;0;0;0;0;0;0;0;0;0;0;0;0;0;0;0;0;0;0;0;0;0;0;0;0;0;0;0;0;0;0;0;0;136;0;0;0;0;0;0;0;0;0;0;0;0;0;0;0;0;0;0;0;0;0;0;0;0;0;0;0;0;0;0;0;0;0;0;0;0;0;0;0;0;0;0;0;0
P8S2G:01169:05895_SUB_SUB;127;0;0;0;0;0;0;0;0;0;0;0;0;0;0;0;0;0;0;0;0;0;0;0;0;0;0;0;0;0;0;0;0;0;0;0;0;0;0;0;0;0;0;0;0;0;127;0;0;0;0;0;0;0;0;0;0;0;0;0;0;0;0;0;0;0;0;0;0;0;0;0;0;0;0;0;0;0;0;0;0;0;0;0;0;0;0;0;0;0;0
P8S2G:00026:02248_SUB_SUB;532;0;0;0;0;0;0;0;0;0;0;0;0;0;0;0;0;0;0;0;0;0;0;0;0;0;0;0;0;0;0;0;0;0;0;0;0;0;0;0;0;0;0;0;0;0;532;0;0;0;0;0;0;0;0;0;0;0;0;0;0;0;0;0;0;0;0;0;0;0;0;0;0;0;0;0;0;0;0;0;0;0;0;0;0;0;0;0;0;0;0
P8S2G:00218:02341_SUB_SUB;147;0;0;0;0;0;0;0;0;0;0;0;0;0;0;0;0;0;0;0;0;0;0;0;0;0;0;0;0;0;0;0;0;0;0;0;0;0;0;0;0;0;0;0;0;0;147;0;0;0;0;0;0;0;0;0;0;0;0;0;0;0;0;0;0;0;0;0;0;0;0;0;0;0;0;0;0;0;0;0;0;0;0;0;0;0;0;0;0;0;0
P8S2G:04018:06667_SUB_SUB;178;0;0;0;0;0;0;0;0;0;0;0;0;0;0;0;0;0;0;0;0;0;0;0;0;0;0;0;0;0;0;0;0;0;0;0;0;0;0;0;0;0;0;0;0;0;0;177;0;0;0;0;0;0;0;0;0;0;0;0;0;0;0;0;1;0;0;0;0;0;0;0;0;0;0;0;0;0;0;0;0;0;0;0;0;0;0;0;0;0;0
P8S2G:04040:06606_SUB_SUB;125;0;0;0;0;0;0;0;0;0;0;0;0;0;0;0;0;0;0;0;0;0;0;0;0;0;0;0;0;0;0;0;0;0;0;0;0;0;0;0;0;0;0;0;0;0;0;125;0;0;0;0;0;0;0;0;0;0;0;0;0;0;0;0;0;0;0;0;0;0;0;0;0;0;0;0;0;0;0;0;0;0;0;0;0;0;0;0;0;0;0
P8S2G:04165:06725_SUB_SUB;130;0;0;0;0;0;0;0;0;0;0;0;0;0;0;0;0;0;0;0;0;0;0;0;0;0;0;0;0;0;0;0;0;0;0;0;0;0;0;0;0;0;0;0;0;0;0;129;0;0;0;1;0;0;0;0;0;0;0;0;0;0;0;0;0;0;0;0;0;0;0;0;0;0;0;0;0;0;0;0;0;0;0;0;0;0;0;0;0;0;0
P8S2G:04188:06737_SUB_SUB;129;0;0;0;0;0;0;0;0;0;0;0;0;0;0;0;0;0;0;0;0;0;0;0;0;0;0;0;0;0;0;0;0;0;0;0;0;0;0;0;0;0;0;0;0;0;0;129;0;0;0;0;0;0;0;0;0;0;0;0;0;0;0;0;0;0;0;0;0;0;0;0;0;0;0;0;0;0;0;0;0;0;0;0;0;0;0;0;0;0;0
P8S2G:04428:06892_SUB_SUB;121;0;0;0;0;0;0;0;0;0;0;0;0;0;0;0;0;0;0;0;0;0;0;0;0;0;0;0;0;0;0;0;0;0;0;0;0;0;0;0;0;0;0;0;0;0;0;23;0;0;0;0;0;0;0;0;0;0;0;0;0;0;0;0;0;0;0;0;98;0;0;0;0;0;0;0;0;0;0;0;0;0;0;0;0;0;0;0;0;0;0
P8S2G:04442:06801_SUB_SUB;1694;0;0;0;0;0;0;0;0;0;0;0;0;0;0;0;0;0;0;0;0;0;0;0;0;0;0;0;0;0;0;0;0;0;0;0;0;0;0;0;0;0;0;0;0;0;0;65;142;6;0;0;0;0;0;0;0;0;0;0;0;0;0;0;44;0;0;0;0;0;0;0;0;0;0;0;0;0;0;0;0;0;0;0;0;0;0;0;0;0;1437
P8S2G:03457:01618_SUB_SUB;511;0;0;0;0;0;0;0;0;0;0;0;0;0;0;0;0;0;0;0;0;0;0;0;0;0;0;0;0;0;0;0;0;0;0;0;0;0;0;0;0;0;0;0;0;0;0;12;54;8;0;0;0;0;0;0;0;0;0;0;0;0;0;0;53;0;0;0;0;0;0;0;0;0;0;0;0;0;0;0;0;0;0;0;0;0;0;0;0;0;384
P8S2G:00773:04882_SUB_SUB;158;0;0;0;0;0;0;0;0;0;0;0;0;0;0;0;0;0;0;0;0;0;0;0;0;0;0;0;0;0;0;0;0;0;0;0;0;0;0;0;0;0;0;0;0;0;0;6;15;3;0;0;0;0;0;0;0;0;0;0;0;0;0;0;6;0;0;0;0;0;0;0;0;0;0;0;0;0;0;0;0;0;0;0;0;0;0;0;0;0;128
P8S2G:04949:04745_SUB_SUB;106;0;0;0;0;0;0;0;0;0;0;0;0;0;0;0;0;0;0;0;0;0;0;0;0;0;0;0;0;0;0;0;0;0;0;0;0;0;0;0;0;0;0;0;0;0;0;3;6;3;0;0;0;0;0;0;0;0;0;0;0;0;0;0;16;0;0;0;0;0;0;0;0;0;0;0;0;0;0;0;0;0;0;0;0;0;0;0;0;0;78
P8S2G:04000:06501_SUB_SUB;359;0;0;0;0;0;0;0;0;0;0;0;0;0;0;0;0;0;0;0;0;0;0;0;0;0;0;0;0;0;0;0;0;0;0;0;0;0;0;0;0;0;0;0;0;0;0;0;359;0;0;0;0;0;0;0;0;0;0;0;0;0;0;0;0;0;0;0;0;0;0;0;0;0;0;0;0;0;0;0;0;0;0;0;0;0;0;0;0;0;0
P8S2G:04156:06406_SUB_SUB;128;0;0;0;0;0;0;0;0;0;0;0;0;0;0;0;0;0;0;0;0;0;0;0;0;0;0;0;0;0;0;0;0;0;0;0;0;0;0;0;0;0;0;0;0;0;0;0;128;0;0;0;0;0;0;0;0;0;0;0;0;0;0;0;0;0;0;0;0;0;0;0;0;0;0;0;0;0;0;0;0;0;0;0;0;0;0;0;0;0;0
P8S2G:04444:06417_SUB_SUB;200;0;0;0;0;0;0;0;0;0;0;0;0;0;0;0;0;0;0;0;0;0;0;0;0;0;0;0;0;0;0;0;0;0;0;0;0;0;0;0;0;0;0;0;0;0;0;0;200;0;0;0;0;0;0;0;0;0;0;0;0;0;0;0;0;0;0;0;0;0;0;0;0;0;0;0;0;0;0;0;0;0;0;0;0;0;0;0;0;0;0
P8S2G:00144:04914_SUB_SUB;112;0;0;0;0;0;0;0;0;0;0;0;0;0;0;0;0;0;0;0;0;0;0;0;0;0;0;0;0;0;0;0;0;0;0;0;0;0;0;0;0;0;0;0;0;0;0;0;5;0;0;1;3;5;3;0;3;0;0;0;0;0;16;3;0;53;0;3;0;0;14;1;0;0;1;1;0;0;0;0;0;0;0;0;0;0;0;0;0;0;0
P8S2G:01035:03377_SUB_SUB;820;0;0;0;0;0;0;0;0;0;0;0;0;0;0;0;0;0;0;0;0;0;0;0;0;0;0;0;0;0;0;0;0;0;0;0;0;0;0;0;0;0;0;0;0;0;0;0;2;14;0;5;0;0;0;0;0;0;0;0;211;0;0;0;155;0;0;0;0;0;0;0;0;0;0;0;0;0;0;0;0;0;0;0;0;0;0;0;0;0;433
P8S2G:02065:01666_SUB_SUB;1341;0;0;0;0;0;0;0;0;0;0;0;0;0;0;0;0;0;0;0;0;0;0;0;0;0;0;0;0;0;0;0;0;0;0;0;0;0;0;0;0;0;0;0;0;0;0;0;2;0;0;0;0;0;0;0;0;0;1331;0;0;0;0;0;8;0;0;0;0;0;0;0;0;0;0;0;0;0;0;0;0;0;0;0;0;0;0;0;0;0;0
P8S2G:04696:03122_SUB_SUB;133;0;0;0;0;0;0;0;0;0;0;0;0;0;0;0;0;0;0;0;0;0;0;0;0;0;0;0;0;0;0;0;0;0;0;0;0;0;0;0;0;0;0;0;0;0;0;0;1;0;0;10;0;0;0;0;0;0;0;0;0;0;0;122;0;0;0;0;0;0;0;0;0;0;0;0;0;0;0;0;0;0;0;0;0;0;0;0;0;0;0
P8S2G:04053:06839_SUB_SUB;330;0;0;0;0;0;0;0;0;0;0;0;0;0;0;0;0;0;0;0;0;0;0;0;0;0;0;0;0;0;0;0;0;0;0;0;0;0;0;0;0;0;0;0;0;0;0;0;0;330;0;0;0;0;0;0;0;0;0;0;0;0;0;0;0;0;0;0;0;0;0;0;0;0;0;0;0;0;0;0;0;0;0;0;0;0;0;0;0;0;0
P8S2G:04111:06652_SUB_SUB;161;0;0;0;0;0;0;0;0;0;0;0;0;0;0;0;0;0;0;0;0;0;0;0;0;0;0;0;0;0;0;0;0;0;0;0;0;0;0;0;0;0;0;0;0;0;0;0;0;161;0;0;0;0;0;0;0;0;0;0;0;0;0;0;0;0;0;0;0;0;0;0;0;0;0;0;0;0;0;0;0;0;0;0;0;0;0;0;0;0;0
P8S2G:01322:05825_SUB_SUB;319;0;0;0;0;0;0;0;0;0;0;0;0;0;0;0;0;0;0;0;0;0;0;0;0;0;0;0;0;0;0;0;0;0;0;0;0;0;0;0;0;0;0;0;0;0;0;0;0;6;0;6;0;0;0;0;0;0;0;0;42;0;0;0;85;0;0;0;0;0;0;0;0;0;0;0;0;0;0;0;0;0;0;0;0;0;0;0;0;0;180
P8S2G:00154:04716_SUB_SUB;101;0;0;0;0;0;0;0;0;0;0;0;0;0;0;0;0;0;0;0;0;0;0;0;0;0;0;0;0;0;0;0;0;0;0;0;0;0;0;0;0;0;0;0;0;0;0;0;0;57;0;0;0;0;0;0;0;0;0;0;9;0;0;0;3;0;0;0;0;0;0;0;0;0;0;0;0;0;0;0;0;0;0;0;0;0;0;0;0;0;32
P8S2G:00553:04753_SUB_SUB;146;0;0;0;0;0;0;0;0;0;0;0;0;0;0;0;0;0;0;0;0;0;0;0;0;0;0;0;0;0;0;0;0;0;0;0;0;0;0;0;0;0;0;0;0;0;0;0;0;7;0;0;0;0;0;0;0;0;0;0;46;0;0;0;0;0;0;0;0;0;0;0;0;0;0;0;0;0;0;0;0;0;0;0;0;0;0;93;0;0;0
P8S2G:03446:01325_SUB_SUB;178;0;0;0;0;0;0;0;0;0;0;0;0;0;0;0;0;0;0;0;0;0;0;0;0;0;0;0;0;0;0;0;0;0;0;0;0;0;0;0;0;0;0;0;0;0;0;0;0;27;0;0;0;0;0;0;0;0;0;0;54;0;0;0;97;0;0;0;0;0;0;0;0;0;0;0;0;0;0;0;0;0;0;0;0;0;0;0;0;0;0
P8S2G:05075:02254_SUB_SUB;181;0;0;0;0;0;0;0;0;0;0;0;0;0;0;0;0;0;0;0;0;0;0;0;0;0;0;0;0;0;0;0;0;0;0;0;0;0;0;0;0;0;0;0;0;0;0;0;0;3;0;2;0;0;0;0;0;0;0;0;17;0;0;0;46;0;0;0;0;0;0;0;0;0;0;0;0;0;0;0;0;0;0;0;0;0;0;0;0;0;113
P8S2G:00892:02652_SUB_SUB;170;0;0;0;0;0;0;0;0;0;0;0;0;0;0;0;0;0;0;0;0;0;0;0;0;0;0;0;0;0;0;0;0;0;0;0;0;0;0;0;0;0;0;0;0;0;0;0;0;7;0;0;0;0;0;0;0;0;0;0;21;0;0;0;7;0;0;0;0;0;0;0;0;0;0;0;0;0;0;0;0;0;0;0;0;0;0;0;0;0;135
P8S2G:04047:06488_SUB_SUB;354;0;0;0;0;0;0;0;0;0;0;0;0;0;0;0;0;0;0;0;0;0;0;0;0;0;0;0;0;0;0;0;0;0;0;0;0;0;0;0;0;0;0;0;0;0;0;0;0;0;354;0;0;0;0;0;0;0;0;0;0;0;0;0;0;0;0;0;0;0;0;0;0;0;0;0;0;0;0;0;0;0;0;0;0;0;0;0;0;0;0
P8S2G:00199:02331_SUB_SUB;636;0;0;0;0;0;0;0;0;0;0;0;0;0;0;0;0;0;0;0;0;0;0;0;0;0;0;0;0;0;0;0;0;0;0;0;0;0;0;0;0;0;0;0;0;0;0;0;0;0;0;27;0;0;0;0;0;0;0;0;0;0;0;600;0;0;0;0;0;6;0;3;0;0;0;0;0;0;0;0;0;0;0;0;0;0;0;0;0;0;0
P8S2G:00627:02194_SUB_SUB;112;0;0;0;0;0;0;0;0;0;0;0;0;0;0;0;0;0;0;0;0;0;0;0;0;0;0;0;0;0;0;0;0;0;0;0;0;0;0;0;0;0;0;0;0;0;0;0;0;0;0;13;0;0;0;0;0;0;0;0;0;0;0;86;0;0;0;0;0;4;0;9;0;0;0;0;0;0;0;0;0;0;0;0;0;0;0;0;0;0;0
P8S2G:00037:06103_SUB_SUB;113;0;0;0;0;0;0;0;0;0;0;0;0;0;0;0;0;0;0;0;0;0;0;0;0;0;0;0;0;0;0;0;0;0;0;0;0;0;0;0;0;0;0;0;0;0;0;0;0;0;0;12;0;0;0;0;0;0;0;0;0;0;0;101;0;0;0;0;0;0;0;0;0;0;0;0;0;0;0;0;0;0;0;0;0;0;0;0;0;0;0
P8S2G:02703:02292_SUB_SUB;107;0;0;0;0;0;0;0;0;0;0;0;0;0;0;0;0;0;0;0;0;0;0;0;0;0;0;0;0;0;0;0;0;0;0;0;0;0;0;0;0;0;0;0;0;0;0;0;0;0;0;6;0;0;0;0;0;0;0;0;0;0;0;101;0;0;0;0;0;0;0;0;0;0;0;0;0;0;0;0;0;0;0;0;0;0;0;0;0;0;0
P8S2G:04977:05433_SUB_SUB;102;0;0;0;0;0;0;0;0;0;0;0;0;0;0;0;0;0;0;0;0;0;0;0;0;0;0;0;0;0;0;0;0;0;0;0;0;0;0;0;0;0;0;0;0;0;0;0;0;0;0;10;0;0;0;0;0;0;0;0;0;0;0;92;0;0;0;0;0;0;0;0;0;0;0;0;0;0;0;0;0;0;0;0;0;0;0;0;0;0;0
P8S2G:03608:06490_SUB_SUB;111;0;0;0;0;0;0;0;0;0;0;0;0;0;0;0;0;0;0;0;0;0;0;0;0;0;0;0;0;0;0;0;0;0;0;0;0;0;0;0;0;0;0;0;0;0;0;0;0;0;0;7;0;0;0;0;0;0;0;0;0;0;0;101;0;0;0;0;0;3;0;0;0;0;0;0;0;0;0;0;0;0;0;0;0;0;0;0;0;0;0
P8S2G:00527:04057_SUB_SUB;200;0;0;0;0;0;0;0;0;0;0;0;0;0;0;0;0;0;0;0;0;0;0;0;0;0;0;0;0;0;0;0;0;0;0;0;0;0;0;0;0;0;0;0;0;0;0;0;0;0;0;1;0;0;0;0;0;0;3;0;0;0;0;0;0;0;0;0;0;0;0;0;0;0;0;0;0;0;0;0;0;0;0;0;0;0;0;196;0;0;0
P8S2G:00821:06168_SUB_SUB;199;0;0;0;0;0;0;0;0;0;0;0;0;0;0;0;0;0;0;0;0;0;0;0;0;0;0;0;0;0;0;0;0;0;0;0;0;0;0;0;0;0;0;0;0;0;0;0;0;0;0;0;18;65;57;11;13;0;0;0;0;0;0;0;0;0;0;0;0;0;0;0;0;0;22;13;0;0;0;0;0;0;0;0;0;0;0;0;0;0;0
P8S2G:00022:02148_SUB_SUB;144;0;0;0;0;0;0;0;0;0;0;0;0;0;0;0;0;0;0;0;0;0;0;0;0;0;0;0;0;0;0;0;0;0;0;0;0;0;0;0;0;0;0;0;0;0;0;0;0;0;0;0;9;58;34;18;7;0;0;0;0;0;0;0;0;0;0;0;0;0;0;0;0;0;12;6;0;0;0;0;0;0;0;0;0;0;0;0;0;0;0
P8S2G:00653:03263_SUB_SUB;221;0;0;0;0;0;0;0;0;0;0;0;0;0;0;0;0;0;0;0;0;0;0;0;0;0;0;0;0;0;0;0;0;0;0;0;0;0;0;0;0;0;0;0;0;0;0;0;0;0;0;0;40;90;46;12;8;0;0;0;0;0;0;0;0;0;0;0;0;0;0;0;0;0;13;12;0;0;0;0;0;0;0;0;0;0;0;0;0;0;0
P8S2G:00422:06607_SUB_SUB;135;0;0;0;0;0;0;0;0;0;0;0;0;0;0;0;0;0;0;0;0;0;0;0;0;0;0;0;0;0;0;0;0;0;0;0;0;0;0;0;0;0;0;0;0;0;0;0;0;0;0;0;6;62;37;3;12;0;0;0;0;0;0;0;0;0;0;0;0;0;0;0;0;0;8;7;0;0;0;0;0;0;0;0;0;0;0;0;0;0;0
P8S2G:00697:03081_SUB_SUB;648;0;0;0;0;0;0;0;0;0;0;0;0;0;0;0;0;0;0;0;0;0;0;0;0;0;0;0;0;0;0;0;0;0;0;0;0;0;0;0;0;0;0;0;0;0;0;0;0;0;0;0;5;257;205;0;134;0;0;0;0;0;0;0;0;0;0;0;0;0;0;0;0;1;46;0;0;0;0;0;0;0;0;0;0;0;0;0;0;0;0
P8S2G:04761:04023_SUB_SUB;463;0;0;0;0;0;0;0;0;0;0;0;0;0;0;0;0;0;0;0;0;0;0;0;0;0;0;0;0;0;0;0;0;0;0;0;0;0;0;0;0;0;0;0;0;0;0;0;0;0;0;0;6;167;40;122;74;0;0;0;0;0;0;0;0;0;0;0;0;0;0;0;0;0;26;28;0;0;0;0;0;0;0;0;0;0;0;0;0;0;0
P8S2G:03427:03084_SUB_SUB;178;0;0;0;0;0;0;0;0;0;0;0;0;0;0;0;0;0;0;0;0;0;0;0;0;0;0;0;0;0;0;0;0;0;0;0;0;0;0;0;0;0;0;0;0;0;0;0;0;0;0;0;2;134;19;2;11;0;0;0;0;0;0;0;0;0;0;0;0;0;0;0;0;0;1;5;4;0;0;0;0;0;0;0;0;0;0;0;0;0;0
P8S2G:00330:02288_SUB_SUB;125;0;0;0;0;0;0;0;0;0;0;0;0;0;0;0;0;0;0;0;0;0;0;0;0;0;0;0;0;0;0;0;0;0;0;0;0;0;0;0;0;0;0;0;0;0;0;0;0;0;0;0;0;18;47;21;4;0;0;0;0;0;0;0;0;0;0;0;0;0;0;0;0;0;19;16;0;0;0;0;0;0;0;0;0;0;0;0;0;0;0
P8S2G:04853:01754_SUB_SUB;150;0;0;0;0;0;0;0;0;0;0;0;0;0;0;0;0;0;0;0;0;0;0;0;0;0;0;0;0;0;0;0;0;0;0;0;0;0;0;0;0;0;0;0;0;0;0;0;0;0;0;0;0;9;0;0;0;0;0;0;0;0;0;0;0;0;0;0;0;0;129;0;0;10;0;0;0;0;0;0;0;0;0;0;0;2;0;0;0;0;0
P8S2G:03045:02723_SUB_SUB;287;0;0;0;0;0;0;0;0;0;0;0;0;0;0;0;0;0;0;0;0;0;0;0;0;0;0;0;0;0;0;0;0;0;0;0;0;0;0;0;0;0;0;0;0;0;0;0;0;0;0;0;0;1;0;0;0;0;0;0;0;0;0;0;0;0;0;0;286;0;0;0;0;0;0;0;0;0;0;0;0;0;0;0;0;0;0;0;0;0;0
P8S2G:03714:01183_SUB_SUB;251;0;0;0;0;0;0;0;0;0;0;0;0;0;0;0;0;0;0;0;0;0;0;0;0;0;0;0;0;0;0;0;0;0;0;0;0;0;0;0;0;0;0;0;0;0;0;0;0;0;0;0;0;0;0;14;0;0;0;0;0;0;0;0;0;0;0;0;237;0;0;0;0;0;0;0;0;0;0;0;0;0;0;0;0;0;0;0;0;0;0
P8S2G:04002:06520_SUB_SUB;215;0;0;0;0;0;0;0;0;0;0;0;0;0;0;0;0;0;0;0;0;0;0;0;0;0;0;0;0;0;0;0;0;0;0;0;0;0;0;0;0;0;0;0;0;0;0;0;0;0;0;0;0;0;0;0;0;0;214;0;0;0;0;0;1;0;0;0;0;0;0;0;0;0;0;0;0;0;0;0;0;0;0;0;0;0;0;0;0;0;0
P8S2G:04119:06486_SUB_SUB;260;0;0;0;0;0;0;0;0;0;0;0;0;0;0;0;0;0;0;0;0;0;0;0;0;0;0;0;0;0;0;0;0;0;0;0;0;0;0;0;0;0;0;0;0;0;0;0;0;0;0;0;0;0;0;0;0;0;258;0;0;0;0;0;2;0;0;0;0;0;0;0;0;0;0;0;0;0;0;0;0;0;0;0;0;0;0;0;0;0;0
P8S2G:04183:06763_SUB_SUB;129;0;0;0;0;0;0;0;0;0;0;0;0;0;0;0;0;0;0;0;0;0;0;0;0;0;0;0;0;0;0;0;0;0;0;0;0;0;0;0;0;0;0;0;0;0;0;0;0;0;0;0;0;0;0;0;0;0;128;0;0;0;0;0;1;0;0;0;0;0;0;0;0;0;0;0;0;0;0;0;0;0;0;0;0;0;0;0;0;0;0
P8S2G:04267:06424_SUB_SUB;194;0;0;0;0;0;0;0;0;0;0;0;0;0;0;0;0;0;0;0;0;0;0;0;0;0;0;0;0;0;0;0;0;0;0;0;0;0;0;0;0;0;0;0;0;0;0;0;0;0;0;0;0;0;0;0;0;0;56;0;0;138;0;0;0;0;0;0;0;0;0;0;0;0;0;0;0;0;0;0;0;0;0;0;0;0;0;0;0;0;0
P8S2G:04284:06756_SUB_SUB;186;0;0;0;0;0;0;0;0;0;0;0;0;0;0;0;0;0;0;0;0;0;0;0;0;0;0;0;0;0;0;0;0;0;0;0;0;0;0;0;0;0;0;0;0;0;0;0;0;0;0;0;0;0;0;0;0;0;186;0;0;0;0;0;0;0;0;0;0;0;0;0;0;0;0;0;0;0;0;0;0;0;0;0;0;0;0;0;0;0;0
P8S2G:04290:06940_SUB_SUB;134;0;0;0;0;0;0;0;0;0;0;0;0;0;0;0;0;0;0;0;0;0;0;0;0;0;0;0;0;0;0;0;0;0;0;0;0;0;0;0;0;0;0;0;0;0;0;0;0;0;0;0;0;0;0;0;0;0;134;0;0;0;0;0;0;0;0;0;0;0;0;0;0;0;0;0;0;0;0;0;0;0;0;0;0;0;0;0;0;0;0
P8S2G:04565:06618_SUB_SUB;110;0;0;0;0;0;0;0;0;0;0;0;0;0;0;0;0;0;0;0;0;0;0;0;0;0;0;0;0;0;0;0;0;0;0;0;0;0;0;0;0;0;0;0;0;0;0;0;0;0;0;0;0;0;0;0;0;0;90;0;0;0;0;0;3;0;0;0;0;0;0;0;0;0;0;0;0;0;0;0;0;0;0;0;0;0;0;0;0;0;17
P8S2G:00438:00702_SUB_SUB;178;0;0;0;0;0;0;0;0;0;0;0;0;0;0;0;0;0;0;0;0;0;0;0;0;0;0;0;0;0;0;0;0;0;0;0;0;0;0;0;0;0;0;0;0;0;0;0;0;0;0;0;0;0;0;0;0;0;6;0;5;0;0;0;6;0;0;0;18;0;0;0;0;0;0;0;0;0;0;0;0;0;0;0;0;0;0;0;0;0;143
P8S2G:05129:05961_SUB_SUB;140;0;0;0;0;0;0;0;0;0;0;0;0;0;0;0;0;0;0;0;0;0;0;0;0;0;0;0;0;0;0;0;0;0;0;0;0;0;0;0;0;0;0;0;0;0;0;0;0;0;0;0;0;0;0;0;0;0;15;0;40;0;0;0;0;0;0;0;0;0;0;0;0;0;0;0;0;0;0;0;0;0;0;0;40;0;45;0;0;0;0
P8S2G:02684:02057_SUB_SUB;152;0;0;0;0;0;0;0;0;0;0;0;0;0;0;0;0;0;0;0;0;0;0;0;0;0;0;0;0;0;0;0;0;0;0;0;0;0;0;0;0;0;0;0;0;0;0;0;0;0;0;0;0;0;0;0;0;0;4;0;0;124;0;0;3;0;0;0;0;0;0;0;0;0;0;0;0;0;0;0;0;0;0;0;0;0;0;21;0;0;0
P8S2G:04113:06587_SUB_SUB;266;0;0;0;0;0;0;0;0;0;0;0;0;0;0;0;0;0;0;0;0;0;0;0;0;0;0;0;0;0;0;0;0;0;0;0;0;0;0;0;0;0;0;0;0;0;0;0;0;0;0;0;0;0;0;0;0;0;0;0;235;1;0;0;0;0;0;0;0;0;0;0;0;0;0;0;0;0;0;0;0;0;0;0;0;0;30;0;0;0;0
P8S2G:00150:01920_SUB_SUB;236;0;0;0;0;0;0;0;0;0;0;0;0;0;0;0;0;0;0;0;0;0;0;0;0;0;0;0;0;0;0;0;0;0;0;0;0;0;0;0;0;0;0;0;0;0;0;0;0;0;0;0;0;0;0;0;0;0;0;0;22;214;0;0;0;0;0;0;0;0;0;0;0;0;0;0;0;0;0;0;0;0;0;0;0;0;0;0;0;0;0
P8S2G:04260:02759_SUB_SUB;107;0;0;0;0;0;0;0;0;0;0;0;0;0;0;0;0;0;0;0;0;0;0;0;0;0;0;0;0;0;0;0;0;0;0;0;0;0;0;0;0;0;0;0;0;0;0;0;0;0;0;0;0;0;0;0;0;0;0;0;2;105;0;0;0;0;0;0;0;0;0;0;0;0;0;0;0;0;0;0;0;0;0;0;0;0;0;0;0;0;0
P8S2G:00089:02747_SUB_SUB;650;0;0;0;0;0;0;0;0;0;0;0;0;0;0;0;0;0;0;0;0;0;0;0;0;0;0;0;0;0;0;0;0;0;0;0;0;0;0;0;0;0;0;0;0;0;0;0;0;0;0;0;0;0;0;0;0;0;0;0;3;0;0;0;0;0;0;0;0;0;0;620;0;0;0;0;0;0;0;0;0;0;0;0;27;0;0;0;0;0;0
P8S2G:02409:01932_SUB_SUB;143;0;0;0;0;0;0;0;0;0;0;0;0;0;0;0;0;0;0;0;0;0;0;0;0;0;0;0;0;0;0;0;0;0;0;0;0;0;0;0;0;0;0;0;0;0;0;0;0;0;0;0;0;0;0;0;0;0;0;0;1;53;0;0;0;0;0;0;0;0;0;84;0;0;0;0;0;0;0;0;0;0;0;0;5;0;0;0;0;0;0
P8S2G:03990:06448_SUB_SUB;4757;0;0;0;0;0;0;0;0;0;0;0;0;0;0;0;0;0;0;0;0;0;0;0;0;0;0;0;0;0;0;0;0;0;0;0;0;0;0;0;0;0;0;0;0;0;0;0;0;0;0;0;0;0;0;0;0;0;0;0;0;4757;0;0;0;0;0;0;0;0;0;0;0;0;0;0;0;0;0;0;0;0;0;0;0;0;0;0;0;0;0
P8S2G:03993:06428_SUB_SUB;119;0;0;0;0;0;0;0;0;0;0;0;0;0;0;0;0;0;0;0;0;0;0;0;0;0;0;0;0;0;0;0;0;0;0;0;0;0;0;0;0;0;0;0;0;0;0;0;0;0;0;0;0;0;0;0;0;0;0;0;0;119;0;0;0;0;0;0;0;0;0;0;0;0;0;0;0;0;0;0;0;0;0;0;0;0;0;0;0;0;0
P8S2G:03999:06454_SUB_SUB;509;0;0;0;0;0;0;0;0;0;0;0;0;0;0;0;0;0;0;0;0;0;0;0;0;0;0;0;0;0;0;0;0;0;0;0;0;0;0;0;0;0;0;0;0;0;0;0;0;0;0;0;0;0;0;0;0;0;0;0;0;509;0;0;0;0;0;0;0;0;0;0;0;0;0;0;0;0;0;0;0;0;0;0;0;0;0;0;0;0;0
P8S2G:04013:06479_SUB_SUB;109;0;0;0;0;0;0;0;0;0;0;0;0;0;0;0;0;0;0;0;0;0;0;0;0;0;0;0;0;0;0;0;0;0;0;0;0;0;0;0;0;0;0;0;0;0;0;0;0;0;0;0;0;0;0;0;0;0;0;0;0;109;0;0;0;0;0;0;0;0;0;0;0;0;0;0;0;0;0;0;0;0;0;0;0;0;0;0;0;0;0
P8S2G:04019:06453_SUB_SUB;7611;0;0;0;0;0;0;0;0;0;0;0;0;0;0;0;0;0;0;0;0;0;0;0;0;0;0;0;0;0;0;0;0;0;0;0;0;0;0;0;0;0;0;0;0;0;0;0;0;0;0;0;0;0;0;0;0;0;0;0;0;7611;0;0;0;0;0;0;0;0;0;0;0;0;0;0;0;0;0;0;0;0;0;0;0;0;0;0;0;0;0
P8S2G:04030:06483_SUB_SUB;1644;0;0;0;0;0;0;0;0;0;0;0;0;0;0;0;0;0;0;0;0;0;0;0;0;0;0;0;0;0;0;0;0;0;0;0;0;0;0;0;0;0;0;0;0;0;0;0;0;0;0;0;0;0;0;0;0;0;0;0;0;1644;0;0;0;0;0;0;0;0;0;0;0;0;0;0;0;0;0;0;0;0;0;0;0;0;0;0;0;0;0
P8S2G:04006:06525_SUB_SUB;675;0;0;0;0;0;0;0;0;0;0;0;0;0;0;0;0;0;0;0;0;0;0;0;0;0;0;0;0;0;0;0;0;0;0;0;0;0;0;0;0;0;0;0;0;0;0;0;0;0;0;0;0;0;0;0;0;0;0;0;0;675;0;0;0;0;0;0;0;0;0;0;0;0;0;0;0;0;0;0;0;0;0;0;0;0;0;0;0;0;0
P8S2G:04014:06514_SUB_SUB;1514;0;0;0;0;0;0;0;0;0;0;0;0;0;0;0;0;0;0;0;0;0;0;0;0;0;0;0;0;0;0;0;0;0;0;0;0;0;0;0;0;0;0;0;0;0;0;0;0;0;0;0;0;0;0;0;0;0;0;0;0;1514;0;0;0;0;0;0;0;0;0;0;0;0;0;0;0;0;0;0;0;0;0;0;0;0;0;0;0;0;0
P8S2G:04030:06510_SUB_SUB;383;0;0;0;0;0;0;0;0;0;0;0;0;0;0;0;0;0;0;0;0;0;0;0;0;0;0;0;0;0;0;0;0;0;0;0;0;0;0;0;0;0;0;0;0;0;0;0;0;0;0;0;0;0;0;0;0;0;0;0;0;383;0;0;0;0;0;0;0;0;0;0;0;0;0;0;0;0;0;0;0;0;0;0;0;0;0;0;0;0;0
P8S2G:03988:06670_SUB_SUB;1423;0;0;0;0;0;0;0;0;0;0;0;0;0;0;0;0;0;0;0;0;0;0;0;0;0;0;0;0;0;0;0;0;0;0;0;0;0;0;0;0;0;0;0;0;0;0;0;0;0;0;0;0;0;0;0;0;0;0;0;0;1423;0;0;0;0;0;0;0;0;0;0;0;0;0;0;0;0;0;0;0;0;0;0;0;0;0;0;0;0;0
P8S2G:04023:06654_SUB_SUB;224;0;0;0;0;0;0;0;0;0;0;0;0;0;0;0;0;0;0;0;0;0;0;0;0;0;0;0;0;0;0;0;0;0;0;0;0;0;0;0;0;0;0;0;0;0;0;0;0;0;0;0;0;0;0;0;0;0;0;0;0;224;0;0;0;0;0;0;0;0;0;0;0;0;0;0;0;0;0;0;0;0;0;0;0;0;0;0;0;0;0
P8S2G:04030:06806_SUB_SUB;637;0;0;0;0;0;0;0;0;0;0;0;0;0;0;0;0;0;0;0;0;0;0;0;0;0;0;0;0;0;0;0;0;0;0;0;0;0;0;0;0;0;0;0;0;0;0;0;0;0;0;0;0;0;0;0;0;0;0;0;0;637;0;0;0;0;0;0;0;0;0;0;0;0;0;0;0;0;0;0;0;0;0;0;0;0;0;0;0;0;0
P8S2G:03986:06893_SUB_SUB;755;0;0;0;0;0;0;0;0;0;0;0;0;0;0;0;0;0;0;0;0;0;0;0;0;0;0;0;0;0;0;0;0;0;0;0;0;0;0;0;0;0;0;0;0;0;0;0;0;0;0;0;0;0;0;0;0;0;0;0;0;755;0;0;0;0;0;0;0;0;0;0;0;0;0;0;0;0;0;0;0;0;0;0;0;0;0;0;0;0;0
P8S2G:04032:07006_SUB_SUB;2789;0;0;0;0;0;0;0;0;0;0;0;0;0;0;0;0;0;0;0;0;0;0;0;0;0;0;0;0;0;0;0;0;0;0;0;0;0;0;0;0;0;0;0;0;0;0;0;0;0;0;0;0;0;0;0;0;0;0;0;0;2789;0;0;0;0;0;0;0;0;0;0;0;0;0;0;0;0;0;0;0;0;0;0;0;0;0;0;0;0;0
P8S2G:04053:06529_SUB_SUB;2520;0;0;0;0;0;0;0;0;0;0;0;0;0;0;0;0;0;0;0;0;0;0;0;0;0;0;0;0;0;0;0;0;0;0;0;0;0;0;0;0;0;0;0;0;0;0;0;0;0;0;0;0;0;0;0;0;0;0;0;0;2520;0;0;0;0;0;0;0;0;0;0;0;0;0;0;0;0;0;0;0;0;0;0;0;0;0;0;0;0;0
P8S2G:04048:06592_SUB_SUB;493;0;0;0;0;0;0;0;0;0;0;0;0;0;0;0;0;0;0;0;0;0;0;0;0;0;0;0;0;0;0;0;0;0;0;0;0;0;0;0;0;0;0;0;0;0;0;0;0;0;0;0;0;0;0;0;0;0;0;0;0;493;0;0;0;0;0;0;0;0;0;0;0;0;0;0;0;0;0;0;0;0;0;0;0;0;0;0;0;0;0
P8S2G:04055:06568_SUB_SUB;207;0;0;0;0;0;0;0;0;0;0;0;0;0;0;0;0;0;0;0;0;0;0;0;0;0;0;0;0;0;0;0;0;0;0;0;0;0;0;0;0;0;0;0;0;0;0;0;0;0;0;0;0;0;0;0;0;0;0;0;0;207;0;0;0;0;0;0;0;0;0;0;0;0;0;0;0;0;0;0;0;0;0;0;0;0;0;0;0;0;0
P8S2G:04064:06660_SUB_SUB;446;0;0;0;0;0;0;0;0;0;0;0;0;0;0;0;0;0;0;0;0;0;0;0;0;0;0;0;0;0;0;0;0;0;0;0;0;0;0;0;0;0;0;0;0;0;0;0;0;0;0;0;0;0;0;0;0;0;0;0;0;446;0;0;0;0;0;0;0;0;0;0;0;0;0;0;0;0;0;0;0;0;0;0;0;0;0;0;0;0;0
P8S2G:04082:06689_SUB_SUB;115;0;0;0;0;0;0;0;0;0;0;0;0;0;0;0;0;0;0;0;0;0;0;0;0;0;0;0;0;0;0;0;0;0;0;0;0;0;0;0;0;0;0;0;0;0;0;0;0;0;0;0;0;0;0;0;0;0;0;0;0;115;0;0;0;0;0;0;0;0;0;0;0;0;0;0;0;0;0;0;0;0;0;0;0;0;0;0;0;0;0
P8S2G:04050:06812_SUB_SUB;265;0;0;0;0;0;0;0;0;0;0;0;0;0;0;0;0;0;0;0;0;0;0;0;0;0;0;0;0;0;0;0;0;0;0;0;0;0;0;0;0;0;0;0;0;0;0;0;0;0;0;0;0;0;0;0;0;0;0;0;0;265;0;0;0;0;0;0;0;0;0;0;0;0;0;0;0;0;0;0;0;0;0;0;0;0;0;0;0;0;0
P8S2G:04047:06909_SUB_SUB;238;0;0;0;0;0;0;0;0;0;0;0;0;0;0;0;0;0;0;0;0;0;0;0;0;0;0;0;0;0;0;0;0;0;0;0;0;0;0;0;0;0;0;0;0;0;0;0;0;0;0;0;0;0;0;0;0;0;0;0;0;238;0;0;0;0;0;0;0;0;0;0;0;0;0;0;0;0;0;0;0;0;0;0;0;0;0;0;0;0;0
P8S2G:04061:06938_SUB_SUB;559;0;0;0;0;0;0;0;0;0;0;0;0;0;0;0;0;0;0;0;0;0;0;0;0;0;0;0;0;0;0;0;0;0;0;0;0;0;0;0;0;0;0;0;0;0;0;0;0;0;0;0;0;0;0;0;0;0;0;0;0;559;0;0;0;0;0;0;0;0;0;0;0;0;0;0;0;0;0;0;0;0;0;0;0;0;0;0;0;0;0
P8S2G:04114:06446_SUB_SUB;112;0;0;0;0;0;0;0;0;0;0;0;0;0;0;0;0;0;0;0;0;0;0;0;0;0;0;0;0;0;0;0;0;0;0;0;0;0;0;0;0;0;0;0;0;0;0;0;0;0;0;0;0;0;0;0;0;0;0;0;0;112;0;0;0;0;0;0;0;0;0;0;0;0;0;0;0;0;0;0;0;0;0;0;0;0;0;0;0;0;0
P8S2G:04133:06413_SUB_SUB;421;0;0;0;0;0;0;0;0;0;0;0;0;0;0;0;0;0;0;0;0;0;0;0;0;0;0;0;0;0;0;0;0;0;0;0;0;0;0;0;0;0;0;0;0;0;0;0;0;0;0;0;0;0;0;0;0;0;0;0;0;421;0;0;0;0;0;0;0;0;0;0;0;0;0;0;0;0;0;0;0;0;0;0;0;0;0;0;0;0;0
P8S2G:04100:06591_SUB_SUB;368;0;0;0;0;0;0;0;0;0;0;0;0;0;0;0;0;0;0;0;0;0;0;0;0;0;0;0;0;0;0;0;0;0;0;0;0;0;0;0;0;0;0;0;0;0;0;0;0;0;0;0;0;0;0;0;0;0;0;0;0;368;0;0;0;0;0;0;0;0;0;0;0;0;0;0;0;0;0;0;0;0;0;0;0;0;0;0;0;0;0
P8S2G:04129:06570_SUB_SUB;125;0;0;0;0;0;0;0;0;0;0;0;0;0;0;0;0;0;0;0;0;0;0;0;0;0;0;0;0;0;0;0;0;0;0;0;0;0;0;0;0;0;0;0;0;0;0;0;0;0;0;0;0;0;0;0;0;0;0;0;0;125;0;0;0;0;0;0;0;0;0;0;0;0;0;0;0;0;0;0;0;0;0;0;0;0;0;0;0;0;0
P8S2G:04129:06949_SUB_SUB;425;0;0;0;0;0;0;0;0;0;0;0;0;0;0;0;0;0;0;0;0;0;0;0;0;0;0;0;0;0;0;0;0;0;0;0;0;0;0;0;0;0;0;0;0;0;0;0;0;0;0;0;0;0;0;0;0;0;0;0;0;425;0;0;0;0;0;0;0;0;0;0;0;0;0;0;0;0;0;0;0;0;0;0;0;0;0;0;0;0;0
P8S2G:04106:06996_SUB_SUB;116;0;0;0;0;0;0;0;0;0;0;0;0;0;0;0;0;0;0;0;0;0;0;0;0;0;0;0;0;0;0;0;0;0;0;0;0;0;0;0;0;0;0;0;0;0;0;0;0;0;0;0;0;0;0;0;0;0;0;0;0;116;0;0;0;0;0;0;0;0;0;0;0;0;0;0;0;0;0;0;0;0;0;0;0;0;0;0;0;0;0
P8S2G:04086:07017_SUB_SUB;162;0;0;0;0;0;0;0;0;0;0;0;0;0;0;0;0;0;0;0;0;0;0;0;0;0;0;0;0;0;0;0;0;0;0;0;0;0;0;0;0;0;0;0;0;0;0;0;0;0;0;0;0;0;0;0;0;0;0;0;0;162;0;0;0;0;0;0;0;0;0;0;0;0;0;0;0;0;0;0;0;0;0;0;0;0;0;0;0;0;0
P8S2G:04100:07003_SUB_SUB;127;0;0;0;0;0;0;0;0;0;0;0;0;0;0;0;0;0;0;0;0;0;0;0;0;0;0;0;0;0;0;0;0;0;0;0;0;0;0;0;0;0;0;0;0;0;0;0;0;0;0;0;0;0;0;0;0;0;0;0;0;127;0;0;0;0;0;0;0;0;0;0;0;0;0;0;0;0;0;0;0;0;0;0;0;0;0;0;0;0;0
P8S2G:04136:06700_SUB_SUB;292;0;0;0;0;0;0;0;0;0;0;0;0;0;0;0;0;0;0;0;0;0;0;0;0;0;0;0;0;0;0;0;0;0;0;0;0;0;0;0;0;0;0;0;0;0;0;0;0;0;0;0;0;0;0;0;0;0;0;0;0;292;0;0;0;0;0;0;0;0;0;0;0;0;0;0;0;0;0;0;0;0;0;0;0;0;0;0;0;0;0
P8S2G:04165:06776_SUB_SUB;168;0;0;0;0;0;0;0;0;0;0;0;0;0;0;0;0;0;0;0;0;0;0;0;0;0;0;0;0;0;0;0;0;0;0;0;0;0;0;0;0;0;0;0;0;0;0;0;0;0;0;0;0;0;0;0;0;0;0;0;0;168;0;0;0;0;0;0;0;0;0;0;0;0;0;0;0;0;0;0;0;0;0;0;0;0;0;0;0;0;0
P8S2G:04136:06844_SUB_SUB;423;0;0;0;0;0;0;0;0;0;0;0;0;0;0;0;0;0;0;0;0;0;0;0;0;0;0;0;0;0;0;0;0;0;0;0;0;0;0;0;0;0;0;0;0;0;0;0;0;0;0;0;0;0;0;0;0;0;0;0;0;423;0;0;0;0;0;0;0;0;0;0;0;0;0;0;0;0;0;0;0;0;0;0;0;0;0;0;0;0;0
P8S2G:04197:06486_SUB_SUB;161;0;0;0;0;0;0;0;0;0;0;0;0;0;0;0;0;0;0;0;0;0;0;0;0;0;0;0;0;0;0;0;0;0;0;0;0;0;0;0;0;0;0;0;0;0;0;0;0;0;0;0;0;0;0;0;0;0;0;0;0;161;0;0;0;0;0;0;0;0;0;0;0;0;0;0;0;0;0;0;0;0;0;0;0;0;0;0;0;0;0
P8S2G:04188:06588_SUB_SUB;175;0;0;0;0;0;0;0;0;0;0;0;0;0;0;0;0;0;0;0;0;0;0;0;0;0;0;0;0;0;0;0;0;0;0;0;0;0;0;0;0;0;0;0;0;0;0;0;0;0;0;0;0;0;0;0;0;0;0;0;0;175;0;0;0;0;0;0;0;0;0;0;0;0;0;0;0;0;0;0;0;0;0;0;0;0;0;0;0;0;0
P8S2G:04200:06757_SUB_SUB;739;0;0;0;0;0;0;0;0;0;0;0;0;0;0;0;0;0;0;0;0;0;0;0;0;0;0;0;0;0;0;0;0;0;0;0;0;0;0;0;0;0;0;0;0;0;0;0;0;0;0;0;0;0;0;0;0;0;0;0;0;739;0;0;0;0;0;0;0;0;0;0;0;0;0;0;0;0;0;0;0;0;0;0;0;0;0;0;0;0;0
P8S2G:04220:06890_SUB_SUB;368;0;0;0;0;0;0;0;0;0;0;0;0;0;0;0;0;0;0;0;0;0;0;0;0;0;0;0;0;0;0;0;0;0;0;0;0;0;0;0;0;0;0;0;0;0;0;0;0;0;0;0;0;0;0;0;0;0;0;0;0;368;0;0;0;0;0;0;0;0;0;0;0;0;0;0;0;0;0;0;0;0;0;0;0;0;0;0;0;0;0
P8S2G:04190:06977_SUB_SUB;129;0;0;0;0;0;0;0;0;0;0;0;0;0;0;0;0;0;0;0;0;0;0;0;0;0;0;0;0;0;0;0;0;0;0;0;0;0;0;0;0;0;0;0;0;0;0;0;0;0;0;0;0;0;0;0;0;0;0;0;0;129;0;0;0;0;0;0;0;0;0;0;0;0;0;0;0;0;0;0;0;0;0;0;0;0;0;0;0;0;0
P8S2G:04276:06441_SUB_SUB;240;0;0;0;0;0;0;0;0;0;0;0;0;0;0;0;0;0;0;0;0;0;0;0;0;0;0;0;0;0;0;0;0;0;0;0;0;0;0;0;0;0;0;0;0;0;0;0;0;0;0;0;0;0;0;0;0;0;0;0;0;240;0;0;0;0;0;0;0;0;0;0;0;0;0;0;0;0;0;0;0;0;0;0;0;0;0;0;0;0;0
P8S2G:04278:06466_SUB_SUB;112;0;0;0;0;0;0;0;0;0;0;0;0;0;0;0;0;0;0;0;0;0;0;0;0;0;0;0;0;0;0;0;0;0;0;0;0;0;0;0;0;0;0;0;0;0;0;0;0;0;0;0;0;0;0;0;0;0;0;0;0;112;0;0;0;0;0;0;0;0;0;0;0;0;0;0;0;0;0;0;0;0;0;0;0;0;0;0;0;0;0
P8S2G:04257:06706_SUB_SUB;129;0;0;0;0;0;0;0;0;0;0;0;0;0;0;0;0;0;0;0;0;0;0;0;0;0;0;0;0;0;0;0;0;0;0;0;0;0;0;0;0;0;0;0;0;0;0;0;0;0;0;0;0;0;0;0;0;0;0;0;0;129;0;0;0;0;0;0;0;0;0;0;0;0;0;0;0;0;0;0;0;0;0;0;0;0;0;0;0;0;0
P8S2G:04299:06527_SUB_SUB;104;0;0;0;0;0;0;0;0;0;0;0;0;0;0;0;0;0;0;0;0;0;0;0;0;0;0;0;0;0;0;0;0;0;0;0;0;0;0;0;0;0;0;0;0;0;0;0;0;0;0;0;0;0;0;0;0;0;0;0;0;104;0;0;0;0;0;0;0;0;0;0;0;0;0;0;0;0;0;0;0;0;0;0;0;0;0;0;0;0;0
P8S2G:04302:06928_SUB_SUB;446;0;0;0;0;0;0;0;0;0;0;0;0;0;0;0;0;0;0;0;0;0;0;0;0;0;0;0;0;0;0;0;0;0;0;0;0;0;0;0;0;0;0;0;0;0;0;0;0;0;0;0;0;0;0;0;0;0;0;0;0;446;0;0;0;0;0;0;0;0;0;0;0;0;0;0;0;0;0;0;0;0;0;0;0;0;0;0;0;0;0
P8S2G:04324:06996_SUB_SUB;658;0;0;0;0;0;0;0;0;0;0;0;0;0;0;0;0;0;0;0;0;0;0;0;0;0;0;0;0;0;0;0;0;0;0;0;0;0;0;0;0;0;0;0;0;0;0;0;0;0;0;0;0;0;0;0;0;0;0;0;0;658;0;0;0;0;0;0;0;0;0;0;0;0;0;0;0;0;0;0;0;0;0;0;0;0;0;0;0;0;0
P8S2G:04297:07016_SUB_SUB;355;0;0;0;0;0;0;0;0;0;0;0;0;0;0;0;0;0;0;0;0;0;0;0;0;0;0;0;0;0;0;0;0;0;0;0;0;0;0;0;0;0;0;0;0;0;0;0;0;0;0;0;0;0;0;0;0;0;0;0;0;355;0;0;0;0;0;0;0;0;0;0;0;0;0;0;0;0;0;0;0;0;0;0;0;0;0;0;0;0;0
P8S2G:04355:06569_SUB_SUB;103;0;0;0;0;0;0;0;0;0;0;0;0;0;0;0;0;0;0;0;0;0;0;0;0;0;0;0;0;0;0;0;0;0;0;0;0;0;0;0;0;0;0;0;0;0;0;0;0;0;0;0;0;0;0;0;0;0;0;0;0;103;0;0;0;0;0;0;0;0;0;0;0;0;0;0;0;0;0;0;0;0;0;0;0;0;0;0;0;0;0
P8S2G:04371:06617_SUB_SUB;133;0;0;0;0;0;0;0;0;0;0;0;0;0;0;0;0;0;0;0;0;0;0;0;0;0;0;0;0;0;0;0;0;0;0;0;0;0;0;0;0;0;0;0;0;0;0;0;0;0;0;0;0;0;0;0;0;0;0;0;0;133;0;0;0;0;0;0;0;0;0;0;0;0;0;0;0;0;0;0;0;0;0;0;0;0;0;0;0;0;0
P8S2G:04352:06690_SUB_SUB;115;0;0;0;0;0;0;0;0;0;0;0;0;0;0;0;0;0;0;0;0;0;0;0;0;0;0;0;0;0;0;0;0;0;0;0;0;0;0;0;0;0;0;0;0;0;0;0;0;0;0;0;0;0;0;0;0;0;0;0;0;115;0;0;0;0;0;0;0;0;0;0;0;0;0;0;0;0;0;0;0;0;0;0;0;0;0;0;0;0;0
P8S2G:04364:06772_SUB_SUB;159;0;0;0;0;0;0;0;0;0;0;0;0;0;0;0;0;0;0;0;0;0;0;0;0;0;0;0;0;0;0;0;0;0;0;0;0;0;0;0;0;0;0;0;0;0;0;0;0;0;0;0;0;0;0;0;0;0;0;0;0;159;0;0;0;0;0;0;0;0;0;0;0;0;0;0;0;0;0;0;0;0;0;0;0;0;0;0;0;0;0
P8S2G:04354:06813_SUB_SUB;421;0;0;0;0;0;0;0;0;0;0;0;0;0;0;0;0;0;0;0;0;0;0;0;0;0;0;0;0;0;0;0;0;0;0;0;0;0;0;0;0;0;0;0;0;0;0;0;0;0;0;0;0;0;0;0;0;0;0;0;0;421;0;0;0;0;0;0;0;0;0;0;0;0;0;0;0;0;0;0;0;0;0;0;0;0;0;0;0;0;0
P8S2G:04429:06572_SUB_SUB;126;0;0;0;0;0;0;0;0;0;0;0;0;0;0;0;0;0;0;0;0;0;0;0;0;0;0;0;0;0;0;0;0;0;0;0;0;0;0;0;0;0;0;0;0;0;0;0;0;0;0;0;0;0;0;0;0;0;0;0;0;126;0;0;0;0;0;0;0;0;0;0;0;0;0;0;0;0;0;0;0;0;0;0;0;0;0;0;0;0;0
P8S2G:04430:06687_SUB_SUB;135;0;0;0;0;0;0;0;0;0;0;0;0;0;0;0;0;0;0;0;0;0;0;0;0;0;0;0;0;0;0;0;0;0;0;0;0;0;0;0;0;0;0;0;0;0;0;0;0;0;0;0;0;0;0;0;0;0;0;0;0;135;0;0;0;0;0;0;0;0;0;0;0;0;0;0;0;0;0;0;0;0;0;0;0;0;0;0;0;0;0
P8S2G:04390:06884_SUB_SUB;132;0;0;0;0;0;0;0;0;0;0;0;0;0;0;0;0;0;0;0;0;0;0;0;0;0;0;0;0;0;0;0;0;0;0;0;0;0;0;0;0;0;0;0;0;0;0;0;0;0;0;0;0;0;0;0;0;0;0;0;0;132;0;0;0;0;0;0;0;0;0;0;0;0;0;0;0;0;0;0;0;0;0;0;0;0;0;0;0;0;0
P8S2G:04442:06769_SUB_SUB;104;0;0;0;0;0;0;0;0;0;0;0;0;0;0;0;0;0;0;0;0;0;0;0;0;0;0;0;0;0;0;0;0;0;0;0;0;0;0;0;0;0;0;0;0;0;0;0;0;0;0;0;0;0;0;0;0;0;0;0;0;104;0;0;0;0;0;0;0;0;0;0;0;0;0;0;0;0;0;0;0;0;0;0;0;0;0;0;0;0;0
P8S2G:04449:07031_SUB_SUB;133;0;0;0;0;0;0;0;0;0;0;0;0;0;0;0;0;0;0;0;0;0;0;0;0;0;0;0;0;0;0;0;0;0;0;0;0;0;0;0;0;0;0;0;0;0;0;0;0;0;0;0;0;0;0;0;0;0;0;0;0;133;0;0;0;0;0;0;0;0;0;0;0;0;0;0;0;0;0;0;0;0;0;0;0;0;0;0;0;0;0
P8S2G:04530:06963_SUB_SUB;103;0;0;0;0;0;0;0;0;0;0;0;0;0;0;0;0;0;0;0;0;0;0;0;0;0;0;0;0;0;0;0;0;0;0;0;0;0;0;0;0;0;0;0;0;0;0;0;0;0;0;0;0;0;0;0;0;0;0;0;0;103;0;0;0;0;0;0;0;0;0;0;0;0;0;0;0;0;0;0;0;0;0;0;0;0;0;0;0;0;0
P8S2G:04565:06890_SUB_SUB;210;0;0;0;0;0;0;0;0;0;0;0;0;0;0;0;0;0;0;0;0;0;0;0;0;0;0;0;0;0;0;0;0;0;0;0;0;0;0;0;0;0;0;0;0;0;0;0;0;0;0;0;0;0;0;0;0;0;0;0;0;210;0;0;0;0;0;0;0;0;0;0;0;0;0;0;0;0;0;0;0;0;0;0;0;0;0;0;0;0;0
P8S2G:04597:06529_SUB_SUB;195;0;0;0;0;0;0;0;0;0;0;0;0;0;0;0;0;0;0;0;0;0;0;0;0;0;0;0;0;0;0;0;0;0;0;0;0;0;0;0;0;0;0;0;0;0;0;0;0;0;0;0;0;0;0;0;0;0;0;0;0;195;0;0;0;0;0;0;0;0;0;0;0;0;0;0;0;0;0;0;0;0;0;0;0;0;0;0;0;0;0
P8S2G:04625:06639_SUB_SUB;109;0;0;0;0;0;0;0;0;0;0;0;0;0;0;0;0;0;0;0;0;0;0;0;0;0;0;0;0;0;0;0;0;0;0;0;0;0;0;0;0;0;0;0;0;0;0;0;0;0;0;0;0;0;0;0;0;0;0;0;0;109;0;0;0;0;0;0;0;0;0;0;0;0;0;0;0;0;0;0;0;0;0;0;0;0;0;0;0;0;0
P8S2G:04621:06738_SUB_SUB;115;0;0;0;0;0;0;0;0;0;0;0;0;0;0;0;0;0;0;0;0;0;0;0;0;0;0;0;0;0;0;0;0;0;0;0;0;0;0;0;0;0;0;0;0;0;0;0;0;0;0;0;0;0;0;0;0;0;0;0;0;115;0;0;0;0;0;0;0;0;0;0;0;0;0;0;0;0;0;0;0;0;0;0;0;0;0;0;0;0;0
P8S2G:00714:06143_SUB_SUB;131;0;0;0;0;0;0;0;0;0;0;0;0;0;0;0;0;0;0;0;0;0;0;0;0;0;0;0;0;0;0;0;0;0;0;0;0;0;0;0;0;0;0;0;0;0;0;0;0;0;0;0;0;0;0;0;0;0;0;0;0;131;0;0;0;0;0;0;0;0;0;0;0;0;0;0;0;0;0;0;0;0;0;0;0;0;0;0;0;0;0
P8S2G:00841:06249_SUB_SUB;115;0;0;0;0;0;0;0;0;0;0;0;0;0;0;0;0;0;0;0;0;0;0;0;0;0;0;0;0;0;0;0;0;0;0;0;0;0;0;0;0;0;0;0;0;0;0;0;0;0;0;0;0;0;0;0;0;0;0;0;0;115;0;0;0;0;0;0;0;0;0;0;0;0;0;0;0;0;0;0;0;0;0;0;0;0;0;0;0;0;0
P8S2G:00866:05926_SUB_SUB;209;0;0;0;0;0;0;0;0;0;0;0;0;0;0;0;0;0;0;0;0;0;0;0;0;0;0;0;0;0;0;0;0;0;0;0;0;0;0;0;0;0;0;0;0;0;0;0;0;0;0;0;0;0;0;0;0;0;0;0;0;209;0;0;0;0;0;0;0;0;0;0;0;0;0;0;0;0;0;0;0;0;0;0;0;0;0;0;0;0;0
P8S2G:00050:02011_SUB_SUB;102;0;0;0;0;0;0;0;0;0;0;0;0;0;0;0;0;0;0;0;0;0;0;0;0;0;0;0;0;0;0;0;0;0;0;0;0;0;0;0;0;0;0;0;0;0;0;0;0;0;0;0;0;0;0;0;0;0;0;0;0;102;0;0;0;0;0;0;0;0;0;0;0;0;0;0;0;0;0;0;0;0;0;0;0;0;0;0;0;0;0
P8S2G:00368:02457_SUB_SUB;119;0;0;0;0;0;0;0;0;0;0;0;0;0;0;0;0;0;0;0;0;0;0;0;0;0;0;0;0;0;0;0;0;0;0;0;0;0;0;0;0;0;0;0;0;0;0;0;0;0;0;0;0;0;0;0;0;0;0;0;0;119;0;0;0;0;0;0;0;0;0;0;0;0;0;0;0;0;0;0;0;0;0;0;0;0;0;0;0;0;0
P8S2G:00577:02527_SUB_SUB;102;0;0;0;0;0;0;0;0;0;0;0;0;0;0;0;0;0;0;0;0;0;0;0;0;0;0;0;0;0;0;0;0;0;0;0;0;0;0;0;0;0;0;0;0;0;0;0;0;0;0;0;0;0;0;0;0;0;0;0;0;102;0;0;0;0;0;0;0;0;0;0;0;0;0;0;0;0;0;0;0;0;0;0;0;0;0;0;0;0;0
P8S2G:00202:00964_SUB_SUB;135;0;0;0;0;0;0;0;0;0;0;0;0;0;0;0;0;0;0;0;0;0;0;0;0;0;0;0;0;0;0;0;0;0;0;0;0;0;0;0;0;0;0;0;0;0;0;0;0;0;0;0;0;0;0;0;0;0;0;0;0;135;0;0;0;0;0;0;0;0;0;0;0;0;0;0;0;0;0;0;0;0;0;0;0;0;0;0;0;0;0
P8S2G:00089:05999_SUB_SUB;173;0;0;0;0;0;0;0;0;0;0;0;0;0;0;0;0;0;0;0;0;0;0;0;0;0;0;0;0;0;0;0;0;0;0;0;0;0;0;0;0;0;0;0;0;0;0;0;0;0;0;0;0;0;0;0;0;0;0;0;0;1;0;0;0;0;0;0;0;0;0;0;0;0;0;0;0;0;0;0;0;0;0;0;0;0;0;0;0;172;0
P8S2G:04160:06553_SUB_SUB;111;0;0;0;0;0;0;0;0;0;0;0;0;0;0;0;0;0;0;0;0;0;0;0;0;0;0;0;0;0;0;0;0;0;0;0;0;0;0;0;0;0;0;0;0;0;0;0;0;0;0;0;0;0;0;0;0;0;0;0;0;0;111;0;0;0;0;0;0;0;0;0;0;0;0;0;0;0;0;0;0;0;0;0;0;0;0;0;0;0;0
P8S2G:00537:02126_SUB_SUB;128;0;0;0;0;0;0;0;0;0;0;0;0;0;0;0;0;0;0;0;0;0;0;0;0;0;0;0;0;0;0;0;0;0;0;0;0;0;0;0;0;0;0;0;0;0;0;0;0;0;0;0;0;0;0;0;0;0;0;0;0;0;37;0;1;71;0;0;0;0;19;0;0;0;0;0;0;0;0;0;0;0;0;0;0;0;0;0;0;0;0
P8S2G:00923:00712_SUB_SUB;163;0;0;0;0;0;0;0;0;0;0;0;0;0;0;0;0;0;0;0;0;0;0;0;0;0;0;0;0;0;0;0;0;0;0;0;0;0;0;0;0;0;0;0;0;0;0;0;0;0;0;0;0;0;0;0;0;0;0;0;0;0;2;0;0;0;0;0;0;0;0;0;161;0;0;0;0;0;0;0;0;0;0;0;0;0;0;0;0;0;0
P8S2G:04259:06928_SUB_SUB;278;0;0;0;0;0;0;0;0;0;0;0;0;0;0;0;0;0;0;0;0;0;0;0;0;0;0;0;0;0;0;0;0;0;0;0;0;0;0;0;0;0;0;0;0;0;0;0;0;0;0;0;0;0;0;0;0;0;0;0;0;0;0;278;0;0;0;0;0;0;0;0;0;0;0;0;0;0;0;0;0;0;0;0;0;0;0;0;0;0;0
P8S2G:03993:06414_SUB_SUB;129;0;0;0;0;0;0;0;0;0;0;0;0;0;0;0;0;0;0;0;0;0;0;0;0;0;0;0;0;0;0;0;0;0;0;0;0;0;0;0;0;0;0;0;0;0;0;0;0;0;0;0;0;0;0;0;0;0;0;0;0;0;0;0;0;0;0;0;128;0;0;0;0;0;0;0;0;0;0;0;0;0;0;0;1;0;0;0;0;0;0
P8S2G:03987:06631_SUB_SUB;222;0;0;0;0;0;0;0;0;0;0;0;0;0;0;0;0;0;0;0;0;0;0;0;0;0;0;0;0;0;0;0;0;0;0;0;0;0;0;0;0;0;0;0;0;0;0;0;0;0;0;0;0;0;0;0;0;0;0;0;0;0;0;0;0;0;0;0;222;0;0;0;0;0;0;0;0;0;0;0;0;0;0;0;0;0;0;0;0;0;0
P8S2G:04112:06687_SUB_SUB;208;0;0;0;0;0;0;0;0;0;0;0;0;0;0;0;0;0;0;0;0;0;0;0;0;0;0;0;0;0;0;0;0;0;0;0;0;0;0;0;0;0;0;0;0;0;0;0;0;0;0;0;0;0;0;0;0;0;0;0;0;0;0;0;0;0;0;0;208;0;0;0;0;0;0;0;0;0;0;0;0;0;0;0;0;0;0;0;0;0;0
P8S2G:04166:06831_SUB_SUB;148;0;0;0;0;0;0;0;0;0;0;0;0;0;0;0;0;0;0;0;0;0;0;0;0;0;0;0;0;0;0;0;0;0;0;0;0;0;0;0;0;0;0;0;0;0;0;0;0;0;0;0;0;0;0;0;0;0;0;0;0;0;0;0;0;0;0;0;148;0;0;0;0;0;0;0;0;0;0;0;0;0;0;0;0;0;0;0;0;0;0
P8S2G:04216:06745_SUB_SUB;112;0;0;0;0;0;0;0;0;0;0;0;0;0;0;0;0;0;0;0;0;0;0;0;0;0;0;0;0;0;0;0;0;0;0;0;0;0;0;0;0;0;0;0;0;0;0;0;0;0;0;0;0;0;0;0;0;0;0;0;0;0;0;0;0;0;0;0;112;0;0;0;0;0;0;0;0;0;0;0;0;0;0;0;0;0;0;0;0;0;0
P8S2G:04382:07030_SUB_SUB;171;0;0;0;0;0;0;0;0;0;0;0;0;0;0;0;0;0;0;0;0;0;0;0;0;0;0;0;0;0;0;0;0;0;0;0;0;0;0;0;0;0;0;0;0;0;0;0;0;0;0;0;0;0;0;0;0;0;0;0;0;0;0;0;0;0;0;0;170;0;0;0;0;0;0;0;0;0;0;0;0;0;0;0;0;0;0;0;1;0;0
P8S2G:04390:06472_SUB_SUB;277;0;0;0;0;0;0;0;0;0;0;0;0;0;0;0;0;0;0;0;0;0;0;0;0;0;0;0;0;0;0;0;0;0;0;0;0;0;0;0;0;0;0;0;0;0;0;0;0;0;0;0;0;0;0;0;0;0;0;0;0;0;0;0;0;0;0;0;277;0;0;0;0;0;0;0;0;0;0;0;0;0;0;0;0;0;0;0;0;0;0
P8S2G:00742:06285_SUB_SUB;171;0;0;0;0;0;0;0;0;0;0;0;0;0;0;0;0;0;0;0;0;0;0;0;0;0;0;0;0;0;0;0;0;0;0;0;0;0;0;0;0;0;0;0;0;0;0;0;0;0;0;0;0;0;0;0;0;0;0;0;0;0;0;0;0;0;0;0;171;0;0;0;0;0;0;0;0;0;0;0;0;0;0;0;0;0;0;0;0;0;0
P8S2G:00290:01987_SUB_SUB;117;0;0;0;0;0;0;0;0;0;0;0;0;0;0;0;0;0;0;0;0;0;0;0;0;0;0;0;0;0;0;0;0;0;0;0;0;0;0;0;0;0;0;0;0;0;0;0;0;0;0;0;0;0;0;0;0;0;0;0;0;0;0;0;0;0;0;0;117;0;0;0;0;0;0;0;0;0;0;0;0;0;0;0;0;0;0;0;0;0;0
P8S2G:04033:06517_SUB_SUB;241;0;0;0;0;0;0;0;0;0;0;0;0;0;0;0;0;0;0;0;0;0;0;0;0;0;0;0;0;0;0;0;0;0;0;0;0;0;0;0;0;0;0;0;0;0;0;0;0;0;0;0;0;0;0;0;0;0;0;0;0;0;0;0;0;0;0;0;0;0;237;0;0;4;0;0;0;0;0;0;0;0;0;0;0;0;0;0;0;0;0
P8S2G:04033:06543_SUB_SUB;189;0;0;0;0;0;0;0;0;0;0;0;0;0;0;0;0;0;0;0;0;0;0;0;0;0;0;0;0;0;0;0;0;0;0;0;0;0;0;0;0;0;0;0;0;0;0;0;0;0;0;0;0;0;0;0;0;0;0;0;0;0;0;0;0;0;0;0;0;0;189;0;0;0;0;0;0;0;0;0;0;0;0;0;0;0;0;0;0;0;0
P8S2G:04225:06736_SUB_SUB;102;0;0;0;0;0;0;0;0;0;0;0;0;0;0;0;0;0;0;0;0;0;0;0;0;0;0;0;0;0;0;0;0;0;0;0;0;0;0;0;0;0;0;0;0;0;0;0;0;0;0;0;0;0;0;0;0;0;0;0;0;0;0;0;0;0;0;0;0;0;98;0;1;3;0;0;0;0;0;0;0;0;0;0;0;0;0;0;0;0;0
P8S2G:00802:06151_SUB_SUB;127;0;0;0;0;0;0;0;0;0;0;0;0;0;0;0;0;0;0;0;0;0;0;0;0;0;0;0;0;0;0;0;0;0;0;0;0;0;0;0;0;0;0;0;0;0;0;0;0;0;0;0;0;0;0;0;0;0;0;0;0;0;0;0;0;0;0;0;0;0;125;0;0;2;0;0;0;0;0;0;0;0;0;0;0;0;0;0;0;0;0
P8S2G:04009:06649_SUB_SUB;122;0;0;0;0;0;0;0;0;0;0;0;0;0;0;0;0;0;0;0;0;0;0;0;0;0;0;0;0;0;0;0;0;0;0;0;0;0;0;0;0;0;0;0;0;0;0;0;0;0;0;0;0;0;0;0;0;0;0;0;0;0;0;0;0;0;0;0;0;0;0;122;0;0;0;0;0;0;0;0;0;0;0;0;0;0;0;0;0;0;0
P8S2G:04019:06715_SUB_SUB;109;0;0;0;0;0;0;0;0;0;0;0;0;0;0;0;0;0;0;0;0;0;0;0;0;0;0;0;0;0;0;0;0;0;0;0;0;0;0;0;0;0;0;0;0;0;0;0;0;0;0;0;0;0;0;0;0;0;0;0;0;0;0;0;0;0;0;0;0;0;0;109;0;0;0;0;0;0;0;0;0;0;0;0;0;0;0;0;0;0;0
P8S2G:04021:06820_SUB_SUB;1188;0;0;0;0;0;0;0;0;0;0;0;0;0;0;0;0;0;0;0;0;0;0;0;0;0;0;0;0;0;0;0;0;0;0;0;0;0;0;0;0;0;0;0;0;0;0;0;0;0;0;0;0;0;0;0;0;0;0;0;0;0;0;0;0;0;0;0;0;0;0;1188;0;0;0;0;0;0;0;0;0;0;0;0;0;0;0;0;0;0;0
P8S2G:04071:06776_SUB_SUB;238;0;0;0;0;0;0;0;0;0;0;0;0;0;0;0;0;0;0;0;0;0;0;0;0;0;0;0;0;0;0;0;0;0;0;0;0;0;0;0;0;0;0;0;0;0;0;0;0;0;0;0;0;0;0;0;0;0;0;0;0;0;0;0;0;0;0;0;0;0;0;238;0;0;0;0;0;0;0;0;0;0;0;0;0;0;0;0;0;0;0
P8S2G:04034:06924_SUB_SUB;305;0;0;0;0;0;0;0;0;0;0;0;0;0;0;0;0;0;0;0;0;0;0;0;0;0;0;0;0;0;0;0;0;0;0;0;0;0;0;0;0;0;0;0;0;0;0;0;0;0;0;0;0;0;0;0;0;0;0;0;0;0;0;0;0;0;0;0;0;0;0;305;0;0;0;0;0;0;0;0;0;0;0;0;0;0;0;0;0;0;0
P8S2G:04101:07035_SUB_SUB;321;0;0;0;0;0;0;0;0;0;0;0;0;0;0;0;0;0;0;0;0;0;0;0;0;0;0;0;0;0;0;0;0;0;0;0;0;0;0;0;0;0;0;0;0;0;0;0;0;0;0;0;0;0;0;0;0;0;0;0;0;0;0;0;0;0;0;0;0;0;0;321;0;0;0;0;0;0;0;0;0;0;0;0;0;0;0;0;0;0;0
P8S2G:04166:06408_SUB_SUB;406;0;0;0;0;0;0;0;0;0;0;0;0;0;0;0;0;0;0;0;0;0;0;0;0;0;0;0;0;0;0;0;0;0;0;0;0;0;0;0;0;0;0;0;0;0;0;0;0;0;0;0;0;0;0;0;0;0;0;0;0;0;0;0;0;0;0;0;0;0;0;406;0;0;0;0;0;0;0;0;0;0;0;0;0;0;0;0;0;0;0
P8S2G:04198:06793_SUB_SUB;185;0;0;0;0;0;0;0;0;0;0;0;0;0;0;0;0;0;0;0;0;0;0;0;0;0;0;0;0;0;0;0;0;0;0;0;0;0;0;0;0;0;0;0;0;0;0;0;0;0;0;0;0;0;0;0;0;0;0;0;0;0;0;0;0;0;0;0;0;0;0;185;0;0;0;0;0;0;0;0;0;0;0;0;0;0;0;0;0;0;0
P8S2G:04329:06582_SUB_SUB;206;0;0;0;0;0;0;0;0;0;0;0;0;0;0;0;0;0;0;0;0;0;0;0;0;0;0;0;0;0;0;0;0;0;0;0;0;0;0;0;0;0;0;0;0;0;0;0;0;0;0;0;0;0;0;0;0;0;0;0;0;0;0;0;0;0;0;0;0;0;0;206;0;0;0;0;0;0;0;0;0;0;0;0;0;0;0;0;0;0;0
P8S2G:04495:06783_SUB_SUB;283;0;0;0;0;0;0;0;0;0;0;0;0;0;0;0;0;0;0;0;0;0;0;0;0;0;0;0;0;0;0;0;0;0;0;0;0;0;0;0;0;0;0;0;0;0;0;0;0;0;0;0;0;0;0;0;0;0;0;0;0;0;0;0;0;0;0;0;0;0;0;279;0;0;0;0;0;0;0;0;0;0;0;0;4;0;0;0;0;0;0
P8S2G:00711:06001_SUB_SUB;153;0;0;0;0;0;0;0;0;0;0;0;0;0;0;0;0;0;0;0;0;0;0;0;0;0;0;0;0;0;0;0;0;0;0;0;0;0;0;0;0;0;0;0;0;0;0;0;0;0;0;0;0;0;0;0;0;0;0;0;0;0;0;0;0;0;0;0;0;0;0;111;0;0;0;0;0;0;0;0;0;0;0;0;0;0;0;0;0;42;0
P8S2G:00041:02405_SUB_SUB;305;0;0;0;0;0;0;0;0;0;0;0;0;0;0;0;0;0;0;0;0;0;0;0;0;0;0;0;0;0;0;0;0;0;0;0;0;0;0;0;0;0;0;0;0;0;0;0;0;0;0;0;0;0;0;0;0;0;0;0;0;0;0;0;0;0;0;0;0;0;0;305;0;0;0;0;0;0;0;0;0;0;0;0;0;0;0;0;0;0;0
P8S2G:04052:06887_SUB_SUB;197;0;0;0;0;0;0;0;0;0;0;0;0;0;0;0;0;0;0;0;0;0;0;0;0;0;0;0;0;0;0;0;0;0;0;0;0;0;0;0;0;0;0;0;0;0;0;0;0;0;0;0;0;0;0;0;0;0;0;0;0;0;0;0;0;0;0;0;0;0;0;0;164;0;0;0;0;0;0;0;0;0;0;0;0;0;0;0;33;0;0
P8S2G:04447:06816_SUB_SUB;271;0;0;0;0;0;0;0;0;0;0;0;0;0;0;0;0;0;0;0;0;0;0;0;0;0;0;0;0;0;0;0;0;0;0;0;0;0;0;0;0;0;0;0;0;0;0;0;0;0;0;0;0;0;0;0;0;0;0;0;0;0;0;0;0;0;0;0;0;0;0;0;0;0;0;0;211;0;60;0;0;0;0;0;0;0;0;0;0;0;0
P8S2G:00511:02420_SUB_SUB;385;0;0;0;0;0;0;0;0;0;0;0;0;0;0;0;0;0;0;0;0;0;0;0;0;0;0;0;0;0;0;0;0;0;0;0;0;0;0;0;0;0;0;0;0;0;0;0;0;0;0;0;0;0;0;0;0;0;0;0;0;0;0;0;0;0;0;0;0;0;0;0;0;0;0;0;36;0;67;0;0;0;0;0;32;0;250;0;0;0;0
P8S2G:01080:06303_SUB_SUB;129;0;0;0;0;0;0;0;0;0;0;0;0;0;0;0;0;0;0;0;0;0;0;0;0;0;0;0;0;0;0;0;0;0;0;0;0;0;0;0;0;0;0;0;0;0;0;0;0;0;0;0;0;0;0;0;0;0;0;0;0;0;0;0;0;0;0;0;0;0;0;0;0;0;0;0;0;128;0;0;0;0;0;1;0;0;0;0;0;0;0
P8S2G:04041:06689_SUB_SUB;165;0;0;0;0;0;0;0;0;0;0;0;0;0;0;0;0;0;0;0;0;0;0;0;0;0;0;0;0;0;0;0;0;0;0;0;0;0;0;0;0;0;0;0;0;0;0;0;0;0;0;0;0;0;0;0;0;0;0;0;0;0;0;0;0;0;0;0;0;0;0;0;0;0;0;0;0;0;0;0;165;0;0;0;0;0;0;0;0;0;0
P8S2G:04123:06849_SUB_SUB;204;0;0;0;0;0;0;0;0;0;0;0;0;0;0;0;0;0;0;0;0;0;0;0;0;0;0;0;0;0;0;0;0;0;0;0;0;0;0;0;0;0;0;0;0;0;0;0;0;0;0;0;0;0;0;0;0;0;0;0;0;0;0;0;0;0;0;0;0;0;0;0;0;0;0;0;0;0;0;0;204;0;0;0;0;0;0;0;0;0;0
P8S2G:04279:06603_SUB_SUB;146;0;0;0;0;0;0;0;0;0;0;0;0;0;0;0;0;0;0;0;0;0;0;0;0;0;0;0;0;0;0;0;0;0;0;0;0;0;0;0;0;0;0;0;0;0;0;0;0;0;0;0;0;0;0;0;0;0;0;0;0;0;0;0;0;0;0;0;0;0;0;0;0;0;0;0;0;0;0;0;145;0;0;0;1;0;0;0;0;0;0
P8S2G:04346:07015_SUB_SUB;114;0;0;0;0;0;0;0;0;0;0;0;0;0;0;0;0;0;0;0;0;0;0;0;0;0;0;0;0;0;0;0;0;0;0;0;0;0;0;0;0;0;0;0;0;0;0;0;0;0;0;0;0;0;0;0;0;0;0;0;0;0;0;0;0;0;0;0;0;0;0;0;0;0;0;0;0;0;0;0;114;0;0;0;0;0;0;0;0;0;0
P8S2G:04416:06457_SUB_SUB;129;0;0;0;0;0;0;0;0;0;0;0;0;0;0;0;0;0;0;0;0;0;0;0;0;0;0;0;0;0;0;0;0;0;0;0;0;0;0;0;0;0;0;0;0;0;0;0;0;0;0;0;0;0;0;0;0;0;0;0;0;0;0;0;0;0;0;0;0;0;0;0;0;0;0;0;0;0;0;0;129;0;0;0;0;0;0;0;0;0;0
P8S2G:00111:02555_SUB_SUB;125;0;0;0;0;0;0;0;0;0;0;0;0;0;0;0;0;0;0;0;0;0;0;0;0;0;0;0;0;0;0;0;0;0;0;0;0;0;0;0;0;0;0;0;0;0;0;0;0;0;0;0;0;0;0;0;0;0;0;0;0;0;0;0;0;0;0;0;0;0;0;0;0;0;0;0;0;0;0;0;125;0;0;0;0;0;0;0;0;0;0
P8S2G:04057:06635_SUB_SUB;116;0;0;0;0;0;0;0;0;0;0;0;0;0;0;0;0;0;0;0;0;0;0;0;0;0;0;0;0;0;0;0;0;0;0;0;0;0;0;0;0;0;0;0;0;0;0;0;0;0;0;0;0;0;0;0;0;0;0;0;0;0;0;0;0;0;0;0;0;0;0;0;0;0;0;0;0;0;0;0;0;116;0;0;0;0;0;0;0;0;0
P8S2G:04046:06715_SUB_SUB;127;0;0;0;0;0;0;0;0;0;0;0;0;0;0;0;0;0;0;0;0;0;0;0;0;0;0;0;0;0;0;0;0;0;0;0;0;0;0;0;0;0;0;0;0;0;0;0;0;0;0;0;0;0;0;0;0;0;0;0;0;0;0;0;0;0;0;0;0;0;0;0;0;0;0;0;0;0;0;0;0;127;0;0;0;0;0;0;0;0;0
P8S2G:04063:06653_SUB_SUB;676;0;0;0;0;0;0;0;0;0;0;0;0;0;0;0;0;0;0;0;0;0;0;0;0;0;0;0;0;0;0;0;0;0;0;0;0;0;0;0;0;0;0;0;0;0;0;0;0;0;0;0;0;0;0;0;0;0;0;0;0;0;0;0;0;0;0;0;0;0;0;0;0;0;0;0;0;0;0;0;0;0;0;676;0;0;0;0;0;0;0
P8S2G:04114:06875_SUB_SUB;109;0;0;0;0;0;0;0;0;0;0;0;0;0;0;0;0;0;0;0;0;0;0;0;0;0;0;0;0;0;0;0;0;0;0;0;0;0;0;0;0;0;0;0;0;0;0;0;0;0;0;0;0;0;0;0;0;0;0;0;0;0;0;0;0;0;0;0;0;0;0;0;0;0;0;0;0;0;0;0;0;0;0;109;0;0;0;0;0;0;0
P8S2G:04166:06601_SUB_SUB;114;0;0;0;0;0;0;0;0;0;0;0;0;0;0;0;0;0;0;0;0;0;0;0;0;0;0;0;0;0;0;0;0;0;0;0;0;0;0;0;0;0;0;0;0;0;0;0;0;0;0;0;0;0;0;0;0;0;0;0;0;0;0;0;0;0;0;0;0;0;0;0;0;0;0;0;0;0;0;0;0;0;0;114;0;0;0;0;0;0;0
P8S2G:04194:06421_SUB_SUB;119;0;0;0;0;0;0;0;0;0;0;0;0;0;0;0;0;0;0;0;0;0;0;0;0;0;0;0;0;0;0;0;0;0;0;0;0;0;0;0;0;0;0;0;0;0;0;0;0;0;0;0;0;0;0;0;0;0;0;0;0;0;0;0;0;0;0;0;0;0;0;0;0;0;0;0;0;0;0;0;0;0;0;119;0;0;0;0;0;0;0
P8S2G:04262:06605_SUB_SUB;118;0;0;0;0;0;0;0;0;0;0;0;0;0;0;0;0;0;0;0;0;0;0;0;0;0;0;0;0;0;0;0;0;0;0;0;0;0;0;0;0;0;0;0;0;0;0;0;0;0;0;0;0;0;0;0;0;0;0;0;0;0;0;0;0;0;0;0;0;0;0;0;0;0;0;0;0;0;0;0;0;0;0;118;0;0;0;0;0;0;0
P8S2G:04410:06728_SUB_SUB;148;0;0;0;0;0;0;0;0;0;0;0;0;0;0;0;0;0;0;0;0;0;0;0;0;0;0;0;0;0;0;0;0;0;0;0;0;0;0;0;0;0;0;0;0;0;0;0;0;0;0;0;0;0;0;0;0;0;0;0;0;0;0;0;0;0;0;0;0;0;0;0;0;0;0;0;0;0;0;0;0;0;0;148;0;0;0;0;0;0;0
P8S2G:04516:06403_SUB_SUB;121;0;0;0;0;0;0;0;0;0;0;0;0;0;0;0;0;0;0;0;0;0;0;0;0;0;0;0;0;0;0;0;0;0;0;0;0;0;0;0;0;0;0;0;0;0;0;0;0;0;0;0;0;0;0;0;0;0;0;0;0;0;0;0;0;0;0;0;0;0;0;0;0;0;0;0;0;0;0;0;0;0;0;121;0;0;0;0;0;0;0
P8S2G:04521:07032_SUB_SUB;165;0;0;0;0;0;0;0;0;0;0;0;0;0;0;0;0;0;0;0;0;0;0;0;0;0;0;0;0;0;0;0;0;0;0;0;0;0;0;0;0;0;0;0;0;0;0;0;0;0;0;0;0;0;0;0;0;0;0;0;0;0;0;0;0;0;0;0;0;0;0;0;0;0;0;0;0;0;0;0;0;0;0;165;0;0;0;0;0;0;0
P8S2G:04594:06603_SUB_SUB;125;0;0;0;0;0;0;0;0;0;0;0;0;0;0;0;0;0;0;0;0;0;0;0;0;0;0;0;0;0;0;0;0;0;0;0;0;0;0;0;0;0;0;0;0;0;0;0;0;0;0;0;0;0;0;0;0;0;0;0;0;0;0;0;0;0;0;0;0;0;0;0;0;0;0;0;0;0;0;0;0;0;0;125;0;0;0;0;0;0;0
P8S2G:00397:02328_SUB_SUB;103;0;0;0;0;0;0;0;0;0;0;0;0;0;0;0;0;0;0;0;0;0;0;0;0;0;0;0;0;0;0;0;0;0;0;0;0;0;0;0;0;0;0;0;0;0;0;0;0;0;0;0;0;0;0;0;0;0;0;0;0;0;0;0;0;0;0;0;0;0;0;0;0;0;0;0;0;0;0;0;0;0;0;103;0;0;0;0;0;0;0
P8S2G:00942:05834_SUB_SUB;289;0;0;0;0;0;0;0;0;0;0;0;0;0;0;0;0;0;0;0;0;0;0;0;0;0;0;0;0;0;0;0;0;0;0;0;0;0;0;0;0;0;0;0;0;0;0;0;0;0;0;0;0;0;0;0;0;0;0;0;0;0;0;0;0;0;0;0;0;0;0;0;0;0;0;0;0;0;0;0;0;0;0;0;61;34;164;0;0;0;30
P8S2G:04047:06479_SUB_SUB;317;0;0;0;0;0;0;0;0;0;0;0;0;0;0;0;0;0;0;0;0;0;0;0;0;0;0;0;0;0;0;0;0;0;0;0;0;0;0;0;0;0;0;0;0;0;0;0;0;0;0;0;0;0;0;0;0;0;0;0;0;0;0;0;0;0;0;0;0;0;0;0;0;0;0;0;0;0;0;0;0;0;0;0;0;217;100;0;0;0;0
P8S2G:04086:06925_SUB_SUB;167;0;0;0;0;0;0;0;0;0;0;0;0;0;0;0;0;0;0;0;0;0;0;0;0;0;0;0;0;0;0;0;0;0;0;0;0;0;0;0;0;0;0;0;0;0;0;0;0;0;0;0;0;0;0;0;0;0;0;0;0;0;0;0;0;0;0;0;0;0;0;0;0;0;0;0;0;0;0;0;0;0;0;0;0;167;0;0;0;0;0
P8S2G:04137:06482_SUB_SUB;110;0;0;0;0;0;0;0;0;0;0;0;0;0;0;0;0;0;0;0;0;0;0;0;0;0;0;0;0;0;0;0;0;0;0;0;0;0;0;0;0;0;0;0;0;0;0;0;0;0;0;0;0;0;0;0;0;0;0;0;0;0;0;0;0;0;0;0;0;0;0;0;0;0;0;0;0;0;0;0;0;0;0;0;0;110;0;0;0;0;0
P8S2G:04305:06466_SUB_SUB;303;0;0;0;0;0;0;0;0;0;0;0;0;0;0;0;0;0;0;0;0;0;0;0;0;0;0;0;0;0;0;0;0;0;0;0;0;0;0;0;0;0;0;0;0;0;0;0;0;0;0;0;0;0;0;0;0;0;0;0;0;0;0;0;0;0;0;0;0;0;0;0;0;0;0;0;0;0;0;0;0;0;0;0;0;303;0;0;0;0;0
P8S2G:04099:06579_SUB_SUB;267;0;0;0;0;0;0;0;0;0;0;0;0;0;0;0;0;0;0;0;0;0;0;0;0;0;0;0;0;0;0;0;0;0;0;0;0;0;0;0;0;0;0;0;0;0;0;0;0;0;0;0;0;0;0;0;0;0;0;0;0;0;0;0;0;0;0;0;0;0;0;0;0;0;0;0;0;0;0;0;0;0;0;0;0;0;267;0;0;0;0
P8S2G:03993:06998_SUB_SUB;290;0;0;0;0;0;0;0;0;0;0;0;0;0;0;0;0;0;0;0;0;0;0;0;0;0;0;0;0;0;0;0;0;0;0;0;0;0;0;0;0;0;0;0;0;0;0;0;0;0;0;0;0;0;0;0;0;0;0;0;0;0;0;0;0;0;0;0;0;0;0;0;0;0;0;0;0;0;0;0;0;0;0;0;0;0;0;290;0;0;0
P8S2G:04014:07010_SUB_SUB;233;0;0;0;0;0;0;0;0;0;0;0;0;0;0;0;0;0;0;0;0;0;0;0;0;0;0;0;0;0;0;0;0;0;0;0;0;0;0;0;0;0;0;0;0;0;0;0;0;0;0;0;0;0;0;0;0;0;0;0;0;0;0;0;0;0;0;0;0;0;0;0;0;0;0;0;0;0;0;0;0;0;0;0;0;0;0;233;0;0;0
P8S2G:04057:06832_SUB_SUB;200;0;0;0;0;0;0;0;0;0;0;0;0;0;0;0;0;0;0;0;0;0;0;0;0;0;0;0;0;0;0;0;0;0;0;0;0;0;0;0;0;0;0;0;0;0;0;0;0;0;0;0;0;0;0;0;0;0;0;0;0;0;0;0;0;0;0;0;0;0;0;0;0;0;0;0;0;0;0;0;0;0;0;0;0;0;0;200;0;0;0
P8S2G:04045:06904_SUB_SUB;123;0;0;0;0;0;0;0;0;0;0;0;0;0;0;0;0;0;0;0;0;0;0;0;0;0;0;0;0;0;0;0;0;0;0;0;0;0;0;0;0;0;0;0;0;0;0;0;0;0;0;0;0;0;0;0;0;0;0;0;0;0;0;0;0;0;0;0;0;0;0;0;0;0;0;0;0;0;0;0;0;0;0;0;0;0;0;123;0;0;0
P8S2G:04122:06592_SUB_SUB;249;0;0;0;0;0;0;0;0;0;0;0;0;0;0;0;0;0;0;0;0;0;0;0;0;0;0;0;0;0;0;0;0;0;0;0;0;0;0;0;0;0;0;0;0;0;0;0;0;0;0;0;0;0;0;0;0;0;0;0;0;0;0;0;0;0;0;0;0;0;0;0;0;0;0;0;0;0;0;0;0;0;0;0;0;0;0;249;0;0;0
P8S2G:04096:07034_SUB_SUB;309;0;0;0;0;0;0;0;0;0;0;0;0;0;0;0;0;0;0;0;0;0;0;0;0;0;0;0;0;0;0;0;0;0;0;0;0;0;0;0;0;0;0;0;0;0;0;0;0;0;0;0;0;0;0;0;0;0;0;0;0;0;0;0;0;0;0;0;0;0;0;0;0;0;0;0;0;0;0;0;0;0;0;0;0;0;0;309;0;0;0
P8S2G:04226:06623_SUB_SUB;803;0;0;0;0;0;0;0;0;0;0;0;0;0;0;0;0;0;0;0;0;0;0;0;0;0;0;0;0;0;0;0;0;0;0;0;0;0;0;0;0;0;0;0;0;0;0;0;0;0;0;0;0;0;0;0;0;0;0;0;0;0;0;0;0;0;0;0;0;0;0;0;0;0;0;0;0;0;0;0;0;0;0;0;0;0;0;803;0;0;0
P8S2G:04270:06766_SUB_SUB;653;0;0;0;0;0;0;0;0;0;0;0;0;0;0;0;0;0;0;0;0;0;0;0;0;0;0;0;0;0;0;0;0;0;0;0;0;0;0;0;0;0;0;0;0;0;0;0;0;0;0;0;0;0;0;0;0;0;0;0;0;0;0;0;0;0;0;0;0;0;0;0;0;0;0;0;0;0;0;0;0;0;0;0;0;0;0;653;0;0;0
P8S2G:04511:06420_SUB_SUB;198;0;0;0;0;0;0;0;0;0;0;0;0;0;0;0;0;0;0;0;0;0;0;0;0;0;0;0;0;0;0;0;0;0;0;0;0;0;0;0;0;0;0;0;0;0;0;0;0;0;0;0;0;0;0;0;0;0;0;0;0;0;0;0;0;0;0;0;0;0;0;0;0;0;0;0;0;0;0;0;0;0;0;0;0;0;0;198;0;0;0
P8S2G:04622:06914_SUB_SUB;277;0;0;0;0;0;0;0;0;0;0;0;0;0;0;0;0;0;0;0;0;0;0;0;0;0;0;0;0;0;0;0;0;0;0;0;0;0;0;0;0;0;0;0;0;0;0;0;0;0;0;0;0;0;0;0;0;0;0;0;0;0;0;0;0;0;0;0;0;0;0;0;0;0;0;0;0;0;0;0;0;0;0;0;0;0;0;277;0;0;0
P8S2G:00934:05811_SUB_SUB;184;0;0;0;0;0;0;0;0;0;0;0;0;0;0;0;0;0;0;0;0;0;0;0;0;0;0;0;0;0;0;0;0;0;0;0;0;0;0;0;0;0;0;0;0;0;0;0;0;0;0;0;0;0;0;0;0;0;0;0;0;0;0;0;0;0;0;0;0;0;0;0;0;0;0;0;0;0;0;0;0;0;0;0;0;0;0;184;0;0;0
P8S2G:00976:05950_SUB_SUB;104;0;0;0;0;0;0;0;0;0;0;0;0;0;0;0;0;0;0;0;0;0;0;0;0;0;0;0;0;0;0;0;0;0;0;0;0;0;0;0;0;0;0;0;0;0;0;0;0;0;0;0;0;0;0;0;0;0;0;0;0;0;0;0;0;0;0;0;0;0;0;0;0;0;0;0;0;0;0;0;0;0;0;0;0;0;0;104;0;0;0
P8S2G:04016:06714_SUB_SUB;947;0;0;0;0;0;0;0;0;0;0;0;0;0;0;0;0;0;0;0;0;0;0;0;0;0;0;0;0;0;0;0;0;0;0;0;0;0;0;0;0;0;0;0;0;0;0;0;0;0;0;0;0;0;0;0;0;0;0;0;0;0;0;0;0;0;0;0;0;0;0;0;0;0;0;0;0;0;0;0;0;0;0;0;0;0;0;0;0;947;0
P8S2G:04028:06916_SUB_SUB;946;0;0;0;0;0;0;0;0;0;0;0;0;0;0;0;0;0;0;0;0;0;0;0;0;0;0;0;0;0;0;0;0;0;0;0;0;0;0;0;0;0;0;0;0;0;0;0;0;0;0;0;0;0;0;0;0;0;0;0;0;0;0;0;0;0;0;0;0;0;0;0;0;0;0;0;0;0;0;0;0;0;0;0;0;0;0;0;0;946;0
P8S2G:04054:06441_SUB_SUB;1138;0;0;0;0;0;0;0;0;0;0;0;0;0;0;0;0;0;0;0;0;0;0;0;0;0;0;0;0;0;0;0;0;0;0;0;0;0;0;0;0;0;0;0;0;0;0;0;0;0;0;0;0;0;0;0;0;0;0;0;0;0;0;0;0;0;0;0;0;0;0;0;0;0;0;0;0;0;0;0;0;0;0;0;0;0;0;0;0;1138;0
P8S2G:04105:06935_SUB_SUB;198;0;0;0;0;0;0;0;0;0;0;0;0;0;0;0;0;0;0;0;0;0;0;0;0;0;0;0;0;0;0;0;0;0;0;0;0;0;0;0;0;0;0;0;0;0;0;0;0;0;0;0;0;0;0;0;0;0;0;0;0;0;0;0;0;0;0;0;0;0;0;0;0;0;0;0;0;0;0;0;0;0;0;0;0;0;0;0;0;198;0
P8S2G:04181:06806_SUB_SUB;101;0;0;0;0;0;0;0;0;0;0;0;0;0;0;0;0;0;0;0;0;0;0;0;0;0;0;0;0;0;0;0;0;0;0;0;0;0;0;0;0;0;0;0;0;0;0;0;0;0;0;0;0;0;0;0;0;0;0;0;0;0;0;0;0;0;0;0;0;0;0;0;0;0;0;0;0;0;0;0;0;0;0;0;0;0;0;0;0;101;0
P8S2G:04196:06482_SUB_SUB;132;0;0;0;0;0;0;0;0;0;0;0;0;0;0;0;0;0;0;0;0;0;0;0;0;0;0;0;0;0;0;0;0;0;0;0;0;0;0;0;0;0;0;0;0;0;0;0;0;0;0;0;0;0;0;0;0;0;0;0;0;0;0;0;0;0;0;0;0;0;0;0;0;0;0;0;0;0;0;0;0;0;0;0;0;0;0;0;0;132;0
P8S2G:04185:06738_SUB_SUB;592;0;0;0;0;0;0;0;0;0;0;0;0;0;0;0;0;0;0;0;0;0;0;0;0;0;0;0;0;0;0;0;0;0;0;0;0;0;0;0;0;0;0;0;0;0;0;0;0;0;0;0;0;0;0;0;0;0;0;0;0;0;0;0;0;0;0;0;0;0;0;0;0;0;0;0;0;0;0;0;0;0;0;0;0;0;0;0;0;592;0
P8S2G:04543:07035_SUB_SUB;134;0;0;0;0;0;0;0;0;0;0;0;0;0;0;0;0;0;0;0;0;0;0;0;0;0;0;0;0;0;0;0;0;0;0;0;0;0;0;0;0;0;0;0;0;0;0;0;0;0;0;0;0;0;0;0;0;0;0;0;0;0;0;0;0;0;0;0;0;0;0;0;0;0;0;0;0;0;0;0;0;0;0;0;0;0;0;0;0;134;0