OTU id;count;E00944148;E00944149;E00944151;E00944152;E00944153;E00944154;E00944155;E00944156;E00944157;E00944160;E00944167;E00963469;E00963471;E00963474;E00963476;E00963478;E00963482;E00963484;E00963485;E00963490;E00963491;E00963492;E00963493;E00963495;E00963496;E00963497;E00963498;E00963499;E00963500;E00963501;E00963502;E00963505;E00963506;E00963508;E00963509;E00963510;E00963511;E00963512;E00963740;E00963743;E00963746;E00963750;E00963751;E00963753;E00963757;E00963761;E00963764;E00963842;E00963843;E00963845;E00963846;E00963848;E00963850;E00963852;E00963853;E00963855;E00963856;E00963857;E00963859;E00963864;E00982230;E00982232;E00982233;E00982239;E00982241;E00982252;E00982256;E00982258;E00982259;E00982260;E00982262;E00982264;E00982266;E00982271;E00982273;E00982477;E00982478;E00982480;E00982481;E00982487;E00982488;E00982489;E00982490;E00982493;E00982494;E00982496;E00982497;E00982499;E00982501
M68YD:04324:06866_SUB_SUB;20048;0;0;0;0;0;0;0;0;0;0;0;0;0;0;0;0;0;0;0;0;0;0;201;0;0;0;0;0;0;0;0;0;0;0;0;0;0;0;0;0;0;0;0;0;0;0;0;0;0;0;0;0;0;1;0;0;0;0;0;0;0;0;1;0;0;0;0;0;0;0;0;0;0;0;0;0;0;0;0;0;0;19845;0;0;0;0;0;0;0
M68YD:00581:01985_SUB_SUB;2482;0;0;0;0;0;0;0;0;0;0;0;0;0;0;0;0;0;0;0;0;0;0;16;0;0;0;0;0;0;0;0;0;0;0;0;0;0;0;0;0;0;0;0;0;0;0;0;0;0;0;0;0;0;0;0;0;0;0;0;0;0;0;2;0;0;0;0;0;0;0;0;0;0;0;0;0;0;0;0;0;0;2463;0;0;0;1;0;0;0
M68YD:03683:04237_SUB_SUB;333;0;0;0;0;0;0;0;0;0;0;0;0;0;0;0;0;0;0;0;0;0;0;3;0;0;0;0;0;0;0;0;0;0;0;0;0;0;0;0;0;0;0;0;0;0;0;0;0;0;0;0;0;0;0;0;0;0;0;0;0;0;0;0;0;0;0;0;0;0;0;0;0;0;0;0;0;0;0;0;0;0;330;0;0;0;0;0;0;0
M68YD:00747:02229_SUB_SUB;369;0;0;0;0;0;0;0;1;0;0;0;0;0;0;0;0;0;0;0;0;0;0;10;0;0;0;0;0;0;0;0;0;0;0;0;0;0;0;0;0;0;0;0;0;0;0;0;0;0;0;0;0;0;0;0;0;0;0;0;0;0;0;0;0;0;0;0;0;0;0;0;0;0;0;0;0;0;0;0;0;0;358;0;0;0;0;0;0;0
M68YD:04261:06844_SUB_SUB;1356;0;0;0;0;0;0;0;0;0;0;0;0;0;0;0;0;0;0;0;0;0;0;35;0;0;0;0;0;0;0;0;0;0;0;0;0;0;0;0;0;0;0;0;0;0;0;0;0;0;0;0;0;0;0;0;0;0;0;0;0;0;0;0;0;0;0;0;0;0;0;0;0;0;0;0;0;0;0;0;0;0;1321;0;0;0;0;0;0;0
M68YD:04264:02962_SUB_SUB;1078;0;0;0;0;0;0;0;0;0;0;0;0;0;0;0;0;0;0;0;0;0;0;10;0;0;0;0;0;0;0;0;0;0;0;0;0;0;0;0;0;0;0;0;0;0;0;0;0;0;0;0;0;0;0;0;0;0;0;0;0;0;0;1;0;0;0;0;0;0;0;0;0;0;0;0;0;0;0;0;0;0;1067;0;0;0;0;0;0;0
M68YD:03181:06183_SUB_SUB;1243;0;0;0;0;0;0;0;0;0;0;0;0;0;0;0;0;0;0;0;0;0;0;3;0;0;0;0;0;0;0;0;0;0;0;0;0;0;0;0;0;0;0;0;0;0;0;0;0;0;0;0;0;0;0;0;0;0;0;0;0;0;0;0;0;0;0;0;0;0;0;0;0;0;0;0;0;0;0;0;0;0;1240;0;0;0;0;0;0;0
M68YD:03829:05714_SUB_SUB;4639;0;0;0;0;0;0;0;1;0;0;0;0;0;0;0;0;0;0;0;0;0;0;46;0;0;0;0;0;0;0;0;0;0;0;0;0;0;0;0;0;0;0;0;0;0;0;0;0;0;0;0;0;0;1;0;0;0;0;0;0;0;0;1;0;0;0;0;0;0;0;0;0;0;0;0;0;0;0;0;0;0;4590;0;0;0;0;0;0;0
M68YD:01036:05889_SUB_SUB;188;0;0;0;0;0;0;0;0;0;0;0;0;0;0;0;0;0;0;0;0;0;0;5;0;0;0;0;0;0;0;0;0;0;0;0;0;0;0;0;0;0;0;0;0;0;0;0;0;0;0;0;0;0;0;0;0;0;0;0;0;0;0;0;0;0;0;0;0;0;0;0;0;0;0;0;0;0;0;0;0;0;183;0;0;0;0;0;0;0
M68YD:00162:04285_SUB_SUB;656;0;0;0;0;0;0;0;0;0;0;0;0;0;0;0;0;0;0;0;0;0;0;6;0;0;0;0;0;0;0;0;0;0;0;0;0;0;0;0;0;0;0;0;0;0;0;0;0;0;0;0;0;0;0;0;0;0;0;0;0;0;0;0;0;0;0;0;0;0;0;0;0;0;0;0;0;0;0;0;0;0;650;0;0;0;0;0;0;0
M68YD:00834:06239_SUB_SUB;184;0;0;0;0;0;0;0;0;0;0;0;0;0;0;0;0;0;0;0;0;0;0;0;0;0;0;0;0;0;0;0;0;0;0;0;0;0;0;0;0;0;0;0;0;0;0;0;0;0;0;0;0;0;0;0;0;0;0;0;0;0;0;0;0;0;0;0;0;0;0;0;0;0;0;0;0;0;0;0;0;0;184;0;0;0;0;0;0;0
M68YD:04821:00581_SUB_SUB;108;0;0;0;0;0;0;0;0;0;0;0;0;0;0;0;0;0;0;0;0;0;0;1;0;0;0;0;0;0;0;0;0;0;0;0;0;0;0;0;0;0;0;0;0;0;0;0;0;0;0;0;0;0;0;0;0;0;0;0;0;0;0;0;0;0;0;0;0;0;0;0;0;0;0;0;0;0;0;0;0;0;107;0;0;0;0;0;0;0
M68YD:02125:04255_SUB_SUB;279;0;0;0;0;0;0;0;0;0;0;0;0;0;0;0;0;0;0;0;0;0;0;2;0;0;0;0;0;0;0;0;0;0;0;0;0;0;0;0;0;0;0;0;0;0;0;0;0;0;0;0;0;0;0;0;0;0;0;0;0;0;0;0;0;0;0;0;0;0;0;0;0;0;0;0;0;0;0;0;0;0;277;0;0;0;0;0;0;0
M68YD:03991:06409_SUB_SUB;125;0;0;0;0;0;0;0;0;0;0;0;0;0;0;0;0;0;0;0;0;0;0;0;0;0;0;0;0;0;0;0;0;0;0;0;0;0;0;0;0;0;0;0;0;0;0;0;0;0;0;0;0;0;0;0;0;0;0;0;0;0;0;0;0;0;0;0;0;0;0;0;0;0;0;0;0;0;0;0;0;0;125;0;0;0;0;0;0;0
M68YD:00423:01058_SUB_SUB;125;0;0;0;0;0;0;0;0;0;0;0;0;0;0;0;0;0;0;0;0;0;0;0;0;0;0;0;0;0;0;0;0;0;0;0;0;0;0;0;0;0;0;0;0;0;0;0;0;0;0;0;0;0;0;0;0;0;0;0;0;0;0;0;0;0;0;0;0;0;0;0;0;0;0;0;0;0;0;0;0;0;125;0;0;0;0;0;0;0
M68YD:03475:05174_SUB_SUB;212;0;0;0;0;0;0;0;0;0;0;0;0;0;0;0;0;0;0;0;0;0;0;1;0;0;0;0;0;0;0;0;0;0;0;0;0;0;0;0;0;0;0;0;0;0;0;0;0;0;0;0;0;0;0;0;0;0;0;0;0;0;0;0;0;0;0;0;0;0;0;0;0;0;0;0;0;0;0;0;0;0;211;0;0;0;0;0;0;0
M68YD:02438:05667_SUB_SUB;310;0;0;0;0;0;0;0;0;0;0;0;0;0;0;0;0;0;0;0;0;0;0;1;0;0;0;0;0;0;0;0;0;0;0;0;0;0;0;0;0;0;0;0;0;0;0;0;0;0;0;0;0;0;0;0;0;0;0;0;0;0;0;0;0;0;0;0;0;0;0;0;0;0;0;0;0;0;0;0;0;0;309;0;0;0;0;0;0;0
M68YD:00174:01009_SUB_SUB;492;0;0;0;0;0;0;0;0;0;0;0;0;0;0;0;0;0;0;0;0;0;0;12;0;0;0;0;0;0;0;0;0;0;0;0;0;0;0;0;0;0;0;0;0;0;0;0;0;0;0;0;0;0;0;0;0;0;0;0;0;0;0;0;0;0;0;0;0;0;0;0;0;0;0;0;0;0;0;0;0;0;480;0;0;0;0;0;0;0
M68YD:00957:06306_SUB_SUB;109;0;0;0;0;0;0;0;0;0;0;0;0;0;0;0;0;0;0;0;0;0;0;0;0;0;0;0;0;0;0;0;0;0;0;0;0;0;0;0;0;0;0;0;0;0;0;0;0;0;0;0;0;0;0;0;0;0;0;0;0;0;0;0;0;0;0;0;0;0;0;0;0;0;0;0;0;0;0;0;0;0;109;0;0;0;0;0;0;0
M68YD:04637:06721_SUB_SUB;243;0;0;0;0;0;0;0;0;0;0;0;0;0;0;0;0;0;0;0;0;0;0;0;0;0;0;0;0;0;0;0;0;0;0;0;0;0;0;0;0;0;0;0;0;0;0;0;0;0;0;0;0;0;0;0;0;0;0;0;0;0;0;0;0;0;0;0;0;0;0;0;0;0;0;0;0;0;0;0;0;0;243;0;0;0;0;0;0;0
M68YD:03001:01651_SUB_SUB;267;0;0;0;0;0;0;0;0;0;0;0;0;0;0;0;0;0;0;0;0;0;0;2;0;0;0;0;0;0;0;0;0;0;0;0;0;0;0;0;0;0;0;0;0;0;0;0;0;0;0;0;0;0;0;0;0;0;0;0;0;0;0;0;0;0;0;0;0;0;0;0;0;0;0;0;0;0;0;0;0;0;265;0;0;0;0;0;0;0
M68YD:02704:02388_SUB_SUB;133;0;0;0;0;0;0;0;0;0;0;0;0;0;0;0;0;0;0;0;0;0;0;1;0;0;0;0;0;0;0;0;0;0;0;0;0;0;0;0;0;0;0;0;0;0;0;0;0;0;0;0;0;0;0;0;0;0;0;0;0;0;0;0;0;0;0;0;0;0;0;0;0;0;0;0;0;0;0;0;0;0;132;0;0;0;0;0;0;0
M68YD:01173:01429_SUB_SUB;120;0;0;0;0;0;0;0;0;0;0;0;0;0;0;0;0;0;0;0;0;0;0;3;0;0;0;0;0;0;0;0;0;0;0;0;0;0;0;0;0;0;0;0;0;0;0;0;0;0;0;0;0;0;0;0;0;0;0;0;0;0;0;0;0;0;0;0;0;0;0;0;0;0;0;0;0;0;0;0;0;0;117;0;0;0;0;0;0;0
M68YD:04021:01779_SUB_SUB;445;0;0;0;0;0;0;0;0;0;0;0;0;0;0;0;0;0;0;0;0;0;0;5;0;0;0;0;0;0;0;0;0;0;0;0;0;0;0;0;0;0;0;0;0;0;0;0;0;0;0;0;0;0;0;0;0;0;0;0;0;0;0;0;0;0;0;0;0;0;0;0;0;0;0;0;0;0;0;0;0;0;440;0;0;0;0;0;0;0
M68YD:03384:01807_SUB_SUB;129;0;0;0;0;0;0;0;0;0;0;0;0;0;0;0;0;0;0;0;0;0;0;0;0;0;0;0;0;0;0;0;0;0;0;0;0;0;0;0;0;0;0;0;0;0;0;0;0;0;0;0;0;0;0;0;0;0;0;0;0;0;0;0;0;0;0;0;0;0;0;0;0;0;0;0;0;0;0;0;0;0;129;0;0;0;0;0;0;0
M68YD:02705:03041_SUB_SUB;218;0;0;0;0;0;0;0;0;0;0;0;0;0;0;0;0;0;0;0;0;0;0;1;0;0;0;0;0;0;0;0;0;0;0;0;0;0;0;0;0;0;0;0;0;0;0;0;0;0;0;0;0;0;0;0;0;0;0;0;0;0;0;0;0;0;0;0;0;0;0;0;0;0;0;0;0;0;0;0;0;0;217;0;0;0;0;0;0;0
M68YD:01599:01462_SUB_SUB;176;0;0;0;0;0;0;0;0;0;0;0;0;0;0;0;0;0;0;0;0;0;0;3;0;0;0;0;0;0;0;0;0;0;0;0;0;0;0;0;0;0;0;0;0;0;0;0;0;0;0;0;0;0;0;0;0;0;0;0;0;0;0;0;0;0;0;0;0;0;0;0;0;0;0;0;0;0;0;0;0;0;173;0;0;0;0;0;0;0
M68YD:03433:01393_SUB_SUB;116;0;0;0;0;0;0;0;0;0;0;0;0;0;0;0;0;0;0;0;0;0;0;0;0;0;0;0;0;0;0;0;0;0;0;0;0;0;0;0;0;0;0;0;0;0;0;0;0;0;0;0;0;0;0;0;0;0;0;0;0;0;0;0;0;0;0;0;0;0;0;0;0;0;0;0;0;0;0;0;0;0;116;0;0;0;0;0;0;0
M68YD:04526:06529_SUB_SUB;5090;0;0;0;0;0;0;0;0;0;0;0;0;0;0;0;0;0;0;0;0;0;0;0;0;0;0;0;0;0;0;0;0;0;0;0;0;0;0;0;0;0;0;0;0;90;0;0;0;0;0;0;0;0;0;0;0;0;0;0;0;0;0;1;0;0;0;0;0;0;0;1;0;0;0;0;0;0;0;0;0;0;0;0;0;0;0;4998;0;0
M68YD:01287:06300_SUB_SUB;932;0;0;0;0;0;0;0;0;0;0;0;0;0;0;0;0;0;0;0;0;0;0;0;0;0;0;0;0;0;0;0;0;0;0;0;0;0;0;0;0;0;0;0;0;11;0;0;0;0;0;0;0;0;0;0;0;0;0;0;0;0;0;0;0;0;0;0;0;0;0;0;0;0;0;0;0;0;0;0;0;0;0;0;0;0;0;921;0;0
M68YD:00254:02586_SUB_SUB;135;0;0;0;0;0;0;0;0;0;0;0;0;0;0;0;0;0;0;0;0;0;0;0;0;0;0;0;0;0;0;0;0;0;0;0;0;0;0;0;0;0;0;0;0;1;0;0;0;0;0;0;0;0;0;0;0;0;0;0;0;0;0;0;0;0;0;0;0;0;0;0;0;0;0;0;0;0;0;0;0;0;0;0;0;0;0;134;0;0
M68YD:01255:00965_SUB_SUB;195;0;0;0;0;0;0;0;0;0;0;0;0;0;0;0;0;0;0;0;0;0;0;0;0;0;0;0;0;0;0;0;0;0;0;0;0;0;0;0;0;0;0;0;0;5;0;0;0;0;0;0;0;0;0;0;0;0;0;0;0;0;0;1;0;0;0;0;0;0;0;0;0;0;0;0;0;0;0;0;0;0;0;0;0;0;0;189;0;0
M68YD:04066:06446_SUB_SUB;103;0;0;0;0;0;0;0;0;0;0;0;0;0;0;0;0;0;0;0;0;0;0;0;0;0;0;0;0;0;0;0;0;0;0;0;0;0;0;0;0;0;0;0;0;0;0;0;0;0;0;0;0;0;0;0;0;0;0;0;0;0;0;0;0;0;0;0;0;0;0;0;0;0;0;0;0;0;0;0;0;0;0;0;0;0;0;103;0;0
M68YD:02308:07333_SUB_SUB;285;0;0;0;0;0;0;0;0;0;0;0;0;0;0;0;0;0;0;0;0;0;0;0;0;0;0;0;0;0;0;0;0;0;0;0;0;0;0;0;0;0;0;0;0;4;0;0;0;0;0;0;0;0;0;0;0;0;0;0;0;0;0;0;0;0;0;0;0;0;0;0;0;0;0;0;0;0;0;0;0;0;0;0;0;0;0;281;0;0
M68YD:03698:02107_SUB_SUB;212;0;0;0;0;0;0;0;0;0;0;0;0;0;0;0;0;0;0;0;0;0;0;0;0;0;0;0;0;0;0;0;0;0;0;0;0;0;0;0;0;0;0;0;0;0;0;3;0;0;0;0;0;0;209;0;0;0;0;0;0;0;0;0;0;0;0;0;0;0;0;0;0;0;0;0;0;0;0;0;0;0;0;0;0;0;0;0;0;0
M68YD:04203:04220_SUB_SUB;11200;0;0;0;0;0;0;0;0;0;0;0;0;0;0;0;0;0;0;1;0;0;1;0;0;0;0;0;0;0;0;0;0;0;0;0;0;0;0;0;0;0;0;0;0;0;0;0;0;0;0;0;1;0;0;0;0;0;0;0;0;0;11196;0;0;0;0;0;0;1;0;0;0;0;0;0;0;0;0;0;0;0;0;0;0;0;0;0;0;0
M68YD:04007:06432_SUB_SUB;1354;0;0;0;0;0;0;0;0;0;0;0;0;0;0;0;0;0;0;0;0;0;0;0;0;0;0;0;0;0;0;0;0;0;0;0;0;0;0;0;0;0;0;0;0;0;0;0;0;0;0;0;0;0;0;0;0;0;0;0;0;0;1354;0;0;0;0;0;0;0;0;0;0;0;0;0;0;0;0;0;0;0;0;0;0;0;0;0;0;0
M68YD:04182:07024_SUB_SUB;141;0;0;0;0;0;0;0;0;0;0;0;0;0;0;0;0;0;0;0;0;0;0;0;0;0;0;0;0;0;0;0;0;0;0;0;0;0;0;0;0;0;0;0;0;0;0;0;0;0;0;0;0;0;0;0;0;0;0;0;0;0;141;0;0;0;0;0;0;0;0;0;0;0;0;0;0;0;0;0;0;0;0;0;0;0;0;0;0;0
M68YD:04005:06681_SUB_SUB;2130;0;0;0;0;0;0;0;0;0;0;0;0;0;0;0;0;0;0;0;0;0;0;0;0;0;0;0;0;0;0;0;0;0;0;0;0;0;0;0;0;0;0;0;0;0;0;0;0;0;0;0;0;0;0;0;0;0;0;0;0;0;2130;0;0;0;0;0;0;0;0;0;0;0;0;0;0;0;0;0;0;0;0;0;0;0;0;0;0;0
M68YD:04075:06988_SUB_SUB;1118;0;0;0;0;0;0;0;0;0;0;0;0;0;0;0;0;0;0;0;0;0;0;0;0;0;0;0;0;0;0;0;0;0;0;0;0;0;0;0;0;0;0;0;0;0;0;0;0;0;0;0;0;0;0;0;0;0;0;0;0;0;1118;0;0;0;0;0;0;0;0;0;0;0;0;0;0;0;0;0;0;0;0;0;0;0;0;0;0;0
M68YD:03991:06620_SUB_SUB;230;0;0;0;0;0;0;0;0;0;0;0;0;0;0;0;0;0;0;0;0;0;0;0;0;0;0;0;0;0;0;0;0;0;0;0;0;0;0;0;0;0;0;0;0;0;0;0;0;0;0;0;0;0;0;0;0;0;0;0;0;0;230;0;0;0;0;0;0;0;0;0;0;0;0;0;0;0;0;0;0;0;0;0;0;0;0;0;0;0
M68YD:04109:06997_SUB_SUB;169;0;0;0;0;0;0;0;0;0;0;0;0;0;0;0;0;0;0;0;0;0;0;0;0;0;0;0;0;0;0;0;0;0;0;0;0;0;0;0;0;0;0;0;0;0;0;0;0;0;0;0;0;0;0;0;0;0;0;0;0;0;169;0;0;0;0;0;0;0;0;0;0;0;0;0;0;0;0;0;0;0;0;0;0;0;0;0;0;0
M68YD:04028:06471_SUB_SUB;1224;0;0;0;0;0;0;0;0;0;0;0;0;0;0;0;0;0;0;0;0;0;0;0;0;0;0;0;0;0;0;0;0;0;0;0;0;0;0;0;0;0;0;0;0;0;0;0;0;0;0;0;0;0;0;0;0;0;0;0;0;0;1224;0;0;0;0;0;0;0;0;0;0;0;0;0;0;0;0;0;0;0;0;0;0;0;0;0;0;0
M68YD:04489:06555_SUB_SUB;132;0;0;0;0;0;0;0;0;0;0;0;0;0;0;0;0;0;0;0;0;0;0;0;0;0;0;0;0;0;0;0;0;0;0;0;0;0;0;0;0;0;0;0;0;0;0;0;0;0;0;0;0;0;0;0;0;0;0;0;0;0;132;0;0;0;0;0;0;0;0;0;0;0;0;0;0;0;0;0;0;0;0;0;0;0;0;0;0;0
M68YD:04011:06454_SUB_SUB;155;0;0;0;0;0;0;0;0;0;0;0;0;0;0;0;0;0;0;0;0;0;0;0;0;0;0;0;0;0;0;0;0;0;0;0;0;0;0;0;0;0;0;0;0;0;0;0;0;0;0;0;0;0;0;0;0;0;0;0;0;0;155;0;0;0;0;0;0;0;0;0;0;0;0;0;0;0;0;0;0;0;0;0;0;0;0;0;0;0
M68YD:00690:03050_SUB_SUB;580;0;0;0;0;0;0;0;0;0;0;0;0;0;0;0;0;0;0;0;0;0;3;0;0;0;0;0;0;0;0;0;0;0;0;0;0;0;0;0;0;0;0;0;0;0;0;0;0;0;0;0;0;0;0;0;0;0;0;0;0;0;0;0;0;0;0;0;0;0;0;0;0;0;577;0;0;0;0;0;0;0;0;0;0;0;0;0;0;0
M68YD:01951:05201_SUB_SUB;608;0;0;0;0;0;0;0;0;0;0;0;0;0;0;0;0;0;0;0;0;0;0;0;0;0;0;0;0;0;0;0;0;0;0;0;0;0;0;0;0;0;0;0;0;0;0;0;0;0;0;0;0;0;0;0;0;0;0;0;0;0;0;0;1;0;0;0;0;0;0;0;607;0;0;0;0;0;0;0;0;0;0;0;0;0;0;0;0;0
M68YD:00958:01722_SUB_SUB;809;0;0;0;0;0;0;0;0;0;0;0;0;0;0;0;0;0;0;0;0;0;0;0;0;0;0;0;0;0;0;0;0;0;0;0;0;0;0;0;0;15;0;0;0;794;0;0;0;0;0;0;0;0;0;0;0;0;0;0;0;0;0;0;0;0;0;0;0;0;0;0;0;0;0;0;0;0;0;0;0;0;0;0;0;0;0;0;0;0
M68YD:04088:06585_SUB_SUB;1020;0;0;0;0;0;0;0;0;0;0;0;0;0;0;0;0;0;0;0;0;0;0;0;0;0;0;0;0;0;0;0;0;0;0;0;0;0;0;0;0;0;0;0;0;1020;0;0;0;0;0;0;0;0;0;0;0;0;0;0;0;0;0;0;0;0;0;0;0;0;0;0;0;0;0;0;0;0;0;0;0;0;0;0;0;0;0;0;0;0
M68YD:03710:00203_SUB_SUB;163940;0;0;0;0;0;0;0;0;0;0;0;0;0;2;0;0;0;0;0;0;0;0;0;0;0;0;0;0;0;29;0;13;1;0;0;0;0;2137;0;0;1;0;0;0;0;59;0;0;0;0;0;0;0;0;0;13;0;0;0;0;0;0;0;118858;0;0;0;0;1;0;8;0;0;0;1;42662;155;0;0;0;0;0;0;0;0;0;0;0;0
M68YD:00830:02758_SUB_SUB;21292;0;0;0;0;0;0;0;0;0;0;0;0;0;0;0;0;0;0;0;0;0;0;0;0;0;0;0;0;0;5;0;0;0;0;0;0;0;257;0;0;0;0;0;0;0;3;0;0;0;0;0;0;0;0;0;5;0;0;0;0;0;0;0;14191;0;0;0;0;0;0;0;0;0;0;0;6821;10;0;0;0;0;0;0;0;0;0;0;0;0
M68YD:00208:02127_SUB_SUB;3129;0;0;0;0;0;0;0;0;0;0;0;0;0;0;0;0;0;0;0;0;0;0;0;0;0;0;0;0;0;0;0;0;0;0;0;0;0;44;0;0;0;0;0;0;0;0;0;0;0;0;0;0;0;0;0;0;0;0;0;0;0;0;0;2077;0;0;0;0;0;0;0;0;0;0;0;1008;0;0;0;0;0;0;0;0;0;0;0;0;0
M68YD:00417:00901_SUB_SUB;415;0;0;0;0;0;0;0;0;0;0;0;0;0;0;0;0;0;0;0;0;0;0;0;0;0;0;0;0;0;0;0;0;0;0;0;0;0;4;0;0;0;0;0;0;0;0;0;0;0;0;0;0;0;0;0;0;0;0;0;0;0;0;0;263;0;0;0;0;0;0;0;0;0;0;0;148;0;0;0;0;0;0;0;0;0;0;0;0;0
M68YD:00873:04963_SUB_SUB;886;0;0;0;0;0;0;0;0;0;0;0;0;0;0;0;0;0;0;0;0;0;0;0;0;0;0;0;0;0;0;0;0;0;0;0;0;0;7;0;0;2;0;0;0;0;0;0;0;0;0;0;856;0;0;0;0;0;0;0;0;0;0;0;10;0;0;0;0;0;0;1;0;0;0;0;10;0;0;0;0;0;0;0;0;0;0;0;0;0
M68YD:02452:03392_SUB_SUB;119;0;0;0;0;0;0;0;0;0;0;0;0;0;0;0;0;0;0;0;0;0;0;0;0;0;0;0;0;0;0;0;0;0;0;0;0;0;1;0;0;0;0;0;0;0;0;0;0;0;0;0;114;0;0;0;0;0;0;0;0;0;0;0;0;0;0;0;0;0;0;0;0;1;0;0;3;0;0;0;0;0;0;0;0;0;0;0;0;0
M68YD:01299:02328_SUB_SUB;8515;0;0;0;0;0;0;0;0;0;0;0;0;0;0;0;0;0;0;0;0;0;0;0;0;0;0;0;0;0;2;0;1;0;0;0;0;0;68;0;0;0;0;0;0;0;2;0;0;0;0;0;0;0;0;0;1;0;0;0;0;0;0;0;5915;0;0;0;0;0;0;0;0;0;0;0;2523;3;0;0;0;0;0;0;0;0;0;0;0;0
M68YD:01055:05877_SUB_SUB;1017;0;0;0;0;0;0;0;0;0;0;0;0;0;0;0;0;0;0;0;0;0;0;0;0;0;0;0;0;0;0;0;0;0;0;0;0;0;13;0;0;0;0;0;0;0;0;0;0;0;0;0;0;0;0;0;0;0;0;0;0;0;0;0;688;0;0;0;0;0;0;0;0;0;0;0;315;1;0;0;0;0;0;0;0;0;0;0;0;0
M68YD:04018:06885_SUB_SUB;1035;0;0;0;0;0;0;0;0;0;0;0;0;0;0;0;0;0;0;0;0;0;0;0;0;0;0;0;0;0;0;0;0;0;0;0;0;0;0;0;0;0;0;0;0;0;0;0;0;0;0;0;0;0;0;0;0;0;0;0;0;0;0;0;0;0;0;0;0;0;0;0;0;0;0;0;0;1035;0;0;0;0;0;0;0;0;0;0;0;0
M68YD:03475:07165_SUB_SUB;127;0;0;0;0;0;0;0;0;0;0;0;0;0;0;0;0;0;0;0;0;0;0;0;0;0;0;0;0;0;0;0;1;0;0;0;0;0;2;0;0;0;0;0;0;0;0;0;0;0;0;0;0;0;0;0;0;0;0;0;0;0;0;0;88;0;0;0;0;0;0;0;0;0;0;0;36;0;0;0;0;0;0;0;0;0;0;0;0;0
M68YD:01254:05876_SUB_SUB;158;0;0;0;0;0;0;0;0;0;0;0;0;0;0;0;0;0;0;0;0;0;0;0;0;0;0;0;0;0;0;0;0;0;0;0;0;0;0;0;0;0;0;0;0;0;0;0;0;0;0;0;0;0;0;0;0;0;0;0;0;0;0;0;116;0;0;0;0;0;0;0;0;0;0;0;42;0;0;0;0;0;0;0;0;0;0;0;0;0
M68YD:00418:06682_SUB_SUB;840;0;0;0;0;0;0;0;0;0;0;0;0;0;0;0;0;0;0;0;0;0;0;0;0;0;0;0;0;0;0;0;0;0;0;0;0;0;12;0;0;0;0;0;0;0;1;0;0;0;0;0;0;0;0;0;0;0;0;0;0;0;0;0;626;0;0;0;0;0;0;0;0;0;0;0;200;1;0;0;0;0;0;0;0;0;0;0;0;0
M68YD:04007:06921_SUB_SUB;108;0;0;0;0;0;0;0;0;0;0;0;0;0;0;0;0;0;0;0;0;0;0;0;0;0;0;0;0;0;0;0;0;0;0;0;0;0;0;0;0;0;0;0;0;0;0;0;0;0;0;0;0;0;0;0;0;0;0;0;0;0;0;0;92;0;0;0;0;0;0;0;0;0;0;0;16;0;0;0;0;0;0;0;0;0;0;0;0;0
M68YD:02708:06832_SUB_SUB;109;0;0;0;0;0;0;0;0;0;0;0;0;0;0;0;0;0;0;0;0;0;0;0;0;0;0;0;0;0;0;0;0;0;0;0;0;0;1;0;0;0;0;0;0;0;0;0;0;0;0;0;0;0;0;0;0;0;0;0;0;0;0;0;86;0;0;0;0;0;0;0;0;0;0;0;22;0;0;0;0;0;0;0;0;0;0;0;0;0
M68YD:04285:06891_SUB_SUB;114;0;0;0;0;0;0;0;0;0;0;0;0;0;0;0;0;0;0;0;0;0;0;0;0;0;0;0;0;0;0;0;0;0;0;0;0;0;0;0;0;0;0;0;0;0;0;0;0;0;0;0;0;0;0;0;0;0;0;0;0;0;0;0;0;0;0;0;0;0;0;0;0;0;0;0;0;114;0;0;0;0;0;0;0;0;0;0;0;0
M68YD:01391:06153_SUB_SUB;506;0;0;0;0;0;0;0;0;0;0;0;0;0;0;0;0;0;0;0;0;0;0;0;0;0;0;0;0;0;0;0;0;0;0;0;0;0;0;0;0;0;0;0;0;0;0;0;0;0;0;0;0;0;0;0;0;0;0;0;0;0;0;1;333;0;0;0;0;0;0;0;0;0;0;0;171;1;0;0;0;0;0;0;0;0;0;0;0;0
M68YD:00581:02030_SUB_SUB;1038;0;0;0;0;0;0;0;0;0;0;0;0;0;0;0;0;0;0;0;0;0;0;0;0;0;0;0;0;0;0;0;0;0;0;0;0;0;13;0;0;0;0;0;0;0;0;0;0;0;0;0;0;0;0;0;0;0;0;0;0;0;0;0;735;0;0;0;0;0;0;0;0;0;0;0;290;0;0;0;0;0;0;0;0;0;0;0;0;0
M68YD:03160:05265_SUB_SUB;124;0;0;0;0;0;0;0;0;0;0;0;0;0;0;0;0;0;0;0;0;0;0;0;0;0;0;0;0;0;0;0;0;0;0;0;0;0;4;0;0;0;0;0;0;0;0;0;0;0;0;0;0;0;0;0;0;0;0;0;0;0;0;0;81;0;0;0;0;0;0;0;0;0;0;0;39;0;0;0;0;0;0;0;0;0;0;0;0;0
M68YD:00301:01094_SUB_SUB;135;0;0;0;0;0;0;0;0;0;0;0;0;0;0;0;0;0;0;0;0;0;0;0;0;0;0;0;0;0;0;0;0;0;0;0;0;0;0;0;0;0;0;0;0;0;0;0;0;0;0;0;0;0;0;0;0;0;0;0;0;0;0;0;84;0;0;0;0;0;0;0;0;0;0;0;50;1;0;0;0;0;0;0;0;0;0;0;0;0
M68YD:00801:06084_SUB_SUB;178;0;0;0;0;0;0;0;0;0;0;0;0;0;0;0;0;0;0;0;0;0;0;0;0;0;0;0;0;0;0;0;0;0;0;0;0;0;3;0;0;0;0;0;0;0;0;0;0;0;0;0;0;0;0;0;0;0;0;0;0;0;0;0;123;0;0;0;0;0;0;0;0;0;0;0;52;0;0;0;0;0;0;0;0;0;0;0;0;0
M68YD:04202:02252_SUB_SUB;449;0;0;0;0;0;0;0;0;0;0;0;0;0;0;0;0;0;0;0;0;0;0;0;0;0;0;0;0;0;0;0;0;0;0;0;0;0;1;0;0;0;0;0;0;0;0;0;0;0;0;0;0;0;0;0;0;0;0;0;0;0;0;0;321;0;0;0;0;0;0;0;0;0;0;0;127;0;0;0;0;0;0;0;0;0;0;0;0;0
M68YD:01969:02576_SUB_SUB;131;0;0;0;0;0;0;0;0;0;0;0;0;0;0;0;0;0;0;0;0;0;0;0;0;0;0;0;0;0;0;0;0;0;0;0;0;0;1;0;0;0;0;0;0;0;0;0;0;0;0;0;0;0;0;0;0;0;0;0;0;0;0;0;94;0;0;0;0;0;0;0;0;0;0;0;36;0;0;0;0;0;0;0;0;0;0;0;0;0
M68YD:00845:06106_SUB_SUB;213;0;0;0;0;0;0;0;0;0;0;0;0;0;0;0;0;0;0;0;0;0;0;0;0;0;0;0;0;0;0;0;0;0;0;0;0;0;0;0;0;0;0;0;0;0;0;0;0;0;0;0;0;0;0;0;0;0;0;0;0;0;0;0;213;0;0;0;0;0;0;0;0;0;0;0;0;0;0;0;0;0;0;0;0;0;0;0;0;0
M68YD:04177:06713_SUB_SUB;569;0;0;0;0;0;0;0;0;0;0;0;0;0;0;0;0;0;0;0;0;0;0;0;0;0;0;0;0;0;0;0;0;0;0;0;0;0;0;0;0;0;0;0;0;0;0;0;0;0;0;0;0;0;0;0;0;0;0;0;0;0;0;0;569;0;0;0;0;0;0;0;0;0;0;0;0;0;0;0;0;0;0;0;0;0;0;0;0;0
M68YD:04057:07010_SUB_SUB;108;0;0;0;0;0;0;0;0;0;0;0;0;0;0;0;0;0;0;0;0;0;0;0;0;0;0;0;0;0;0;0;0;0;0;0;0;0;0;0;0;0;0;0;0;0;0;0;0;0;0;0;0;0;0;0;0;0;0;0;0;0;0;0;108;0;0;0;0;0;0;0;0;0;0;0;0;0;0;0;0;0;0;0;0;0;0;0;0;0
M68YD:04306:05957_SUB_SUB;26058;0;0;0;0;0;0;0;0;1;0;0;0;0;0;0;0;0;0;0;0;0;0;0;0;0;0;0;0;0;0;0;0;0;0;0;0;0;0;0;0;0;0;0;0;0;0;0;0;0;0;0;0;0;0;0;0;0;0;0;0;0;0;0;0;0;26055;0;0;0;0;0;0;0;1;0;1;0;0;0;0;0;0;0;0;0;0;0;0;0
M68YD:00700:06351_SUB_SUB;1573;0;0;0;0;0;0;0;0;0;0;0;0;0;0;0;0;0;0;0;0;0;0;0;0;0;0;0;0;0;0;0;0;5;0;0;0;0;0;0;0;0;0;0;0;0;0;0;0;0;0;0;0;0;0;0;0;0;0;0;0;0;0;0;0;0;68;0;0;0;0;0;0;0;0;0;1500;0;0;0;0;0;0;0;0;0;0;0;0;0
M68YD:03675:06030_SUB_SUB;233;0;0;0;0;0;0;0;0;0;0;0;0;0;0;0;0;0;0;0;0;0;0;0;0;0;0;0;0;0;0;0;0;1;0;0;0;0;0;0;0;0;0;0;0;0;0;0;0;0;0;0;0;0;0;0;0;0;0;0;0;0;0;0;0;0;9;0;0;0;0;0;0;0;0;0;223;0;0;0;0;0;0;0;0;0;0;0;0;0
M68YD:04032:06608_SUB_SUB;4100;0;0;0;0;0;0;0;0;0;0;0;0;0;0;0;0;0;0;0;0;0;0;0;0;0;0;0;0;0;0;0;0;0;0;0;0;0;0;0;0;0;0;0;0;0;0;0;0;0;0;0;0;0;0;0;0;0;0;0;0;0;0;0;0;0;4100;0;0;0;0;0;0;0;0;0;0;0;0;0;0;0;0;0;0;0;0;0;0;0
M68YD:04085:07002_SUB_SUB;651;0;0;0;0;0;0;0;0;0;0;0;0;0;0;0;0;0;0;0;0;0;0;0;0;0;0;0;0;0;0;0;0;0;0;0;0;0;0;0;0;0;0;0;0;0;0;0;0;0;0;0;0;0;0;0;0;0;0;0;0;0;0;0;0;0;651;0;0;0;0;0;0;0;0;0;0;0;0;0;0;0;0;0;0;0;0;0;0;0
M68YD:03993:06561_SUB_SUB;5264;0;0;0;0;0;0;0;0;0;0;0;0;0;0;0;0;0;0;0;0;0;0;0;0;0;0;0;0;0;0;0;0;0;0;0;0;0;0;0;0;0;0;0;0;0;0;0;0;0;0;0;0;0;0;0;0;0;0;0;0;0;0;0;0;0;5260;0;0;0;0;0;0;0;0;0;4;0;0;0;0;0;0;0;0;0;0;0;0;0
M68YD:01309:00891_SUB_SUB;463;0;0;0;0;0;0;0;0;0;0;0;0;0;0;0;0;0;0;0;0;0;0;0;0;0;0;0;0;0;0;0;0;1;0;0;0;0;0;0;0;0;0;0;0;0;0;0;0;0;0;0;0;0;0;0;0;0;0;0;0;0;0;0;0;0;1;0;0;0;0;0;0;0;0;0;461;0;0;0;0;0;0;0;0;0;0;0;0;0
M68YD:04116:06812_SUB_SUB;899;0;0;0;0;0;0;0;0;0;0;0;0;0;0;0;0;0;0;0;0;0;0;0;0;0;0;0;0;0;0;0;0;0;0;0;0;0;0;0;0;0;0;0;0;0;0;0;0;0;0;0;0;0;0;0;0;0;0;0;0;0;0;0;0;0;898;0;0;0;0;0;0;0;0;0;1;0;0;0;0;0;0;0;0;0;0;0;0;0
M68YD:00798:06267_SUB_SUB;146;0;0;0;0;0;0;0;0;0;0;0;0;0;0;0;0;0;0;0;0;0;0;0;0;0;0;0;0;0;0;0;0;0;0;0;0;0;0;0;0;0;0;0;0;0;0;0;0;0;0;0;0;0;0;0;0;0;0;0;0;0;0;0;0;0;146;0;0;0;0;0;0;0;0;0;0;0;0;0;0;0;0;0;0;0;0;0;0;0
M68YD:00767:05952_SUB_SUB;377;0;0;0;0;0;0;0;0;0;0;0;0;0;0;0;0;0;0;0;0;0;0;0;0;0;0;0;0;0;0;0;0;0;0;0;0;0;0;0;0;0;0;0;0;0;0;0;0;0;0;0;0;0;0;0;0;0;0;0;0;0;0;0;0;0;376;0;0;0;0;0;0;0;0;0;1;0;0;0;0;0;0;0;0;0;0;0;0;0
M68YD:04601:06609_SUB_SUB;154;0;0;0;0;0;0;0;0;0;0;0;0;0;0;0;0;0;0;0;0;0;0;0;0;0;0;0;0;0;0;0;0;0;0;0;0;0;0;0;0;0;0;0;0;0;0;0;0;0;0;0;0;0;0;0;0;0;0;0;0;0;0;0;0;0;0;0;0;0;0;0;0;0;0;0;0;154;0;0;0;0;0;0;0;0;0;0;0;0
M68YD:04083:06883_SUB_SUB;111;0;0;0;0;0;0;0;0;0;0;0;0;0;0;0;0;0;0;0;0;0;0;0;0;0;0;0;0;0;0;0;0;0;0;0;0;0;0;0;0;0;0;0;0;0;0;0;0;0;0;0;0;0;0;0;0;0;0;0;0;0;0;0;0;0;111;0;0;0;0;0;0;0;0;0;0;0;0;0;0;0;0;0;0;0;0;0;0;0
M68YD:03991:00268_SUB_SUB;591;0;0;0;0;0;0;0;0;0;0;0;0;0;0;0;0;0;0;0;0;0;0;0;0;0;0;0;0;0;0;1;0;0;0;0;0;0;0;0;0;0;0;0;0;0;0;0;0;0;0;0;0;0;0;0;0;0;0;0;590;0;0;0;0;0;0;0;0;0;0;0;0;0;0;0;0;0;0;0;0;0;0;0;0;0;0;0;0;0
M68YD:04532:06714_SUB_SUB;155;0;0;0;0;0;0;0;0;0;0;0;0;0;0;0;0;0;0;0;0;0;0;0;0;0;0;0;0;0;0;0;0;0;0;0;0;0;0;0;0;0;0;0;0;0;0;0;0;0;0;0;0;0;0;0;0;0;0;0;155;0;0;0;0;0;0;0;0;0;0;0;0;0;0;0;0;0;0;0;0;0;0;0;0;0;0;0;0;0
M68YD:00344:02338_SUB_SUB;147;0;0;0;0;0;0;0;0;0;0;0;0;0;0;0;0;0;0;0;0;0;0;0;0;0;0;0;0;0;0;0;0;0;0;0;0;0;0;0;0;0;0;0;0;0;0;0;0;0;0;0;0;0;0;0;0;0;0;0;147;0;0;0;0;0;0;0;0;0;0;0;0;0;0;0;0;0;0;0;0;0;0;0;0;0;0;0;0;0
M68YD:01029:05843_SUB_SUB;176;0;10;48;15;0;0;0;0;77;25;0;0;0;0;0;0;0;0;0;0;0;0;0;0;0;0;0;0;0;0;0;0;0;0;0;0;0;0;0;0;0;0;0;0;0;0;0;0;0;0;0;0;0;0;0;0;0;0;0;0;0;0;0;0;0;0;0;0;0;0;1;0;0;0;0;0;0;0;0;0;0;0;0;0;0;0;0;0;0
M68YD:03030:03918_SUB_SUB;1551;66;28;5;0;0;2;0;0;2;0;117;0;0;0;1;0;0;0;0;0;0;0;0;0;0;0;0;0;0;0;0;0;0;0;0;0;0;0;0;0;0;0;0;0;0;0;0;0;0;0;0;0;0;0;0;0;0;0;0;0;0;0;0;0;0;0;0;0;0;0;49;1241;7;0;33;0;0;0;0;0;0;0;0;0;0;0;0;0;0
M68YD:03223:04458_SUB_SUB;154;2;3;0;0;0;0;0;0;0;0;6;0;0;0;0;0;0;0;0;0;0;0;0;0;0;0;0;0;0;0;0;0;0;0;0;0;0;0;0;0;0;0;0;0;0;0;0;0;0;0;0;0;0;0;0;0;0;0;0;0;0;0;0;0;0;0;0;0;0;0;3;137;0;0;2;0;0;0;0;0;0;0;0;0;1;0;0;0;0
M68YD:04646:06132_SUB_SUB;169;0;0;1;0;0;1;0;0;1;0;2;0;0;0;0;0;0;0;0;0;0;0;0;0;0;0;0;0;0;0;0;0;0;0;0;0;0;0;0;0;0;0;0;0;0;0;0;0;0;0;0;0;0;0;0;0;0;0;0;0;0;0;0;0;0;0;0;0;0;0;10;150;1;0;3;0;0;0;0;0;0;0;0;0;0;0;0;0;0
M68YD:03723:06584_SUB_SUB;298;0;0;0;0;0;0;0;0;0;0;0;0;0;0;2;0;5;0;0;0;9;0;4;0;2;0;0;0;0;0;62;0;0;0;0;0;0;0;0;0;0;0;0;0;1;0;0;73;0;0;0;0;0;0;0;0;32;0;0;0;0;0;0;0;0;0;2;0;0;101;2;0;0;0;3;0;0;0;0;0;0;0;0;0;0;0;0;0;0
M68YD:04223:06565_SUB_SUB;173;0;0;0;0;0;0;0;0;0;0;0;0;0;0;0;0;0;0;0;0;0;0;0;0;0;0;0;0;0;0;0;0;0;0;0;0;0;0;0;0;0;0;0;0;0;0;0;0;0;0;0;0;0;0;0;0;0;0;0;0;0;0;0;0;0;0;0;0;0;173;0;0;0;0;0;0;0;0;0;0;0;0;0;0;0;0;0;0;0
M68YD:04326:06783_SUB_SUB;231;0;0;0;0;0;0;0;0;0;0;0;0;24;0;0;0;0;0;0;0;0;0;0;0;1;0;0;0;0;0;4;0;0;0;0;0;0;0;1;0;0;0;0;0;0;1;0;0;0;0;0;0;0;0;0;0;0;2;0;0;0;0;0;0;0;0;59;0;3;0;0;0;0;102;0;0;0;0;0;0;0;0;0;0;0;0;34;0;0
M68YD:01146:01715_SUB_SUB;316;0;0;0;0;0;0;0;0;0;0;0;0;0;0;0;0;0;0;0;0;0;0;0;0;0;0;0;0;0;0;0;0;0;0;0;0;0;0;0;0;0;0;0;0;0;0;0;0;0;0;0;0;0;0;0;0;0;0;0;0;0;0;1;0;0;0;0;0;0;0;0;0;0;0;0;0;0;0;0;0;0;0;0;0;0;315;0;0;0
M68YD:00420:00977_SUB_SUB;190;0;0;0;0;0;0;0;0;0;0;0;0;0;0;0;0;0;0;0;0;0;0;0;0;0;0;0;0;0;0;0;0;0;0;0;0;0;0;0;0;0;0;0;0;0;0;0;0;0;0;0;0;0;0;0;0;0;0;0;0;0;0;0;0;0;0;0;0;0;0;48;142;0;0;0;0;0;0;0;0;0;0;0;0;0;0;0;0;0
M68YD:04074:06638_SUB_SUB;526;0;0;0;0;0;0;0;0;322;0;0;0;0;0;0;0;0;0;0;0;0;0;0;0;0;0;0;0;0;0;0;0;0;0;0;0;0;0;0;0;0;0;0;0;0;0;0;0;0;0;0;0;0;0;0;0;0;0;0;0;0;0;0;0;0;0;0;0;0;0;0;201;3;0;0;0;0;0;0;0;0;0;0;0;0;0;0;0;0
M68YD:00481:02235_SUB_SUB;106;0;0;0;0;0;0;0;0;37;0;0;0;0;0;0;0;0;0;0;0;0;0;0;0;0;0;0;0;0;0;0;0;0;0;0;0;0;0;0;0;0;0;0;0;0;0;0;0;0;0;0;0;0;0;0;0;0;0;0;0;0;0;0;0;0;0;0;0;0;0;0;68;1;0;0;0;0;0;0;0;0;0;0;0;0;0;0;0;0
M68YD:04373:06783_SUB_SUB;254;119;0;13;3;4;0;0;0;1;0;0;0;0;0;0;0;0;0;0;0;0;0;0;0;0;0;0;0;0;0;0;0;0;0;0;0;0;1;0;0;0;0;0;0;0;0;0;0;0;12;0;0;0;0;0;0;0;0;0;0;0;0;0;0;1;0;0;0;0;0;51;0;0;0;49;0;0;0;0;0;0;0;0;0;0;0;0;0;0
M68YD:00024:02194_SUB_SUB;787;58;17;3;31;16;3;0;0;121;0;0;0;0;0;0;0;0;0;0;0;0;0;224;0;0;0;0;0;0;0;0;0;0;0;0;0;0;0;0;0;0;0;0;0;0;0;11;0;0;0;0;0;0;0;0;0;0;0;0;0;0;0;8;0;0;0;0;0;90;0;5;0;3;0;14;0;0;0;0;183;0;0;0;0;0;0;0;0;0
M68YD:00361:03760_SUB_SUB;103;6;0;0;3;3;0;0;0;19;0;0;0;0;0;0;0;0;0;0;0;0;0;32;0;0;0;0;0;0;0;0;0;0;0;0;0;0;0;0;0;0;0;0;0;0;0;1;0;0;0;0;0;0;0;0;0;0;0;0;0;0;0;0;0;0;0;0;0;7;0;3;0;1;0;2;0;0;0;0;26;0;0;0;0;0;0;0;0;0
M68YD:04079:07029_SUB_SUB;11107;0;0;226;827;0;19;1;0;0;0;0;0;0;0;0;0;0;0;0;0;2;0;0;0;0;0;0;0;0;0;0;0;0;0;0;0;0;10029;0;0;0;0;0;2;0;0;0;0;0;0;0;0;0;0;0;0;0;0;0;0;0;0;0;0;0;0;0;0;0;0;1;0;0;0;0;0;0;0;0;0;0;0;0;0;0;0;0;0;0
M68YD:00517:00591_SUB_SUB;189;0;0;12;8;0;1;0;0;0;0;0;0;0;0;0;0;0;0;0;0;0;0;0;0;0;0;0;0;0;0;0;0;0;0;0;0;0;168;0;0;0;0;0;0;0;0;0;0;0;0;0;0;0;0;0;0;0;0;0;0;0;0;0;0;0;0;0;0;0;0;0;0;0;0;0;0;0;0;0;0;0;0;0;0;0;0;0;0;0
M68YD:00096:06252_SUB_SUB;1412;0;0;26;81;0;0;0;0;0;0;0;0;0;0;0;0;0;0;0;0;0;0;0;0;0;0;0;0;0;0;0;0;0;0;0;0;0;1305;0;0;0;0;0;0;0;0;0;0;0;0;0;0;0;0;0;0;0;0;0;0;0;0;0;0;0;0;0;0;0;0;0;0;0;0;0;0;0;0;0;0;0;0;0;0;0;0;0;0;0
M68YD:03157:05422_SUB_SUB;222;0;0;9;62;2;7;0;0;70;0;63;0;0;0;0;0;0;0;0;0;0;0;0;0;0;0;0;0;0;0;0;0;0;0;0;0;0;0;0;0;0;0;0;0;0;0;2;0;0;0;0;0;0;0;0;0;0;0;0;0;0;0;0;0;0;0;0;0;0;0;7;0;0;0;0;0;0;0;0;0;0;0;0;0;0;0;0;0;0
M68YD:04541:06980_SUB_SUB;111;0;0;0;0;0;15;0;0;0;0;0;0;0;0;0;0;0;0;0;0;0;0;0;0;0;0;0;0;0;0;0;0;0;0;0;0;0;0;0;0;0;0;0;0;0;0;0;0;0;0;0;0;0;0;0;0;0;0;0;0;72;0;0;0;0;0;0;0;0;0;24;0;0;0;0;0;0;0;0;0;0;0;0;0;0;0;0;0;0
M68YD:01434:04336_SUB_SUB;4936;0;0;0;0;0;0;0;0;0;0;0;0;0;0;0;0;0;0;0;0;0;0;0;0;0;0;0;0;0;0;0;0;0;0;0;0;0;0;0;0;0;0;0;0;1;0;0;0;0;0;0;0;0;0;0;0;0;0;0;0;0;0;0;0;0;0;0;0;453;0;36;0;0;4446;0;0;0;0;0;0;0;0;0;0;0;0;0;0;0
M68YD:04227:06803_SUB_SUB;422;0;0;0;0;0;0;0;0;0;0;0;0;0;0;0;0;0;0;0;0;0;0;0;0;0;0;0;0;0;0;0;0;0;0;0;0;0;0;0;0;0;0;0;0;0;0;0;0;0;0;0;0;0;0;0;0;0;0;0;0;0;0;0;0;0;0;0;0;190;0;23;135;0;0;74;0;0;0;0;0;0;0;0;0;0;0;0;0;0
M68YD:04486:06600_SUB_SUB;556;0;0;0;0;0;0;0;0;0;0;0;0;0;0;0;0;0;0;0;0;0;0;0;0;0;0;0;0;0;0;0;0;0;0;0;0;0;0;0;0;0;0;0;0;0;0;0;0;0;0;0;0;0;0;0;0;0;0;0;0;0;0;0;0;0;0;0;0;51;0;2;0;0;503;0;0;0;0;0;0;0;0;0;0;0;0;0;0;0
M68YD:01030:00687_SUB_SUB;273;0;0;0;0;0;0;0;0;0;0;0;0;0;0;0;0;0;0;0;0;0;0;0;0;0;0;0;0;0;0;0;0;0;0;0;0;0;0;0;0;0;0;0;0;0;0;0;0;0;0;0;0;0;0;0;0;0;0;0;0;0;0;0;0;0;0;0;0;11;0;5;0;0;257;0;0;0;0;0;0;0;0;0;0;0;0;0;0;0
M68YD:00592:04512_SUB_SUB;104;0;0;0;0;0;0;0;0;0;0;0;0;0;0;0;0;0;0;0;0;0;0;0;0;0;0;0;0;0;0;0;0;0;0;0;0;0;0;0;0;0;0;0;0;0;0;0;0;0;0;0;0;0;0;0;0;0;0;0;0;0;0;0;0;0;0;0;0;37;0;3;39;0;0;25;0;0;0;0;0;0;0;0;0;0;0;0;0;0
M68YD:03340:01788_SUB_SUB;118;0;0;0;0;0;0;0;0;0;0;0;0;0;0;0;0;0;0;0;0;0;0;0;0;0;0;0;0;0;0;0;0;0;0;0;0;0;0;0;0;0;0;0;0;0;0;0;0;0;0;0;0;0;0;0;0;0;0;0;0;0;0;0;0;0;0;0;0;20;0;1;75;0;0;22;0;0;0;0;0;0;0;0;0;0;0;0;0;0
M68YD:04653:05257_SUB_SUB;1039;0;0;0;0;0;0;0;0;0;0;0;0;0;0;0;0;0;0;0;0;0;0;0;0;0;0;0;0;0;0;0;0;0;0;0;0;0;0;0;0;0;0;0;0;0;0;0;0;0;0;0;0;0;0;0;0;0;0;0;0;0;0;0;0;0;0;0;0;0;0;4;1035;0;0;0;0;0;0;0;0;0;0;0;0;0;0;0;0;0
M68YD:04027:07007_SUB_SUB;164;1;0;0;0;1;0;0;0;28;42;17;0;0;0;0;0;0;0;0;0;0;0;0;0;0;0;0;0;16;0;0;0;0;0;0;0;0;0;0;0;0;31;0;0;0;0;1;0;0;0;0;0;0;0;0;0;0;0;0;0;0;0;3;0;0;0;0;0;0;0;5;10;0;0;9;0;0;0;0;0;0;0;0;0;0;0;0;0;0
M68YD:04222:06731_SUB_SUB;3030;127;172;34;0;34;41;0;0;744;164;442;0;0;0;0;0;0;0;0;0;0;0;0;0;0;0;0;0;0;0;0;0;0;0;0;0;0;0;0;0;0;0;0;0;0;0;0;0;0;0;0;0;0;0;0;0;0;0;0;0;0;0;2;0;0;0;0;0;0;0;769;433;26;0;42;0;0;0;0;0;0;0;0;0;0;0;0;0;0
M68YD:00831:05828_SUB_SUB;1887;0;0;38;81;0;1;0;0;0;0;0;0;0;0;0;0;0;0;0;0;0;0;0;0;0;0;0;0;0;0;0;0;0;0;0;0;0;1767;0;0;0;0;0;0;0;0;0;0;0;0;0;0;0;0;0;0;0;0;0;0;0;0;0;0;0;0;0;0;0;0;0;0;0;0;0;0;0;0;0;0;0;0;0;0;0;0;0;0;0
M68YD:00338:02171_SUB_SUB;486;0;0;13;35;0;0;0;0;0;0;0;0;0;0;0;0;0;0;0;0;1;0;0;0;0;0;0;0;0;0;0;0;0;0;0;0;0;437;0;0;0;0;0;0;0;0;0;0;0;0;0;0;0;0;0;0;0;0;0;0;0;0;0;0;0;0;0;0;0;0;0;0;0;0;0;0;0;0;0;0;0;0;0;0;0;0;0;0;0
M68YD:00587:03269_SUB_SUB;219;0;0;6;7;0;0;0;0;0;0;0;0;0;0;0;0;0;0;0;0;0;0;0;0;0;0;0;0;0;0;0;0;0;0;0;0;0;205;0;0;0;0;0;1;0;0;0;0;0;0;0;0;0;0;0;0;0;0;0;0;0;0;0;0;0;0;0;0;0;0;0;0;0;0;0;0;0;0;0;0;0;0;0;0;0;0;0;0;0
M68YD:04724:02525_SUB_SUB;425;0;0;11;54;0;2;0;0;0;0;0;0;0;0;0;0;0;0;0;0;0;0;0;0;0;0;0;0;0;0;0;0;0;0;0;0;0;358;0;0;0;0;0;0;0;0;0;0;0;0;0;0;0;0;0;0;0;0;0;0;0;0;0;0;0;0;0;0;0;0;0;0;0;0;0;0;0;0;0;0;0;0;0;0;0;0;0;0;0
M68YD:04029:06738_SUB_SUB;240;0;0;0;0;0;0;0;0;0;0;0;0;0;0;0;0;0;0;0;0;0;0;0;0;0;0;0;0;0;0;0;0;0;0;0;0;0;0;0;0;0;0;0;0;0;0;0;0;0;0;0;0;0;0;0;0;0;0;0;0;0;0;0;0;0;0;0;0;0;0;0;239;1;0;0;0;0;0;0;0;0;0;0;0;0;0;0;0;0
M68YD:00218:01025_SUB_SUB;325;10;12;2;0;5;6;0;0;69;21;43;0;0;0;0;0;0;0;0;0;0;0;0;0;0;0;0;0;0;0;0;0;0;0;0;0;0;0;0;0;0;0;0;0;0;0;0;0;0;0;0;0;0;0;0;0;0;0;0;0;0;0;0;0;0;0;0;0;0;0;88;61;5;0;3;0;0;0;0;0;0;0;0;0;0;0;0;0;0
M68YD:03667:01730_SUB_SUB;188;0;0;0;0;0;0;0;0;0;0;0;0;0;0;0;0;0;0;0;0;0;0;0;0;0;0;0;0;0;0;0;0;0;0;0;0;0;0;0;0;0;0;0;0;0;0;0;0;0;0;0;0;0;0;0;0;0;0;0;0;0;0;0;0;0;0;0;0;6;0;0;0;0;181;1;0;0;0;0;0;0;0;0;0;0;0;0;0;0
M68YD:01592:05806_SUB_SUB;3285;0;0;0;0;0;0;0;0;0;0;0;0;0;0;0;0;0;0;0;0;1;0;0;0;0;0;0;0;0;0;0;0;0;0;0;0;0;0;0;0;0;0;0;0;0;0;0;0;0;0;0;0;0;0;0;0;0;0;0;0;0;0;0;0;0;0;0;0;0;0;0;0;0;3284;0;0;0;0;0;0;0;0;0;0;0;0;0;0;0
M68YD:01050:01549_SUB_SUB;321;0;0;0;0;0;0;0;0;0;0;0;0;0;0;0;0;0;0;0;0;0;0;0;0;0;0;0;0;0;0;0;0;0;0;0;0;0;0;0;0;0;0;0;0;0;0;0;0;0;0;0;0;0;0;0;0;0;0;0;0;0;0;0;0;0;0;0;0;15;0;5;0;0;301;0;0;0;0;0;0;0;0;0;0;0;0;0;0;0
M68YD:04126:06996_SUB_SUB;372;0;0;0;0;0;0;0;0;0;0;0;0;0;0;0;0;0;0;0;0;0;0;0;0;0;0;0;0;0;0;0;0;0;0;0;0;0;0;0;0;0;0;0;0;0;0;0;0;0;0;0;0;0;0;0;0;0;0;0;0;0;0;0;0;0;0;0;0;0;0;0;0;0;372;0;0;0;0;0;0;0;0;0;0;0;0;0;0;0
M68YD:01213:06084_SUB_SUB;103;0;0;0;0;0;0;0;0;0;0;0;0;0;0;0;0;0;0;0;0;0;0;0;0;0;0;0;0;0;0;0;0;0;0;0;0;0;0;0;0;0;0;0;0;0;0;0;0;0;0;0;0;0;0;0;0;0;0;0;0;0;0;0;0;0;0;0;0;8;0;4;62;0;0;29;0;0;0;0;0;0;0;0;0;0;0;0;0;0
M68YD:04709:05269_SUB_SUB;363;8;10;7;0;5;3;0;0;58;15;34;0;0;0;0;0;0;0;0;0;0;0;0;0;0;0;0;0;0;0;0;0;0;0;0;0;0;0;0;0;0;0;0;0;0;0;0;0;0;0;0;0;0;0;0;0;0;0;0;0;0;0;0;0;0;0;0;0;0;0;109;100;6;0;8;0;0;0;0;0;0;0;0;0;0;0;0;0;0
M68YD:04426:06771_SUB_SUB;213;0;0;3;15;0;0;0;0;0;0;0;0;0;0;0;0;0;0;0;0;0;0;0;0;0;0;0;0;0;0;0;0;0;0;0;0;0;195;0;0;0;0;0;0;0;0;0;0;0;0;0;0;0;0;0;0;0;0;0;0;0;0;0;0;0;0;0;0;0;0;0;0;0;0;0;0;0;0;0;0;0;0;0;0;0;0;0;0;0
M68YD:00881:01790_SUB_SUB;147;0;0;3;9;0;0;0;0;0;0;0;0;0;0;0;0;0;0;0;0;0;0;0;0;0;0;0;0;0;0;0;0;0;0;0;0;0;135;0;0;0;0;0;0;0;0;0;0;0;0;0;0;0;0;0;0;0;0;0;0;0;0;0;0;0;0;0;0;0;0;0;0;0;0;0;0;0;0;0;0;0;0;0;0;0;0;0;0;0
M68YD:04718:05313_SUB_SUB;176;0;0;4;7;0;0;0;0;0;0;0;0;0;0;0;0;0;0;0;0;0;0;0;0;0;0;0;0;0;0;0;0;0;0;0;0;0;165;0;0;0;0;0;0;0;0;0;0;0;0;0;0;0;0;0;0;0;0;0;0;0;0;0;0;0;0;0;0;0;0;0;0;0;0;0;0;0;0;0;0;0;0;0;0;0;0;0;0;0
M68YD:00740:03367_SUB_SUB;254;9;13;5;0;2;2;0;0;29;9;18;0;0;0;0;0;0;0;0;0;0;0;0;0;0;0;0;0;0;0;0;0;0;0;0;0;0;0;0;0;0;0;0;0;0;0;0;0;0;0;0;0;0;0;0;0;0;0;0;0;0;0;0;0;0;0;0;0;0;0;91;69;2;0;5;0;0;0;0;0;0;0;0;0;0;0;0;0;0
M68YD:00351:01732_SUB_SUB;115;0;0;0;6;0;0;0;0;0;0;0;0;0;0;0;0;0;0;0;0;0;0;0;0;0;0;0;0;0;0;0;0;0;0;0;0;0;109;0;0;0;0;0;0;0;0;0;0;0;0;0;0;0;0;0;0;0;0;0;0;0;0;0;0;0;0;0;0;0;0;0;0;0;0;0;0;0;0;0;0;0;0;0;0;0;0;0;0;0
M68YD:04199:06911_SUB_SUB;463;463;0;0;0;0;0;0;0;0;0;0;0;0;0;0;0;0;0;0;0;0;0;0;0;0;0;0;0;0;0;0;0;0;0;0;0;0;0;0;0;0;0;0;0;0;0;0;0;0;0;0;0;0;0;0;0;0;0;0;0;0;0;0;0;0;0;0;0;0;0;0;0;0;0;0;0;0;0;0;0;0;0;0;0;0;0;0;0;0
M68YD:03198:03827_SUB_SUB;326;0;0;1;4;0;0;0;0;0;0;0;0;0;0;0;0;0;0;0;0;0;0;0;0;0;0;0;0;0;0;0;0;0;0;0;0;0;321;0;0;0;0;0;0;0;0;0;0;0;0;0;0;0;0;0;0;0;0;0;0;0;0;0;0;0;0;0;0;0;0;0;0;0;0;0;0;0;0;0;0;0;0;0;0;0;0;0;0;0
M68YD:04266:07036_SUB_SUB;314;0;0;0;0;0;0;0;0;0;0;0;0;0;0;0;0;0;0;0;0;0;0;0;0;0;0;0;0;0;0;0;0;0;0;0;0;0;0;0;0;0;0;0;0;0;0;0;0;0;0;0;0;0;0;0;0;0;0;0;0;0;0;0;0;0;0;0;0;0;0;0;0;0;314;0;0;0;0;0;0;0;0;0;0;0;0;0;0;0
M68YD:04292:06555_SUB_SUB;188;0;0;0;0;0;0;0;0;0;0;0;0;0;0;0;0;0;0;0;0;0;0;0;0;0;0;0;0;0;0;0;0;0;0;0;0;0;0;0;0;0;0;0;0;0;0;0;0;0;0;0;0;0;0;0;0;0;0;0;0;0;0;0;0;0;0;0;0;0;0;0;0;0;188;0;0;0;0;0;0;0;0;0;0;0;0;0;0;0
M68YD:02289:06253_SUB_SUB;103;2;7;0;0;0;1;0;0;33;26;10;0;0;0;0;0;0;0;0;0;0;0;0;0;0;0;0;0;0;0;0;0;0;0;0;0;0;0;0;0;0;0;0;0;0;0;0;0;0;0;0;0;0;0;0;0;0;0;0;0;0;0;0;0;0;0;0;0;0;0;16;0;5;0;3;0;0;0;0;0;0;0;0;0;0;0;0;0;0
M68YD:05124:05301_SUB_SUB;126;0;0;0;0;0;0;0;0;1;0;0;0;0;0;0;0;0;0;0;0;0;0;2;0;0;0;0;0;0;0;0;0;0;0;0;0;0;0;0;0;0;0;0;0;0;0;0;0;0;0;0;0;0;0;1;0;0;16;0;0;0;0;0;0;0;0;0;0;17;0;0;0;0;88;0;0;0;0;0;1;0;0;0;0;0;0;0;0;0
M68YD:04549:06651_SUB_SUB;109;0;0;0;0;0;0;0;0;0;0;0;0;0;0;0;0;0;0;0;0;0;0;0;0;0;0;0;0;0;0;0;0;0;0;0;0;0;0;0;0;0;0;0;0;0;0;0;0;0;0;0;0;0;0;0;0;0;0;0;0;0;0;0;0;0;0;0;0;0;0;105;0;1;0;3;0;0;0;0;0;0;0;0;0;0;0;0;0;0
M68YD:01179:01309_SUB_SUB;280;0;0;0;0;0;0;0;0;0;0;0;0;0;0;0;0;0;0;0;0;0;0;0;0;0;0;0;0;0;0;0;0;0;0;0;0;0;0;0;0;0;0;0;0;0;0;0;0;0;0;0;0;0;0;0;0;0;0;0;0;0;0;0;0;0;0;0;0;4;0;0;0;0;276;0;0;0;0;0;0;0;0;0;0;0;0;0;0;0
M68YD:01272:01437_SUB_SUB;400;0;19;0;0;0;0;0;0;32;0;58;0;0;0;0;0;0;0;0;0;0;0;0;0;0;0;0;0;0;0;0;0;0;0;0;0;0;0;0;0;0;0;0;0;0;0;2;0;0;0;0;0;0;0;0;0;0;0;0;0;0;0;1;0;0;0;260;0;0;0;0;28;0;0;0;0;0;0;0;0;0;0;0;0;0;0;0;0;0
M68YD:00507:06349_SUB_SUB;147;0;5;0;0;0;0;0;0;8;0;6;0;0;0;0;0;0;0;0;0;0;0;0;0;0;0;0;0;0;0;0;0;0;0;0;0;0;0;0;0;0;0;0;0;0;0;1;0;0;0;0;0;0;0;0;0;0;0;0;0;0;0;0;0;0;0;118;0;0;0;0;9;0;0;0;0;0;0;0;0;0;0;0;0;0;0;0;0;0
M68YD:04063:06712_SUB_SUB;171;0;0;0;0;0;0;0;0;0;0;0;0;0;0;0;0;0;0;0;0;0;0;0;0;0;0;0;0;0;0;0;0;0;0;0;0;0;0;0;0;0;0;0;0;0;0;0;0;0;0;0;0;0;0;0;0;0;0;0;0;0;0;0;171;0;0;0;0;0;0;0;0;0;0;0;0;0;0;0;0;0;0;0;0;0;0;0;0;0
M68YD:03991:06611_SUB_SUB;908;0;0;0;0;0;0;0;0;0;0;0;0;0;0;0;0;0;0;0;0;0;0;0;0;0;0;0;0;0;0;0;0;0;0;0;0;0;0;0;0;0;0;0;0;0;0;0;0;0;0;0;0;0;0;0;0;0;0;908;0;0;0;0;0;0;0;0;0;0;0;0;0;0;0;0;0;0;0;0;0;0;0;0;0;0;0;0;0;0
M68YD:04118:06555_SUB_SUB;460;0;0;0;0;0;0;0;0;0;0;0;0;0;0;0;0;0;0;0;0;0;0;0;0;0;0;0;0;0;0;0;0;0;0;0;0;0;0;0;0;0;0;0;0;0;0;0;0;0;0;0;0;0;0;0;0;0;0;460;0;0;0;0;0;0;0;0;0;0;0;0;0;0;0;0;0;0;0;0;0;0;0;0;0;0;0;0;0;0
M68YD:00565:01190_SUB_SUB;3413;19;0;0;0;0;0;0;0;0;132;0;0;0;0;0;0;0;0;0;0;1993;0;0;0;0;0;0;1;0;0;443;0;0;0;0;0;0;0;65;19;0;101;0;0;138;0;244;0;0;0;0;0;0;0;0;0;0;179;0;0;54;0;0;0;14;0;0;0;0;0;0;0;11;0;0;0;0;0;0;0;0;0;0;0;0;0;0;0;0
M68YD:01211:06396_SUB_SUB;335;0;0;0;0;0;0;0;0;0;16;0;0;0;0;0;0;0;0;0;0;191;0;0;0;0;0;0;0;0;0;40;0;0;0;0;0;0;0;15;2;0;11;0;0;10;0;23;0;0;0;0;0;0;0;0;0;0;18;0;0;7;0;0;0;0;0;0;0;0;0;0;0;2;0;0;0;0;0;0;0;0;0;0;0;0;0;0;0;0
M68YD:04197:07032_SUB_SUB;301;0;0;0;0;0;0;0;0;0;15;0;0;0;0;0;0;0;0;0;0;134;0;0;0;0;0;0;0;0;0;74;0;0;0;0;0;0;0;8;0;0;14;0;0;17;0;17;0;0;0;0;0;0;0;0;0;0;18;0;0;4;0;0;0;0;0;0;0;0;0;0;0;0;0;0;0;0;0;0;0;0;0;0;0;0;0;0;0;0
M68YD:00028:03690_SUB_SUB;107;0;0;0;0;0;0;0;0;0;12;0;0;0;0;0;0;0;0;0;0;40;0;0;0;0;0;0;0;0;0;14;0;0;0;0;0;0;0;2;0;0;2;0;0;1;0;4;0;0;0;0;0;0;0;0;0;0;30;0;0;1;0;0;0;0;0;0;0;0;0;0;0;1;0;0;0;0;0;0;0;0;0;0;0;0;0;0;0;0
M68YD:03804:05363_SUB_SUB;229;1;0;0;0;0;0;0;0;0;10;0;0;0;0;0;0;0;0;0;0;90;0;0;0;0;0;0;1;0;0;35;0;0;0;0;0;0;0;8;1;0;10;0;0;4;0;36;0;0;0;0;0;0;0;0;0;0;26;0;0;5;0;0;0;1;0;0;0;0;0;0;0;1;0;0;0;0;0;0;0;0;0;0;0;0;0;0;0;0
M68YD:04202:06471_SUB_SUB;164;0;0;0;0;0;0;0;0;0;0;0;0;0;0;0;0;0;0;0;0;115;0;0;0;0;0;0;0;0;0;38;0;0;0;0;0;0;0;5;2;0;2;0;0;1;0;0;0;0;0;0;0;0;0;0;0;0;1;0;0;0;0;0;0;0;0;0;0;0;0;0;0;0;0;0;0;0;0;0;0;0;0;0;0;0;0;0;0;0
M68YD:04066:06827_SUB_SUB;58865;291;20337;765;18;1018;208;0;1;16155;523;10565;0;0;0;2;0;0;0;1;0;2;0;0;0;0;0;0;1;0;0;0;0;0;0;0;1;0;0;819;0;0;889;0;0;0;0;0;0;2;0;0;0;0;0;0;0;0;0;0;0;0;0;3;0;0;0;0;0;0;1;798;6202;62;0;199;0;0;0;1;0;0;0;0;1;0;0;0;0;0
M68YD:04419:06929_SUB_SUB;6966;40;2531;69;3;108;18;0;0;1949;68;1109;0;0;0;1;0;0;0;0;0;0;0;0;0;0;0;0;0;0;0;0;0;0;0;0;0;0;0;82;0;0;82;0;0;0;0;0;0;1;0;0;0;0;0;0;0;0;0;0;0;0;0;0;0;0;0;0;0;0;0;95;770;9;0;31;0;0;0;0;0;0;0;0;0;0;0;0;0;0
M68YD:03529:04756_SUB_SUB;123;1;46;0;0;3;0;0;0;33;2;21;0;0;0;0;0;0;0;0;0;0;0;0;0;0;0;0;0;0;0;0;0;0;0;0;0;0;0;1;0;0;3;0;0;0;0;0;0;0;0;0;0;0;0;0;0;0;0;0;0;0;0;0;0;0;0;0;0;0;0;0;12;0;0;1;0;0;0;0;0;0;0;0;0;0;0;0;0;0
M68YD:02021:02002_SUB_SUB;868;2;340;14;0;16;4;0;0;240;4;116;0;0;0;0;0;0;0;1;0;0;0;0;0;0;0;0;0;0;0;0;0;0;0;0;0;0;0;9;0;0;10;0;0;0;0;0;0;0;0;0;0;0;0;0;0;0;0;0;0;0;0;0;0;0;0;0;0;0;0;10;98;2;0;2;0;0;0;0;0;0;0;0;0;0;0;0;0;0
M68YD:00500:02511_SUB_SUB;5219;32;1706;58;2;113;24;0;0;1332;52;734;0;0;0;0;0;0;0;0;0;0;0;0;0;0;0;0;0;0;0;0;0;0;0;0;1;0;0;92;0;0;65;0;0;0;0;0;0;0;0;0;0;0;0;0;0;0;0;0;0;0;0;1;0;0;0;0;0;0;0;81;901;11;0;13;0;0;0;0;0;0;0;0;0;0;0;1;0;0
M68YD:00443:04998_SUB_SUB;148;0;57;3;0;1;1;0;0;43;1;24;0;0;0;0;0;0;0;0;0;0;0;0;0;0;0;0;0;0;0;0;0;0;0;0;0;0;0;1;0;0;1;0;0;0;0;0;0;0;0;0;0;0;0;0;0;0;0;0;0;0;0;0;0;0;0;0;0;0;0;4;11;0;0;1;0;0;0;0;0;0;0;0;0;0;0;0;0;0
M68YD:00477:05760_SUB_SUB;645;8;210;16;1;8;0;0;0;175;5;95;0;0;0;0;0;0;0;0;0;0;0;0;0;0;0;0;0;0;0;0;0;0;0;0;0;0;0;16;0;0;7;0;0;0;0;0;0;0;0;0;0;0;0;0;0;0;0;0;0;0;0;0;0;0;0;0;0;0;0;10;91;1;0;2;0;0;0;0;0;0;0;0;0;0;0;0;0;0
M68YD:03007:05439_SUB_SUB;140;1;47;3;0;3;0;0;0;39;6;21;0;0;0;0;0;0;0;0;0;0;0;0;0;0;0;0;0;0;0;0;0;0;0;0;0;0;0;1;0;0;2;0;0;0;0;0;0;0;0;0;0;0;0;0;0;0;0;0;0;0;0;0;0;0;0;0;0;0;0;3;14;0;0;0;0;0;0;0;0;0;0;0;0;0;0;0;0;0
M68YD:00715:05826_SUB_SUB;405;0;71;12;0;2;0;0;0;108;23;59;0;0;0;0;0;0;0;0;0;0;0;0;0;0;0;0;0;0;0;0;0;0;0;0;0;0;0;16;0;0;16;0;0;0;0;0;0;0;0;0;0;0;0;0;0;0;0;0;0;0;0;0;0;0;0;0;0;0;0;40;53;4;0;1;0;0;0;0;0;0;0;0;0;0;0;0;0;0
M68YD:03023:03406_SUB_SUB;998;5;315;13;0;20;3;0;0;260;8;147;0;0;0;0;0;0;0;0;0;0;0;0;0;0;0;0;0;0;0;0;0;0;0;0;0;0;0;19;0;0;9;0;0;0;0;0;0;0;0;0;0;0;0;0;0;0;0;0;0;0;0;0;0;0;0;0;0;0;0;14;181;1;0;3;0;0;0;0;0;0;0;0;0;0;0;0;0;0
M68YD:03829:01839_SUB_SUB;124;0;33;0;0;1;2;0;0;40;0;33;0;0;0;0;0;0;0;0;0;0;0;0;0;0;0;0;0;0;0;0;0;0;0;0;0;0;0;1;0;0;1;0;0;0;0;0;0;0;0;0;0;0;0;0;0;0;0;0;0;0;0;0;0;0;0;0;0;0;0;2;9;0;0;2;0;0;0;0;0;0;0;0;0;0;0;0;0;0
M68YD:01833:05434_SUB_SUB;125;1;48;3;0;1;0;0;0;28;2;17;0;0;0;0;0;0;0;0;0;0;0;0;0;0;0;0;0;0;0;0;0;0;0;0;0;0;0;1;0;0;1;0;0;0;0;0;0;0;0;0;0;0;0;0;0;0;0;0;0;0;0;0;0;0;0;0;0;0;0;0;23;0;0;0;0;0;0;0;0;0;0;0;0;0;0;0;0;0
M68YD:02613:02094_SUB_SUB;503;2;82;8;0;8;1;0;0;114;26;60;0;0;0;0;0;0;0;0;0;0;0;0;0;0;0;0;0;0;0;0;0;0;0;0;0;0;0;27;0;0;17;0;0;0;0;0;0;0;0;0;0;0;0;0;0;0;0;0;0;0;0;0;0;0;0;0;0;0;0;102;47;1;0;8;0;0;0;0;0;0;0;0;0;0;0;0;0;0
M68YD:04089:06948_SUB_SUB;183;0;54;5;0;8;0;0;0;79;0;35;0;0;0;0;0;0;0;0;0;0;0;0;0;0;0;0;0;0;0;0;0;0;0;0;0;0;0;0;0;0;0;0;0;0;0;0;0;0;0;0;0;0;0;0;0;0;0;0;0;0;0;0;0;0;0;0;0;0;0;0;2;0;0;0;0;0;0;0;0;0;0;0;0;0;0;0;0;0
M68YD:00521:01134_SUB_SUB;121;0;18;7;0;2;2;0;0;32;0;11;0;0;0;0;0;0;0;0;0;0;0;0;0;0;0;0;0;0;0;0;0;0;0;0;0;0;0;16;0;0;12;0;0;0;0;0;0;0;0;0;0;0;0;0;0;0;0;0;0;0;0;0;0;0;0;0;0;0;0;11;9;1;0;0;0;0;0;0;0;0;0;0;0;0;0;0;0;0
M68YD:05023:01885_SUB_SUB;158;0;15;1;0;1;0;0;0;33;2;16;0;0;0;0;0;0;0;0;0;0;0;0;0;0;0;0;0;0;0;0;0;0;0;0;0;0;0;2;0;0;1;0;0;0;0;0;0;0;0;0;0;0;0;0;0;0;0;0;0;0;0;0;0;0;0;0;0;0;0;11;72;1;0;3;0;0;0;0;0;0;0;0;0;0;0;0;0;0
M68YD:03918:04939_SUB_SUB;452;2;142;7;0;4;1;0;0;152;27;56;0;0;0;0;0;0;0;0;0;0;0;0;0;0;0;0;0;0;0;0;0;0;0;0;0;0;0;9;0;0;9;0;0;0;0;0;0;0;0;0;0;0;0;0;0;0;0;0;0;0;0;0;0;0;0;0;0;0;0;6;33;3;0;1;0;0;0;0;0;0;0;0;0;0;0;0;0;0
M68YD:00480:03232_SUB_SUB;108;0;23;1;0;3;0;0;0;46;0;34;0;0;0;0;0;0;0;1;0;0;0;0;0;0;0;0;0;0;0;0;0;0;0;0;0;0;0;0;0;0;0;0;0;0;0;0;0;0;0;0;0;0;0;0;0;0;0;0;0;0;0;0;0;0;0;0;0;0;0;0;0;0;0;0;0;0;0;0;0;0;0;0;0;0;0;0;0;0
M68YD:04431:00969_SUB_SUB;226;1;53;0;0;5;0;0;0;116;0;51;0;0;0;0;0;0;0;0;0;0;0;0;0;0;0;0;0;0;0;0;0;0;0;0;0;0;0;0;0;0;0;0;0;0;0;0;0;0;0;0;0;0;0;0;0;0;0;0;0;0;0;0;0;0;0;0;0;0;0;0;0;0;0;0;0;0;0;0;0;0;0;0;0;0;0;0;0;0
M68YD:04605:06792_SUB_SUB;107;0;32;0;0;1;0;0;0;38;0;34;0;0;0;0;0;0;0;0;0;0;0;0;0;0;0;1;0;0;0;0;0;0;0;0;0;0;0;0;0;0;0;0;0;0;0;0;0;0;0;0;0;0;0;0;0;0;0;0;0;0;0;0;0;0;0;0;0;0;0;0;0;1;0;0;0;0;0;0;0;0;0;0;0;0;0;0;0;0
M68YD:02779:07169_SUB_SUB;138;2;44;1;0;3;0;0;0;41;0;27;0;0;0;0;0;0;0;0;0;0;0;0;0;0;0;0;0;0;0;0;0;0;0;0;0;0;0;0;0;0;6;0;0;0;0;0;0;0;0;0;0;0;0;0;0;0;0;0;0;0;0;0;0;0;0;0;0;0;0;2;10;0;0;2;0;0;0;0;0;0;0;0;0;0;0;0;0;0
M68YD:00639:06007_SUB_SUB;141;0;44;0;0;4;1;0;0;50;0;36;0;0;0;0;0;0;0;0;0;0;0;0;0;0;0;0;0;0;0;0;0;0;0;0;0;0;0;0;0;0;0;0;0;0;0;0;0;0;0;0;0;0;0;0;0;0;0;0;0;0;0;0;0;0;0;0;0;0;0;1;5;0;0;0;0;0;0;0;0;0;0;0;0;0;0;0;0;0
M68YD:00400:02096_SUB_SUB;322;0;51;0;0;9;2;0;0;137;1;118;0;0;0;0;0;0;0;0;0;0;0;0;0;0;0;0;0;0;0;0;0;0;0;0;0;0;0;0;0;0;0;0;0;0;0;0;0;0;0;0;0;0;0;0;0;0;0;0;0;0;0;0;0;0;0;0;0;0;0;0;4;0;0;0;0;0;0;0;0;0;0;0;0;0;0;0;0;0
M68YD:04054:06655_SUB_SUB;900;0;0;0;0;0;0;0;0;0;0;0;0;0;0;171;0;13;0;0;0;0;0;0;0;0;0;0;0;0;0;0;0;0;0;0;304;0;0;0;0;0;0;0;0;0;0;0;0;0;0;0;0;0;0;0;0;0;0;0;0;0;0;2;0;0;0;0;0;0;0;0;0;0;0;0;0;0;0;0;0;0;0;0;0;0;0;410;0;0
M68YD:04653:07150_SUB_SUB;102;0;0;0;0;0;0;0;0;0;0;0;0;0;0;14;0;2;0;0;0;0;0;0;0;0;0;0;0;0;0;0;0;0;0;0;31;0;0;0;0;0;0;0;0;0;0;0;0;0;0;0;0;0;0;0;0;0;0;0;0;0;0;0;0;0;0;0;0;0;0;0;0;0;0;0;0;0;0;0;0;0;0;0;0;0;0;55;0;0
M68YD:03816:01855_SUB_SUB;169;0;0;0;0;0;0;0;0;0;0;0;0;0;0;26;0;0;0;0;0;0;0;0;0;0;0;0;0;0;0;0;0;0;0;0;67;0;0;0;0;0;0;0;0;0;0;0;0;0;0;0;0;0;0;0;0;0;0;0;0;0;0;0;0;0;0;0;0;0;0;0;0;0;0;0;0;0;0;0;0;0;0;0;0;0;0;76;0;0
M68YD:04095:06791_SUB_SUB;361;0;0;0;0;0;0;0;0;0;0;0;0;0;0;91;0;2;0;0;0;0;0;0;0;0;0;0;0;0;0;0;0;0;0;0;96;0;0;0;0;0;0;0;0;0;0;0;0;0;0;0;0;0;0;0;0;0;0;0;0;0;0;0;0;0;0;0;0;0;0;0;0;0;0;0;0;0;0;0;0;0;0;0;0;0;0;172;0;0
M68YD:00467:02243_SUB_SUB;281;0;0;0;0;0;0;0;0;0;0;0;0;0;0;51;0;2;0;0;0;0;0;0;0;0;0;0;0;0;0;0;0;0;0;0;88;0;0;0;0;0;0;0;0;0;0;0;0;0;0;0;0;0;0;0;0;0;0;0;0;0;0;0;0;0;0;0;0;0;0;0;0;0;0;0;0;0;0;0;0;0;0;0;0;0;0;140;0;0
M68YD:00356:00998_SUB_SUB;416;0;0;0;0;0;0;0;0;0;0;0;0;0;0;90;0;3;0;0;0;0;0;0;0;0;0;0;0;0;0;0;0;0;0;0;129;0;0;0;0;0;0;0;0;0;0;0;0;0;0;0;0;0;0;0;0;0;0;0;0;0;0;0;0;0;0;0;0;0;0;0;0;0;0;0;0;0;0;0;0;0;0;0;0;0;0;194;0;0
M68YD:00073:01973_SUB_SUB;229;0;0;0;0;0;0;0;0;0;0;0;0;0;0;40;0;3;0;0;0;0;0;0;0;0;0;0;0;0;0;0;0;0;0;0;67;0;0;0;0;0;0;0;0;0;0;0;0;0;0;0;0;0;0;0;0;0;0;0;0;0;0;0;0;0;0;0;0;0;0;0;0;0;0;0;0;0;0;0;0;0;0;0;0;0;0;119;0;0
M68YD:03320:01319_SUB_SUB;118;0;0;0;0;0;0;0;0;0;0;0;0;0;0;24;0;0;0;0;0;0;0;0;0;0;0;0;0;0;0;0;0;0;0;0;32;0;0;0;0;0;0;0;0;0;0;0;0;0;0;0;0;0;0;0;0;0;0;0;0;0;0;0;0;0;0;0;0;0;0;0;0;0;0;0;0;0;0;0;0;0;0;0;0;0;0;62;0;0
M68YD:00451:02492_SUB_SUB;150;0;0;0;0;0;0;0;0;0;0;0;0;0;0;28;0;3;0;0;0;0;0;0;0;0;0;0;0;0;0;0;0;0;0;0;111;0;0;0;0;0;0;0;0;0;0;0;0;0;0;0;0;0;0;0;0;0;0;0;0;0;0;0;0;0;0;0;0;0;0;0;0;0;0;0;0;0;0;0;0;0;0;0;0;0;0;8;0;0
M68YD:00999:06046_SUB_SUB;895;1;44;2;18;11;7;0;3;398;8;282;0;0;0;0;0;0;0;0;0;0;0;0;0;0;0;0;0;0;0;0;0;0;0;0;0;0;0;0;0;0;0;0;0;0;0;0;9;0;0;0;0;0;0;0;0;0;0;0;0;0;0;1;0;0;0;0;0;0;0;4;105;0;0;0;0;0;0;0;0;0;2;0;0;0;0;0;0;0
M68YD:00584:04802_SUB_SUB;8664;2;565;29;164;81;64;1;13;3882;60;2870;0;0;0;0;0;0;0;0;0;0;0;0;0;0;0;0;0;0;0;0;0;0;0;0;0;0;2;0;0;0;0;0;0;0;0;0;50;0;2;0;0;0;0;1;0;0;0;0;0;0;0;12;0;0;0;0;0;0;0;27;805;9;0;11;0;0;0;0;0;0;14;0;0;0;0;0;0;0
M68YD:00697:01623_SUB_SUB;4061;10;173;12;239;35;281;0;33;1271;194;816;0;0;0;0;0;0;0;0;0;0;0;0;0;0;0;0;0;0;0;0;0;0;0;0;0;0;7;0;0;0;0;0;0;0;0;0;233;0;49;0;0;0;0;0;0;0;0;0;0;0;0;83;0;0;0;0;0;0;0;49;512;8;0;2;0;0;0;0;0;0;54;0;0;0;0;0;0;0
M68YD:05274:04043_SUB_SUB;1717;0;138;3;21;26;4;0;1;713;0;743;0;0;0;0;0;0;0;0;0;0;0;0;0;0;0;0;0;0;0;0;0;0;0;0;0;0;0;0;0;0;0;0;0;0;0;0;1;0;0;0;0;0;0;0;0;0;0;0;0;0;0;0;0;0;0;0;0;0;0;4;60;0;0;2;0;0;0;0;0;0;1;0;0;0;0;0;0;0
M68YD:00669:04690_SUB_SUB;3371;2;215;18;94;42;60;0;5;1439;61;1000;0;0;0;0;0;0;0;0;0;0;0;0;0;0;0;0;0;0;0;0;0;0;0;0;1;0;3;0;0;0;0;0;0;0;0;0;54;0;4;0;0;0;0;0;0;0;0;0;0;0;0;23;0;0;0;0;0;0;0;12;304;4;0;11;0;0;0;0;0;0;19;0;0;0;0;0;0;0
M68YD:02887:07165_SUB_SUB;369;1;12;2;27;2;30;0;5;111;24;69;0;0;0;0;0;0;0;0;0;0;0;0;0;0;0;0;0;0;0;0;0;0;0;0;0;0;0;0;0;0;0;0;0;0;0;0;13;0;5;0;0;0;0;0;0;0;0;0;0;0;0;11;0;0;0;0;0;0;0;3;49;0;0;0;0;0;0;0;0;0;5;0;0;0;0;0;0;0
M68YD:04063:06756_SUB_SUB;239;0;164;0;0;1;0;0;0;74;0;0;0;0;0;0;0;0;0;0;0;0;0;0;0;0;0;0;0;0;0;0;0;0;0;0;0;0;0;0;0;0;0;0;0;0;0;0;0;0;0;0;0;0;0;0;0;0;0;0;0;0;0;0;0;0;0;0;0;0;0;0;0;0;0;0;0;0;0;0;0;0;0;0;0;0;0;0;0;0
M68YD:00913:06041_SUB_SUB;194;0;65;2;0;4;0;0;0;81;0;35;0;0;0;0;0;0;0;0;0;0;0;0;0;0;0;0;0;0;0;0;0;0;0;0;0;0;0;0;0;0;0;0;0;0;0;0;0;0;0;0;0;0;0;0;0;0;0;0;0;0;0;0;0;0;0;0;0;0;0;0;7;0;0;0;0;0;0;0;0;0;0;0;0;0;0;0;0;0
M68YD:01096:06296_SUB_SUB;209;0;8;1;2;0;1;0;0;97;0;82;0;0;0;0;0;0;0;0;0;0;0;0;0;0;0;0;0;0;0;0;0;0;0;0;0;0;0;0;0;0;0;0;0;0;0;0;0;0;0;0;0;0;0;0;0;0;0;0;0;0;0;0;0;0;0;0;0;0;0;1;17;0;0;0;0;0;0;0;0;0;0;0;0;0;0;0;0;0
M68YD:01257:05773_SUB_SUB;339;0;11;2;4;3;4;0;0;167;3;105;0;0;0;0;0;0;0;0;0;0;0;0;0;0;0;0;0;0;0;0;0;0;0;0;0;0;0;0;0;0;0;0;0;0;0;0;5;0;0;0;0;0;0;0;0;0;0;0;0;0;0;1;0;0;0;0;0;0;0;2;32;0;0;0;0;0;0;0;0;0;0;0;0;0;0;0;0;0
M68YD:00522:03361_SUB_SUB;351;0;33;1;10;2;7;0;3;146;7;101;0;0;0;0;0;0;0;0;0;0;0;0;0;0;0;0;0;0;0;0;0;0;0;0;0;0;0;0;0;0;0;0;0;0;0;0;5;0;0;0;0;0;0;0;0;0;0;0;0;0;0;1;0;0;0;0;0;0;0;1;32;0;0;0;0;0;0;0;0;0;2;0;0;0;0;0;0;0
M68YD:00137:05926_SUB_SUB;109;0;5;0;5;1;3;0;0;38;4;34;0;0;0;0;0;0;0;0;0;0;0;0;0;0;0;0;0;0;0;0;0;0;0;0;0;0;0;0;0;0;0;0;0;0;0;0;4;0;0;0;0;0;0;0;0;0;0;0;0;0;0;1;0;0;0;0;0;0;0;0;12;0;0;0;0;0;0;0;0;0;2;0;0;0;0;0;0;0
M68YD:03520:04487_SUB_SUB;402;3;19;2;20;7;15;0;3;143;18;114;0;0;0;0;0;0;0;0;0;0;0;0;0;0;0;0;0;0;0;0;0;0;0;0;0;0;1;0;0;0;0;0;0;0;0;0;11;0;3;0;0;0;0;0;0;0;0;0;0;0;0;2;0;0;0;0;0;0;0;3;34;0;0;1;0;0;0;0;0;0;3;0;0;0;0;0;0;0
M68YD:02676:04862_SUB_SUB;3981;2;349;20;81;48;37;0;7;1677;35;1366;0;0;0;0;0;0;0;0;0;0;0;0;0;0;0;0;0;0;0;0;0;0;0;0;0;0;3;0;0;0;0;0;0;0;0;0;22;0;1;0;0;0;0;0;0;0;0;0;0;0;0;10;0;0;0;0;0;1;0;8;296;4;0;4;0;0;0;0;0;0;10;0;0;0;0;0;0;0
M68YD:04982:02494_SUB_SUB;104;0;9;0;1;1;0;0;0;45;2;35;0;0;0;0;0;0;0;0;0;0;0;0;0;0;0;0;0;0;0;0;0;0;0;0;0;0;0;0;0;0;0;0;0;0;0;0;0;0;0;0;0;0;0;0;0;0;0;0;0;0;0;0;0;0;0;0;0;0;0;0;9;0;0;0;0;0;0;0;0;0;2;0;0;0;0;0;0;0
M68YD:03830:00969_SUB_SUB;163;0;4;0;23;0;19;0;2;8;17;3;0;0;0;0;0;0;0;0;0;0;0;0;0;0;0;0;0;0;0;0;0;0;0;0;0;0;1;0;0;0;0;0;0;0;0;0;31;0;3;0;0;0;0;0;0;0;0;0;0;0;0;9;0;0;0;0;0;0;0;3;25;1;0;0;0;0;0;0;0;0;14;0;0;0;0;0;0;0
M68YD:00551:01156_SUB_SUB;869;9;28;4;82;9;86;0;11;147;90;93;0;0;0;0;0;0;0;0;0;0;0;0;0;0;0;0;0;0;0;0;0;0;0;0;0;0;1;0;0;0;0;0;0;0;0;0;93;0;10;0;0;0;0;0;0;0;0;0;0;0;0;25;0;0;0;0;0;0;0;27;125;5;0;0;0;0;0;0;0;0;24;0;0;0;0;0;0;0
M68YD:03946:00669_SUB_SUB;159;3;2;0;17;1;32;0;1;7;20;1;0;0;0;0;0;0;0;0;0;0;0;0;0;0;0;0;0;0;0;0;0;0;0;0;0;0;0;0;0;0;0;0;0;0;0;0;22;0;5;0;0;0;0;0;0;0;0;0;0;0;0;6;0;0;0;0;0;0;0;6;32;0;0;0;0;0;0;0;0;0;4;0;0;0;0;0;0;0
M68YD:04059:06500_SUB_SUB;1956;0;150;5;21;20;7;0;3;810;4;848;0;0;0;0;0;0;0;0;0;0;0;0;0;0;0;0;0;0;0;0;0;0;0;0;0;0;0;0;0;0;0;0;0;0;0;0;5;0;0;0;0;0;0;0;0;0;0;0;0;0;0;4;0;0;0;0;0;0;0;4;71;0;0;2;0;0;0;0;0;0;2;0;0;0;0;0;0;0
M68YD:01102:06297_SUB_SUB;375;0;35;1;3;5;1;0;0;174;3;111;0;0;0;0;0;0;0;0;0;0;0;0;0;0;0;0;0;0;0;0;0;0;0;0;0;0;1;0;0;0;0;0;0;0;0;0;4;0;0;0;0;0;0;0;0;0;0;0;0;0;0;3;0;0;0;0;0;0;0;2;31;0;0;0;0;0;0;0;0;0;1;0;0;0;0;0;0;0
M68YD:00534:01001_SUB_SUB;135;0;6;1;4;2;6;0;0;53;1;50;0;0;0;0;0;0;0;0;0;0;0;0;0;0;0;0;0;0;0;0;0;0;0;0;0;0;0;0;0;0;0;0;0;0;0;0;3;0;0;0;0;0;0;0;0;0;0;0;0;0;0;0;0;0;0;0;0;0;0;0;8;0;0;0;0;0;0;0;0;0;1;0;0;0;0;0;0;0
M68YD:00157:04753_SUB_SUB;125;0;10;1;1;0;1;0;0;50;0;57;0;0;0;0;0;0;0;0;0;0;0;0;0;0;0;0;0;0;0;0;0;0;0;0;0;0;0;0;0;0;0;0;0;0;0;0;0;0;0;0;0;0;0;0;0;0;0;0;0;0;0;0;0;0;0;0;0;0;0;0;5;0;0;0;0;0;0;0;0;0;0;0;0;0;0;0;0;0
M68YD:00277:06147_SUB_SUB;224;0;13;1;2;1;2;0;0;89;0;105;0;0;0;0;0;0;0;0;0;0;0;0;0;0;0;0;0;0;0;0;0;0;0;0;0;0;0;0;0;0;0;0;0;0;0;0;1;0;0;0;0;0;0;0;0;0;0;0;0;0;0;0;0;0;0;0;0;0;0;0;9;0;0;0;0;0;0;0;0;0;1;0;0;0;0;0;0;0
M68YD:04450:06949_SUB_SUB;194;0;12;1;0;2;0;0;0;81;2;81;0;0;0;0;0;0;0;0;0;0;0;0;0;0;0;0;0;0;0;0;0;0;0;0;0;0;0;0;0;0;0;0;0;0;0;0;0;0;0;0;0;0;0;0;0;0;0;0;0;0;0;1;0;0;0;0;0;0;0;0;14;0;0;0;0;0;0;0;0;0;0;0;0;0;0;0;0;0
M68YD:00892:05845_SUB_SUB;362;0;30;2;8;3;2;0;2;151;2;136;0;0;0;0;0;0;0;0;0;0;0;0;0;0;0;0;0;0;0;0;0;0;0;0;0;0;0;0;0;0;0;0;0;0;0;0;2;0;0;0;0;0;0;0;0;0;0;0;0;0;0;0;0;0;0;0;0;0;0;0;22;1;0;1;0;0;0;0;0;0;0;0;0;0;0;0;0;0
M68YD:01189:06007_SUB_SUB;148;0;103;0;0;1;0;0;0;44;0;0;0;0;0;0;0;0;0;0;0;0;0;0;0;0;0;0;0;0;0;0;0;0;0;0;0;0;0;0;0;0;0;0;0;0;0;0;0;0;0;0;0;0;0;0;0;0;0;0;0;0;0;0;0;0;0;0;0;0;0;0;0;0;0;0;0;0;0;0;0;0;0;0;0;0;0;0;0;0
M68YD:03656:01544_SUB_SUB;120;0;38;1;0;4;1;0;0;57;0;15;0;0;0;0;0;0;0;0;0;0;0;0;0;0;0;0;0;0;0;0;0;0;0;0;0;0;0;0;0;0;0;0;0;0;0;0;0;0;0;0;0;0;0;0;0;0;0;0;0;0;0;0;0;0;0;0;0;0;0;0;4;0;0;0;0;0;0;0;0;0;0;0;0;0;0;0;0;0
M68YD:05015:01847_SUB_SUB;138;0;8;1;9;1;4;0;0;50;1;50;0;0;0;0;0;0;0;0;0;0;0;0;0;0;0;0;0;0;0;0;0;0;0;0;0;0;0;0;0;0;0;0;0;0;0;0;2;0;0;0;0;0;0;0;0;0;0;0;0;0;0;0;0;0;0;0;0;0;0;1;5;1;0;0;0;0;0;0;0;0;5;0;0;0;0;0;0;0
M68YD:00396:02257_SUB_SUB;1860;5;143;2;63;19;58;0;11;736;53;530;0;0;0;0;0;0;0;1;0;0;0;0;0;0;0;0;0;0;0;0;0;0;0;0;0;0;2;0;0;0;0;0;0;0;0;0;52;0;3;0;0;0;0;0;0;0;0;0;0;0;0;8;0;0;0;0;0;0;0;15;143;3;0;1;0;0;0;0;0;0;12;0;0;0;0;0;0;0
M68YD:00261:06780_SUB_SUB;130;1;10;0;4;0;3;0;1;63;1;38;0;0;0;0;0;0;0;0;0;0;0;0;0;0;0;0;0;0;0;0;0;0;0;0;0;0;0;0;0;0;0;0;0;0;0;0;1;0;0;0;0;0;0;0;0;0;0;0;0;0;0;0;0;0;0;0;0;0;0;0;8;0;0;0;0;0;0;0;0;0;0;0;0;0;0;0;0;0
M68YD:04706:01905_SUB_SUB;102;0;8;1;1;2;0;0;0;43;1;39;0;0;0;0;0;0;0;0;0;0;0;0;0;0;0;0;0;0;0;0;0;0;0;0;0;0;0;0;0;0;0;0;0;0;0;0;0;0;0;0;0;0;0;0;0;0;0;0;0;0;0;0;0;0;0;0;0;0;0;1;6;0;0;0;0;0;0;0;0;0;0;0;0;0;0;0;0;0
M68YD:01089:01783_SUB_SUB;260;0;17;2;13;5;12;0;0;92;10;61;0;0;0;0;0;0;0;0;0;0;0;0;0;0;0;0;0;0;0;0;0;0;0;0;0;0;0;0;0;0;0;0;0;0;0;0;7;0;3;0;0;0;0;0;0;0;0;0;0;0;0;4;0;0;0;0;0;0;0;0;30;0;0;1;0;0;0;0;0;0;3;0;0;0;0;0;0;0
M68YD:03706:01909_SUB_SUB;141;0;5;2;0;1;1;0;0;58;8;45;0;0;0;0;0;0;0;0;0;0;0;0;0;0;0;0;0;0;0;0;0;0;0;0;0;0;1;0;0;0;0;0;0;0;0;0;5;0;1;0;0;0;0;0;0;0;0;0;0;0;0;0;0;0;0;0;0;0;0;0;11;1;0;0;0;0;0;0;0;0;2;0;0;0;0;0;0;0
M68YD:03697:01504_SUB_SUB;200;0;19;0;7;1;0;0;0;82;4;65;0;0;0;0;0;0;0;0;0;0;0;0;0;0;0;0;0;0;0;0;0;0;0;0;0;0;0;0;0;0;0;0;0;0;0;0;2;0;0;0;0;0;0;0;0;0;0;0;0;0;0;1;0;0;0;0;0;0;0;0;18;0;0;0;0;0;0;0;0;0;1;0;0;0;0;0;0;0
M68YD:05010:01560_SUB_SUB;201;0;9;0;2;1;0;0;0;84;0;99;0;0;0;0;0;0;0;0;0;0;0;0;0;0;0;0;0;0;0;0;0;0;0;0;0;0;0;0;0;0;0;0;0;0;0;0;0;0;0;0;0;0;0;0;0;0;0;0;0;0;0;0;0;0;0;0;0;0;0;0;6;0;0;0;0;0;0;0;0;0;0;0;0;0;0;0;0;0
M68YD:01283:04806_SUB_SUB;106;0;10;1;0;1;2;0;0;49;14;16;0;0;0;0;0;0;0;0;0;0;0;0;0;0;0;0;0;0;0;0;0;0;0;0;0;0;1;0;0;0;0;0;0;0;0;0;0;0;2;0;0;0;0;0;0;0;0;0;0;0;0;3;0;0;0;0;0;0;0;2;5;0;0;0;0;0;0;0;0;0;0;0;0;0;0;0;0;0
M68YD:00348:01208_SUB_SUB;114;0;19;1;0;1;2;0;0;47;1;38;0;0;0;0;0;0;0;0;0;0;0;0;0;0;0;0;0;0;0;0;0;0;0;0;0;0;0;0;0;0;0;0;0;0;0;0;0;0;0;0;0;0;0;0;0;0;0;0;0;0;0;2;0;0;0;0;0;0;0;1;2;0;0;0;0;0;0;0;0;0;0;0;0;0;0;0;0;0
M68YD:02677:05833_SUB_SUB;101;2;13;0;0;2;3;0;0;48;0;28;0;0;0;0;0;0;0;0;0;0;0;0;0;0;0;0;0;0;0;0;0;0;0;0;0;0;0;0;0;0;0;0;0;0;0;0;0;0;0;0;0;0;0;0;0;0;0;0;0;0;0;0;0;0;0;0;0;0;0;0;5;0;0;0;0;0;0;0;0;0;0;0;0;0;0;0;0;0
M68YD:00964:02948_SUB_SUB;142;0;19;1;0;2;6;0;0;65;2;35;0;0;0;0;0;0;0;0;0;0;0;0;0;0;0;0;0;0;0;0;0;0;0;0;0;0;0;0;0;0;0;0;0;0;0;0;0;0;0;0;0;0;0;0;0;0;0;0;0;0;0;0;0;0;0;0;0;0;0;0;12;0;0;0;0;0;0;0;0;0;0;0;0;0;0;0;0;0
M68YD:04269:06966_SUB_SUB;699;6;10;2;66;4;90;0;9;88;60;33;0;0;0;0;0;0;0;0;0;0;0;0;0;0;0;0;0;0;0;0;0;0;0;0;0;0;1;0;0;0;0;0;0;0;0;0;108;0;9;0;0;0;0;0;0;0;0;0;0;0;0;27;0;0;0;0;0;0;0;22;132;3;0;1;0;0;0;0;0;0;28;0;0;0;0;0;0;0
M68YD:04499:02810_SUB_SUB;442;3;5;1;50;2;57;0;5;24;36;7;0;0;0;0;0;0;0;0;0;0;0;0;0;0;0;0;0;0;0;0;0;0;0;0;0;0;0;0;0;0;0;0;0;0;0;0;80;0;16;0;0;0;0;0;0;0;0;0;0;0;0;15;0;0;0;0;0;0;0;9;110;1;0;0;0;0;0;0;0;0;21;0;0;0;0;0;0;0
M68YD:03564:06310_SUB_SUB;487;1;4;3;52;2;73;0;3;43;64;13;0;0;0;0;0;0;0;0;0;0;0;0;0;0;0;0;0;0;0;0;0;0;0;0;0;0;1;0;0;0;0;0;0;0;0;0;78;0;16;0;0;0;0;0;0;0;0;0;0;0;0;17;0;0;0;0;0;0;0;13;73;1;0;0;0;0;0;0;0;0;30;0;0;0;0;0;0;0
M68YD:03242:06703_SUB_SUB;107;1;3;0;6;1;6;0;0;40;4;20;0;0;0;0;0;0;0;0;0;0;0;0;0;0;0;0;0;0;0;0;0;0;0;0;0;0;0;0;0;0;0;0;0;0;0;0;2;0;2;0;0;0;0;0;0;0;0;0;0;0;0;2;0;0;0;0;0;0;0;1;17;1;0;0;0;0;0;0;0;0;1;0;0;0;0;0;0;0
M68YD:03291:02935_SUB_SUB;365;5;3;0;44;1;69;0;6;21;47;3;0;0;0;0;0;0;0;0;0;0;0;0;0;0;0;0;0;0;0;0;0;0;0;0;0;0;2;0;0;0;0;0;0;0;0;0;54;0;8;0;0;0;0;0;0;0;0;0;0;0;0;23;0;0;0;0;0;0;0;7;45;1;0;0;0;0;0;0;0;0;26;0;0;0;0;0;0;0
M68YD:03977:02335_SUB_SUB;157;1;2;0;21;2;24;0;2;3;22;1;0;0;0;0;0;0;0;0;0;0;0;0;0;0;0;0;0;0;0;0;0;0;0;0;0;0;1;0;0;0;0;0;0;0;0;0;27;0;7;0;0;0;0;0;0;0;0;0;0;0;0;14;0;0;0;0;0;0;0;1;24;0;0;0;0;0;0;0;0;0;5;0;0;0;0;0;0;0
M68YD:03532:01906_SUB_SUB;177;3;9;0;17;4;14;0;1;48;8;28;0;0;0;0;0;0;0;0;0;0;0;0;0;0;0;0;0;0;0;0;0;0;0;0;0;0;1;0;0;0;0;0;0;0;0;0;13;0;2;0;0;0;0;0;0;0;0;0;0;0;0;0;0;0;0;0;0;0;0;1;25;0;0;1;0;0;0;0;0;0;2;0;0;0;0;0;0;0
M68YD:03400:00998_SUB_SUB;171;2;1;0;22;0;24;0;4;7;27;2;0;0;0;0;0;0;0;0;0;0;0;0;0;0;0;0;0;0;0;0;0;0;0;0;0;0;1;0;0;0;0;0;0;0;0;0;35;0;4;0;0;0;0;0;0;0;0;0;0;0;0;10;0;0;0;0;0;0;0;4;18;0;0;0;0;0;0;0;0;0;10;0;0;0;0;0;0;0
M68YD:00656:01842_SUB_SUB;264;1;6;0;29;6;37;0;3;51;29;21;0;0;0;0;0;0;0;0;0;0;0;0;0;0;0;0;0;0;0;0;0;0;0;0;0;0;2;0;0;0;0;0;0;0;0;0;31;0;4;0;0;0;0;0;0;0;0;0;0;0;0;9;0;0;0;0;0;0;0;3;26;0;0;0;0;0;0;0;0;0;6;0;0;0;0;0;0;0
M68YD:00397:04769_SUB_SUB;112;0;19;0;0;1;0;0;0;60;0;26;0;0;0;0;0;0;0;0;0;0;0;0;0;0;0;0;0;0;0;0;0;0;0;0;0;0;0;0;0;0;0;0;0;0;0;0;0;0;0;0;0;0;0;0;0;0;0;0;0;0;0;0;0;0;0;0;0;0;0;1;5;0;0;0;0;0;0;0;0;0;0;0;0;0;0;0;0;0
M68YD:01137:05856_SUB_SUB;226;0;46;1;0;3;1;0;0;99;0;72;0;0;0;0;0;0;0;0;0;0;0;0;0;0;0;0;0;0;0;0;0;0;0;0;0;0;0;0;0;0;0;0;0;0;0;0;0;0;0;0;0;0;0;0;0;0;0;0;0;0;0;0;0;0;0;0;0;0;0;0;4;0;0;0;0;0;0;0;0;0;0;0;0;0;0;0;0;0
M68YD:00090:02015_SUB_SUB;172;0;0;0;0;0;0;0;0;0;0;0;0;0;0;14;5;43;0;0;0;0;0;2;0;4;0;0;0;0;0;14;0;0;0;0;0;0;0;0;0;0;0;0;0;0;0;0;4;0;0;0;0;0;0;0;0;8;1;0;0;0;0;0;0;0;0;8;15;1;24;1;0;0;3;0;0;0;0;0;0;0;0;0;0;0;0;25;0;0
M68YD:00997:06292_SUB_SUB;394;0;0;0;0;0;0;0;0;0;0;0;0;2;0;31;1;79;3;0;1;6;0;7;0;11;0;0;0;0;0;41;0;0;0;0;0;0;0;0;0;0;1;0;0;1;0;0;15;0;0;0;0;0;0;0;0;28;4;0;0;0;0;0;0;0;0;10;27;5;55;3;1;0;2;3;0;0;0;0;0;0;0;0;0;0;0;57;0;0
M68YD:04896:05952_SUB_SUB;6134;0;0;0;0;3;0;0;0;0;0;0;38;0;0;5101;259;0;0;0;193;0;2;0;0;0;0;0;0;91;0;0;0;0;0;0;0;0;36;0;33;0;0;0;0;36;0;4;0;0;58;0;0;0;0;0;0;0;0;0;0;248;0;0;0;0;0;0;0;0;0;32;0;0;0;0;0;0;0;0;0;0;0;0;0;0;0;0;0;0
M68YD:03116:03804_SUB_SUB;821;0;0;0;0;1;0;0;0;0;0;0;6;0;0;668;35;0;0;0;25;0;1;0;0;0;0;0;0;11;0;0;0;0;0;0;0;0;5;0;9;0;0;0;0;5;0;0;0;0;8;0;0;0;0;0;0;0;0;0;0;43;0;0;0;0;0;0;0;0;0;4;0;0;0;0;0;0;0;0;0;0;0;0;0;0;0;0;0;0
M68YD:00762:05955_SUB_SUB;206;0;0;0;0;0;0;0;0;0;0;0;0;0;0;173;6;0;0;0;4;0;0;0;0;0;0;0;0;2;0;0;0;0;0;0;0;0;2;0;2;0;0;0;0;1;0;0;0;0;2;0;0;0;0;0;0;0;0;0;0;12;0;0;0;0;0;0;0;0;0;2;0;0;0;0;0;0;0;0;0;0;0;0;0;0;0;0;0;0
M68YD:01090:05978_SUB_SUB;193;0;0;0;0;0;0;0;0;0;0;0;0;0;0;170;4;0;0;0;8;0;0;0;0;0;0;0;0;1;0;0;0;0;0;0;0;0;1;0;0;0;0;0;0;2;0;0;0;0;1;0;0;0;0;0;0;0;0;0;0;5;0;0;0;0;0;0;0;0;0;1;0;0;0;0;0;0;0;0;0;0;0;0;0;0;0;0;0;0
M68YD:03207:00662_SUB_SUB;119;0;0;0;0;0;0;0;0;0;0;0;1;0;0;85;3;0;0;0;5;0;0;0;0;0;0;0;0;4;0;0;0;0;0;0;0;0;3;0;2;0;0;0;0;0;0;0;0;0;3;0;0;0;0;0;0;0;0;0;0;10;0;0;0;1;0;0;0;0;0;2;0;0;0;0;0;0;0;0;0;0;0;0;0;0;0;0;0;0
M68YD:04195:06686_SUB_SUB;215;0;0;0;0;0;0;0;0;0;0;0;0;0;0;200;6;0;0;0;1;0;0;0;0;0;0;0;0;3;0;0;0;0;0;0;0;0;0;0;1;0;0;0;0;0;0;0;0;0;1;0;0;0;0;0;0;0;0;0;0;3;0;0;0;0;0;0;0;0;0;0;0;0;0;0;0;0;0;0;0;0;0;0;0;0;0;0;0;0
M68YD:02634:06735_SUB_SUB;190;1;0;0;0;0;0;0;0;0;0;0;4;0;0;0;0;0;0;0;0;0;0;3;0;0;0;0;0;0;0;0;0;0;0;0;0;0;0;0;0;0;0;0;0;0;8;0;0;0;0;0;0;0;0;0;0;0;0;80;0;0;0;1;0;0;0;0;0;85;0;0;0;0;2;0;0;0;0;0;0;0;0;0;0;0;0;6;0;0
M68YD:00588:03209_SUB_SUB;243;16;75;2;0;0;0;0;0;150;0;0;0;0;0;0;0;0;0;0;0;0;0;0;0;0;0;0;0;0;0;0;0;0;0;0;0;0;0;0;0;0;0;0;0;0;0;0;0;0;0;0;0;0;0;0;0;0;0;0;0;0;0;0;0;0;0;0;0;0;0;0;0;0;0;0;0;0;0;0;0;0;0;0;0;0;0;0;0;0
M68YD:03661:07238_SUB_SUB;321;0;1;0;0;0;0;0;0;0;0;0;0;0;0;0;0;0;0;0;0;0;0;0;0;0;0;0;0;126;0;0;0;0;0;0;0;0;0;0;0;0;0;0;0;0;0;0;0;0;0;0;0;0;0;0;0;0;194;0;0;0;0;0;0;0;0;0;0;0;0;0;0;0;0;0;0;0;0;0;0;0;0;0;0;0;0;0;0;0
M68YD:02740:02420_SUB_SUB;26077;0;0;0;0;0;0;0;0;0;0;0;0;0;0;0;0;0;0;0;0;0;0;0;1;1;0;0;0;0;0;0;0;0;0;0;0;0;0;0;487;74;0;0;0;1590;0;13;0;0;0;0;0;0;0;0;0;0;0;0;0;88;0;1;0;4;0;0;0;0;0;5;0;0;0;0;0;0;0;0;0;0;0;23813;0;0;0;0;0;0
M68YD:00895:06057_SUB_SUB;477;0;0;0;0;0;0;0;0;0;0;0;0;0;0;0;0;0;0;0;0;0;0;0;0;0;0;0;0;0;0;0;0;0;0;0;0;0;0;0;10;0;0;0;0;17;0;0;0;0;0;0;0;0;0;0;0;0;0;0;0;0;0;0;0;0;0;0;0;0;0;0;0;0;0;0;0;0;0;0;0;0;0;450;0;0;0;0;0;0
M68YD:00916:05912_SUB_SUB;3544;0;0;0;0;0;0;0;0;0;0;0;0;0;0;0;0;0;0;0;0;0;0;0;0;0;0;0;0;0;0;0;0;0;0;0;0;0;0;0;65;8;0;0;0;168;0;4;0;0;0;0;0;0;0;0;0;0;0;0;0;5;0;1;0;0;0;0;0;0;0;0;0;1;0;0;0;0;0;0;0;0;0;3292;0;0;0;0;0;0
M68YD:00277:04757_SUB_SUB;136;0;0;0;0;0;0;0;0;0;0;0;0;0;0;0;0;0;0;0;0;0;0;0;0;0;0;0;0;0;0;0;0;0;0;0;0;0;0;0;1;1;0;0;0;6;0;1;0;0;0;0;0;0;0;0;0;0;0;0;0;0;0;0;0;0;0;0;0;0;0;0;0;0;0;0;0;0;0;0;0;0;0;127;0;0;0;0;0;0
M68YD:00145:03701_SUB_SUB;341;0;0;0;0;0;0;0;0;0;0;0;0;0;0;0;0;0;0;0;0;0;0;0;0;0;0;0;0;0;0;0;0;0;0;0;0;0;0;0;14;1;0;0;0;23;0;1;0;0;0;0;0;0;0;0;0;0;0;0;0;1;0;0;0;0;0;0;0;0;0;0;0;0;0;0;0;0;0;0;0;0;0;301;0;0;0;0;0;0
M68YD:03326:01549_SUB_SUB;187;0;0;0;0;0;0;0;0;0;0;0;0;0;0;0;0;0;0;0;0;0;0;0;0;0;0;0;0;0;0;0;0;0;0;0;0;0;0;0;8;10;0;0;0;73;0;2;0;0;0;0;0;0;0;0;0;0;0;0;0;2;0;0;0;0;0;0;0;0;0;1;0;0;0;0;0;0;0;0;0;0;0;91;0;0;0;0;0;0
M68YD:02704:00466_SUB_SUB;126;0;0;0;0;0;0;0;0;0;0;0;0;0;0;0;0;0;0;0;0;0;0;0;0;0;0;0;0;0;0;0;0;0;0;0;0;0;0;0;1;1;0;0;0;5;0;0;0;0;0;0;0;0;0;0;0;0;0;0;0;6;0;0;0;0;0;0;0;0;0;0;0;1;0;0;0;0;0;0;0;0;0;112;0;0;0;0;0;0
M68YD:03867:02295_SUB_SUB;116;0;0;0;0;0;0;0;0;0;0;0;0;0;0;0;0;0;0;0;0;0;0;0;0;0;0;0;0;0;0;0;0;0;0;0;0;0;0;0;3;0;0;0;0;2;0;0;0;0;0;0;0;0;0;0;0;0;0;0;0;1;0;0;0;0;0;0;0;0;0;0;0;0;0;0;0;0;0;0;0;0;0;110;0;0;0;0;0;0
M68YD:03085:02334_SUB_SUB;1708;0;0;0;0;0;0;0;0;0;0;0;0;0;0;0;0;0;0;0;0;0;0;0;0;0;0;0;1;0;0;0;0;0;0;0;0;0;0;0;0;0;0;0;1707;0;0;0;0;0;0;0;0;0;0;0;0;0;0;0;0;0;0;0;0;0;0;0;0;0;0;0;0;0;0;0;0;0;0;0;0;0;0;0;0;0;0;0;0;0
M68YD:00684:00873_SUB_SUB;185;0;0;0;0;0;0;0;0;0;0;0;0;0;0;0;0;0;0;0;0;0;0;0;0;0;0;0;0;0;0;0;0;0;0;0;0;1;0;0;0;0;0;0;184;0;0;0;0;0;0;0;0;0;0;0;0;0;0;0;0;0;0;0;0;0;0;0;0;0;0;0;0;0;0;0;0;0;0;0;0;0;0;0;0;0;0;0;0;0
M68YD:04074:06666_SUB_SUB;351;0;0;0;0;0;0;0;0;0;0;0;0;0;0;0;0;0;0;0;0;0;0;0;0;0;0;0;0;0;0;0;0;0;0;0;0;0;0;0;0;0;0;0;351;0;0;0;0;0;0;0;0;0;0;0;0;0;0;0;0;0;0;0;0;0;0;0;0;0;0;0;0;0;0;0;0;0;0;0;0;0;0;0;0;0;0;0;0;0
M68YD:04454:06857_SUB_SUB;117;0;0;0;0;0;0;0;0;0;0;0;0;0;0;0;0;0;0;0;0;0;0;0;0;0;0;0;0;0;0;0;0;0;0;0;0;0;0;0;0;0;0;0;0;0;0;0;0;0;0;0;0;0;0;0;0;0;0;0;0;0;0;0;0;0;0;0;0;0;0;0;0;0;0;0;0;0;0;0;0;0;0;117;0;0;0;0;0;0
M68YD:04407:06460_SUB_SUB;151;0;0;0;0;0;0;0;0;0;0;0;0;0;0;0;0;0;0;0;0;0;0;0;0;0;0;0;0;0;0;0;0;0;0;0;0;0;0;0;20;0;0;0;0;3;0;0;0;0;0;0;0;0;0;0;0;0;0;0;0;0;0;0;0;0;0;0;0;0;0;0;0;0;0;0;0;0;0;0;0;0;0;128;0;0;0;0;0;0
M68YD:04058:06718_SUB_SUB;108;0;0;0;0;0;0;0;0;0;0;0;0;0;0;0;0;0;0;0;0;0;0;0;0;0;0;0;0;0;0;0;0;0;0;0;0;0;0;0;0;0;0;0;108;0;0;0;0;0;0;0;0;0;0;0;0;0;0;0;0;0;0;0;0;0;0;0;0;0;0;0;0;0;0;0;0;0;0;0;0;0;0;0;0;0;0;0;0;0
M68YD:00521:04543_SUB_SUB;326;0;0;0;0;0;0;0;0;0;0;0;0;0;0;0;0;0;0;0;0;0;0;0;0;0;0;0;0;0;0;0;0;0;0;0;0;0;0;0;6;0;0;0;0;1;0;0;0;0;0;0;0;0;0;0;0;0;0;0;0;0;0;0;0;0;0;0;0;0;0;0;0;0;0;0;0;0;0;0;0;0;0;319;0;0;0;0;0;0
M68YD:00340:06240_SUB_SUB;476;1;1;0;0;0;2;1;2;4;6;2;0;10;38;3;0;6;0;2;0;7;0;0;0;0;0;0;0;1;0;3;0;0;0;0;0;0;0;5;0;0;15;0;0;8;0;4;8;0;0;3;0;0;0;0;0;0;4;0;0;42;0;27;0;6;0;8;4;35;0;0;3;0;80;0;0;0;0;0;0;0;21;0;0;0;0;111;0;3
M68YD:04053:06441_SUB_SUB;12964;12;52;21;10;18;93;11;3;119;124;34;3;213;627;183;7;159;0;145;0;148;1;0;0;5;0;0;0;66;0;128;0;0;0;0;24;0;0;193;0;2;470;0;0;289;9;155;188;0;0;92;0;0;0;0;0;0;70;0;0;1223;0;774;0;200;0;319;92;770;0;2;80;12;2270;8;0;0;0;0;0;1;875;0;7;0;0;2625;0;32
M68YD:04320:06852_SUB_SUB;453;0;0;1;1;1;6;1;0;6;10;1;0;8;16;10;0;6;0;5;0;7;0;0;0;1;0;0;0;4;0;4;0;0;0;0;0;0;0;9;0;0;12;0;0;3;0;5;10;0;0;3;0;0;0;0;0;0;3;0;0;48;0;32;0;4;0;16;6;35;0;0;1;0;78;0;0;0;0;0;0;0;27;0;0;0;0;72;0;1
M68YD:00936:06237_SUB_SUB;1392;3;6;1;0;1;8;0;0;8;13;1;1;25;41;20;0;16;0;7;0;12;0;0;0;3;0;0;0;7;0;11;0;0;0;0;2;0;1;20;0;0;46;0;0;24;0;8;15;0;0;12;0;0;0;0;0;0;3;0;0;145;0;78;0;26;0;34;5;77;1;0;8;3;251;1;0;0;0;0;0;0;104;0;0;0;0;341;0;3
M68YD:00035:03410_SUB_SUB;113;0;0;0;0;0;0;0;0;0;3;2;0;1;7;4;0;3;0;0;0;0;0;0;0;1;0;0;0;0;0;1;0;0;0;0;0;0;0;1;0;0;1;0;0;1;0;2;6;0;0;1;0;0;0;0;0;0;0;0;0;10;0;2;0;3;0;1;1;15;0;0;1;0;12;0;0;0;0;0;0;0;6;0;0;0;0;27;0;1
M68YD:05078:01772_SUB_SUB;145;0;1;0;0;0;2;0;0;1;3;1;0;3;18;0;0;3;0;0;0;5;0;0;0;0;0;0;0;0;0;1;0;0;0;0;0;0;0;0;0;0;1;0;0;2;0;1;2;0;0;0;0;0;0;0;0;0;2;0;0;4;0;12;0;5;0;0;0;17;0;0;1;1;9;0;0;0;0;0;0;0;22;0;0;0;0;27;0;1
M68YD:01142:03872_SUB_SUB;351;0;6;0;0;1;6;0;0;6;5;2;0;4;43;7;1;2;0;5;0;6;0;0;0;0;0;0;0;4;0;7;0;0;0;0;1;0;0;3;0;0;12;0;0;4;0;2;7;0;0;1;0;0;0;0;0;0;4;0;0;12;0;19;0;5;0;2;2;14;0;0;3;0;44;0;0;0;0;0;0;0;31;0;0;0;0;80;0;0
M68YD:03886:01104_SUB_SUB;546;0;7;2;1;3;4;1;0;3;5;2;0;11;42;9;0;2;0;12;0;8;0;0;0;0;0;0;0;6;0;6;0;0;0;0;1;0;0;8;0;0;20;0;0;10;0;1;9;0;0;5;0;0;0;0;0;0;1;0;0;28;0;32;0;12;0;6;3;33;0;0;2;0;59;0;0;0;0;0;0;0;69;0;0;0;0;123;0;0
M68YD:04011:06623_SUB_SUB;195;0;1;1;0;0;2;0;0;1;2;0;0;3;5;1;1;1;0;1;0;1;0;0;0;0;0;0;0;1;0;1;0;0;0;0;0;0;0;1;0;0;4;0;0;3;0;0;2;0;0;1;0;0;0;0;0;0;1;0;0;16;0;12;0;5;0;4;1;3;0;0;1;0;39;1;0;0;0;0;0;0;9;0;0;0;0;70;0;0
M68YD:00283:01040_SUB_SUB;1368;6;5;2;0;5;15;1;0;28;14;10;1;29;97;26;4;1;0;23;0;23;0;0;0;0;0;0;0;9;0;15;0;0;0;0;3;0;0;14;0;0;55;0;0;10;1;13;29;0;0;4;0;0;0;0;0;0;7;0;0;71;0;92;0;21;0;9;18;80;0;0;6;0;138;2;0;0;0;0;0;0;154;0;1;0;0;318;0;8
M68YD:03912:01587_SUB_SUB;410;0;8;1;0;0;4;0;0;5;6;1;0;12;27;3;0;3;0;4;0;6;0;0;0;0;0;0;0;0;0;3;0;0;0;0;1;0;0;4;0;0;24;0;0;7;0;3;5;0;0;0;0;0;0;0;0;0;2;0;0;33;0;18;0;3;0;7;2;24;0;1;2;0;64;0;0;0;0;0;0;0;38;0;0;0;0;89;0;0
M68YD:05103:01591_SUB_SUB;258;1;2;0;0;1;3;0;0;3;1;0;0;6;13;5;1;3;0;2;0;6;0;0;0;2;0;0;0;2;0;2;0;0;0;0;4;0;0;5;0;0;9;0;0;2;1;1;5;0;0;1;0;0;0;0;0;0;0;0;0;25;0;13;0;2;0;4;0;28;0;0;3;0;24;0;0;0;0;0;0;0;20;0;0;0;0;58;0;0
M68YD:01066:04618_SUB_SUB;357;1;1;2;0;1;6;0;0;5;6;2;1;6;38;2;0;8;0;4;0;4;0;0;0;0;0;0;0;4;0;7;0;0;0;0;0;0;0;6;0;1;13;0;0;6;0;3;10;0;0;0;0;0;0;0;0;0;3;0;0;21;0;21;0;6;0;3;4;34;0;0;2;0;26;0;0;0;0;0;0;0;40;0;0;0;0;59;0;1
M68YD:03387:03235_SUB_SUB;146;0;1;0;0;0;2;1;0;4;3;0;0;4;16;4;0;1;0;2;0;3;0;0;0;1;0;0;0;1;0;0;0;0;0;0;1;0;0;0;0;0;3;0;0;3;0;1;3;0;0;0;0;0;0;0;0;0;1;0;0;12;0;13;0;2;0;1;1;20;0;0;0;0;6;0;0;0;0;0;0;0;16;0;0;0;0;20;0;0
M68YD:02756:00950_SUB_SUB;166;1;1;0;1;0;1;0;0;1;1;0;0;4;13;3;0;0;0;2;0;2;0;0;0;0;0;0;0;3;0;1;0;0;0;0;0;0;0;2;0;0;11;0;0;1;0;2;3;0;0;0;0;0;0;0;0;0;0;0;0;19;0;6;0;2;0;0;2;9;0;0;2;1;19;0;0;0;0;0;0;0;15;0;0;0;0;38;0;0
M68YD:03212:02293_SUB_SUB;132;0;1;1;0;0;1;0;0;2;2;2;0;4;13;2;0;0;0;3;0;1;0;0;0;0;0;0;0;0;0;0;0;0;0;0;0;0;0;0;0;0;2;0;0;1;0;0;2;0;0;0;0;0;0;0;0;0;2;0;0;4;0;12;0;0;0;1;0;12;0;0;0;0;12;0;0;0;0;0;0;0;17;0;0;0;0;35;0;0
M68YD:04005:06883_SUB_SUB;6896;10;25;13;5;8;45;8;0;57;50;14;0;102;231;81;5;79;0;95;0;89;0;0;0;6;0;0;0;28;0;62;0;0;0;0;10;0;0;131;0;2;213;0;0;163;8;74;100;0;0;45;0;0;0;0;0;0;43;0;0;966;0;374;0;151;0;226;44;472;0;1;64;14;1119;1;0;0;0;0;0;0;403;0;4;0;0;1233;0;22
M68YD:04855:01794_SUB_SUB;427;0;0;1;0;1;4;2;0;5;6;0;0;7;18;9;0;12;0;5;0;7;0;0;0;0;0;0;0;3;0;5;0;0;0;0;0;0;0;10;0;0;13;0;0;7;0;5;5;0;0;1;0;0;0;0;0;0;2;0;0;65;0;18;0;14;0;17;6;31;0;0;5;1;53;0;0;0;0;0;0;0;21;0;0;0;0;67;0;1
M68YD:01146:04010_SUB_SUB;595;4;4;1;0;4;2;3;0;9;6;3;0;10;55;10;0;10;0;10;0;10;0;0;0;0;0;0;0;2;0;4;0;0;0;0;1;0;0;15;0;0;22;0;0;9;0;5;17;0;0;3;0;0;0;0;0;0;5;0;0;38;0;37;0;7;0;7;5;37;0;0;2;0;46;0;0;0;0;0;0;0;47;0;0;0;0;144;0;1
M68YD:05084:02406_SUB_SUB;436;0;3;0;0;0;2;0;0;8;4;2;0;12;29;7;0;1;0;8;0;3;0;0;0;0;0;0;0;3;0;6;0;0;0;0;3;0;0;4;0;0;16;0;0;8;1;2;12;0;0;3;0;0;0;0;0;0;3;0;0;23;0;22;0;5;0;6;3;23;0;0;4;0;46;0;0;0;0;0;0;0;37;0;1;0;0;126;0;0
M68YD:04253:02787_SUB_SUB;104;0;0;0;0;0;2;0;0;2;0;0;0;2;2;1;0;2;0;3;0;0;0;0;0;0;0;0;0;0;0;0;0;0;0;0;0;0;0;1;0;0;1;0;0;1;0;2;1;0;0;1;0;0;0;0;0;0;2;0;0;13;0;7;0;4;0;3;0;10;0;0;0;1;20;0;0;0;0;0;0;0;4;0;1;0;0;18;0;0
M68YD:03336:02530_SUB_SUB;162;2;3;0;0;0;1;1;0;0;2;2;0;5;15;2;0;0;0;1;0;2;0;0;0;0;0;0;0;2;0;4;0;0;0;0;0;0;0;2;0;0;6;0;0;3;0;0;4;0;0;0;0;0;0;0;0;0;1;0;0;3;0;12;0;4;0;1;0;6;0;0;2;0;19;0;0;0;0;0;0;0;17;0;0;0;0;39;0;1
M68YD:03896:04388_SUB_SUB;329;0;2;1;0;1;4;1;0;3;2;0;0;8;15;6;0;4;0;3;0;3;0;0;0;0;0;0;0;3;0;7;0;0;0;0;0;0;1;1;0;0;11;0;0;4;1;2;3;0;0;2;0;0;0;0;0;0;3;0;0;27;0;13;0;7;0;11;2;17;0;0;2;0;66;0;0;0;0;0;0;0;20;0;1;0;0;72;0;0
M68YD:01501:04087_SUB_SUB;102;1;0;0;0;0;3;0;0;1;0;0;0;2;11;1;0;0;0;0;0;1;0;0;0;0;0;0;0;1;0;0;0;0;0;0;0;0;0;3;0;0;5;0;0;2;0;0;5;0;0;0;0;0;0;0;0;0;1;0;0;7;0;10;0;1;0;1;0;12;0;0;1;1;2;0;0;0;0;0;0;0;14;0;0;0;0;16;0;0
M68YD:04054:06581_SUB_SUB;10568;12;44;26;6;18;78;8;2;120;98;42;6;242;497;176;8;86;0;87;0;71;0;0;0;2;0;0;0;41;0;114;0;0;0;0;17;0;0;133;0;2;469;0;0;281;11;100;128;0;0;81;0;0;0;0;0;0;52;0;0;750;0;375;0;146;0;296;110;279;0;0;56;11;1983;3;0;0;0;0;0;0;531;0;6;0;0;2947;0;17
M68YD:04128:06732_SUB_SUB;681;0;1;1;0;1;0;0;0;5;3;2;0;8;18;11;0;4;0;2;0;8;0;0;0;0;0;0;0;1;0;6;0;0;0;0;0;0;0;13;0;0;19;0;0;13;1;3;6;0;0;8;0;0;0;0;0;0;3;0;0;98;0;37;0;16;0;26;5;43;1;0;7;0;102;0;0;0;0;0;0;0;33;0;0;0;0;175;0;1
M68YD:00189:04595_SUB_SUB;1289;2;5;2;3;2;6;0;0;16;14;2;0;21;49;17;0;12;0;8;0;5;0;0;0;0;0;0;0;6;0;14;0;0;0;0;1;0;0;21;0;0;39;0;0;26;0;15;5;0;0;9;0;0;0;0;0;0;3;0;0;108;0;54;0;20;0;38;13;30;0;0;6;3;225;0;0;0;0;0;0;0;67;0;0;0;0;420;0;2
M68YD:03212:03616_SUB_SUB;153;0;0;0;0;1;1;0;0;1;2;0;0;2;4;1;0;1;0;2;0;1;0;0;0;0;0;0;0;0;0;2;0;0;0;0;0;0;0;2;0;0;6;0;0;0;0;1;2;0;0;1;0;0;0;0;0;0;0;0;0;12;0;11;0;5;0;5;0;4;0;0;1;1;26;0;0;0;0;0;0;0;4;0;0;0;0;53;0;1
M68YD:00560:02368_SUB_SUB;1660;1;12;2;2;4;18;5;0;19;13;6;0;46;100;19;0;7;0;17;0;22;0;0;0;1;0;0;0;9;0;15;0;0;0;0;3;0;0;20;0;0;65;0;0;24;2;14;22;0;0;6;0;0;0;0;0;0;7;0;0;105;0;89;0;18;0;22;21;90;0;0;14;1;227;2;0;0;0;0;0;0;122;0;1;0;0;465;0;2
M68YD:00322:01087_SUB_SUB;240;0;2;1;0;0;2;0;0;2;1;0;0;4;15;2;0;0;0;1;0;5;0;0;0;3;0;0;0;3;0;2;0;0;0;0;0;0;0;3;0;0;5;0;0;1;0;1;4;0;0;0;0;0;0;0;0;0;1;0;0;32;0;11;0;2;0;2;0;32;0;0;7;0;23;0;0;0;0;0;0;0;26;0;0;0;0;47;0;0
M68YD:00898:01575_SUB_SUB;455;3;6;1;1;0;6;1;0;12;10;6;0;9;48;3;0;4;0;8;0;6;0;0;0;0;0;0;0;6;0;4;0;0;0;0;2;0;0;7;0;0;12;0;0;4;2;6;7;0;0;1;0;0;0;0;0;0;4;0;0;24;0;43;0;12;0;1;5;28;0;0;0;1;30;1;0;0;0;0;0;0;56;0;0;0;0;73;0;2
M68YD:04986:02353_SUB_SUB;997;3;6;6;1;2;8;0;0;12;11;4;1;16;43;15;1;23;0;22;0;17;0;0;0;1;0;0;0;7;0;11;0;0;0;0;1;0;0;21;0;1;41;0;0;9;1;13;20;0;0;10;0;0;0;0;0;0;8;0;0;76;0;76;0;23;0;3;8;91;0;0;6;2;74;2;0;0;0;0;0;0;93;0;0;0;0;203;0;5
M68YD:00722:03664_SUB_SUB;113;0;1;0;0;0;4;0;0;5;1;2;0;3;8;0;0;1;0;1;0;0;0;0;0;0;0;0;0;1;0;1;0;0;0;0;0;0;0;1;0;0;3;0;0;1;0;1;4;0;0;0;0;0;0;0;0;0;1;0;0;7;0;12;0;2;0;2;0;14;0;0;1;0;4;0;0;0;0;0;0;0;10;0;0;0;0;21;0;1
M68YD:01238:03451_SUB_SUB;542;3;2;1;1;0;2;0;0;6;14;2;1;12;35;15;0;1;0;4;0;10;0;0;0;0;0;0;0;2;0;8;0;0;0;0;3;0;0;9;0;0;17;0;0;7;0;10;10;0;0;2;0;0;0;0;0;0;3;0;0;40;0;30;0;16;0;8;9;27;0;1;3;0;62;0;0;0;0;0;0;0;39;0;2;0;0;123;0;2
M68YD:01266:00643_SUB_SUB;174;0;2;0;1;0;0;0;0;3;1;1;0;7;18;3;0;0;0;1;0;0;0;0;0;0;0;0;0;1;0;3;0;0;0;0;2;0;0;0;0;0;9;0;0;4;0;1;3;0;0;1;0;0;0;0;0;0;1;0;0;8;0;4;0;2;0;3;3;7;0;0;0;0;20;0;0;0;0;0;0;0;23;0;1;0;0;41;0;0
M68YD:04354:00558_SUB_SUB;136;0;1;1;0;0;2;0;0;0;3;2;0;1;9;1;0;0;0;3;0;0;0;0;0;0;0;0;0;3;0;2;0;0;0;0;1;0;0;4;0;0;4;0;0;1;0;0;0;0;0;0;0;0;0;0;0;0;2;0;0;2;0;8;0;2;0;0;1;6;0;0;0;0;15;0;0;0;0;0;0;0;13;0;0;0;0;49;0;0
M68YD:03534:00386_SUB_SUB;150;1;1;0;0;1;0;0;0;1;1;0;0;2;11;0;0;0;0;1;0;3;0;0;0;0;0;0;0;1;0;0;0;0;0;0;0;0;0;4;0;0;7;0;0;4;0;1;2;0;0;1;0;0;0;0;0;0;0;0;0;8;0;11;0;5;0;4;2;12;0;0;1;1;16;0;0;0;0;0;0;0;11;0;0;0;0;37;0;0
M68YD:01925:00174_SUB_SUB;190;0;1;0;0;0;1;0;0;3;4;0;0;0;17;2;0;0;0;2;0;4;0;0;0;0;0;0;0;2;0;1;0;0;0;0;2;0;0;2;0;0;5;0;0;4;1;3;8;0;0;1;0;0;0;0;0;0;0;0;0;10;0;10;0;3;0;2;3;13;0;0;1;0;20;0;0;0;0;0;0;0;29;0;0;0;0;36;0;0
M68YD:02403:06770_SUB_SUB;102;0;2;0;1;1;1;1;0;5;4;0;0;2;10;0;0;0;0;0;0;0;0;0;0;0;0;0;0;0;0;1;0;0;0;0;0;0;0;2;0;0;5;0;0;1;0;0;0;0;0;0;0;0;0;0;0;0;2;0;0;6;0;10;0;3;0;1;0;9;0;0;0;0;7;0;0;0;0;0;0;0;11;0;0;0;0;17;0;0
M68YD:04167:06620_SUB_SUB;467;0;3;1;0;1;5;1;0;5;2;1;0;1;5;6;0;10;0;3;0;7;0;0;0;0;0;0;0;3;0;1;0;0;0;0;1;0;1;10;0;1;10;0;0;8;0;2;10;0;0;2;0;0;0;0;0;0;3;0;0;91;0;20;0;11;0;14;2;51;0;0;6;1;60;0;0;0;0;0;0;0;25;0;0;0;0;81;0;2
M68YD:04346:06531_SUB_SUB;448;0;1;0;0;0;2;0;1;3;4;1;0;10;13;7;0;5;0;1;0;6;0;0;0;0;0;0;0;2;0;2;0;0;0;0;0;0;0;11;0;0;17;0;0;13;0;8;10;0;0;7;0;0;0;0;0;0;0;0;0;56;0;22;0;12;0;15;8;29;0;0;4;1;82;0;0;0;0;0;0;0;21;0;0;0;0;72;0;2
M68YD:04344:06651_SUB_SUB;824;2;2;3;0;0;4;1;0;7;4;1;0;7;24;8;0;8;0;8;0;6;0;0;0;1;0;0;0;8;0;9;0;0;0;0;1;0;0;13;0;0;28;0;0;15;1;7;19;0;0;6;0;0;0;0;0;0;12;0;0;132;0;23;0;10;0;28;4;56;0;0;14;2;125;0;0;0;0;0;0;0;57;0;1;0;0;165;0;2
M68YD:00403:06150_SUB_SUB;194;0;0;0;0;0;0;0;0;0;0;0;0;1;10;4;0;1;0;0;0;3;0;0;0;0;0;0;0;1;0;2;0;0;0;0;0;0;0;4;0;0;3;0;0;1;0;2;4;0;0;2;0;0;0;0;0;0;0;0;0;35;0;8;0;6;0;4;2;18;0;0;4;1;31;0;0;0;0;0;0;0;5;0;0;0;0;41;0;1
M68YD:05034:01837_SUB_SUB;1067;3;7;4;1;5;13;0;0;16;10;1;0;25;57;16;0;14;0;16;0;12;0;0;0;0;0;0;0;5;0;9;0;0;0;0;6;0;0;14;0;0;52;0;0;10;0;7;16;0;0;6;0;0;0;0;0;0;9;0;0;77;0;64;0;19;0;21;9;57;0;1;13;0;106;0;0;0;0;0;0;0;74;0;0;0;0;287;0;5
M68YD:03112:05174_SUB_SUB;113;0;3;1;0;1;1;2;0;0;0;1;0;2;4;2;0;3;0;1;0;2;0;0;0;0;0;0;0;0;0;0;0;0;0;0;0;0;0;1;0;0;4;0;0;0;0;2;1;0;0;0;0;0;0;0;0;0;0;0;0;11;0;5;0;2;0;1;1;9;0;0;6;0;12;0;0;0;0;0;0;0;4;0;0;0;0;31;0;0
M68YD:02101:06497_SUB_SUB;163;0;1;0;0;0;0;0;0;0;2;0;0;3;2;2;0;1;0;0;0;0;0;0;0;0;0;0;0;0;0;0;0;0;0;0;0;0;0;2;0;0;2;0;0;6;0;2;2;0;0;2;0;0;0;0;0;0;0;0;0;74;0;0;0;0;0;20;0;5;0;0;1;0;18;0;0;0;0;0;0;0;2;0;1;0;0;15;0;0
M68YD:02965:03043_SUB_SUB;199;0;1;1;1;1;2;0;0;2;0;0;0;2;9;1;0;0;0;1;0;2;0;0;0;0;0;0;0;1;0;1;0;0;0;0;0;0;0;3;0;0;6;0;0;5;0;5;2;0;0;4;0;0;0;0;0;0;1;0;0;12;0;9;0;5;0;1;0;7;0;0;1;1;27;0;0;0;0;0;0;0;13;0;0;0;0;71;0;1
M68YD:03321:05764_SUB_SUB;101;1;0;1;1;1;0;0;0;3;0;0;0;0;10;1;0;3;0;0;0;1;0;0;0;0;0;0;0;0;0;1;0;0;0;0;0;0;0;2;0;0;2;0;0;0;0;1;4;0;0;0;0;0;0;0;0;0;0;0;0;14;0;8;0;3;0;3;1;9;0;0;0;0;6;0;0;0;0;0;0;0;7;0;0;0;0;17;0;1
M68YD:03990:06680_SUB_SUB;3267;4;9;5;3;2;27;1;0;25;29;4;1;69;107;63;1;43;0;24;0;43;0;0;0;1;0;0;0;14;0;31;0;0;0;0;5;0;0;63;0;1;120;0;0;88;2;41;34;0;0;28;0;0;0;0;0;0;19;0;0;327;0;110;0;56;0;149;26;112;0;0;25;7;596;2;0;0;0;0;0;0;154;0;4;0;0;783;0;9
M68YD:04766:05788_SUB_SUB;229;0;1;0;0;1;3;0;0;5;3;0;0;4;14;3;0;0;0;3;0;2;0;0;0;0;0;0;0;1;0;2;0;0;0;0;1;0;0;2;0;0;8;0;0;11;0;3;5;0;0;1;0;0;0;0;0;0;0;0;0;17;0;6;0;3;0;6;2;7;0;0;1;0;42;0;0;0;0;0;0;0;15;0;0;0;0;57;0;0
M68YD:00896:03386_SUB_SUB;113;0;4;0;0;0;0;0;1;1;1;2;0;2;5;1;0;0;0;2;0;1;0;0;0;0;0;0;0;0;0;1;0;0;0;0;0;0;0;1;0;0;5;0;0;3;0;0;1;0;0;0;0;0;0;0;0;0;0;0;0;10;0;8;0;1;0;1;3;4;0;0;0;0;9;0;0;0;0;0;0;0;5;0;1;0;0;40;0;0
M68YD:00800:06633_SUB_SUB;227;0;3;1;0;2;3;1;0;8;2;0;1;4;7;3;0;0;0;3;0;4;0;0;0;0;0;0;0;1;0;0;0;0;0;0;0;0;0;4;0;0;8;0;0;9;0;2;7;0;0;0;0;0;0;0;0;0;2;0;0;21;0;12;0;2;0;5;3;11;0;0;10;0;30;0;0;0;0;0;0;0;11;0;0;0;0;46;0;1
M68YD:00999:05968_SUB_SUB;113;0;1;1;0;0;0;0;0;0;0;0;0;1;0;1;0;0;0;0;0;0;0;0;0;0;0;0;0;0;0;1;0;0;0;0;0;0;0;1;0;0;4;0;0;2;0;1;1;0;0;1;0;0;0;0;0;0;0;0;0;32;0;2;0;0;0;19;1;2;0;0;1;0;24;0;0;0;0;0;0;0;2;0;0;0;0;15;0;0
M68YD:00251:00958_SUB_SUB;376;0;1;0;0;0;2;1;0;3;3;0;0;2;17;7;0;4;0;1;0;2;0;0;0;0;0;0;0;1;0;2;0;0;0;0;1;0;0;5;0;0;13;0;0;6;0;1;2;0;0;3;0;0;0;0;0;0;4;0;0;37;0;9;0;7;0;11;1;9;0;0;3;0;50;1;0;0;0;0;0;0;22;0;0;0;0;143;0;2
M68YD:03143:03474_SUB_SUB;215;0;1;0;0;0;1;0;0;2;1;1;0;7;11;5;0;1;0;1;0;3;0;0;0;0;0;0;0;2;0;4;0;0;0;0;0;0;0;0;0;0;7;0;0;6;0;3;1;0;0;0;0;0;0;0;0;0;2;0;0;14;0;4;0;4;0;5;2;4;0;0;0;0;37;1;0;0;0;0;0;0;6;0;0;0;0;79;0;0
M68YD:02037:05710_SUB_SUB;368;1;3;0;0;0;0;0;1;5;13;0;1;1;53;10;0;17;0;34;0;3;0;0;0;0;0;0;0;0;0;5;0;0;0;0;3;0;0;2;0;0;10;0;0;5;1;20;2;0;0;0;0;0;0;0;0;0;3;0;0;26;0;15;0;3;0;17;13;15;0;0;1;0;41;0;0;0;0;0;0;0;13;0;0;0;0;31;0;0
M68YD:00349:02955_SUB_SUB;192;0;2;0;0;0;0;0;0;2;0;0;0;4;0;5;0;5;0;0;0;2;0;0;0;4;0;0;0;0;0;14;0;0;0;0;4;0;0;5;0;1;11;0;0;7;0;2;20;0;0;0;0;0;0;0;0;0;14;0;0;0;0;4;0;4;0;15;0;8;0;0;0;0;59;0;0;0;0;0;0;0;0;0;0;0;0;0;0;0
M68YD:00743:05268_SUB_SUB;102;0;1;0;0;0;0;0;0;1;0;0;0;6;0;0;0;3;0;0;0;1;0;0;0;0;0;0;0;1;0;12;0;0;0;0;0;0;0;0;0;0;2;0;0;2;0;0;10;0;0;0;0;0;0;0;0;0;0;0;0;0;0;1;0;0;0;2;3;1;0;0;0;0;8;0;0;0;0;0;0;0;0;0;0;0;0;48;0;0
M68YD:00410:00951_SUB_SUB;176;0;2;0;0;0;0;1;0;1;1;1;0;3;6;2;0;3;0;2;0;6;0;0;0;0;0;0;0;1;0;2;0;0;0;0;0;0;0;3;0;0;10;0;0;3;0;3;3;0;0;1;0;0;0;0;0;0;1;0;0;24;0;12;0;3;0;1;1;22;0;0;1;0;16;0;0;0;0;0;0;0;11;0;0;0;0;30;0;0
M68YD:00544:00966_SUB_SUB;276;0;2;0;1;1;2;0;0;3;2;2;0;4;26;5;0;2;0;7;0;5;0;0;0;0;0;0;0;2;0;4;0;0;0;0;0;0;0;2;0;0;11;0;0;1;0;4;10;0;0;1;0;0;0;0;0;0;5;0;0;18;0;28;0;9;0;4;4;21;0;0;1;0;19;0;0;0;0;0;0;0;33;0;0;0;0;37;0;0
M68YD:03600:01501_SUB_SUB;165;3;0;1;0;0;0;0;0;5;3;2;0;4;9;2;1;0;0;2;0;2;0;0;0;1;0;0;0;0;0;4;0;0;0;0;1;0;0;1;0;0;3;0;0;3;0;0;3;0;0;1;0;0;0;0;0;0;1;0;0;9;0;4;0;5;0;1;1;8;0;0;1;1;24;0;0;0;0;0;0;0;14;0;0;0;0;45;0;0
M68YD:03982:01387_SUB_SUB;320;1;0;0;1;0;2;0;0;3;3;1;0;5;14;8;0;1;0;2;0;2;0;0;0;0;0;0;0;1;0;3;0;0;0;0;0;0;1;4;0;0;10;0;0;7;0;2;8;0;0;1;0;0;0;0;0;0;1;0;0;34;0;11;0;2;0;17;1;16;0;0;3;0;68;0;0;0;0;0;0;0;20;0;0;0;0;66;0;1
M68YD:04659:01426_SUB_SUB;526;1;3;1;1;2;1;1;0;7;6;1;0;6;22;11;0;18;0;11;0;9;0;0;0;2;0;0;0;2;0;4;0;0;0;0;1;0;0;9;0;0;14;0;0;10;0;4;12;0;0;3;0;0;0;0;0;0;7;0;0;97;0;37;0;18;0;3;2;55;0;0;4;0;23;1;0;0;0;0;0;0;37;0;1;0;0;75;0;4
M68YD:00834:01489_SUB_SUB;1311;2;5;3;1;1;10;1;0;18;10;5;0;29;72;18;1;6;0;16;0;16;1;1;0;0;0;0;0;8;0;15;0;0;0;0;1;0;0;22;0;0;49;0;0;30;0;13;31;0;0;8;0;0;0;0;0;0;10;0;0;123;0;62;0;27;0;28;14;60;0;0;7;1;160;3;0;0;0;0;0;0;95;0;0;0;0;325;0;3
M68YD:00842:01830_SUB_SUB;400;0;3;0;0;2;3;0;0;3;3;3;2;6;9;5;0;0;0;1;0;2;0;0;0;0;0;0;0;2;0;5;0;0;0;0;0;0;0;5;0;1;13;0;0;9;2;4;3;0;0;4;0;0;0;0;0;0;1;0;0;21;0;15;0;3;0;13;3;11;0;0;1;1;85;0;0;0;0;0;0;0;21;0;0;0;0;135;0;0
M68YD:01184:01689_SUB_SUB;920;3;8;1;1;5;8;1;0;9;11;6;0;26;71;8;0;7;0;10;0;16;0;0;0;0;0;0;1;8;0;6;0;0;0;0;4;0;0;11;0;0;28;0;0;8;1;9;17;0;0;7;0;0;0;0;0;0;8;0;0;73;0;68;0;13;0;8;7;80;0;0;5;0;70;1;0;0;0;0;0;0;91;0;1;0;0;202;0;2
M68YD:03058:03465_SUB_SUB;128;0;0;0;0;0;1;0;0;3;3;0;0;3;5;1;0;1;0;3;0;2;0;0;0;0;0;0;0;0;0;4;0;0;0;0;0;0;0;0;0;0;5;0;0;5;0;0;1;0;0;0;0;0;0;0;0;0;0;0;0;8;0;5;0;2;0;3;1;5;0;0;0;0;22;0;0;0;0;0;0;0;5;0;0;0;0;40;0;0
M68YD:02983:05168_SUB_SUB;391;0;2;2;0;0;1;0;0;2;1;0;0;8;8;3;1;2;0;3;0;3;0;0;0;1;0;0;0;1;0;1;0;0;0;0;1;0;0;8;0;0;8;0;0;17;0;4;5;0;0;4;0;0;0;0;0;1;1;0;0;49;0;12;0;5;0;16;2;18;0;0;4;1;72;0;0;0;0;0;0;0;20;0;1;0;0;102;0;1
M68YD:02965:00820_SUB_SUB;151;0;0;0;0;0;2;0;0;3;2;0;0;3;13;5;0;0;0;4;0;3;0;0;0;0;0;0;0;1;0;4;0;0;0;0;1;0;0;2;0;0;5;0;0;2;0;1;2;0;0;0;0;0;0;0;0;0;1;0;0;10;0;9;0;2;0;2;0;21;0;0;2;0;10;0;0;0;0;0;0;0;11;0;0;0;0;30;0;0
M68YD:00656:02337_SUB_SUB;102;0;0;0;0;0;3;0;1;2;1;2;0;1;10;1;0;0;0;0;0;0;0;0;0;0;0;0;0;2;0;2;0;0;0;0;1;0;0;0;0;0;2;0;0;3;0;2;1;0;0;0;0;0;0;0;0;0;2;0;0;2;0;10;0;1;0;0;2;9;0;0;2;0;7;0;0;0;0;0;0;0;14;0;0;0;0;19;0;0
M68YD:00337:01977_SUB_SUB;382;0;2;0;0;0;2;0;0;1;1;2;0;2;7;4;0;0;0;1;0;3;0;0;0;0;0;0;0;2;0;6;0;0;0;0;0;0;0;3;0;0;12;0;0;23;0;7;5;0;0;5;0;0;0;0;0;0;0;0;0;31;0;6;0;1;0;17;4;10;0;0;4;0;95;0;0;0;0;0;0;0;17;0;2;0;0;106;0;1
M68YD:00365:03452_SUB_SUB;139;0;1;0;0;0;1;0;0;1;1;2;0;5;7;4;0;0;0;3;0;1;0;0;0;0;0;0;0;0;0;3;0;0;0;0;0;0;0;2;0;0;7;0;0;3;0;0;3;0;0;0;0;0;0;0;0;0;1;0;0;11;0;7;0;5;0;4;3;5;0;0;1;0;15;0;0;0;0;0;0;0;12;0;1;0;0;30;0;0
M68YD:04945:01998_SUB_SUB;266;0;5;1;0;0;0;0;0;4;1;0;0;2;12;4;1;6;0;5;0;10;0;0;0;0;0;0;0;0;0;2;0;0;0;0;0;0;0;3;0;0;18;0;0;3;0;0;3;0;0;2;0;0;0;0;0;0;3;0;0;35;0;12;0;7;0;1;5;13;0;0;0;0;22;0;0;0;0;0;0;0;23;0;1;0;0;61;0;1
M68YD:02282:06580_SUB_SUB;104;0;0;0;0;0;0;0;0;0;1;0;0;0;1;0;0;3;0;1;0;1;0;0;0;0;0;0;0;3;0;2;0;0;0;0;0;0;0;1;0;0;4;0;0;3;1;1;2;0;0;4;0;0;0;0;0;0;0;0;0;16;0;3;0;1;0;5;1;9;0;0;1;0;14;0;0;0;0;0;0;0;7;0;0;0;0;19;0;0
M68YD:03207:02966_SUB_SUB;143;0;0;1;0;0;1;0;0;0;1;0;0;3;7;2;0;0;0;1;0;2;0;0;0;0;0;0;0;1;0;1;0;0;0;0;0;0;0;3;0;0;6;0;0;6;0;0;0;0;0;1;0;0;0;0;0;0;1;0;0;13;0;6;0;2;0;2;1;13;0;0;2;0;23;0;0;0;0;0;0;0;9;0;0;0;0;34;0;1
M68YD:00807:01455_SUB_SUB;102;0;1;0;0;0;1;0;0;2;2;0;1;3;5;1;0;0;0;0;0;2;0;0;0;0;0;0;0;0;0;1;0;0;0;0;0;0;0;1;0;0;3;0;0;1;0;1;3;0;0;1;0;0;0;0;0;0;0;0;0;8;0;8;0;2;0;2;0;6;0;0;1;1;10;0;0;0;0;0;0;0;6;0;0;0;1;28;0;0
M68YD:04489:06586_SUB_SUB;314;0;0;0;0;0;0;0;0;2;1;0;0;1;9;5;0;3;0;3;0;1;0;0;0;1;0;0;0;0;0;5;0;0;0;0;0;0;0;6;0;0;8;0;0;12;0;1;3;0;0;3;0;0;0;0;0;0;2;0;0;39;0;8;0;5;0;13;2;13;0;0;2;1;60;0;0;0;0;0;0;0;26;0;0;0;0;79;0;0
M68YD:00792:06354_SUB_SUB;130;1;0;1;0;0;2;0;0;0;0;0;0;1;2;1;0;2;0;4;0;2;0;0;0;0;0;0;0;2;0;0;0;0;0;0;0;0;0;4;0;0;4;0;0;3;0;1;0;0;0;2;0;0;0;0;0;0;0;0;0;22;0;7;0;3;0;5;0;5;0;0;4;0;23;0;0;0;0;0;0;0;4;0;0;0;0;25;0;0
M68YD:00999:06104_SUB_SUB;156;0;0;0;1;1;0;0;0;3;0;1;0;4;9;5;0;0;0;0;0;4;0;0;0;0;0;0;0;0;0;1;0;0;0;0;0;0;0;2;0;0;4;0;0;2;0;5;3;0;0;2;0;0;0;0;0;0;3;0;0;13;0;4;0;4;0;2;2;7;0;0;0;0;30;0;0;0;0;0;0;0;6;0;0;0;0;38;0;0
M68YD:05081:05503_SUB_SUB;152;0;1;0;0;0;1;0;0;0;1;0;0;0;17;8;0;6;0;10;0;0;1;0;0;0;0;0;0;2;0;2;0;0;0;0;0;0;0;2;0;0;3;0;0;3;0;8;0;0;0;0;0;0;0;0;0;0;0;0;0;12;0;7;0;4;0;12;6;6;0;0;0;4;17;0;0;0;0;0;0;0;4;0;0;0;0;15;0;0
M68YD:00842:00785_SUB_SUB;114;0;0;0;0;0;0;0;0;1;0;0;0;1;0;4;0;4;0;0;0;4;0;0;0;1;0;0;0;0;0;6;0;0;0;0;1;0;0;2;0;0;13;0;0;8;0;2;13;0;0;0;0;0;0;0;0;0;3;0;0;3;0;4;0;1;0;11;0;3;0;0;0;0;29;0;0;0;0;0;0;0;0;0;0;0;0;0;0;0
M68YD:00438:02192_SUB_SUB;678;1;0;0;0;0;3;0;0;6;4;1;0;23;11;10;0;1;0;3;0;3;0;0;0;0;0;0;0;2;0;5;0;0;0;0;1;0;0;10;0;1;29;0;0;23;0;10;7;0;0;8;0;0;0;0;0;0;3;0;0;47;0;26;0;5;0;28;3;17;0;0;2;2;141;0;0;0;0;0;0;0;24;0;0;0;0;218;0;0
M68YD:00256:01044_SUB_SUB;174;0;0;1;0;0;6;0;0;1;1;0;0;1;4;1;0;6;0;0;0;4;0;0;0;0;0;0;0;0;0;1;0;0;0;0;0;0;0;8;0;0;5;0;0;1;0;3;2;0;0;0;0;0;0;0;0;0;1;0;0;22;0;11;0;11;0;7;0;17;0;0;0;0;11;0;0;0;0;0;0;0;12;0;0;0;0;35;0;2
M68YD:00546:01096_SUB_SUB;560;0;2;0;0;1;2;0;0;1;1;2;0;13;21;18;0;0;0;3;0;7;0;0;0;0;0;0;0;2;0;6;0;0;0;0;0;0;0;5;0;0;20;0;0;17;0;3;8;0;0;7;0;0;0;0;0;0;1;0;0;80;0;27;0;13;0;24;3;15;0;0;3;1;98;0;0;0;0;0;0;0;26;0;0;0;0;129;0;1
M68YD:00589:00908_SUB_SUB;310;0;1;0;0;0;3;1;0;0;2;1;0;4;10;5;0;0;0;1;0;2;0;0;0;0;0;0;0;3;0;2;0;0;0;0;1;0;0;7;0;0;12;0;0;5;1;2;2;0;0;2;0;0;0;0;0;0;0;0;0;30;0;22;0;1;0;9;0;10;0;0;5;2;58;0;0;0;0;0;0;0;19;0;1;0;0;86;0;0
M68YD:04753:01910_SUB_SUB;165;0;0;0;0;0;0;0;0;0;1;0;0;2;0;2;0;2;0;1;0;1;0;0;0;0;0;0;0;0;0;0;0;0;0;0;0;0;0;1;0;0;3;0;0;3;1;5;1;0;0;1;0;0;0;0;0;0;0;0;0;28;0;4;0;2;0;5;0;6;0;1;3;2;40;0;0;0;0;0;0;0;8;0;0;0;0;42;0;0
M68YD:05058:01880_SUB_SUB;496;3;1;2;0;1;1;0;0;2;3;1;0;3;12;8;0;3;0;1;0;4;0;0;0;1;0;0;0;3;0;3;0;0;0;0;0;0;0;9;0;0;21;0;0;14;0;8;6;0;0;6;0;0;0;0;0;0;2;0;0;86;0;25;0;6;0;17;4;22;0;0;6;2;86;1;0;0;0;0;0;0;12;0;0;0;0;110;0;1
M68YD:00855:01478_SUB_SUB;195;0;0;1;0;0;1;0;0;1;0;0;0;5;5;3;0;0;0;2;0;1;0;0;0;0;0;0;0;0;0;3;0;0;0;0;0;0;0;3;0;0;5;0;0;9;0;1;0;0;0;3;0;0;0;0;0;0;1;0;0;12;0;2;0;2;0;9;0;3;0;0;3;0;67;0;0;0;0;0;0;0;7;0;0;0;0;46;0;0
M68YD:01111:01339_SUB_SUB;1023;1;9;1;1;7;12;2;1;14;12;2;0;14;62;15;2;9;0;17;0;15;0;0;0;0;0;0;0;7;0;12;0;0;0;0;3;0;0;18;0;0;41;0;0;12;0;3;25;0;0;5;0;0;0;0;0;0;8;0;0;82;0;75;0;25;0;14;10;69;0;0;10;0;115;1;0;0;0;0;0;0;83;0;2;0;0;202;0;5
M68YD:03081:03781_SUB_SUB;253;0;2;2;0;0;2;0;0;2;2;0;0;6;11;5;1;0;0;1;0;2;0;0;0;0;0;0;0;1;0;1;0;0;0;0;1;0;0;2;0;0;5;0;0;1;0;2;1;0;0;1;0;0;0;0;0;0;1;0;0;47;0;17;0;2;0;2;1;27;0;0;1;0;27;0;0;0;0;0;0;0;19;0;1;0;0;56;0;1
M68YD:03352:03539_SUB_SUB;103;0;1;0;0;1;3;0;0;0;1;0;0;2;2;0;0;0;0;1;0;1;0;0;0;0;0;0;0;0;0;3;0;0;0;0;0;0;0;3;0;0;5;0;0;8;0;1;2;0;0;2;0;0;0;0;0;0;0;0;0;5;0;6;0;0;0;0;2;5;0;0;0;0;14;0;0;0;0;0;0;0;7;0;0;0;0;28;0;0
M68YD:03727:00445_SUB_SUB;221;0;0;0;0;2;1;1;1;5;1;0;0;7;10;2;0;1;0;1;0;1;0;0;0;0;0;0;0;0;0;5;0;0;0;0;0;0;0;1;0;0;10;0;0;6;0;3;6;0;0;2;0;0;0;0;0;0;0;0;0;17;0;5;0;2;0;4;3;10;0;0;1;1;33;0;0;0;0;0;0;0;13;0;0;0;0;66;0;0
M68YD:04907:02200_SUB_SUB;337;1;2;0;0;0;1;1;0;0;1;1;0;3;4;5;0;2;0;2;0;4;0;0;0;0;0;0;0;1;0;3;0;0;0;0;0;0;0;5;0;0;17;0;0;9;0;6;4;0;0;3;0;0;0;0;0;0;1;0;0;51;0;9;0;2;0;17;2;8;0;0;6;0;76;0;0;0;0;0;0;0;10;0;2;0;0;78;0;0
M68YD:00962:01208_SUB_SUB;120;1;0;0;0;0;0;0;0;0;1;0;0;0;6;0;0;0;0;0;0;0;0;0;0;0;0;0;0;0;0;1;0;0;0;0;0;0;0;0;0;0;6;0;0;4;0;3;1;0;0;1;0;0;0;0;0;0;0;0;0;12;0;3;0;1;0;10;1;2;0;0;1;0;30;0;0;0;0;0;0;0;5;0;0;0;0;31;0;0
M68YD:00408:02038_SUB_SUB;684;0;1;2;0;2;1;0;0;0;1;0;0;11;5;10;0;0;0;7;0;4;0;0;0;0;0;0;0;0;0;9;0;0;0;0;0;0;0;9;0;0;27;0;0;28;1;6;3;0;0;9;0;0;0;0;0;0;1;0;0;64;0;18;0;4;0;45;9;14;0;0;4;2;198;2;0;0;0;0;0;0;12;0;2;0;0;173;0;0
M68YD:00496:00827_SUB_SUB;688;1;3;3;0;3;6;0;0;3;6;2;0;13;19;7;3;1;0;11;0;8;0;0;0;0;0;0;0;5;0;8;0;0;0;0;3;0;0;5;0;0;23;0;0;17;3;3;14;0;0;9;0;0;0;0;0;0;0;0;0;54;0;29;0;9;0;20;4;23;0;0;3;0;118;0;0;0;0;0;0;0;28;0;0;0;0;221;0;0
M68YD:00541:00763_SUB_SUB;352;0;0;1;0;1;2;0;0;0;1;0;0;6;5;5;0;6;0;3;0;3;0;0;0;0;0;0;0;1;0;3;0;0;0;0;1;0;0;5;0;0;11;0;0;9;1;1;4;0;0;7;0;0;0;0;0;0;1;0;0;67;0;12;0;3;0;22;0;9;0;0;8;1;74;0;0;0;0;0;0;0;11;0;1;0;0;65;0;2
M68YD:01179:01660_SUB_SUB;110;0;0;0;0;0;2;0;0;0;0;0;0;1;2;1;0;0;0;0;0;1;0;0;0;0;0;0;0;0;0;0;0;0;0;0;0;0;0;1;0;0;6;0;0;3;0;4;3;0;0;2;0;0;0;0;0;0;0;0;0;18;0;1;0;1;0;2;0;8;0;0;2;0;20;0;0;0;0;0;0;0;5;0;0;0;0;27;0;0
M68YD:01200:01900_SUB_SUB;102;0;0;1;0;0;0;1;0;1;1;0;0;0;2;2;0;0;0;1;0;1;0;0;0;0;0;0;0;0;0;2;0;0;0;0;0;0;0;3;0;0;6;0;0;5;1;1;1;0;0;1;0;0;0;0;0;0;0;0;0;3;0;4;0;0;0;3;1;6;0;0;0;0;19;0;0;0;0;0;0;0;7;0;0;0;0;29;0;0
M68YD:01255:01617_SUB_SUB;521;0;2;0;0;3;3;2;0;5;5;2;1;5;20;7;0;1;0;7;0;9;0;0;0;0;0;0;0;2;0;3;0;0;0;0;2;0;0;7;0;0;20;0;0;10;0;7;23;0;0;4;0;0;0;0;0;0;2;0;0;71;0;38;0;13;0;7;5;37;0;0;2;1;78;1;0;0;0;0;0;0;28;0;0;0;1;87;0;0
M68YD:00856:02013_SUB_SUB;101;0;0;1;0;0;1;0;0;0;0;1;1;2;3;1;0;0;0;0;0;0;0;0;0;0;0;0;0;0;0;1;0;0;0;0;0;0;0;2;0;0;7;0;0;5;0;1;0;0;0;3;0;0;0;0;0;0;0;0;0;7;0;2;0;0;0;2;1;4;0;0;3;0;13;0;0;0;0;0;0;0;6;0;0;0;0;34;0;0
M68YD:02834:03332_SUB_SUB;199;0;1;0;0;0;1;0;0;0;0;0;0;2;4;2;1;0;0;1;0;0;0;0;0;0;0;0;0;2;0;3;0;0;0;0;1;0;0;3;0;0;4;0;0;9;0;3;1;0;0;2;0;0;0;0;0;0;2;0;0;19;0;10;0;3;0;5;0;10;0;0;5;3;46;0;0;0;0;0;0;0;7;0;0;0;0;49;0;0
M68YD:02381:02690_SUB_SUB;136;0;0;0;0;0;0;0;0;1;2;0;0;2;6;2;0;0;0;3;0;0;0;0;0;0;0;0;0;1;0;1;0;0;0;0;0;0;0;2;0;0;3;0;0;4;0;0;3;0;0;4;0;0;0;0;0;0;0;0;0;14;0;6;0;1;0;6;4;4;0;0;0;0;27;0;0;0;0;0;0;0;5;0;0;0;0;35;0;0
M68YD:00381:01037_SUB_SUB;208;0;0;0;0;0;0;0;0;1;1;0;0;2;3;4;0;0;0;2;0;0;0;0;0;0;0;0;0;1;0;1;0;0;0;0;0;0;0;5;0;0;3;0;0;3;0;2;0;0;0;6;0;0;0;1;0;0;0;0;0;41;0;4;0;4;0;17;1;9;0;0;4;0;45;0;0;0;0;0;0;0;5;0;1;0;0;42;0;0
M68YD:03545:01810_SUB_SUB;890;0;1;2;2;1;3;1;0;4;6;2;0;15;20;6;1;0;0;3;0;5;0;0;0;1;0;0;0;1;0;5;0;0;0;0;0;0;0;18;0;1;30;0;0;23;1;13;13;0;0;5;0;0;0;0;0;0;2;0;0;111;0;28;0;17;0;40;6;26;0;0;3;1;230;0;0;0;0;0;0;0;24;0;2;0;0;216;0;1
M68YD:03651:01378_SUB_SUB;127;0;0;0;0;0;1;0;0;0;0;0;1;2;2;1;0;0;0;1;0;0;0;0;0;0;0;0;0;2;0;2;0;0;0;0;0;0;0;4;0;0;7;0;0;0;0;1;0;0;0;2;0;0;0;0;0;0;0;0;0;15;0;5;0;0;0;7;3;2;0;0;1;0;30;0;0;0;0;0;0;0;2;0;0;0;0;35;0;1
M68YD:03857:01681_SUB_SUB;138;0;0;0;0;1;0;0;0;0;1;0;0;5;7;1;0;0;0;1;0;1;0;0;0;0;0;0;0;0;0;2;0;0;0;0;0;0;0;5;0;0;4;0;0;7;0;1;3;0;0;2;0;0;0;0;0;0;1;0;0;22;0;7;0;1;0;6;1;3;0;0;0;0;20;0;0;0;0;0;0;0;6;0;0;0;0;29;0;1
M68YD:03958:01375_SUB_SUB;146;0;0;0;0;0;0;0;0;0;1;0;0;3;0;1;0;0;0;2;0;1;0;0;0;0;0;0;0;1;0;1;0;0;0;0;0;0;0;2;0;0;4;0;0;3;0;1;1;0;0;3;0;0;0;0;0;0;0;0;0;23;0;4;0;2;0;8;1;3;0;0;5;2;21;0;0;0;0;0;0;0;6;0;1;0;0;43;0;3
M68YD:01148:02025_SUB_SUB;168;0;1;0;0;0;0;0;0;1;1;2;0;1;1;4;0;0;0;2;0;0;0;0;0;0;0;0;0;0;0;1;0;0;0;0;1;0;0;7;0;0;2;0;0;6;0;6;1;0;0;4;0;0;0;0;0;0;0;0;0;22;0;2;0;2;0;9;2;2;0;0;3;0;39;0;0;0;0;0;0;0;5;0;0;0;0;41;0;0
M68YD:01910:03627_SUB_SUB;108;0;0;1;0;0;0;0;0;0;1;0;1;0;0;3;0;1;0;0;0;1;0;0;0;0;0;0;0;0;0;1;0;0;0;0;0;0;0;2;0;0;3;0;0;1;0;1;1;0;0;1;0;0;0;0;0;0;0;0;0;36;0;1;0;1;0;7;0;5;0;1;2;0;18;0;0;0;0;0;0;0;3;0;0;0;0;15;0;1
M68YD:01310:01482_SUB_SUB;335;0;1;2;0;1;2;0;0;1;1;0;0;3;9;6;0;1;0;1;0;2;0;0;0;0;0;0;0;1;0;4;0;0;0;0;0;0;0;6;0;0;5;0;0;9;0;3;1;0;0;6;0;0;0;0;0;0;1;0;0;55;0;8;0;7;0;29;6;8;0;0;3;0;77;0;0;0;0;0;0;0;11;0;0;0;0;65;0;0
M68YD:00841:02076_SUB_SUB;160;0;0;1;0;0;1;0;0;0;1;0;0;2;4;0;0;0;0;0;0;2;0;0;0;0;0;0;0;1;0;2;0;0;0;0;0;0;0;6;0;0;9;0;0;8;0;2;2;0;0;1;0;0;0;0;0;0;1;0;0;26;0;4;0;2;0;4;1;6;0;0;0;0;33;0;0;0;0;0;0;0;3;0;0;0;0;38;0;0
M68YD:01285:02977_SUB_SUB;163;1;0;0;0;0;1;1;0;1;1;0;0;4;2;3;0;1;0;1;0;0;0;0;0;0;0;0;0;0;0;0;0;0;0;0;0;0;0;2;0;0;7;0;0;5;0;3;1;0;0;1;0;0;0;0;0;0;0;0;0;40;0;3;0;3;0;11;0;8;0;0;0;2;32;0;0;0;0;0;0;0;1;0;0;0;0;28;0;0
M68YD:04036:06729_SUB_SUB;257;0;42;0;0;1;0;0;0;128;0;86;0;0;0;0;0;0;0;0;0;0;0;0;0;0;0;0;0;0;0;0;0;0;0;0;0;0;0;0;0;0;0;0;0;0;0;0;0;0;0;0;0;0;0;0;0;0;0;0;0;0;0;0;0;0;0;0;0;0;0;0;0;0;0;0;0;0;0;0;0;0;0;0;0;0;0;0;0;0
M68YD:00746:06158_SUB_SUB;114;0;22;0;0;0;0;0;0;58;0;34;0;0;0;0;0;0;0;0;0;0;0;0;0;0;0;0;0;0;0;0;0;0;0;0;0;0;0;0;0;0;0;0;0;0;0;0;0;0;0;0;0;0;0;0;0;0;0;0;0;0;0;0;0;0;0;0;0;0;0;0;0;0;0;0;0;0;0;0;0;0;0;0;0;0;0;0;0;0
M68YD:04078:06986_SUB_SUB;3488;7;20;6;2;2;26;1;0;31;26;10;1;53;156;42;3;42;0;28;0;46;0;0;0;1;0;0;0;18;0;27;0;0;0;0;7;0;0;50;0;1;133;0;0;56;2;42;57;0;0;20;0;0;0;0;0;0;17;0;0;321;0;211;0;41;0;62;25;268;0;0;26;2;527;2;0;0;0;0;0;0;301;0;1;0;0;760;0;8
M68YD:00985:06005_SUB_SUB;393;0;0;0;0;1;3;0;0;2;7;1;0;8;15;8;0;2;0;3;0;5;0;0;0;0;0;0;0;1;0;11;0;0;0;0;3;0;0;7;0;0;15;0;0;6;1;5;9;0;0;3;0;0;0;0;0;0;2;0;0;39;0;22;0;4;0;7;2;39;0;1;4;0;61;0;0;0;0;0;0;0;43;0;0;0;0;52;0;1
M68YD:05148:06151_SUB_SUB;390;1;1;0;0;0;1;0;0;2;2;2;0;2;21;3;0;1;0;2;0;1;0;0;0;1;0;0;0;3;0;4;0;0;0;0;0;0;0;5;0;0;11;0;0;5;0;3;8;0;0;4;0;0;0;0;0;0;2;0;0;37;0;19;0;6;0;3;3;31;0;0;1;1;67;0;0;0;0;0;0;0;29;0;0;0;0;108;0;0
M68YD:04926:06876_SUB_SUB;704;0;3;1;0;0;3;0;0;4;6;0;0;19;38;9;0;7;0;4;0;6;0;0;0;1;0;0;0;2;0;10;0;0;0;0;1;0;0;7;0;0;28;0;0;16;1;4;7;0;0;3;0;0;0;0;0;0;1;0;0;49;0;42;1;8;0;11;6;33;0;0;5;1;115;1;0;0;0;0;0;0;60;0;0;0;0;190;0;1
M68YD:02615:04423_SUB_SUB;113;0;1;0;0;0;0;0;0;0;0;0;0;2;5;2;0;0;0;0;0;2;0;0;0;0;0;0;0;2;0;2;0;0;0;0;0;0;0;5;0;0;6;0;0;0;0;1;1;0;0;1;0;0;0;0;0;0;0;0;0;14;0;2;0;2;0;2;0;3;0;0;1;1;13;0;0;0;0;0;0;0;8;0;0;0;0;37;0;0
M68YD:04383:06928_SUB_SUB;4973;7;34;10;5;8;31;2;1;51;44;17;1;149;264;72;4;36;0;46;0;41;0;0;0;2;0;0;0;19;0;57;0;0;0;0;12;0;0;65;0;0;206;0;0;108;6;44;68;0;0;29;0;0;0;0;0;0;24;0;0;309;0;187;0;55;0;90;49;158;0;1;23;9;907;1;0;0;0;0;0;0;298;0;4;0;0;1408;0;11
M68YD:00341:03795_SUB_SUB;633;0;3;0;1;0;7;1;0;5;1;4;1;22;29;4;1;2;0;2;0;5;0;0;0;1;0;0;0;1;0;4;0;0;0;0;1;0;0;6;0;0;30;0;0;8;1;4;8;0;0;5;0;0;0;0;0;0;3;0;0;38;0;24;0;6;0;15;4;18;0;0;3;1;96;0;0;0;0;0;0;0;38;0;0;0;0;230;0;0
M68YD:05136:01850_SUB_SUB;235;0;2;0;0;1;3;0;0;3;1;2;0;11;6;6;0;0;0;4;0;0;0;0;0;0;0;0;0;1;0;0;0;0;0;0;1;0;0;1;0;0;7;0;0;6;1;2;2;0;0;0;0;0;0;0;0;0;0;0;0;14;0;11;0;2;0;3;6;7;0;0;1;0;43;0;0;0;0;0;0;0;14;0;0;0;0;74;0;0
M68YD:02934:03876_SUB_SUB;134;0;0;0;0;0;0;0;0;1;5;0;0;0;18;1;0;6;0;13;0;1;0;0;0;0;0;0;0;0;0;1;0;0;0;0;2;0;0;0;0;0;4;0;0;1;0;5;0;0;0;0;0;0;0;0;0;0;0;0;0;7;0;7;0;0;0;3;3;9;0;0;1;1;23;0;0;0;0;0;0;0;1;0;0;0;0;21;0;0
M68YD:04031:05982_SUB_SUB;1366;0;0;0;1;0;21;0;0;0;0;0;0;0;0;0;0;0;0;0;0;463;0;33;0;0;0;0;51;0;0;0;0;0;0;0;0;0;0;0;0;0;0;0;0;0;127;4;0;0;262;0;0;0;1;0;0;0;396;0;0;0;0;1;0;0;0;0;0;0;0;0;0;6;0;0;0;0;0;0;0;0;0;0;0;0;0;0;0;0
M68YD:00981:06052_SUB_SUB;969;0;0;0;5;0;16;0;0;0;0;0;0;0;0;0;0;0;0;0;0;268;0;27;0;0;0;0;37;0;0;0;4;0;0;0;0;0;3;0;0;0;0;0;0;0;164;2;0;0;139;0;0;0;0;0;0;0;301;0;0;0;0;1;0;0;0;0;0;0;0;0;0;1;0;0;0;0;0;0;0;0;0;0;0;0;0;0;0;1
M68YD:04198:06849_SUB_SUB;121;0;0;0;0;0;0;0;0;0;0;0;0;0;0;0;0;0;0;0;0;43;1;3;0;0;0;0;1;0;0;0;0;0;0;0;0;0;0;0;0;0;0;0;0;0;11;0;0;0;31;0;0;0;0;0;0;0;30;0;0;0;0;1;0;0;0;0;0;0;0;0;0;0;0;0;0;0;0;0;0;0;0;0;0;0;0;0;0;0
M68YD:05060:05836_SUB_SUB;100;0;0;0;0;0;2;0;0;0;0;0;0;0;0;0;0;0;0;0;0;27;0;6;0;0;0;0;2;0;0;0;0;0;0;0;0;0;0;0;0;0;0;0;0;0;17;0;0;0;19;0;0;0;0;0;0;0;26;0;0;0;0;1;0;0;0;0;0;0;0;0;0;0;0;0;0;0;0;0;0;0;0;0;0;0;0;0;0;0
M68YD:04082:06655_SUB_SUB;208;0;0;0;1;0;2;0;0;0;0;0;0;0;0;0;0;0;0;0;0;61;0;10;0;0;0;0;3;0;0;0;1;0;0;0;0;0;0;0;0;0;0;0;0;0;14;1;0;0;60;0;0;0;0;0;0;0;54;0;0;0;0;0;0;0;0;0;0;0;0;0;0;1;0;0;0;0;0;0;0;0;0;0;0;0;0;0;0;0
M68YD:00226:01107_SUB_SUB;1288;0;0;0;7;0;12;0;0;0;0;0;0;0;0;0;0;0;0;0;0;433;0;38;0;0;0;0;39;0;0;0;3;0;0;0;0;0;3;0;0;0;0;0;0;0;148;3;0;0;226;0;0;0;1;0;0;0;369;0;0;0;0;4;0;0;0;0;0;0;0;0;0;2;0;0;0;0;0;0;0;0;0;0;0;0;0;0;0;0
M68YD:03870:01903_SUB_SUB;337;0;0;0;1;0;2;0;0;0;0;0;0;0;0;0;0;0;0;0;0;112;0;5;0;0;0;0;12;0;0;0;0;0;0;0;0;0;0;0;0;0;0;0;0;0;21;1;0;0;89;0;0;0;0;0;0;0;94;0;0;0;0;0;0;0;0;0;0;0;0;0;0;0;0;0;0;0;0;0;0;0;0;0;0;0;0;0;0;0
M68YD:04438:03636_SUB_SUB;141;0;0;0;2;0;2;0;0;0;0;0;0;0;0;0;0;0;0;0;0;41;0;1;0;0;0;0;9;0;0;0;1;0;0;0;0;0;0;0;0;0;0;0;0;0;15;1;0;0;24;0;0;0;0;0;0;0;43;0;0;0;0;0;0;0;0;0;0;0;0;0;0;2;0;0;0;0;0;0;0;0;0;0;0;0;0;0;0;0
M68YD:04134:05366_SUB_SUB;124;0;0;0;2;0;0;0;0;0;0;0;0;0;0;0;0;0;0;0;0;46;0;2;0;0;0;0;12;0;0;0;1;0;0;0;0;0;1;0;0;0;0;0;0;0;8;0;0;0;30;0;0;0;0;0;0;0;22;0;0;0;0;0;0;0;0;0;0;0;0;0;0;0;0;0;0;0;0;0;0;0;0;0;0;0;0;0;0;0
M68YD:01191:06459_SUB_SUB;250;0;0;0;1;0;3;0;0;0;0;0;0;0;0;0;0;0;0;0;0;91;0;3;0;0;0;0;13;0;0;0;0;0;0;0;0;0;0;0;0;0;0;0;0;0;15;0;0;0;71;0;0;0;0;0;0;0;52;0;0;0;0;1;0;0;0;0;0;0;0;0;0;0;0;0;0;0;0;0;0;0;0;0;0;0;0;0;0;0
M68YD:04239:04637_SUB_SUB;127;0;0;0;0;0;1;0;0;0;0;0;0;0;0;0;0;0;0;0;0;43;0;10;0;0;0;0;4;0;0;0;0;0;0;0;0;0;0;0;0;0;0;0;0;0;18;0;0;0;19;0;0;0;0;0;0;0;32;0;0;0;0;0;0;0;0;0;0;0;0;0;0;0;0;0;0;0;0;0;0;0;0;0;0;0;0;0;0;0
M68YD:01229:02353_SUB_SUB;112;0;0;0;1;0;2;0;0;0;0;0;0;0;0;0;0;0;0;0;0;36;0;0;0;0;0;0;1;0;0;0;0;0;0;0;0;0;0;0;0;0;0;0;0;0;19;0;0;0;22;0;0;0;0;0;0;0;30;0;0;0;0;0;0;0;0;0;0;0;0;0;0;1;0;0;0;0;0;0;0;0;0;0;0;0;0;0;0;0
M68YD:03193:02145_SUB_SUB;227;0;0;0;2;0;4;0;0;0;0;0;0;0;0;0;0;0;0;0;0;55;0;8;0;0;0;0;7;0;0;0;1;0;0;0;0;0;0;0;0;0;0;0;0;0;37;3;0;0;35;0;0;0;0;0;0;0;75;0;0;0;0;0;0;0;0;0;0;0;0;0;0;0;0;0;0;0;0;0;0;0;0;0;0;0;0;0;0;0
M68YD:04390:00554_SUB_SUB;148;0;0;0;0;0;2;0;0;0;0;0;0;0;0;0;0;0;0;0;0;46;0;8;0;0;0;0;5;0;0;0;0;0;0;0;0;0;0;0;0;0;0;0;0;0;18;3;0;0;24;0;0;0;0;0;0;0;42;0;0;0;0;0;0;0;0;0;0;0;0;0;0;0;0;0;0;0;0;0;0;0;0;0;0;0;0;0;0;0
M68YD:05043:02171_SUB_SUB;202;0;0;0;1;0;4;0;0;0;0;0;0;0;0;0;0;0;0;0;0;58;0;6;0;0;0;0;9;0;0;0;0;0;0;0;0;0;0;0;0;0;0;0;0;0;24;0;0;0;32;0;0;0;0;0;0;0;65;0;0;0;0;1;0;0;0;0;0;0;0;1;0;1;0;0;0;0;0;0;0;0;0;0;0;0;0;0;0;0
M68YD:00842:02589_SUB_SUB;1032;0;0;0;5;0;15;0;0;0;0;0;0;0;0;0;0;0;0;0;0;333;0;16;0;0;1;0;32;0;0;0;4;0;0;0;0;0;4;0;0;0;0;0;0;0;108;5;0;0;207;0;0;0;0;0;0;0;297;0;0;0;0;3;0;0;0;0;0;0;0;0;0;2;0;0;0;0;0;0;0;0;0;0;0;0;0;0;0;0
M68YD:03711:05502_SUB_SUB;185;0;0;0;0;0;1;0;0;0;0;0;0;0;0;0;0;0;0;0;0;69;0;4;0;0;0;0;6;0;0;0;0;0;0;0;0;0;0;0;0;0;0;0;0;0;20;0;0;0;50;0;0;0;0;0;0;0;35;0;0;0;0;0;0;0;0;0;0;0;0;0;0;0;0;0;0;0;0;0;0;0;0;0;0;0;0;0;0;0
M68YD:03179:04456_SUB_SUB;112;0;0;0;0;0;1;0;0;0;0;0;0;0;0;0;0;0;0;0;0;36;0;6;0;0;0;0;4;0;0;0;0;0;0;0;0;0;0;0;0;0;0;0;0;0;5;0;0;0;39;0;0;0;0;0;0;0;21;0;0;0;0;0;0;0;0;0;0;0;0;0;0;0;0;0;0;0;0;0;0;0;0;0;0;0;0;0;0;0
M68YD:04466:06696_SUB_SUB;119;0;0;0;0;0;0;0;0;0;0;0;0;0;0;0;0;0;0;0;0;40;0;5;0;0;0;0;3;0;0;0;0;0;0;0;0;0;0;0;0;0;0;0;0;0;13;1;0;0;35;0;0;0;0;0;0;0;21;0;0;0;0;1;0;0;0;0;0;0;0;0;0;0;0;0;0;0;0;0;0;0;0;0;0;0;0;0;0;0
M68YD:00630:03266_SUB_SUB;129;0;0;0;0;0;0;0;0;0;0;0;0;0;0;0;0;0;0;0;0;42;0;11;0;0;0;0;2;0;0;0;0;0;0;0;0;0;0;0;0;0;0;0;0;0;9;1;0;0;30;0;0;0;0;0;0;0;33;0;0;0;0;0;0;0;0;0;0;0;0;0;0;1;0;0;0;0;0;0;0;0;0;0;0;0;0;0;0;0
M68YD:03733:01504_SUB_SUB;104;0;0;0;0;0;0;0;0;0;0;0;0;0;0;0;0;0;0;0;0;25;1;5;0;0;0;0;1;0;0;0;0;0;0;0;0;0;0;0;0;0;0;0;0;0;7;1;0;0;35;0;0;0;0;0;0;0;28;0;0;0;0;0;0;0;0;0;0;0;0;0;0;0;0;0;0;0;0;0;0;0;0;0;0;0;0;0;0;1
M68YD:03931:01210_SUB_SUB;293;0;0;0;1;0;4;0;0;0;0;0;0;0;0;0;0;0;0;0;0;112;0;2;0;0;0;0;13;0;0;0;1;0;0;0;0;0;0;0;0;0;0;0;0;0;18;0;0;0;63;0;0;0;0;0;0;0;78;0;0;0;0;0;0;0;0;0;0;0;0;0;0;0;0;0;0;0;0;0;0;0;0;0;0;0;1;0;0;0
M68YD:04203:01652_SUB_SUB;203;0;0;0;0;0;2;0;0;0;0;0;0;0;0;0;0;0;0;0;0;60;0;7;0;0;0;0;8;0;0;0;0;0;0;0;0;0;0;0;0;0;0;0;0;0;16;0;0;0;57;0;0;0;0;0;0;0;53;0;0;0;0;0;0;0;0;0;0;0;0;0;0;0;0;0;0;0;0;0;0;0;0;0;0;0;0;0;0;0
M68YD:03991:01366_SUB_SUB;106;0;0;0;1;0;1;0;0;0;0;0;0;0;0;0;0;0;0;0;0;31;0;5;0;0;0;0;5;0;0;0;1;0;0;0;0;0;0;0;0;0;0;0;0;0;9;0;0;0;29;0;0;0;0;0;0;0;24;0;0;0;0;0;0;0;0;0;0;0;0;0;0;0;0;0;0;0;0;0;0;0;0;0;0;0;0;0;0;0
M68YD:00075:02111_SUB_SUB;499;0;0;0;0;0;0;0;0;0;0;0;0;0;0;0;0;0;0;0;0;0;0;0;0;0;0;0;0;0;0;0;0;0;0;0;0;0;0;0;0;0;0;0;0;0;0;0;0;0;0;0;0;0;0;0;0;0;0;0;0;0;0;0;0;0;0;0;0;0;0;0;0;0;0;0;0;0;0;0;22;0;0;0;0;0;0;477;0;0
M68YD:04882:01318_SUB_SUB;133;34;0;0;65;20;14;0;0;0;0;0;0;0;0;0;0;0;0;0;0;0;0;0;0;0;0;0;0;0;0;0;0;0;0;0;0;0;0;0;0;0;0;0;0;0;0;0;0;0;0;0;0;0;0;0;0;0;0;0;0;0;0;0;0;0;0;0;0;0;0;0;0;0;0;0;0;0;0;0;0;0;0;0;0;0;0;0;0;0
M68YD:03997:06425_SUB_SUB;184;0;0;0;0;0;0;0;0;0;0;0;0;0;0;0;0;0;0;0;0;0;0;0;0;0;0;0;0;0;0;0;0;0;0;0;0;0;159;0;0;0;0;0;0;0;0;0;0;0;25;0;0;0;0;0;0;0;0;0;0;0;0;0;0;0;0;0;0;0;0;0;0;0;0;0;0;0;0;0;0;0;0;0;0;0;0;0;0;0
M68YD:03992:06481_SUB_SUB;14732;0;1958;8;31;32;131;0;81;5959;0;6530;0;0;0;0;0;0;0;0;0;0;0;0;0;0;0;0;0;0;0;0;0;0;0;0;0;0;0;0;0;0;0;0;0;0;0;0;0;0;0;0;0;0;0;1;0;0;0;0;0;0;0;0;0;0;0;0;0;1;0;0;0;0;0;0;0;0;0;0;0;0;0;0;0;0;0;0;0;0
M68YD:04046:06485_SUB_SUB;1824;0;236;1;2;3;14;0;13;773;0;782;0;0;0;0;0;0;0;0;0;0;0;0;0;0;0;0;0;0;0;0;0;0;0;0;0;0;0;0;0;0;0;0;0;0;0;0;0;0;0;0;0;0;0;0;0;0;0;0;0;0;0;0;0;0;0;0;0;0;0;0;0;0;0;0;0;0;0;0;0;0;0;0;0;0;0;0;0;0
M68YD:00570:01946_SUB_SUB;236;0;28;0;0;2;3;0;0;89;0;114;0;0;0;0;0;0;0;0;0;0;0;0;0;0;0;0;0;0;0;0;0;0;0;0;0;0;0;0;0;0;0;0;0;0;0;0;0;0;0;0;0;0;0;0;0;0;0;0;0;0;0;0;0;0;0;0;0;0;0;0;0;0;0;0;0;0;0;0;0;0;0;0;0;0;0;0;0;0
M68YD:04260:06103_SUB_SUB;7464;0;0;0;0;0;0;0;0;0;0;0;0;0;0;0;0;0;0;0;0;0;0;0;0;0;0;0;0;0;0;0;0;0;0;0;0;1;7055;0;0;0;0;0;2;0;0;0;0;0;358;0;0;0;0;0;0;0;0;0;0;0;0;0;0;0;0;0;0;0;0;13;0;35;0;0;0;0;0;0;0;0;0;0;0;0;0;0;0;0
M68YD:03992:06895_SUB_SUB;1060;0;0;0;0;0;0;0;0;0;0;0;0;0;0;0;0;0;0;0;0;0;0;0;0;0;0;0;0;0;0;0;0;0;0;0;0;0;1007;0;0;0;0;0;0;0;0;0;0;0;47;0;0;0;0;0;0;0;0;0;0;0;0;0;0;0;0;0;0;0;0;0;0;6;0;0;0;0;0;0;0;0;0;0;0;0;0;0;0;0
M68YD:04056:06721_SUB_SUB;154;0;0;0;0;0;0;0;0;0;0;0;0;0;0;0;0;0;0;0;0;0;0;0;0;0;0;0;0;0;0;0;0;0;0;0;0;0;150;0;0;0;0;0;0;0;0;0;0;0;4;0;0;0;0;0;0;0;0;0;0;0;0;0;0;0;0;0;0;0;0;0;0;0;0;0;0;0;0;0;0;0;0;0;0;0;0;0;0;0
M68YD:04647:06642_SUB_SUB;102;0;16;1;0;0;1;0;0;37;0;47;0;0;0;0;0;0;0;0;0;0;0;0;0;0;0;0;0;0;0;0;0;0;0;0;0;0;0;0;0;0;0;0;0;0;0;0;0;0;0;0;0;0;0;0;0;0;0;0;0;0;0;0;0;0;0;0;0;0;0;0;0;0;0;0;0;0;0;0;0;0;0;0;0;0;0;0;0;0
M68YD:01455:03895_SUB_SUB;334;0;0;0;0;0;0;0;0;1;0;3;0;0;0;0;0;0;0;0;0;0;0;0;0;0;0;0;0;0;0;0;0;0;0;0;0;0;318;0;0;0;0;0;0;0;0;0;0;0;9;0;0;0;0;0;0;0;0;0;0;0;0;0;0;0;0;0;0;0;0;1;0;2;0;0;0;0;0;0;0;0;0;0;0;0;0;0;0;0
M68YD:04019:06561_SUB_SUB;102;0;0;0;0;0;0;0;0;0;0;0;0;0;0;0;0;0;0;0;0;0;0;0;0;0;0;0;0;0;0;0;0;0;0;0;0;0;102;0;0;0;0;0;0;0;0;0;0;0;0;0;0;0;0;0;0;0;0;0;0;0;0;0;0;0;0;0;0;0;0;0;0;0;0;0;0;0;0;0;0;0;0;0;0;0;0;0;0;0
M68YD:00893:05774_SUB_SUB;130;0;0;0;0;0;0;0;0;0;0;0;0;0;0;0;0;0;0;0;0;0;0;0;0;0;0;0;0;0;0;0;0;0;0;0;0;0;118;0;0;0;0;0;1;0;0;0;0;0;11;0;0;0;0;0;0;0;0;0;0;0;0;0;0;0;0;0;0;0;0;0;0;0;0;0;0;0;0;0;0;0;0;0;0;0;0;0;0;0
M68YD:00344:02494_SUB_SUB;120;0;26;1;0;0;0;0;0;50;0;43;0;0;0;0;0;0;0;0;0;0;0;0;0;0;0;0;0;0;0;0;0;0;0;0;0;0;0;0;0;0;0;0;0;0;0;0;0;0;0;0;0;0;0;0;0;0;0;0;0;0;0;0;0;0;0;0;0;0;0;0;0;0;0;0;0;0;0;0;0;0;0;0;0;0;0;0;0;0
M68YD:02603:07125_SUB_SUB;160;0;95;0;0;0;0;0;0;47;0;18;0;0;0;0;0;0;0;0;0;0;0;0;0;0;0;0;0;0;0;0;0;0;0;0;0;0;0;0;0;0;0;0;0;0;0;0;0;0;0;0;0;0;0;0;0;0;0;0;0;0;0;0;0;0;0;0;0;0;0;0;0;0;0;0;0;0;0;0;0;0;0;0;0;0;0;0;0;0
M68YD:04276:06903_SUB_SUB;307;0;0;0;0;0;0;0;0;0;0;0;0;0;0;0;0;0;0;0;0;0;0;0;0;0;0;0;0;0;0;0;0;0;0;0;0;0;0;0;0;0;0;0;0;0;0;0;0;0;0;0;0;0;0;0;0;0;0;0;0;0;0;0;0;0;0;0;0;0;0;0;0;0;0;0;307;0;0;0;0;0;0;0;0;0;0;0;0;0
M68YD:04105:07007_SUB_SUB;466;0;0;0;0;0;0;0;0;0;0;0;0;0;0;0;0;0;0;0;0;0;0;0;0;0;0;0;0;0;0;325;0;0;0;0;0;0;0;0;0;0;0;0;0;0;0;0;0;0;0;125;0;0;0;0;0;0;0;0;0;0;0;0;0;0;0;0;0;0;0;0;16;0;0;0;0;0;0;0;0;0;0;0;0;0;0;0;0;0
M68YD:00550:05856_SUB_SUB;114;0;0;0;0;0;0;0;0;0;0;0;0;0;0;0;0;0;0;0;0;0;0;0;0;0;0;0;0;0;0;52;0;0;0;0;0;0;0;0;0;0;0;0;0;0;0;0;0;0;0;52;0;0;0;0;0;0;0;0;0;0;0;0;0;0;0;0;0;0;0;0;10;0;0;0;0;0;0;0;0;0;0;0;0;0;0;0;0;0
M68YD:04078:06806_SUB_SUB;212;0;0;0;0;0;0;0;0;0;0;0;0;0;0;0;0;0;0;0;0;0;0;0;0;0;0;0;0;0;0;98;0;0;0;0;0;0;0;0;0;0;0;0;0;0;0;0;0;0;0;103;0;0;0;0;0;0;0;0;0;0;0;0;0;0;0;0;0;0;0;0;11;0;0;0;0;0;0;0;0;0;0;0;0;0;0;0;0;0
M68YD:03986:06579_SUB_SUB;341;0;0;0;0;0;0;0;0;0;0;0;0;0;0;0;0;0;0;0;0;0;0;0;0;0;0;0;0;0;0;183;0;0;0;0;0;0;0;0;0;0;0;0;0;0;0;0;0;0;0;144;0;0;0;0;0;0;0;0;0;0;0;0;0;0;0;0;0;0;0;0;14;0;0;0;0;0;0;0;0;0;0;0;0;0;0;0;0;0
M68YD:04018:06495_SUB_SUB;2642;0;780;0;7;6;38;0;0;1288;0;514;0;0;0;0;0;0;0;0;0;0;0;0;0;0;0;0;0;0;0;0;0;0;0;0;0;0;0;0;0;0;0;0;0;0;0;0;0;0;9;0;0;0;0;0;0;0;0;0;0;0;0;0;0;0;0;0;0;0;0;0;0;0;0;0;0;0;0;0;0;0;0;0;0;0;0;0;0;0
M68YD:04240:06748_SUB_SUB;285;0;70;0;0;0;3;0;0;152;0;58;0;0;0;0;0;0;0;0;0;0;0;0;0;0;0;0;0;0;0;0;0;0;0;0;0;0;0;0;0;0;0;0;0;0;0;0;0;0;2;0;0;0;0;0;0;0;0;0;0;0;0;0;0;0;0;0;0;0;0;0;0;0;0;0;0;0;0;0;0;0;0;0;0;0;0;0;0;0
M68YD:04183:06682_SUB_SUB;270;0;71;0;0;1;3;0;0;134;0;60;0;0;0;0;0;0;0;0;0;0;0;0;0;0;0;0;0;0;0;0;0;0;0;0;0;0;0;0;0;0;0;0;0;0;0;0;0;0;1;0;0;0;0;0;0;0;0;0;0;0;0;0;0;0;0;0;0;0;0;0;0;0;0;0;0;0;0;0;0;0;0;0;0;0;0;0;0;0
M68YD:01129:01576_SUB_SUB;112;0;35;0;0;0;3;0;0;48;0;26;0;0;0;0;0;0;0;0;0;0;0;0;0;0;0;0;0;0;0;0;0;0;0;0;0;0;0;0;0;0;0;0;0;0;0;0;0;0;0;0;0;0;0;0;0;0;0;0;0;0;0;0;0;0;0;0;0;0;0;0;0;0;0;0;0;0;0;0;0;0;0;0;0;0;0;0;0;0
M68YD:03999:06516_SUB_SUB;11683;0;3050;0;37;17;128;0;0;5640;0;2786;0;0;0;0;0;0;0;0;0;0;0;0;0;0;0;0;0;0;0;0;0;0;0;0;0;0;0;0;0;0;0;0;0;0;0;0;0;0;22;0;0;0;0;0;0;0;0;0;0;0;0;0;0;0;0;0;0;1;0;1;0;0;1;0;0;0;0;0;0;0;0;0;0;0;0;0;0;0
M68YD:04265:06896_SUB_SUB;1320;0;369;0;2;1;16;0;0;654;0;277;0;0;0;0;0;0;0;0;0;0;0;0;0;0;0;0;0;0;0;0;0;0;0;0;0;0;0;0;0;0;0;0;0;0;0;0;0;0;1;0;0;0;0;0;0;0;0;0;0;0;0;0;0;0;0;0;0;0;0;0;0;0;0;0;0;0;0;0;0;0;0;0;0;0;0;0;0;0
M68YD:01070:06041_SUB_SUB;131;0;33;0;1;0;2;0;0;65;0;29;0;0;0;0;0;0;0;0;0;0;0;0;0;0;0;0;0;0;0;0;0;0;0;0;0;0;0;0;0;0;0;0;0;0;0;0;0;0;1;0;0;0;0;0;0;0;0;0;0;0;0;0;0;0;0;0;0;0;0;0;0;0;0;0;0;0;0;0;0;0;0;0;0;0;0;0;0;0
M68YD:03987:06751_SUB_SUB;106;0;62;0;0;1;0;0;0;26;0;17;0;0;0;0;0;0;0;0;0;0;0;0;0;0;0;0;0;0;0;0;0;0;0;0;0;0;0;0;0;0;0;0;0;0;0;0;0;0;0;0;0;0;0;0;0;0;0;0;0;0;0;0;0;0;0;0;0;0;0;0;0;0;0;0;0;0;0;0;0;0;0;0;0;0;0;0;0;0
M68YD:03987:06967_SUB_SUB;617;0;168;0;1;1;6;0;0;267;0;174;0;0;0;0;0;0;0;0;0;0;0;0;0;0;0;0;0;0;0;0;0;0;0;0;0;0;0;0;0;0;0;0;0;0;0;0;0;0;0;0;0;0;0;0;0;0;0;0;0;0;0;0;0;0;0;0;0;0;0;0;0;0;0;0;0;0;0;0;0;0;0;0;0;0;0;0;0;0
M68YD:04082:06734_SUB_SUB;280;0;150;0;0;0;0;0;0;113;0;17;0;0;0;0;0;0;0;0;0;0;0;0;0;0;0;0;0;0;0;0;0;0;0;0;0;0;0;0;0;0;0;0;0;0;0;0;0;0;0;0;0;0;0;0;0;0;0;0;0;0;0;0;0;0;0;0;0;0;0;0;0;0;0;0;0;0;0;0;0;0;0;0;0;0;0;0;0;0
M68YD:04549:06508_SUB_SUB;138;0;24;0;0;1;4;0;0;71;0;38;0;0;0;0;0;0;0;0;0;0;0;0;0;0;0;0;0;0;0;0;0;0;0;0;0;0;0;0;0;0;0;0;0;0;0;0;0;0;0;0;0;0;0;0;0;0;0;0;0;0;0;0;0;0;0;0;0;0;0;0;0;0;0;0;0;0;0;0;0;0;0;0;0;0;0;0;0;0
M68YD:04189:04089_SUB_SUB;2056;0;0;0;0;0;0;0;0;0;1;0;7;6;0;14;0;0;137;0;4;5;0;55;0;23;0;0;3;3;0;59;0;0;0;0;0;0;5;29;80;0;121;0;0;0;8;0;0;0;1;0;0;2;0;0;0;0;5;0;161;0;0;0;0;0;0;191;0;12;0;15;10;0;124;32;25;0;0;1;662;0;0;0;24;46;0;80;105;0
M68YD:04302:06420_SUB_SUB;224;0;0;0;0;0;0;0;0;0;0;0;0;0;0;0;0;0;16;0;0;0;0;9;0;2;0;0;0;0;0;6;0;0;0;0;0;0;0;3;9;0;6;0;0;0;1;0;0;0;0;0;0;1;0;0;0;0;3;0;8;0;0;0;0;0;0;12;0;0;0;1;3;0;14;1;1;0;0;0;103;0;0;0;2;1;0;9;13;0
M68YD:01302:04831_SUB_SUB;235;0;0;0;0;0;1;0;0;0;0;0;0;0;0;0;0;0;6;0;0;0;0;16;0;4;0;0;0;0;0;6;0;0;0;0;0;0;0;1;12;0;9;0;0;0;1;0;0;0;0;0;0;0;0;0;0;0;0;0;22;0;0;0;0;0;0;40;0;0;0;0;3;0;9;5;5;0;0;0;62;0;0;0;2;17;0;9;5;0
M68YD:04810:04363_SUB_SUB;244;0;0;0;0;0;0;0;0;0;0;0;1;1;0;0;0;0;16;0;1;1;0;6;0;0;0;0;1;0;0;10;0;0;0;0;0;0;1;2;9;0;4;0;0;0;0;0;0;0;0;0;0;0;0;0;0;0;1;0;14;0;0;0;0;0;0;20;0;1;0;1;1;0;22;6;3;0;0;0;66;0;0;0;2;4;0;18;32;0
M68YD:00526:01912_SUB_SUB;297;0;0;0;0;0;0;0;0;0;0;0;1;3;0;2;0;0;21;0;0;3;0;18;0;0;0;0;0;0;0;15;0;0;0;0;0;0;0;8;10;0;13;0;0;0;1;0;0;0;0;0;0;0;0;0;0;0;2;0;25;0;0;0;0;0;0;26;0;4;0;1;2;0;18;4;4;0;0;0;62;0;0;0;3;1;0;18;32;0
M68YD:01096:02573_SUB_SUB;127;0;0;0;0;0;0;0;0;0;0;0;0;0;0;1;0;0;10;0;0;0;0;9;0;1;0;0;0;0;0;4;0;0;0;0;0;0;0;2;6;0;4;0;0;0;0;0;0;0;0;0;0;0;0;0;0;0;0;0;15;0;0;0;0;0;0;14;0;1;0;2;0;0;6;2;1;0;0;0;34;0;0;0;2;2;0;1;10;0
M68YD:03789:01332_SUB_SUB;226;0;0;0;0;0;0;0;0;0;0;0;0;0;0;0;0;0;0;0;0;0;0;0;0;0;0;0;0;0;0;0;0;0;0;0;0;0;0;0;0;0;0;0;0;0;0;0;0;0;0;0;0;0;0;0;0;0;0;0;0;0;0;0;0;0;0;13;0;4;208;1;0;0;0;0;0;0;0;0;0;0;0;0;0;0;0;0;0;0
M68YD:02258:01077_SUB_SUB;64004;42;1;0;0;0;34;1;0;0;63;0;381;331;0;655;28;0;5920;0;565;474;1;1250;0;104;0;1;221;150;0;3580;6;0;0;0;0;0;162;960;1264;0;4036;0;0;0;158;40;0;1;52;0;0;36;5;0;0;0;743;0;3033;0;0;99;0;3;0;2216;1;994;0;282;151;10;5966;428;222;0;0;0;11848;0;0;0;453;577;0;3886;12469;101
M68YD:04718:00619_SUB_SUB;7542;5;1;0;0;0;2;0;0;0;4;0;38;27;0;56;3;0;648;0;38;43;0;173;0;12;0;0;18;9;0;361;0;0;0;0;0;0;24;90;163;0;401;0;0;0;16;0;0;0;3;0;0;4;1;0;0;0;67;0;383;0;0;8;0;1;0;285;0;93;0;35;21;0;628;53;37;0;0;0;1734;0;0;0;61;72;0;516;1400;8
M68YD:04332:04044_SUB_SUB;980;0;0;0;0;0;0;0;0;0;1;0;4;4;0;11;0;0;71;0;9;6;0;22;0;1;0;0;3;4;0;56;0;0;0;0;0;0;2;20;16;0;61;0;0;0;3;0;0;0;0;0;0;1;0;0;0;0;6;0;34;0;0;1;0;0;0;25;0;8;0;1;1;0;73;5;1;0;0;0;277;0;0;0;7;8;0;64;173;1
M68YD:04950:01844_SUB_SUB;115;0;0;0;0;0;0;0;0;0;0;0;0;2;0;0;0;0;6;0;0;1;0;1;0;0;0;0;2;0;0;7;0;0;0;0;0;0;0;1;4;0;6;0;0;0;1;0;0;0;0;0;0;0;0;0;0;0;2;0;2;0;0;0;0;0;0;7;0;3;0;0;0;0;5;0;0;0;0;0;38;0;0;0;1;0;0;10;16;0
M68YD:02753:05629_SUB_SUB;2339;1;0;0;0;0;4;0;0;0;2;0;12;16;0;33;0;0;229;0;25;9;0;40;0;6;0;0;7;10;0;146;0;0;0;0;0;0;8;16;51;0;152;0;0;0;10;1;0;0;0;0;0;1;1;0;0;0;31;0;117;0;0;3;0;1;0;90;0;28;0;17;7;0;213;14;8;0;0;0;462;0;1;0;25;17;0;134;389;2
M68YD:04260:06984_SUB_SUB;423;1;0;0;0;0;0;0;0;0;0;0;3;4;0;1;0;0;41;0;4;2;0;6;0;0;0;0;0;1;0;19;0;0;0;0;0;0;1;1;9;0;30;0;0;0;0;0;0;0;0;0;0;0;0;0;0;0;3;0;21;0;0;2;0;0;0;30;0;2;0;2;1;0;32;1;0;0;0;0;97;0;0;0;2;3;0;35;69;0
M68YD:04080:02799_SUB_SUB;877;1;0;0;0;0;0;0;0;0;0;0;2;2;0;10;0;0;79;0;3;2;0;16;0;4;0;0;0;2;0;45;0;0;0;0;0;0;1;12;19;0;54;0;0;0;3;0;0;0;1;0;0;0;0;0;0;0;13;0;33;0;0;2;0;0;0;28;0;8;0;3;2;0;62;6;2;0;0;0;272;0;0;0;9;2;0;62;114;3
M68YD:03439:03869_SUB_SUB;1810;1;0;0;0;0;0;0;0;0;1;0;7;5;0;19;0;0;147;0;11;31;0;42;0;4;0;0;6;6;0;101;0;0;0;0;0;0;3;58;28;0;89;0;0;0;2;1;0;0;3;0;0;3;0;0;0;0;25;0;80;0;0;5;0;0;0;45;0;46;0;9;5;0;183;13;13;0;0;0;254;0;0;0;9;9;0;100;443;3
M68YD:03373:05547_SUB_SUB;7725;7;1;0;0;0;2;0;0;0;6;0;35;20;0;64;1;0;709;0;34;42;0;139;0;23;0;0;10;11;0;370;1;0;0;0;0;0;17;86;167;0;500;0;0;0;29;5;0;0;9;0;0;4;1;0;0;0;103;0;386;0;0;4;0;0;0;305;0;75;0;47;23;1;688;58;31;0;0;0;2106;0;0;0;58;57;0;455;1025;10
M68YD:04622:01642_SUB_SUB;3351;1;0;0;0;0;1;0;0;0;1;0;14;16;0;29;2;0;220;0;8;10;0;117;0;27;0;0;4;5;0;119;1;0;0;0;0;0;9;51;138;0;210;0;0;0;11;3;0;0;1;0;0;4;0;0;0;0;15;0;260;0;0;2;0;0;0;331;0;17;0;20;15;0;219;53;47;0;0;0;845;0;0;0;51;90;0;97;285;2
M68YD:02968:07002_SUB_SUB;1331;0;1;0;0;0;2;0;0;0;0;0;32;3;0;59;0;0;53;0;4;2;0;9;0;10;0;0;6;0;0;12;0;0;0;0;0;0;0;3;65;0;12;0;0;0;9;1;0;0;0;0;0;0;0;0;0;0;47;0;219;0;0;3;0;0;0;127;0;26;0;1;0;0;89;2;0;0;0;0;47;0;0;0;0;40;0;55;392;0
M68YD:04760:06418_SUB_SUB;925;0;0;0;0;0;0;0;0;0;1;0;7;0;0;14;1;0;90;0;9;10;0;11;0;2;0;0;5;3;0;59;0;0;0;0;0;0;0;22;13;0;49;0;0;0;3;2;0;0;0;0;0;2;0;0;0;0;10;0;38;0;0;2;0;0;0;39;0;22;0;3;1;0;100;8;1;0;0;0;130;0;0;0;12;9;0;58;186;3
M68YD:03748:04722_SUB_SUB;266;0;0;0;0;0;0;0;0;0;1;0;2;0;0;4;0;0;29;0;4;5;0;3;0;2;0;0;0;0;0;13;0;0;0;0;0;0;0;12;9;0;13;0;0;0;1;1;0;0;1;0;0;0;0;0;0;0;1;0;12;0;0;0;0;0;0;9;0;8;0;1;1;0;14;1;0;0;0;0;53;0;0;0;0;1;0;9;55;1
M68YD:05138:04531_SUB_SUB;109;0;0;0;0;0;0;0;0;0;1;0;0;1;0;0;1;0;7;0;1;2;0;2;0;0;0;0;0;0;0;5;0;0;0;0;0;0;1;4;1;0;4;0;0;0;0;0;0;0;0;0;0;0;0;0;0;0;3;0;4;0;0;0;0;0;0;4;0;1;0;0;0;0;9;0;1;0;0;0;14;0;0;0;1;1;0;3;38;0
M68YD:01067:07341_SUB_SUB;1427;0;0;0;0;0;0;0;0;0;1;0;9;6;0;20;0;0;100;0;5;5;0;65;0;1;0;0;2;2;0;63;0;0;0;0;0;0;2;17;59;0;79;0;0;0;0;0;0;0;0;0;0;3;0;0;0;0;9;0;139;0;0;0;0;0;0;144;0;7;0;6;8;0;123;19;19;0;0;0;212;0;0;0;16;37;0;62;185;2
M68YD:00676:04761_SUB_SUB;474;0;0;0;0;0;0;0;0;0;0;0;1;1;0;1;0;0;24;0;2;3;0;7;0;0;0;0;0;0;0;35;0;0;0;0;0;0;0;70;1;0;108;0;0;0;0;0;0;0;0;0;0;0;0;0;0;0;3;0;0;0;0;5;0;0;0;12;0;11;0;6;1;0;76;5;0;0;0;0;74;0;0;0;2;0;0;26;0;0
M68YD:05273:05370_SUB_SUB;149;0;0;0;0;0;0;0;0;0;0;0;4;1;0;3;0;0;2;0;1;0;0;2;0;0;0;0;0;0;0;2;0;0;0;0;0;0;0;0;12;0;0;0;0;0;0;0;0;0;0;0;0;0;0;0;0;0;4;0;38;0;0;0;0;0;0;22;0;4;0;0;0;0;7;0;0;0;0;0;3;0;0;0;0;7;0;7;30;0
M68YD:04656:00512_SUB_SUB;277;0;0;0;0;0;0;0;0;0;0;0;0;2;0;3;0;0;20;0;0;0;0;14;0;1;0;0;1;0;0;10;0;0;0;0;0;0;0;1;8;0;8;0;0;0;1;0;0;0;0;0;0;0;0;0;0;0;2;0;31;0;0;0;0;0;0;22;0;4;0;0;1;0;30;6;1;0;0;0;62;0;0;0;4;7;0;10;28;0
M68YD:03644:04328_SUB_SUB;370;0;0;0;0;0;0;0;0;0;0;0;0;1;0;2;0;0;24;0;1;1;0;15;0;3;0;0;1;0;0;12;0;0;0;0;0;0;1;4;21;0;20;0;0;0;0;2;0;0;0;0;0;2;0;0;0;0;1;0;22;0;0;0;0;0;0;33;0;1;0;2;5;0;19;10;5;0;0;0;104;0;0;0;6;8;0;12;32;0
M68YD:04937:01971_SUB_SUB;113;0;0;0;0;0;0;0;0;0;0;0;0;0;0;1;0;0;0;0;0;0;0;0;0;0;0;0;0;0;0;0;0;0;0;0;0;0;0;0;0;0;0;0;0;0;0;0;0;0;0;0;0;0;0;0;0;0;0;0;0;0;0;0;0;1;0;0;0;0;0;0;0;0;2;0;0;0;0;0;91;0;0;0;17;0;0;0;1;0
M68YD:01293:04499_SUB_SUB;111;0;0;0;0;0;0;0;0;0;0;0;0;0;0;0;0;0;7;0;0;1;0;0;0;0;0;0;0;1;0;5;0;0;0;0;0;0;0;2;1;0;9;0;0;0;0;0;0;0;0;0;0;0;0;0;0;0;1;0;2;0;0;0;0;0;0;2;0;3;0;1;0;0;8;0;0;0;0;0;33;0;0;0;1;1;0;4;28;1
M68YD:03351:07379_SUB_SUB;138;0;0;0;0;0;0;0;0;0;0;0;0;0;0;0;0;0;2;0;0;0;0;0;0;0;0;0;0;0;0;89;0;0;0;0;0;0;0;0;0;0;0;0;0;0;40;0;0;0;0;0;0;0;0;0;0;0;0;0;2;0;0;0;0;0;0;2;0;0;0;0;0;0;3;0;0;0;0;0;0;0;0;0;0;0;0;0;0;0
M68YD:00216:02577_SUB_SUB;206;0;0;0;0;0;0;0;0;0;0;0;0;0;0;0;0;0;0;0;0;0;0;0;0;0;0;0;0;0;0;0;0;0;0;0;0;0;0;0;0;0;0;0;0;0;0;0;0;0;0;0;0;0;0;0;0;0;0;0;0;0;0;0;0;0;0;0;0;0;0;0;0;0;1;0;134;0;0;0;69;0;0;0;0;0;0;1;1;0
M68YD:01112:07062_SUB_SUB;584;1;0;0;0;0;0;0;0;0;0;0;1;4;0;8;0;0;56;0;2;3;0;11;0;0;0;0;0;4;0;27;0;0;0;0;0;0;0;7;9;0;29;0;0;0;2;0;0;0;0;0;0;0;0;0;0;0;8;0;26;0;0;1;0;0;0;24;0;7;0;6;2;0;60;4;3;0;0;0;141;0;0;0;3;2;0;31;102;0
M68YD:01369:07306_SUB_SUB;729;0;0;0;0;0;1;0;0;0;1;0;5;0;0;11;0;0;51;0;4;2;0;18;0;2;0;0;1;0;0;33;0;0;0;0;0;0;2;10;23;0;45;0;0;0;3;1;0;0;1;0;0;0;0;0;0;0;11;0;47;0;0;1;0;0;0;43;0;15;0;4;1;0;81;6;5;0;0;0;94;0;0;0;12;7;0;35;152;1
M68YD:01152:01847_SUB_SUB;530;0;0;0;0;0;0;0;0;0;1;0;3;3;0;5;0;0;28;0;3;0;0;20;0;5;0;0;0;1;0;27;0;0;0;0;0;0;1;8;30;0;19;0;0;0;0;1;0;0;0;0;0;1;0;0;0;0;1;0;64;0;0;0;0;0;0;55;0;0;0;5;3;0;42;8;8;0;0;0;108;0;0;0;10;6;0;28;36;0
M68YD:03590:00170_SUB_SUB;497;0;0;0;0;0;0;0;0;0;1;0;7;4;0;5;1;0;49;0;4;2;0;13;0;1;0;0;0;3;0;25;0;0;0;0;0;0;0;11;7;0;29;0;0;0;1;0;0;0;0;0;0;1;0;0;0;0;7;0;25;0;0;0;0;0;0;14;0;8;0;3;1;0;53;6;3;0;0;0;107;0;0;0;4;4;0;31;67;0
M68YD:04128:06710_SUB_SUB;135;0;0;0;0;0;0;0;0;0;0;0;3;1;0;0;0;0;9;0;0;1;0;7;0;2;0;0;0;0;0;9;0;0;0;0;0;0;1;1;4;0;8;0;0;0;1;0;0;0;0;0;0;0;0;0;0;0;1;0;10;0;0;1;0;0;0;11;0;0;0;0;2;0;8;2;1;0;0;0;28;0;0;0;2;2;0;12;8;0
M68YD:00633:03745_SUB_SUB;178;0;0;0;0;0;0;0;0;0;0;0;7;0;0;7;1;0;3;0;0;0;0;0;0;5;0;0;0;0;0;1;0;0;0;0;0;0;0;2;11;0;2;0;0;0;0;0;0;0;0;0;0;0;0;0;0;0;4;0;24;0;0;0;0;0;0;19;0;2;0;0;0;0;14;0;0;0;0;0;15;0;0;0;0;9;0;11;41;0
M68YD:04775:02450_SUB_SUB;293;0;0;0;0;0;0;0;0;0;0;0;2;1;0;2;0;0;18;0;2;1;0;10;0;0;0;0;1;0;0;15;0;0;0;0;0;0;5;12;8;0;11;0;0;0;0;0;0;0;0;0;0;0;0;0;0;0;4;0;24;0;0;1;0;0;0;23;0;4;0;1;1;0;21;6;2;0;0;0;66;0;0;0;5;1;0;8;37;1
M68YD:04186:03970_SUB_SUB;202;0;0;0;0;0;0;0;0;0;0;0;1;0;0;1;0;0;8;0;0;0;0;8;0;5;0;0;0;0;0;4;0;0;0;0;0;0;1;2;15;0;8;0;0;0;0;0;0;0;0;0;0;0;0;0;0;0;1;0;29;0;0;0;0;0;0;31;0;1;0;0;1;0;15;2;3;0;0;0;29;0;0;0;4;12;0;7;14;0
M68YD:00412:04773_SUB_SUB;128;0;0;0;0;0;0;0;0;0;0;0;0;2;0;1;0;0;9;0;0;0;0;1;0;0;0;0;1;0;0;4;0;0;0;0;0;0;0;3;2;0;4;0;0;0;1;0;0;0;0;0;0;0;0;0;0;0;3;0;4;0;0;1;0;0;0;3;0;5;0;2;0;0;13;0;0;0;0;0;24;0;0;0;1;1;0;9;34;0
M68YD:01687:02630_SUB_SUB;103;0;0;0;0;0;0;0;0;0;0;0;0;1;0;1;0;0;12;0;0;2;0;4;0;0;0;0;0;1;0;4;0;0;0;0;0;0;0;3;1;0;7;0;0;0;1;0;0;0;0;0;0;0;0;0;0;0;1;0;8;0;0;0;0;0;0;6;0;0;0;0;0;0;9;1;3;0;0;0;22;0;0;0;0;1;0;6;9;0
M68YD:05026:04564_SUB_SUB;168;0;0;0;0;0;0;0;0;0;0;0;1;0;0;2;0;0;6;0;1;0;0;11;0;1;0;0;0;0;0;3;0;0;0;0;0;0;0;5;4;0;7;0;0;0;0;0;0;0;1;0;0;0;0;0;0;0;0;0;20;0;0;0;0;0;0;17;0;2;0;1;1;0;12;0;1;0;0;0;29;0;0;0;2;1;0;10;30;0
M68YD:01804:02553_SUB_SUB;396;0;0;0;0;0;0;0;0;0;0;0;1;0;0;3;0;0;32;0;2;1;0;11;0;0;0;0;1;0;0;21;0;0;0;0;0;0;3;1;8;0;23;0;0;0;3;0;0;0;0;0;0;0;0;0;0;0;7;0;19;0;0;0;0;0;0;13;0;2;0;4;1;0;29;2;2;0;0;0;110;0;0;0;4;2;0;27;63;1
M68YD:01085:03540_SUB_SUB;167;0;0;0;0;0;0;0;0;0;0;0;0;0;0;3;0;0;0;0;0;0;0;0;0;0;0;0;0;9;0;0;0;0;0;0;0;0;0;0;0;0;134;0;0;0;0;0;0;0;0;0;0;0;0;0;0;0;0;0;0;0;0;0;0;0;0;0;0;0;0;0;0;0;0;0;0;0;0;0;17;0;0;0;0;0;0;0;0;4
M68YD:01075:04596_SUB_SUB;101;0;0;0;0;0;0;0;0;0;0;0;2;1;0;1;0;0;6;0;0;0;0;6;0;1;0;0;0;0;0;2;0;0;0;0;0;0;1;3;7;0;2;0;0;0;0;0;0;0;0;0;0;0;0;0;0;0;0;0;6;0;0;0;0;0;0;10;0;0;0;1;2;0;7;1;6;0;0;0;16;0;0;0;2;2;0;5;11;0
M68YD:00897:00445_SUB_SUB;188;0;0;0;0;0;0;0;0;0;0;0;1;3;0;0;0;0;23;0;1;0;0;10;0;1;0;0;0;0;0;1;0;0;0;0;0;0;0;3;8;0;10;0;0;0;0;0;0;0;0;0;0;1;0;0;0;0;2;0;12;0;0;0;0;0;0;12;0;0;0;0;0;0;22;1;1;0;0;0;50;0;0;0;1;0;0;6;19;0
M68YD:05192:06171_SUB_SUB;127;0;0;0;0;0;0;0;0;0;0;0;3;0;0;2;0;0;5;0;0;0;0;0;0;1;0;0;2;0;0;0;0;0;0;0;0;0;0;0;4;0;0;0;0;0;0;0;0;0;0;0;0;0;0;0;0;0;1;0;74;0;0;0;0;0;0;5;0;0;0;0;0;0;0;0;0;0;0;0;4;0;0;0;0;3;0;3;20;0
M68YD:04334:06736_SUB_SUB;235;0;0;0;0;0;0;0;0;0;0;0;0;0;0;0;0;0;28;0;1;5;0;4;0;0;0;0;0;1;0;17;0;0;0;0;0;0;1;42;2;0;79;0;0;0;0;1;0;0;0;0;0;0;0;0;0;0;2;0;0;0;0;0;0;0;0;5;0;1;0;4;0;0;6;2;0;0;0;0;34;0;0;0;0;0;0;0;0;0
M68YD:03451:06532_SUB_SUB;295;0;0;0;0;0;0;0;0;0;0;0;3;0;0;12;0;0;25;0;0;0;0;0;0;7;0;0;2;0;0;0;0;0;0;0;0;0;0;0;6;0;1;0;0;0;0;0;0;0;0;0;0;0;0;0;0;0;13;0;119;0;0;0;0;0;0;21;0;1;0;0;0;0;10;0;0;0;0;0;3;0;0;0;0;4;0;5;63;0
M68YD:04136:00577_SUB_SUB;104;0;0;0;0;0;0;0;0;0;0;0;1;0;0;1;0;0;43;0;1;0;0;1;0;0;0;0;7;0;0;11;0;0;0;0;0;0;0;0;0;0;0;0;0;0;0;0;0;0;0;0;0;0;0;0;0;0;0;0;0;0;0;0;0;0;0;0;0;0;0;0;0;0;0;0;0;0;0;0;0;0;0;0;0;0;0;39;0;0
M68YD:04423:06779_SUB_SUB;220;0;0;0;0;0;0;0;0;0;0;0;0;0;0;0;0;0;216;0;0;0;0;0;0;0;0;0;0;0;0;1;0;0;0;0;0;0;0;0;2;0;0;0;0;0;0;0;0;0;0;0;0;0;0;0;0;0;1;0;0;0;0;0;0;0;0;0;0;0;0;0;0;0;0;0;0;0;0;0;0;0;0;0;0;0;0;0;0;0
M68YD:03959:06416_SUB_SUB;165;0;0;0;0;0;0;0;0;0;0;0;0;2;0;3;0;0;17;0;0;0;0;3;0;2;0;0;0;0;0;41;0;0;0;0;0;0;1;0;0;0;2;0;0;0;0;0;0;0;0;0;0;0;0;0;0;0;0;0;0;0;0;0;0;0;0;2;0;1;0;36;0;0;1;14;0;0;0;0;2;0;0;0;0;0;0;38;0;0
M68YD:03075:01988_SUB_SUB;280;0;0;0;0;0;0;0;0;0;0;0;1;1;0;6;0;0;18;0;0;6;0;25;0;5;0;0;0;0;0;95;0;0;0;0;0;0;0;1;55;0;12;0;0;0;0;0;0;0;0;0;0;0;0;0;0;0;5;0;1;0;0;0;0;0;0;25;0;7;0;0;0;0;15;0;0;0;0;0;2;0;0;0;0;0;0;0;0;0
M68YD:03987:06722_SUB_SUB;687;0;0;0;0;0;0;0;0;0;0;0;0;0;0;0;0;0;640;0;0;0;0;0;0;0;0;0;0;0;0;0;0;0;0;0;0;0;0;0;2;0;0;0;0;0;0;0;0;0;0;0;0;0;0;0;0;0;15;0;0;0;0;0;0;0;0;1;0;0;0;0;0;0;26;1;0;0;0;0;2;0;0;0;0;0;0;0;0;0
M68YD:04489:06978_SUB_SUB;270;0;0;0;0;0;0;0;0;0;0;0;0;0;0;0;0;0;266;0;0;0;0;0;0;0;0;0;0;0;0;0;0;0;0;0;0;0;0;0;0;0;0;0;0;0;0;0;0;0;0;0;0;0;0;0;0;0;2;0;0;0;0;0;0;0;0;0;0;0;0;0;0;0;2;0;0;0;0;0;0;0;0;0;0;0;0;0;0;0
M68YD:03243:01002_SUB_SUB;259;0;0;0;0;0;0;0;0;0;0;0;0;1;0;1;0;0;196;0;0;1;0;2;0;2;0;0;0;0;0;7;0;0;0;0;0;0;0;1;20;0;3;0;0;0;0;0;0;0;0;0;0;0;0;0;0;0;5;0;0;0;0;0;0;0;0;7;0;0;0;0;0;0;12;0;0;0;0;0;1;0;0;0;0;0;0;0;0;0
M68YD:00193:02070_SUB_SUB;186;0;0;0;0;0;0;0;0;0;0;0;0;0;0;0;0;0;0;0;0;0;0;0;0;0;0;0;0;0;0;0;0;0;0;0;0;0;0;0;0;0;150;0;0;0;0;0;0;0;0;0;0;0;0;0;0;0;0;0;0;36;0;0;0;0;0;0;0;0;0;0;0;0;0;0;0;0;0;0;0;0;0;0;0;0;0;0;0;0
M68YD:03546:01340_SUB_SUB;118;0;0;0;0;0;0;0;0;0;0;0;0;0;0;0;0;0;0;0;0;31;0;6;0;0;0;0;0;0;0;58;0;0;0;0;0;0;0;0;0;0;0;0;21;1;0;1;0;0;0;0;0;0;0;0;0;0;0;0;0;0;0;0;0;0;0;0;0;0;0;0;0;0;0;0;0;0;0;0;0;0;0;0;0;0;0;0;0;0
M68YD:01218:07134_SUB_SUB;2334;1;0;0;0;0;0;0;0;0;0;0;0;0;0;0;0;0;0;0;0;1;0;0;0;0;0;0;0;0;0;0;0;0;0;0;0;0;0;0;0;0;0;0;0;0;0;0;0;0;0;0;0;0;2332;0;0;0;0;0;0;0;0;0;0;0;0;0;0;0;0;0;0;0;0;0;0;0;0;0;0;0;0;0;0;0;0;0;0;0
M68YD:04051:06536_SUB_SUB;242;0;0;0;0;0;0;0;0;0;0;0;0;0;0;0;0;0;0;0;0;0;0;0;0;0;0;0;0;0;0;0;0;0;0;0;0;0;0;0;0;0;0;0;0;0;0;0;0;0;0;0;0;0;242;0;0;0;0;0;0;0;0;0;0;0;0;0;0;0;0;0;0;0;0;0;0;0;0;0;0;0;0;0;0;0;0;0;0;0
M68YD:04861:06876_SUB_SUB;653;0;0;0;0;0;0;0;0;0;0;0;2;0;0;30;6;0;0;0;0;0;0;0;1;0;0;0;0;125;1;0;0;6;0;0;0;2;1;0;0;0;103;0;42;34;0;3;243;0;5;0;0;1;0;0;0;0;0;0;0;6;0;0;8;1;0;0;2;5;0;0;1;0;0;0;0;0;0;0;9;0;7;0;0;0;0;0;0;9
M68YD:02757:02706_SUB_SUB;133;0;0;0;0;0;0;0;0;0;0;0;1;0;0;5;0;0;0;0;0;0;0;0;1;0;0;0;0;24;0;0;0;0;0;0;0;0;0;0;0;1;18;0;3;3;0;0;65;0;0;0;0;0;0;0;0;0;0;0;0;3;0;0;1;0;0;0;1;1;0;0;0;0;0;0;0;0;0;0;4;0;0;0;0;0;0;0;0;2
M68YD:03667:01818_SUB_SUB;660;0;0;0;0;0;0;0;0;0;0;0;2;0;0;32;8;0;0;0;0;0;0;0;13;0;0;0;0;77;0;0;0;3;0;0;0;2;2;0;0;1;168;0;37;75;0;1;158;0;5;0;0;0;0;0;0;0;0;0;0;34;0;0;2;0;0;0;1;5;0;0;5;0;0;0;3;0;0;0;4;0;10;0;1;0;0;0;0;11
M68YD:00753:00949_SUB_SUB;365;0;0;0;0;0;0;0;0;0;0;0;2;0;0;18;4;0;0;0;0;0;0;0;10;0;0;0;0;49;0;0;0;0;0;0;0;3;0;0;0;2;71;0;18;45;0;0;100;0;2;0;0;0;0;0;0;0;0;0;0;15;0;0;1;0;0;0;2;0;0;0;4;0;0;1;5;0;0;0;3;0;6;0;0;0;0;0;0;4
M68YD:03978:04783_SUB_SUB;1273;0;0;0;0;0;0;0;0;0;0;0;2;0;0;72;15;0;0;0;0;0;0;0;7;0;0;0;0;210;0;0;0;1;0;0;0;7;2;0;0;1;196;0;72;81;0;1;499;0;6;0;0;1;0;0;0;0;0;0;0;23;0;0;7;0;0;0;7;5;0;1;5;0;0;0;4;0;0;0;15;0;14;0;0;0;0;0;0;19
M68YD:04037:00389_SUB_SUB;521;0;0;0;0;0;0;0;0;0;0;0;1;0;0;22;6;0;0;0;0;0;0;0;15;0;0;0;0;61;0;0;0;1;0;0;0;4;1;0;0;1;112;0;36;63;0;0;118;0;4;0;0;1;0;0;0;0;0;0;0;30;0;0;1;0;0;0;4;4;0;1;5;0;0;1;6;0;0;2;5;0;5;0;1;0;0;0;0;10
M68YD:02794:01621_SUB_SUB;467;0;0;0;0;0;0;0;0;0;0;0;1;0;0;15;8;0;0;0;0;0;0;0;9;0;0;0;0;47;0;0;0;1;0;0;0;3;1;0;0;0;115;0;22;48;0;0;123;0;7;0;0;0;0;0;0;0;0;0;0;34;0;0;5;0;0;0;2;0;0;0;2;0;0;1;2;0;0;1;4;0;9;0;0;0;0;0;0;7
M68YD:00680:05932_SUB_SUB;151;0;0;0;0;0;0;0;0;0;0;0;0;0;0;6;0;0;0;0;0;0;0;0;2;0;0;0;0;32;0;0;0;2;0;0;0;3;0;0;0;0;17;0;3;11;0;0;60;0;0;0;0;0;0;0;0;0;0;0;0;3;0;0;2;0;0;0;0;2;0;0;1;0;0;1;0;0;0;0;2;0;3;0;0;0;0;0;0;1
M68YD:00426:04630_SUB_SUB;167;0;0;0;0;0;0;0;0;0;0;0;0;0;0;17;0;0;0;0;0;0;0;0;2;0;0;0;0;28;0;0;0;0;0;0;0;0;1;0;0;0;26;0;16;12;0;0;52;0;1;0;0;0;0;0;0;0;0;0;0;2;0;0;1;0;0;0;1;0;0;0;0;0;0;0;2;0;0;0;2;0;2;0;0;0;0;0;0;2
M68YD:00621:03834_SUB_SUB;309;0;0;0;0;0;0;0;0;0;0;0;0;0;0;12;2;0;0;0;0;0;0;0;7;0;0;0;0;50;0;0;0;0;0;0;0;0;0;0;0;0;60;0;17;36;0;0;92;0;0;0;0;0;0;0;0;0;0;0;0;14;0;0;3;0;0;0;1;2;0;0;3;0;0;0;2;0;0;0;2;0;4;0;0;0;0;0;0;2
M68YD:04806:02024_SUB_SUB;240;0;0;0;0;0;0;0;0;0;0;0;0;0;0;13;3;0;0;0;0;0;0;0;5;0;0;0;0;35;1;0;0;1;0;0;0;0;1;0;0;1;42;0;13;28;0;0;57;0;3;0;0;0;0;0;0;0;0;0;0;19;0;0;1;0;0;0;0;0;0;0;5;0;0;0;4;0;0;0;1;0;2;0;0;0;0;0;0;5
M68YD:03628:01587_SUB_SUB;152;0;0;0;0;0;0;0;0;0;0;0;0;0;0;7;1;0;0;0;0;0;0;0;4;0;0;0;0;17;0;0;0;1;0;0;0;0;1;0;0;0;38;0;5;11;0;0;58;0;1;0;0;0;0;0;0;0;0;0;0;6;0;0;0;0;0;0;0;0;0;0;0;0;0;0;0;0;0;0;0;0;1;0;0;0;0;0;0;1
M68YD:01052:01417_SUB_SUB;217;0;0;0;0;0;0;0;0;0;0;0;0;0;0;10;3;0;0;0;0;0;0;0;2;0;0;0;0;20;0;0;0;1;0;0;0;1;1;0;0;0;48;0;18;20;0;0;70;0;2;0;0;0;0;0;0;0;0;0;0;6;0;0;2;0;0;0;1;0;0;0;1;0;0;0;3;0;0;0;3;0;3;0;0;0;0;0;0;2
M68YD:03485:02930_SUB_SUB;136;0;0;0;0;0;0;0;0;0;0;0;0;0;0;2;5;0;0;0;0;0;0;0;4;0;0;0;0;20;0;0;0;0;0;0;0;0;0;0;0;0;30;0;2;14;0;0;42;0;0;0;0;0;0;0;0;0;0;0;0;3;0;0;4;0;0;0;0;1;0;1;4;0;0;0;0;0;0;0;2;0;1;0;0;0;0;0;0;1
M68YD:05186:05770_SUB_SUB;169;0;0;0;0;0;0;0;0;0;0;0;1;0;0;10;1;0;0;0;0;0;0;0;3;0;0;0;0;10;0;0;0;0;0;0;0;0;0;0;0;0;39;0;18;16;0;0;43;0;1;0;0;0;0;0;0;0;0;0;0;16;0;0;0;0;0;0;0;0;0;0;0;0;0;0;2;0;0;0;2;0;3;0;0;0;0;0;0;4
M68YD:04826:02183_SUB_SUB;974;0;0;0;0;0;0;0;0;0;0;0;2;0;0;37;9;0;0;0;0;0;0;0;20;0;0;0;0;158;0;0;0;2;0;0;0;8;1;0;0;2;208;0;46;83;0;3;289;0;3;0;0;0;0;0;0;0;0;0;0;38;0;0;6;2;0;0;3;6;0;0;5;0;0;1;3;0;0;0;11;0;12;0;0;0;0;0;0;16
M68YD:00192:02936_SUB_SUB;466;0;0;0;0;0;0;0;0;0;0;0;1;0;0;21;5;0;0;0;0;0;0;0;10;0;0;0;0;76;1;0;0;2;0;0;0;2;2;0;0;1;89;0;20;26;0;0;161;0;2;0;0;0;0;0;0;0;0;0;0;16;0;0;3;0;0;0;0;4;0;0;4;0;0;0;4;0;0;0;1;0;8;0;0;0;0;0;0;7
M68YD:02684:06870_SUB_SUB;350;0;0;0;0;0;0;0;0;0;0;0;2;0;0;11;3;0;0;0;0;0;0;0;7;0;0;0;0;52;0;0;0;0;0;0;0;3;0;0;0;0;84;0;20;27;0;0;115;0;0;0;0;0;0;0;0;0;0;0;0;7;0;0;2;0;0;0;3;1;0;0;4;0;0;0;1;0;0;0;2;0;3;0;0;0;0;0;0;3
M68YD:05141:01754_SUB_SUB;108;0;0;0;0;0;0;0;0;0;0;0;0;0;0;3;1;0;0;0;0;0;0;0;4;0;0;0;0;11;0;0;0;1;0;0;0;1;0;0;0;0;35;0;3;5;0;0;35;0;1;0;0;0;0;0;0;0;0;0;0;5;0;0;1;0;0;0;1;0;0;0;0;0;0;0;0;0;0;0;0;0;0;0;0;0;0;0;0;1
M68YD:00104:03092_SUB_SUB;136;0;0;0;0;0;0;0;0;0;0;0;0;0;0;6;4;0;0;0;0;0;0;0;3;0;0;0;0;32;0;0;0;0;0;0;0;0;0;0;0;1;13;0;2;6;0;0;56;0;0;0;0;0;0;0;0;0;0;0;0;3;0;0;1;1;0;0;0;1;0;0;0;0;0;1;2;0;0;0;0;0;1;0;0;0;0;0;0;3
M68YD:05004:05778_SUB_SUB;137;0;0;0;0;0;0;0;0;0;0;0;0;0;0;9;3;0;0;0;0;0;0;0;0;0;0;0;0;23;1;0;0;0;0;0;0;2;0;0;0;0;19;0;5;14;0;0;53;0;3;0;0;0;0;0;0;0;0;0;0;3;0;0;0;0;0;0;0;0;0;0;1;0;0;0;0;0;0;0;0;0;0;0;0;0;0;0;0;1
M68YD:00317:05264_SUB_SUB;100;0;0;0;0;0;0;0;0;0;0;0;2;0;0;7;2;0;0;0;0;0;0;0;5;0;0;0;0;3;0;0;0;0;0;0;0;0;0;0;0;0;15;0;10;13;0;0;27;0;0;0;0;0;0;0;0;0;0;0;0;12;0;0;0;0;0;0;0;0;0;0;0;0;0;1;1;0;0;0;0;0;1;0;0;0;0;0;0;1
M68YD:00081:03678_SUB_SUB;218;0;0;0;0;0;0;0;0;0;0;0;0;0;0;7;2;0;0;0;0;0;0;0;1;0;0;0;0;42;1;0;0;0;0;0;0;1;0;0;0;1;35;0;8;12;0;0;84;0;4;0;0;0;0;0;0;0;0;0;0;1;0;0;5;0;0;0;4;1;0;0;0;0;0;1;1;0;0;0;4;0;1;0;0;0;0;0;0;2
M68YD:03338:01541_SUB_SUB;185;0;0;0;0;0;0;0;0;0;0;0;0;0;0;8;1;0;0;0;0;0;0;0;3;0;0;0;0;31;0;0;0;0;0;0;0;4;0;0;0;1;33;0;6;7;0;0;71;0;1;0;0;0;0;0;0;0;0;0;0;3;0;0;2;0;0;0;2;1;0;0;1;0;0;0;1;0;0;0;2;0;6;0;0;0;0;0;0;1
M68YD:00960:00803_SUB_SUB;203;0;0;0;0;0;0;0;0;0;0;0;0;0;0;9;0;0;0;0;0;0;0;0;2;0;0;0;0;39;0;0;0;2;0;0;0;1;0;0;0;0;27;0;12;11;0;0;85;0;0;0;0;0;0;0;0;0;0;0;0;3;0;0;1;0;0;0;2;3;0;0;0;0;0;0;1;0;0;0;1;0;0;0;0;0;0;0;0;4
M68YD:03621:00674_SUB_SUB;252;0;0;0;0;0;0;0;0;0;0;0;0;0;0;12;2;0;0;0;0;0;0;0;10;0;0;0;0;26;0;0;0;0;0;0;0;3;0;0;0;0;48;0;17;21;0;0;70;0;1;0;0;1;0;0;1;0;0;0;0;22;0;0;4;0;0;0;1;2;0;0;3;0;0;0;2;0;0;0;1;0;3;0;0;0;0;0;0;2
M68YD:00225:02138_SUB_SUB;156;0;0;0;0;0;0;0;0;0;0;0;0;0;0;10;3;0;0;0;0;0;0;0;4;0;0;0;0;31;0;0;0;1;0;0;0;0;0;0;0;0;29;0;5;16;0;1;39;0;1;0;0;0;0;0;0;0;0;0;0;9;0;0;0;0;0;0;1;0;0;0;0;0;0;0;1;0;0;0;1;0;2;0;0;0;0;0;0;2
M68YD:04721:06026_SUB_SUB;162;0;0;0;0;0;0;0;0;0;0;0;0;0;0;7;1;0;0;0;0;0;0;0;1;0;0;0;0;36;0;0;0;1;0;0;0;0;1;0;0;1;19;0;8;11;0;1;60;0;0;0;0;0;0;0;0;0;0;0;0;6;0;0;1;0;0;0;0;2;0;0;2;0;0;0;1;0;0;0;1;0;0;0;0;0;0;0;0;2
M68YD:05045:05133_SUB_SUB;131;0;0;0;0;0;0;0;0;0;0;0;1;0;0;6;1;0;0;0;0;0;0;0;5;0;0;0;0;22;0;0;0;0;0;0;0;2;1;0;0;1;19;0;7;8;0;0;46;0;0;0;0;0;0;0;0;0;0;0;0;7;0;0;0;0;0;0;1;0;0;0;3;0;0;0;1;0;0;0;0;0;0;0;0;0;0;0;0;0
M68YD:03493:07514_SUB_SUB;551;0;0;0;0;0;0;0;0;0;0;0;2;0;0;34;6;0;0;0;0;0;0;0;5;0;0;0;0;61;0;0;0;3;0;0;0;2;2;0;0;2;116;0;36;32;0;0;207;0;2;0;0;1;0;0;0;0;0;0;0;14;0;0;0;0;0;0;4;2;0;0;2;0;0;0;0;0;0;0;3;0;4;0;0;0;0;0;0;11
M68YD:04607:06766_SUB_SUB;315;0;0;0;0;0;0;0;0;0;0;0;0;0;0;17;6;0;0;0;0;0;0;0;7;0;0;0;0;49;0;0;0;2;0;0;0;1;0;0;0;0;59;0;18;25;0;0;95;0;3;0;0;1;0;0;0;0;0;0;0;17;0;0;0;0;0;0;2;2;0;0;3;0;0;0;0;0;0;0;1;0;2;0;0;0;0;0;0;5
M68YD:00622:02296_SUB_SUB;358;0;0;0;0;0;0;0;0;0;0;0;0;0;0;19;6;0;0;0;0;0;0;0;7;0;0;0;0;59;1;0;0;1;0;0;0;0;0;0;0;1;79;0;17;25;0;0;111;0;2;0;0;1;0;0;0;0;0;0;0;17;0;0;3;0;0;0;1;0;0;0;1;0;0;0;1;0;0;0;1;0;2;0;0;0;0;0;0;3
M68YD:00636:03789_SUB_SUB;100;0;0;0;0;0;0;0;0;0;0;0;0;0;0;3;0;0;0;0;0;0;0;0;3;0;0;0;0;22;0;0;0;0;0;0;0;0;0;0;0;0;15;0;3;5;0;0;38;0;1;0;0;0;0;0;0;0;0;0;0;0;0;0;2;0;0;0;2;1;0;0;1;0;0;0;0;0;0;0;1;0;2;0;0;0;0;0;0;1
M68YD:04944:05856_SUB_SUB;208;0;0;0;0;0;0;0;0;0;0;0;0;0;0;10;1;0;0;0;0;0;0;0;6;0;0;0;0;15;0;0;0;0;0;0;0;1;0;0;0;0;55;0;18;21;0;0;46;0;0;0;0;0;0;0;0;0;0;0;0;14;0;0;3;1;0;0;1;1;0;0;4;0;0;1;2;0;0;0;0;0;1;0;0;0;0;0;0;7
M68YD:00795:02772_SUB_SUB;205;0;0;0;0;0;0;0;0;0;0;0;0;0;0;10;3;0;0;0;0;0;0;0;5;0;0;0;0;31;0;0;0;0;0;0;0;1;0;0;0;1;44;0;6;25;0;0;59;0;1;0;0;0;0;0;0;0;0;0;0;11;0;0;0;0;0;0;0;1;0;0;0;0;0;0;1;0;0;0;2;0;2;0;0;0;0;0;0;2
M68YD:01158:04129_SUB_SUB;563;0;0;0;0;0;0;0;0;0;0;0;1;0;0;33;4;0;0;0;0;0;0;0;10;0;0;0;0;70;1;0;0;1;0;0;0;1;0;0;0;0;111;0;24;50;0;0;195;0;6;0;0;0;0;0;1;0;0;0;0;17;0;0;6;1;0;0;2;4;0;0;2;0;0;1;5;0;0;0;5;0;9;0;0;0;0;0;0;3
M68YD:04126:02791_SUB_SUB;998;0;0;0;0;0;0;0;0;0;0;0;2;0;0;51;13;0;0;0;0;0;0;0;17;0;0;0;0;161;2;0;0;1;0;0;0;10;1;0;0;1;188;0;39;93;0;1;296;0;3;0;0;2;0;0;0;0;0;0;0;44;0;0;10;0;0;0;6;6;0;0;3;0;0;0;10;0;0;1;13;0;12;0;0;0;0;0;0;12
M68YD:04365:00585_SUB_SUB;318;0;0;0;0;0;0;0;0;0;0;0;1;0;0;12;1;0;0;0;0;0;0;0;7;0;0;0;0;47;1;0;0;1;0;0;0;3;1;0;0;0;61;0;14;30;0;0;103;0;4;0;0;0;0;0;0;0;0;0;0;11;0;1;3;0;0;0;2;0;0;0;3;0;0;0;2;0;0;0;1;0;4;0;0;0;0;0;0;5
M68YD:01954:02721_SUB_SUB;928;0;0;0;0;0;0;0;0;0;0;0;2;0;0;46;17;0;0;0;0;0;0;0;12;0;0;0;0;143;0;0;0;2;0;0;0;8;3;0;0;0;204;0;28;82;0;1;273;0;3;0;0;1;0;0;0;0;0;0;0;38;0;0;4;0;0;0;1;2;0;0;8;0;0;1;4;0;0;1;11;0;13;0;0;0;0;0;0;20
M68YD:00428:04800_SUB_SUB;150;0;0;0;0;0;0;0;0;0;0;0;0;0;0;7;2;0;0;0;0;0;0;0;2;0;0;0;0;11;0;0;0;0;0;0;0;2;0;0;0;0;29;0;6;17;0;0;49;0;2;0;0;1;0;0;0;0;0;0;0;12;0;0;0;0;0;0;0;0;0;0;2;0;0;0;2;0;0;0;2;0;1;0;0;0;0;0;0;3
M68YD:00802:01652_SUB_SUB;415;0;0;0;0;0;0;0;0;0;0;0;0;0;0;26;5;0;0;0;0;0;0;0;9;0;0;0;0;63;0;0;0;1;0;0;0;2;4;0;0;0;96;0;25;34;0;0;94;0;2;0;0;1;0;0;0;0;0;0;0;24;0;0;1;0;0;0;4;3;0;0;1;0;0;0;5;0;0;0;7;0;3;0;2;0;0;0;0;3
M68YD:01234:01561_SUB_SUB;203;0;0;0;0;0;0;0;0;0;0;0;1;0;0;11;3;0;0;0;0;0;0;0;4;0;0;0;0;25;0;0;0;2;0;0;0;1;0;0;0;0;48;0;15;17;0;0;62;0;0;0;0;0;0;0;0;0;0;0;0;5;0;0;1;0;0;0;1;0;0;0;0;0;0;0;0;0;0;0;2;0;2;0;0;0;0;0;0;3
M68YD:01871:03428_SUB_SUB;242;0;0;0;0;0;0;0;0;0;0;0;1;0;0;8;2;0;0;0;0;0;0;0;3;0;0;0;0;37;0;0;0;0;0;0;0;4;1;0;0;0;56;0;14;23;0;0;77;0;0;0;0;1;0;0;0;0;0;0;0;4;0;0;2;0;0;0;0;0;0;0;0;0;0;0;0;0;0;0;5;0;1;0;0;0;0;0;0;3
M68YD:01067:06308_SUB_SUB;111;0;0;0;0;0;0;0;0;0;0;0;0;0;0;8;2;0;0;0;0;0;0;0;3;0;0;0;0;16;0;0;0;0;0;0;0;0;1;0;0;0;22;0;2;12;0;0;29;0;2;0;0;0;0;0;0;0;0;0;0;7;0;0;1;0;0;0;0;0;0;0;0;0;0;0;0;0;0;0;1;0;2;0;0;0;0;0;0;3
M68YD:00248:02116_SUB_SUB;125;0;0;0;0;0;0;0;0;0;0;0;0;0;0;9;3;0;0;0;0;0;0;0;4;0;0;0;0;18;0;0;0;2;0;0;0;1;0;0;0;0;23;0;8;9;0;1;35;0;0;0;0;0;0;0;0;0;0;0;0;6;0;0;0;0;0;0;0;0;0;0;0;0;0;0;1;0;0;1;1;0;0;0;1;0;0;0;0;2
M68YD:00339:06725_SUB_SUB;306;0;0;0;0;0;0;0;0;0;0;0;1;0;0;23;4;0;0;0;0;0;0;0;10;0;0;0;0;29;0;0;0;1;0;0;0;0;1;0;0;0;70;0;18;39;0;0;65;0;1;0;0;0;0;0;0;0;0;0;0;21;0;0;4;0;0;0;2;0;0;0;3;0;0;2;3;0;0;0;4;0;1;0;0;0;0;0;0;4
M68YD:03852:05239_SUB_SUB;379;0;0;0;0;0;0;0;0;0;0;0;1;0;0;15;7;0;0;0;0;0;0;0;6;0;0;0;0;54;0;0;0;1;0;0;0;2;1;0;0;1;74;0;24;46;0;2;97;0;3;0;0;0;0;0;0;0;0;0;0;17;0;0;1;0;0;0;1;2;0;0;2;0;0;0;2;0;0;0;8;0;7;0;0;0;0;0;0;5
M68YD:04926:01897_SUB_SUB;107;0;0;0;0;0;0;0;0;0;0;0;0;0;0;6;1;0;0;0;0;0;0;0;1;0;0;0;0;15;0;0;0;0;0;0;0;1;0;0;0;0;31;0;3;6;0;0;31;0;1;0;0;0;0;0;0;0;0;0;0;3;0;0;3;0;0;0;0;0;0;0;1;0;0;0;0;0;0;0;2;0;1;0;0;0;0;0;0;1
M68YD:00526:06992_SUB_SUB;125;0;0;0;0;0;0;0;0;0;0;0;0;0;0;13;0;0;0;0;0;0;0;0;2;0;0;0;0;10;0;0;0;0;0;0;0;0;0;0;0;0;30;0;7;20;0;0;29;0;0;0;0;0;0;0;0;0;0;0;0;8;0;0;1;1;0;0;0;0;0;0;2;0;0;0;0;0;0;0;1;0;0;0;0;0;0;0;0;1
M68YD:00508:01242_SUB_SUB;229;0;0;0;0;0;0;0;0;0;0;0;0;0;0;10;1;0;0;0;0;0;0;0;3;0;0;0;0;28;0;0;0;2;0;0;0;2;1;0;0;1;53;0;17;15;0;0;71;0;2;0;0;0;0;0;0;0;0;0;0;11;0;0;0;0;0;0;0;0;0;0;2;0;0;0;2;0;0;0;2;0;3;0;0;0;0;0;0;3
M68YD:00646:02540_SUB_SUB;229;0;0;0;0;0;0;0;0;0;0;0;0;0;0;8;1;0;0;0;0;0;0;0;3;0;0;0;0;38;0;0;0;1;0;0;0;3;0;0;0;0;41;0;10;20;0;0;67;0;4;0;0;0;0;0;0;0;0;0;0;15;0;0;4;0;0;0;0;1;0;0;6;0;0;0;0;0;0;0;1;0;4;0;0;0;0;0;0;2
M68YD:01004:04299_SUB_SUB;209;0;0;0;0;0;0;0;0;0;0;0;0;0;0;11;4;0;0;0;0;0;0;0;4;0;0;0;0;29;0;0;0;1;0;0;0;0;1;0;0;0;43;0;15;23;0;0;47;0;0;0;0;0;0;0;1;0;0;0;0;14;0;0;0;0;0;0;1;0;0;0;2;0;0;1;3;0;0;0;4;0;1;0;0;0;0;0;0;4
M68YD:02977:05456_SUB_SUB;223;0;0;0;0;0;0;0;0;0;0;0;0;0;0;11;1;0;0;0;0;0;0;0;1;0;0;0;0;35;0;0;0;0;0;0;0;0;1;0;0;1;39;0;13;16;0;0;80;0;1;0;0;0;0;0;0;0;0;0;0;10;0;0;1;0;0;0;0;1;0;0;1;0;0;1;1;0;0;0;1;0;4;0;0;0;0;0;0;4
M68YD:01997:04173_SUB_SUB;164;0;0;0;0;0;0;0;0;0;0;0;1;0;0;11;4;0;0;0;0;0;0;0;3;0;0;0;0;21;0;0;0;1;0;0;0;0;0;0;0;0;26;0;7;20;0;1;40;0;1;0;0;0;0;0;0;0;0;0;0;16;0;0;0;0;0;0;2;1;0;0;2;0;0;0;1;0;0;0;3;0;1;0;0;0;0;0;0;2
M68YD:04268:06950_SUB_SUB;815;0;0;0;0;0;0;0;0;0;0;0;0;0;0;0;0;0;0;0;0;0;0;0;0;0;0;0;0;0;0;0;0;0;0;0;0;0;0;0;0;0;0;0;0;0;0;0;0;0;0;0;0;0;815;0;0;0;0;0;0;0;0;0;0;0;0;0;0;0;0;0;0;0;0;0;0;0;0;0;0;0;0;0;0;0;0;0;0;0
M68YD:01140:06288_SUB_SUB;102;0;0;0;0;0;0;0;0;0;0;0;0;0;0;0;0;0;0;0;0;0;0;0;0;0;0;0;0;0;0;0;0;0;0;0;0;0;0;0;0;0;0;0;0;0;0;0;0;0;0;0;0;0;102;0;0;0;0;0;0;0;0;0;0;0;0;0;0;0;0;0;0;0;0;0;0;0;0;0;0;0;0;0;0;0;0;0;0;0
M68YD:01316:01547_SUB_SUB;611;0;0;0;0;0;0;0;0;0;0;0;0;8;0;72;0;0;0;0;0;24;0;0;0;0;0;0;0;8;0;0;0;0;0;0;0;0;0;0;0;0;0;0;0;0;0;0;0;0;0;0;0;0;0;0;0;0;11;0;0;0;0;0;0;0;0;0;0;0;0;0;0;0;0;0;10;0;0;0;116;0;0;0;0;0;0;362;0;0
M68YD:00190:02402_SUB_SUB;172;0;0;0;0;0;0;0;0;0;0;0;6;0;0;32;2;0;0;0;0;0;0;0;0;0;0;0;0;7;0;0;0;0;0;0;0;2;2;0;0;0;19;0;29;4;0;2;15;0;3;0;0;0;0;0;0;0;0;0;0;22;0;0;0;0;0;0;18;2;0;0;2;0;0;1;0;0;0;0;2;0;2;0;0;0;0;0;0;0
M68YD:04382:06805_SUB_SUB;870;0;0;0;0;0;0;0;0;0;0;0;2;0;0;1;0;7;0;0;0;7;0;0;0;0;0;0;0;0;0;153;0;0;0;0;0;0;0;1;0;0;0;0;0;0;0;0;204;0;0;0;0;0;0;0;0;0;0;0;0;0;0;0;0;0;0;0;0;0;494;0;0;0;0;0;0;0;0;0;1;0;0;0;0;0;0;0;0;0
M68YD:00993:05950_SUB_SUB;102;0;0;0;0;0;0;0;0;0;0;0;0;0;0;0;0;0;0;0;0;0;0;0;0;0;0;0;0;0;0;0;0;0;0;0;0;0;0;0;0;0;0;0;0;0;0;0;0;0;0;0;0;0;0;0;0;0;0;0;101;1;0;0;0;0;0;0;0;0;0;0;0;0;0;0;0;0;0;0;0;0;0;0;0;0;0;0;0;0
M68YD:04228:07007_SUB_SUB;142;0;0;0;0;0;0;0;0;0;0;0;0;0;0;0;0;0;0;0;0;0;0;0;0;0;0;0;0;0;0;0;0;0;0;0;0;0;0;0;0;0;0;0;0;0;0;0;0;0;0;0;0;0;0;0;0;0;0;0;0;0;0;0;0;0;0;0;0;0;142;0;0;0;0;0;0;0;0;0;0;0;0;0;0;0;0;0;0;0
M68YD:04446:06853_SUB_SUB;9929;0;134;9;252;66;561;0;0;1406;5734;626;0;0;0;0;0;0;0;0;0;0;0;0;0;0;0;0;1;0;0;0;0;0;0;0;0;0;0;79;0;0;1057;0;0;0;0;0;0;0;0;0;0;0;0;0;0;0;0;0;0;0;0;4;0;0;0;0;0;0;0;0;0;0;0;0;0;0;0;0;0;0;0;0;0;0;0;0;0;0
M68YD:00094:02244_SUB_SUB;1277;0;14;1;27;11;72;0;0;201;736;66;0;0;0;0;0;0;0;0;0;0;0;0;0;0;0;0;0;0;0;0;0;0;0;0;0;0;0;8;0;0;141;0;0;0;0;0;0;0;0;0;0;0;0;0;0;0;0;0;0;0;0;0;0;0;0;0;0;0;0;0;0;0;0;0;0;0;0;0;0;0;0;0;0;0;0;0;0;0
M68YD:01685:00886_SUB_SUB;132;0;1;1;2;0;6;0;0;19;88;6;0;0;0;0;0;0;0;0;0;0;0;0;0;0;0;0;0;0;0;0;0;0;0;0;0;0;0;0;0;0;9;0;0;0;0;0;0;0;0;0;0;0;0;0;0;0;0;0;0;0;0;0;0;0;0;0;0;0;0;0;0;0;0;0;0;0;0;0;0;0;0;0;0;0;0;0;0;0
M68YD:00414:05794_SUB_SUB;732;0;10;0;16;6;48;0;0;110;418;26;0;0;0;0;0;0;0;0;0;0;0;0;0;0;0;0;0;0;0;0;0;0;0;0;0;0;0;12;0;0;86;0;0;0;0;0;0;0;0;0;0;0;0;0;0;0;0;0;0;0;0;0;0;0;0;0;0;0;0;0;0;0;0;0;0;0;0;0;0;0;0;0;0;0;0;0;0;0
M68YD:04497:00952_SUB_SUB;277;0;1;1;0;0;2;0;0;17;240;6;0;0;0;0;0;0;0;0;0;0;0;0;0;0;0;0;0;0;0;0;0;0;0;0;0;0;0;2;0;0;7;0;0;0;0;0;0;0;0;0;0;0;0;0;0;0;0;0;0;0;0;1;0;0;0;0;0;0;0;0;0;0;0;0;0;0;0;0;0;0;0;0;0;0;0;0;0;0
M68YD:04288:01342_SUB_SUB;132;0;0;0;1;0;6;0;0;22;77;5;0;0;0;0;0;0;0;0;0;0;0;0;0;0;1;0;0;0;0;0;0;0;0;0;0;0;0;3;0;0;17;0;0;0;0;0;0;0;0;0;0;0;0;0;0;0;0;0;0;0;0;0;0;0;0;0;0;0;0;0;0;0;0;0;0;0;0;0;0;0;0;0;0;0;0;0;0;0
M68YD:01930:00912_SUB_SUB;111;0;1;0;2;1;10;0;0;13;62;7;0;0;0;0;0;0;0;0;0;0;0;0;0;0;0;0;0;0;0;0;0;0;0;0;0;0;0;0;0;0;15;0;0;0;0;0;0;0;0;0;0;0;0;0;0;0;0;0;0;0;0;0;0;0;0;0;0;0;0;0;0;0;0;0;0;0;0;0;0;0;0;0;0;0;0;0;0;0
M68YD:00294:01181_SUB_SUB;3547;4;0;0;0;0;1;0;0;0;0;0;18;0;0;0;7;0;0;0;42;0;1;163;0;0;0;0;0;0;83;0;0;0;0;0;0;0;36;0;0;0;0;0;0;0;53;92;0;0;3;0;0;0;0;1;0;0;0;204;0;224;0;1101;0;9;0;0;0;1200;0;30;16;5;121;0;0;0;0;0;0;0;0;0;0;0;2;131;0;0
M68YD:01252:01194_SUB_SUB;523;0;0;0;0;0;0;0;0;0;0;0;1;0;0;0;11;0;0;0;9;0;0;22;0;0;0;0;0;0;17;0;0;0;0;0;0;0;7;0;0;0;0;0;0;0;4;11;0;0;0;0;0;0;0;0;0;0;0;27;0;32;0;201;0;2;0;0;0;133;0;2;2;0;20;0;0;0;0;0;0;0;0;0;0;0;0;22;0;0
M68YD:00240:04916_SUB_SUB;1626;7;0;0;0;1;0;0;0;0;0;0;2;0;0;0;2;0;0;0;26;0;0;23;0;0;0;0;0;0;7;0;0;0;0;0;0;0;5;0;0;0;0;0;0;0;7;21;0;0;2;0;0;0;1;0;0;0;0;25;0;43;0;565;0;10;0;0;0;827;0;4;1;0;20;0;0;0;0;0;0;0;0;0;0;0;0;27;0;0
M68YD:01826:02849_SUB_SUB;414;0;0;0;0;0;0;0;0;0;0;0;1;0;0;0;0;0;0;0;3;0;0;6;0;0;0;0;0;0;7;0;0;0;0;0;0;0;3;0;0;0;0;0;0;0;7;13;0;0;3;0;0;0;0;0;0;0;0;19;0;11;0;219;0;3;0;0;0;93;0;8;0;0;13;0;0;0;0;0;0;0;0;0;0;0;0;5;0;0
M68YD:00993:01910_SUB_SUB;190;0;0;0;0;0;0;0;0;0;0;0;0;0;0;0;0;0;0;0;2;0;0;11;0;0;0;0;0;0;1;0;0;0;0;0;0;0;2;0;0;0;0;0;0;0;0;3;0;0;0;0;0;0;0;0;0;0;0;5;0;11;0;57;0;2;0;0;0;88;0;0;0;0;1;0;0;0;0;0;0;0;0;0;0;0;0;7;0;0
M68YD:00454:06467_SUB_SUB;117;0;0;0;0;0;0;0;0;0;0;0;0;0;0;0;0;0;0;0;1;0;0;7;0;0;0;0;0;0;4;0;0;0;0;0;0;0;4;0;0;0;0;0;0;0;0;3;0;0;0;0;0;0;0;0;0;0;0;14;0;9;0;30;0;0;0;0;0;41;0;0;0;0;3;0;0;0;0;0;0;0;0;0;0;0;0;1;0;0
M68YD:04291:06705_SUB_SUB;195;0;0;0;0;0;0;0;0;0;0;0;0;0;0;0;0;0;0;0;0;0;0;0;0;0;0;0;0;0;0;0;0;0;0;0;0;0;0;0;0;0;0;0;0;0;0;0;0;0;0;0;0;0;0;0;0;0;0;0;0;0;0;0;0;0;0;0;0;0;0;0;0;0;195;0;0;0;0;0;0;0;0;0;0;0;0;0;0;0
M68YD:04527:06808_SUB_SUB;120;0;0;0;0;0;0;0;0;0;0;0;0;0;0;0;0;0;0;0;0;0;0;0;0;0;0;0;0;0;0;0;0;0;0;0;0;0;0;0;0;0;0;0;0;0;0;2;0;0;0;0;0;0;0;0;0;0;0;1;0;4;0;93;0;2;0;0;0;10;0;0;0;0;6;0;0;0;0;0;0;0;0;0;0;0;0;2;0;0
M68YD:03424:00304_SUB_SUB;186;0;0;0;0;0;0;0;0;0;0;0;0;0;0;0;2;0;0;0;4;0;1;2;0;0;0;0;0;0;17;0;0;0;0;0;0;0;4;0;0;0;0;0;0;0;0;9;0;0;2;0;0;0;0;0;0;0;0;9;0;21;0;64;0;2;0;0;0;42;0;1;0;0;4;0;0;0;0;0;0;0;0;0;0;0;0;2;0;0
M68YD:04271:07005_SUB_SUB;3911;128;279;161;123;14;15;0;42;1700;12;1127;0;0;0;0;0;0;0;0;0;0;0;0;0;0;0;0;0;0;0;0;0;0;0;0;0;0;0;44;0;0;249;0;0;0;17;0;0;0;0;0;0;0;0;0;0;0;0;0;0;0;0;0;0;0;0;0;0;0;0;0;0;0;0;0;0;0;0;0;0;0;0;0;0;0;0;0;0;0
M68YD:04446:06733_SUB_SUB;383;13;22;15;14;2;1;0;8;190;0;95;0;0;0;0;0;0;0;0;0;0;0;0;0;0;0;0;0;0;0;0;0;0;0;0;0;0;0;4;0;0;18;0;0;0;1;0;0;0;0;0;0;0;0;0;0;0;0;0;0;0;0;0;0;0;0;0;0;0;0;0;0;0;0;0;0;0;0;0;0;0;0;0;0;0;0;0;0;0
M68YD:04421:06410_SUB_SUB;345;14;24;15;10;1;0;0;3;167;1;84;0;0;0;0;0;0;0;0;0;0;0;0;0;0;0;0;0;0;0;0;0;0;0;0;0;0;0;4;0;0;20;0;0;0;2;0;0;0;0;0;0;0;0;0;0;0;0;0;0;0;0;0;0;0;0;0;0;0;0;0;0;0;0;0;0;0;0;0;0;0;0;0;0;0;0;0;0;0
M68YD:00412:06863_SUB_SUB;145;3;9;7;5;1;1;0;0;63;2;44;0;0;0;0;0;0;0;0;0;0;0;0;0;0;0;0;0;0;0;0;0;0;0;0;0;0;0;3;0;0;7;0;0;0;0;0;0;0;0;0;0;0;0;0;0;0;0;0;0;0;0;0;0;0;0;0;0;0;0;0;0;0;0;0;0;0;0;0;0;0;0;0;0;0;0;0;0;0
M68YD:01291:04472_SUB_SUB;13519;0;0;0;0;0;0;0;0;0;30;0;60;0;0;0;2;0;0;0;40;3098;1;2077;0;0;0;0;0;1211;0;1064;0;0;0;0;0;0;160;19;0;0;30;0;318;0;136;200;462;0;189;0;0;0;5;0;0;94;446;0;0;188;0;0;0;97;0;0;0;0;0;31;0;8;0;36;0;0;0;47;2059;0;0;1389;0;0;0;0;0;22
M68YD:04114:06924_SUB_SUB;1563;45;96;59;48;7;6;0;14;652;5;529;0;0;0;0;0;0;0;0;0;0;0;0;0;0;0;0;0;0;0;0;0;0;0;0;0;0;0;11;0;0;85;0;0;0;6;0;0;0;0;0;0;0;0;0;0;0;0;0;0;0;0;0;0;0;0;0;0;0;0;0;0;0;0;0;0;0;0;0;0;0;0;0;0;0;0;0;0;0
M68YD:00186:05838_SUB_SUB;187;4;11;7;5;2;0;0;1;92;1;51;0;0;0;0;0;0;0;0;0;0;0;0;0;0;0;0;0;0;0;0;0;0;0;0;0;0;0;1;0;0;12;0;0;0;0;0;0;0;0;0;0;0;0;0;0;0;0;0;0;0;0;0;0;0;0;0;0;0;0;0;0;0;0;0;0;0;0;0;0;0;0;0;0;0;0;0;0;0
M68YD:04070:06936_SUB_SUB;1526;0;0;0;0;0;0;0;0;0;6;0;3;0;0;0;0;0;0;0;5;296;1;283;0;0;0;0;0;115;0;113;0;0;0;0;0;0;15;1;0;0;3;0;28;0;10;16;44;0;24;0;0;0;0;0;0;3;33;0;0;16;0;0;0;13;0;0;0;0;0;5;0;0;0;5;0;0;0;9;292;0;0;183;0;0;0;0;0;4
M68YD:02078:01119_SUB_SUB;176;0;0;0;0;0;0;0;0;0;2;0;2;0;0;0;0;0;0;0;1;28;0;34;0;0;0;0;0;18;0;17;0;0;0;0;0;0;0;0;0;0;0;0;2;0;1;2;5;0;3;0;0;0;0;0;0;0;9;0;0;2;0;0;0;2;0;0;0;0;0;0;0;0;0;0;0;0;0;0;36;0;0;11;0;0;0;0;0;1
M68YD:03884:00606_SUB_SUB;893;0;0;0;0;0;0;0;0;0;4;0;2;0;0;0;0;0;0;0;2;258;0;105;0;0;0;0;0;87;0;79;0;0;0;0;0;0;5;1;0;0;0;0;15;0;7;18;29;0;16;0;0;0;0;0;0;2;43;0;0;5;0;0;0;9;0;0;0;0;0;3;0;1;0;2;0;0;0;1;90;0;0;106;0;0;0;0;0;3
M68YD:00044:05669_SUB_SUB;1727;0;0;0;0;0;0;0;0;0;3;0;4;0;0;0;0;0;0;0;10;261;0;233;0;0;0;0;0;170;0;165;0;0;0;0;0;0;43;3;0;0;2;0;34;0;25;32;49;0;12;0;0;0;0;0;0;10;63;0;0;13;0;0;0;11;0;0;0;0;0;9;0;3;0;7;0;0;0;7;378;0;0;178;0;0;0;0;0;2
M68YD:02824:01737_SUB_SUB;498;0;0;0;0;0;0;0;0;0;1;0;3;0;0;0;0;0;0;0;0;168;1;82;0;0;0;0;0;41;0;25;0;0;0;0;0;0;1;1;0;0;0;0;6;0;1;6;18;0;19;0;0;0;0;0;0;1;15;0;0;8;0;0;0;7;0;0;0;0;0;0;0;1;0;0;0;0;0;1;45;0;0;47;0;0;0;0;0;0
M68YD:01771:05747_SUB_SUB;109;0;0;0;0;0;0;0;0;0;0;0;1;0;0;0;0;0;0;0;0;24;0;24;0;0;0;0;0;8;0;9;0;0;0;0;0;0;0;0;0;0;1;0;1;0;0;0;5;0;1;0;0;0;0;0;0;1;1;0;0;1;0;0;0;2;0;0;0;0;0;0;0;0;0;0;0;0;0;0;12;0;0;17;0;0;0;0;0;1
M68YD:04613:06874_SUB_SUB;118;0;0;0;0;0;0;0;0;0;0;0;0;0;0;0;0;0;0;0;0;0;0;0;0;0;0;0;0;0;0;118;0;0;0;0;0;0;0;0;0;0;0;0;0;0;0;0;0;0;0;0;0;0;0;0;0;0;0;0;0;0;0;0;0;0;0;0;0;0;0;0;0;0;0;0;0;0;0;0;0;0;0;0;0;0;0;0;0;0
M68YD:01065:07009_SUB_SUB;197;0;0;0;0;0;0;0;0;0;1;0;2;0;0;0;0;0;0;0;2;25;0;42;0;0;0;0;0;15;0;11;0;0;0;0;0;0;1;0;0;0;1;0;8;0;1;5;5;0;2;0;0;0;0;0;0;3;6;0;0;2;0;0;0;1;0;0;0;0;0;2;0;1;0;2;0;0;0;0;38;0;0;21;0;0;0;0;0;0
M68YD:01205:06418_SUB_SUB;433;0;0;0;0;0;0;0;0;0;1;0;12;0;0;0;1;0;0;0;1;38;0;46;0;0;0;0;0;9;0;101;0;0;0;0;0;0;2;1;0;0;0;0;7;0;21;3;20;0;3;0;0;0;0;0;0;7;21;0;0;1;0;0;0;1;0;0;0;0;0;2;0;0;0;0;0;0;0;0;50;0;0;85;0;0;0;0;0;0
M68YD:01233:04912_SUB_SUB;330;0;0;0;0;0;0;0;0;0;2;0;3;0;0;0;0;0;0;0;2;115;0;43;0;0;0;0;0;23;0;13;0;0;0;0;0;0;3;0;0;0;0;0;6;0;2;5;13;0;9;0;0;0;0;0;0;0;15;0;0;1;0;0;0;11;0;0;0;0;0;0;0;0;0;0;0;0;0;0;23;0;0;40;0;0;0;0;0;1
M68YD:03604:06477_SUB_SUB;168;0;0;0;0;0;0;0;0;0;0;0;2;0;0;0;0;0;0;0;0;45;0;9;0;0;0;0;0;9;0;19;0;0;0;0;0;0;3;0;0;0;1;0;1;0;0;6;3;0;3;0;0;0;0;0;0;0;7;0;0;4;0;0;0;15;0;0;0;0;0;2;0;0;0;1;0;0;0;0;34;0;0;4;0;0;0;0;0;0
M68YD:00159:04549_SUB_SUB;214;0;0;0;0;0;0;0;0;0;0;0;1;0;0;0;0;0;0;0;1;30;0;9;0;0;0;0;0;1;0;102;0;0;0;0;0;0;0;0;0;0;0;0;1;0;3;1;40;0;0;0;0;0;0;0;0;2;1;0;0;0;0;0;0;0;0;0;0;0;0;0;0;0;0;0;0;0;0;0;7;0;0;15;0;0;0;0;0;0
M68YD:02968:03833_SUB_SUB;206;0;0;0;0;0;0;0;0;0;3;0;0;0;0;0;0;0;0;0;0;33;0;11;0;0;0;0;0;23;0;5;0;0;0;0;0;0;7;0;0;0;0;0;0;0;8;17;0;0;9;0;0;0;0;0;0;0;3;0;0;6;0;0;0;4;0;0;0;0;0;1;0;2;0;1;0;0;0;1;68;0;0;4;0;0;0;0;0;0
M68YD:00537:03330_SUB_SUB;509;0;0;0;0;0;0;0;0;0;3;0;7;0;0;0;0;0;0;0;3;75;0;114;0;0;0;0;0;8;0;20;0;0;0;0;0;0;0;1;0;0;0;0;7;0;30;3;7;0;1;0;0;0;0;0;0;2;103;0;0;9;0;0;0;1;0;0;0;0;0;0;0;0;0;0;0;0;0;0;53;0;0;62;0;0;0;0;0;0
M68YD:00740:03133_SUB_SUB;220;0;0;0;0;0;0;0;0;0;0;0;0;0;0;0;0;0;0;0;0;1;0;3;0;0;0;0;0;0;0;7;0;0;0;0;0;0;0;0;0;0;0;0;4;0;0;0;2;0;0;0;0;0;0;0;0;1;0;0;0;0;0;0;0;0;0;0;0;0;0;0;0;0;0;0;0;0;0;0;0;0;0;202;0;0;0;0;0;0
M68YD:05097:01901_SUB_SUB;128;0;0;0;0;0;0;0;0;0;0;0;0;0;0;0;0;0;0;0;5;3;0;14;0;0;0;0;0;0;0;27;0;0;0;0;0;0;0;1;0;0;0;0;2;0;2;0;0;0;0;0;0;0;0;0;0;0;9;0;0;0;0;0;0;0;0;0;0;0;0;0;0;0;0;0;0;0;0;0;47;0;0;18;0;0;0;0;0;0
M68YD:03498:01375_SUB_SUB;102;0;0;0;0;0;0;0;0;0;0;0;0;0;0;0;0;0;0;0;0;5;0;4;0;0;0;0;0;0;0;25;0;0;0;0;0;0;0;0;0;0;1;0;16;0;0;1;9;0;0;0;0;0;0;0;0;4;8;0;0;0;0;0;0;0;0;0;0;0;0;0;0;0;0;0;0;0;0;0;0;0;0;29;0;0;0;0;0;0
M68YD:04481:04858_SUB_SUB;683;0;0;0;0;0;0;0;0;0;0;0;1;0;0;0;0;0;0;0;1;272;0;184;0;0;0;0;0;0;0;126;0;0;0;0;0;0;0;1;0;0;1;0;31;0;2;0;42;0;0;0;0;0;0;0;0;7;9;0;0;1;0;0;0;0;0;0;0;0;0;0;0;0;0;0;0;0;0;0;5;0;0;0;0;0;0;0;0;0
M68YD:01059:03096_SUB_SUB;112;0;0;0;0;0;0;0;0;0;0;0;0;0;0;0;0;0;0;0;0;17;0;5;0;0;0;0;0;0;0;55;0;0;0;0;0;0;0;0;0;0;0;0;0;0;0;0;33;0;0;0;0;0;0;0;0;2;0;0;0;0;0;0;0;0;0;0;0;0;0;0;0;0;0;0;0;0;0;0;0;0;0;0;0;0;0;0;0;0
M68YD:00364:01033_SUB_SUB;159;0;0;0;0;0;36;0;0;0;0;0;0;0;0;0;0;0;0;0;0;0;4;0;0;0;0;0;0;105;0;0;0;0;0;0;0;0;11;0;0;0;0;0;0;0;0;0;0;0;0;0;0;0;0;0;0;0;0;0;0;0;0;0;0;0;0;0;0;0;0;0;0;3;0;0;0;0;0;0;0;0;0;0;0;0;0;0;0;0
M68YD:00594:04873_SUB_SUB;124;0;0;0;0;0;0;0;7;0;0;0;0;0;0;0;0;0;0;0;0;0;0;0;0;0;0;0;0;0;0;0;0;0;0;0;0;0;0;0;0;0;0;0;0;0;0;0;0;0;0;0;0;0;0;0;0;0;0;86;0;0;0;0;0;0;0;0;0;0;0;0;0;0;0;0;0;0;0;0;31;0;0;0;0;0;0;0;0;0
M68YD:04981:02415_SUB_SUB;43583;0;0;0;0;0;0;0;0;0;0;0;0;0;0;0;0;0;0;15;0;0;0;0;0;0;0;0;0;0;0;0;1;0;0;0;0;0;0;0;0;0;0;0;0;0;0;0;0;0;0;0;0;0;0;0;0;0;0;0;0;0;0;0;0;0;0;0;0;135;43191;3;0;0;0;238;0;0;0;0;0;0;0;0;0;0;0;0;0;0
M68YD:03784:01709_SUB_SUB;3973;0;0;0;0;0;0;0;0;0;0;0;0;0;0;0;0;0;0;0;0;0;0;0;0;0;0;0;0;0;0;0;0;0;0;0;0;0;0;0;0;0;0;0;0;0;1;0;0;0;0;0;0;0;0;0;0;0;0;0;0;0;0;0;0;0;0;0;0;10;3934;0;0;0;0;28;0;0;0;0;0;0;0;0;0;0;0;0;0;0
M68YD:04531:06737_SUB_SUB;490;0;0;0;0;0;0;0;0;0;0;0;0;0;0;0;0;0;0;0;0;0;0;0;0;0;0;0;0;0;0;0;0;0;0;0;0;0;0;0;0;0;0;0;0;0;0;0;0;0;0;0;0;0;0;0;0;0;0;0;0;0;0;0;0;0;0;0;0;1;486;0;0;0;0;3;0;0;0;0;0;0;0;0;0;0;0;0;0;0
M68YD:00826:04597_SUB_SUB;353;0;0;0;0;0;0;0;0;0;0;0;0;0;0;0;0;0;0;1;0;0;0;0;0;0;0;0;0;0;0;0;0;0;0;0;0;0;0;0;0;0;0;0;0;0;0;0;0;0;0;0;0;0;0;0;0;0;0;0;0;0;0;0;0;0;0;0;0;1;350;0;0;0;0;1;0;0;0;0;0;0;0;0;0;0;0;0;0;0
M68YD:02359:00880_SUB_SUB;773;0;0;0;0;0;0;0;0;0;0;0;0;0;0;0;0;0;0;1;0;0;0;0;0;0;0;0;0;0;0;0;0;0;0;0;0;0;0;0;0;0;0;0;0;0;0;0;0;0;0;0;0;0;0;0;0;0;0;0;0;0;0;0;0;0;0;0;0;4;765;0;0;0;0;3;0;0;0;0;0;0;0;0;0;0;0;0;0;0
M68YD:04462:06712_SUB_SUB;193;0;0;0;0;0;0;0;0;0;0;0;0;0;0;0;0;0;0;0;0;0;0;0;0;0;0;0;0;0;0;0;0;0;0;0;0;0;0;0;0;0;0;0;0;0;0;0;0;0;0;0;0;0;0;0;0;0;0;0;0;0;0;0;0;0;0;0;0;0;190;0;0;0;0;3;0;0;0;0;0;0;0;0;0;0;0;0;0;0
M68YD:03984:06834_SUB_SUB;572;0;0;0;0;0;0;0;0;0;0;0;0;0;0;0;0;510;0;0;0;0;0;0;0;0;0;0;0;0;0;0;0;0;0;0;0;0;0;0;0;0;0;0;0;0;0;0;0;0;62;0;0;0;0;0;0;0;0;0;0;0;0;0;0;0;0;0;0;0;0;0;0;0;0;0;0;0;0;0;0;0;0;0;0;0;0;0;0;0
M68YD:04008:06942_SUB_SUB;226;0;0;0;0;0;0;0;0;0;0;0;0;0;0;0;0;197;0;0;0;0;0;0;0;0;0;0;0;0;0;0;0;0;0;0;0;0;0;0;0;0;0;0;0;0;0;0;0;0;29;0;0;0;0;0;0;0;0;0;0;0;0;0;0;0;0;0;0;0;0;0;0;0;0;0;0;0;0;0;0;0;0;0;0;0;0;0;0;0
M68YD:04048:06414_SUB_SUB;218;0;0;0;0;0;0;0;0;0;0;0;0;0;0;0;0;161;0;0;0;0;0;0;0;0;0;0;0;0;0;0;0;0;0;0;0;0;0;0;0;0;0;0;0;0;0;0;0;0;57;0;0;0;0;0;0;0;0;0;0;0;0;0;0;0;0;0;0;0;0;0;0;0;0;0;0;0;0;0;0;0;0;0;0;0;0;0;0;0
M68YD:00993:06622_SUB_SUB;10098;0;0;0;6;0;2;0;47;0;782;0;0;0;0;0;0;0;0;0;0;0;1;0;0;0;0;1;0;48;46;0;0;0;0;1;0;0;0;0;0;0;0;0;0;0;38;42;0;0;36;0;0;0;1;1628;0;0;0;0;0;0;0;6;0;0;0;380;0;1151;0;159;70;8;0;420;184;0;0;0;3398;0;1;0;0;0;1152;490;0;0
M68YD:03344:05296_SUB_SUB;1401;0;0;0;4;0;0;0;11;0;69;0;0;0;0;0;0;0;0;0;0;0;0;0;0;0;0;0;0;4;0;0;0;0;0;0;0;0;0;0;0;0;0;0;0;0;4;3;0;0;9;0;0;0;0;280;0;0;0;0;0;0;0;2;0;0;0;44;0;110;0;16;9;0;0;57;12;0;0;0;490;0;1;0;0;0;223;52;0;1
M68YD:05201:03889_SUB_SUB;171;0;0;0;0;0;0;0;0;0;3;0;0;0;0;0;0;0;0;0;0;0;0;0;0;0;0;0;0;0;0;0;0;0;0;0;0;0;0;0;0;0;0;0;0;0;0;1;0;0;0;0;0;0;0;42;0;0;0;0;0;0;0;0;0;0;0;8;0;11;0;4;0;0;0;6;1;0;0;0;51;0;0;0;0;0;37;7;0;0
M68YD:04689:05751_SUB_SUB;106;0;0;0;0;0;0;0;0;0;7;0;0;0;0;0;0;0;0;0;0;0;0;0;0;0;0;0;0;1;2;0;0;0;0;0;0;0;0;0;0;0;0;0;0;0;1;0;0;0;0;0;0;0;0;25;0;0;0;0;0;0;0;0;0;0;0;5;0;3;0;2;0;0;0;3;1;0;0;0;37;0;0;0;0;0;11;8;0;0
M68YD:05256:02226_SUB_SUB;223;0;0;0;1;0;0;0;0;0;19;0;0;0;0;0;0;0;0;0;0;0;0;0;0;0;0;0;0;1;0;0;0;0;0;0;0;0;0;0;0;0;0;0;0;0;1;0;0;0;1;0;0;0;0;30;0;0;0;0;0;0;0;0;0;0;0;4;0;32;0;1;2;0;0;8;5;0;0;0;71;0;0;0;0;0;29;18;0;0
M68YD:00373:04294_SUB_SUB;106;0;0;0;2;0;0;0;0;0;7;0;0;0;0;0;0;0;0;0;0;0;0;0;0;0;0;0;0;4;1;0;0;0;0;0;0;0;0;0;0;0;0;0;0;0;1;0;0;0;0;0;0;0;0;15;0;0;0;0;0;0;0;0;0;0;0;5;0;14;0;1;3;0;0;3;1;0;0;0;36;0;0;0;0;0;11;2;0;0
M68YD:01771:03046_SUB_SUB;1804;0;0;0;1;0;1;0;9;0;126;0;0;0;0;0;0;0;0;0;0;0;0;0;0;0;0;0;0;8;7;0;0;0;0;0;0;0;0;0;0;0;0;0;0;0;9;9;0;0;8;0;0;0;0;243;0;0;0;0;0;0;0;1;0;0;0;87;0;304;0;38;28;1;0;71;41;0;0;0;552;0;0;0;0;0;191;69;0;0
M68YD:00770:00749_SUB_SUB;244;0;0;0;0;0;0;0;1;0;10;0;0;0;0;0;0;0;0;0;0;0;0;0;0;0;0;0;0;1;0;0;0;0;0;0;0;0;0;0;0;0;0;0;0;0;0;1;0;0;0;0;0;0;0;35;0;0;0;0;0;0;0;0;0;0;0;13;0;6;0;8;4;2;0;20;6;0;0;0;105;0;0;0;0;0;23;9;0;0
M68YD:04115:05571_SUB_SUB;337;0;0;0;0;0;0;0;1;0;27;0;0;0;0;0;0;0;0;0;0;0;0;0;0;0;0;0;0;5;0;0;0;0;0;0;0;0;0;0;0;0;0;0;0;0;0;2;0;0;3;0;0;0;0;29;0;0;0;0;0;0;0;0;0;0;0;13;0;79;0;4;4;1;0;16;10;0;0;0;100;0;0;0;0;0;31;12;0;0
M68YD:04022:06726_SUB_SUB;315;0;0;0;0;0;0;0;0;0;83;0;0;0;0;0;0;0;0;0;0;0;0;0;0;0;0;0;0;1;2;0;0;0;0;0;0;0;0;0;0;0;0;0;0;0;1;9;0;0;2;0;0;0;0;6;0;0;0;0;0;0;0;0;0;0;0;0;0;21;0;0;0;0;0;16;0;0;0;0;169;0;0;0;0;0;1;4;0;0
M68YD:00926:06086_SUB_SUB;257;0;0;0;0;0;0;0;0;0;10;0;0;0;0;0;0;0;0;0;0;0;0;0;0;0;0;0;0;0;0;0;0;0;0;0;0;0;0;0;0;0;0;0;0;0;1;1;0;0;2;0;0;0;0;38;0;0;0;0;0;0;0;0;0;0;0;9;0;31;0;4;2;0;0;16;5;0;0;0;97;0;0;0;0;0;33;8;0;0
M68YD:00407:03799_SUB_SUB;144;0;0;0;0;0;0;0;0;0;10;0;0;0;0;0;0;0;0;0;0;0;0;0;0;0;0;0;0;3;0;0;0;0;0;0;0;0;0;0;0;0;0;0;0;0;1;1;0;0;1;0;0;0;0;17;0;0;0;0;0;0;0;0;0;0;0;5;0;12;0;1;1;0;0;2;3;0;0;0;60;0;0;0;0;0;16;11;0;0
M68YD:04047:06491_SUB_SUB;100;0;0;0;0;0;0;0;0;0;0;0;0;0;0;0;0;0;0;0;0;0;0;0;0;0;0;0;0;0;0;0;0;0;0;0;0;0;0;0;0;0;0;0;0;0;0;0;0;0;0;0;0;0;0;99;0;0;0;0;0;0;0;1;0;0;0;0;0;0;0;0;0;0;0;0;0;0;0;0;0;0;0;0;0;0;0;0;0;0
M68YD:01895:01720_SUB_SUB;234;0;0;0;0;0;0;0;0;0;0;0;0;0;0;0;0;0;0;0;0;0;0;0;0;0;0;0;0;0;0;0;0;0;0;0;0;0;0;0;0;0;0;0;0;0;0;0;0;0;0;0;0;0;0;1;0;0;0;0;0;0;0;0;0;0;0;227;0;2;0;0;0;0;0;0;0;0;0;0;3;0;0;0;0;0;0;1;0;0
M68YD:05118:04965_SUB_SUB;209;0;0;0;1;0;0;0;2;0;12;0;0;0;0;0;0;0;0;0;0;0;0;0;0;0;0;0;0;0;1;0;0;0;0;0;0;0;0;0;0;0;0;0;0;0;0;1;0;0;1;0;0;0;0;15;0;0;0;0;0;0;0;0;0;0;0;8;0;69;0;1;1;0;0;4;3;0;0;0;73;0;0;0;0;0;15;2;0;0
M68YD:03839:05912_SUB_SUB;850;0;0;0;1;0;0;0;4;0;50;0;0;0;0;0;0;0;0;0;0;0;0;0;0;0;0;0;0;2;0;0;0;0;0;0;0;0;0;0;0;0;0;0;0;0;1;5;0;0;9;0;0;0;0;76;0;0;0;0;0;0;0;0;0;0;0;36;0;221;0;17;8;1;0;43;22;0;0;0;253;0;0;0;0;0;75;26;0;0
M68YD:01635:03659_SUB_SUB;132;0;0;0;1;0;1;0;0;0;9;0;0;0;0;0;0;0;0;0;0;0;0;0;0;0;0;0;0;0;1;0;0;0;0;0;0;0;0;0;0;0;0;0;0;0;0;0;0;0;0;0;0;0;1;18;0;0;0;0;0;0;0;0;0;0;0;5;0;4;0;4;0;0;0;6;8;0;0;0;45;0;0;0;0;0;21;8;0;0
M68YD:04543:06642_SUB_SUB;120;0;0;0;0;0;0;0;0;0;9;0;0;0;0;0;0;0;0;0;0;0;0;0;0;0;0;0;0;1;0;0;0;0;0;0;0;0;0;0;0;0;0;0;0;0;0;0;0;0;1;0;0;0;0;12;0;0;0;0;0;0;0;0;0;0;0;5;0;19;0;2;1;0;0;9;0;0;0;0;44;0;0;0;0;0;12;5;0;0
M68YD:00263:06324_SUB_SUB;120;0;0;0;0;0;0;0;1;0;7;0;0;0;0;0;0;0;0;0;0;0;0;0;0;0;0;0;0;0;1;0;0;0;0;0;0;0;0;0;0;0;0;0;0;0;0;1;0;0;1;0;0;0;0;12;0;0;0;0;0;0;0;0;0;0;0;6;0;18;0;5;0;0;0;8;4;0;0;0;39;0;0;0;0;0;15;2;0;0
M68YD:02981:01418_SUB_SUB;143;0;0;0;0;0;0;0;1;0;8;0;0;0;0;0;0;0;0;0;0;0;0;0;0;0;0;0;0;0;0;0;0;0;0;0;0;0;0;0;0;0;0;0;0;0;1;0;0;0;0;0;0;0;0;20;0;0;0;0;0;0;0;0;0;0;0;10;0;15;0;1;1;0;0;16;3;0;0;0;53;0;0;0;0;0;9;5;0;0
M68YD:01027:01309_SUB_SUB;104;0;0;0;0;0;0;0;4;0;3;0;0;0;0;0;0;0;0;0;0;0;0;0;0;0;0;0;0;0;0;0;0;0;0;0;0;0;0;0;0;0;0;0;0;0;2;0;0;0;0;0;0;0;0;1;0;0;0;0;0;0;0;0;0;0;0;60;0;24;0;0;1;0;0;0;0;0;0;0;4;0;0;0;0;0;0;5;0;0
M68YD:00210:06256_SUB_SUB;174;0;0;0;0;0;0;0;0;0;11;0;0;0;0;0;0;0;0;0;0;0;0;0;0;0;0;0;0;1;1;0;0;0;0;0;0;0;0;0;0;0;0;0;0;0;0;2;0;0;1;0;0;0;0;6;0;0;0;0;0;0;0;1;0;0;0;13;0;37;0;3;3;0;0;4;4;0;0;0;60;0;0;0;0;0;17;10;0;0
M68YD:00282:06242_SUB_SUB;684;0;0;0;0;0;8;0;0;0;0;0;0;0;0;0;0;0;0;626;0;0;0;0;0;0;0;0;0;0;0;0;0;0;0;0;0;0;0;0;0;0;0;0;0;0;0;0;0;0;0;0;0;0;0;0;0;0;0;0;0;0;0;0;0;0;0;0;0;0;0;50;0;0;0;0;0;0;0;0;0;0;0;0;0;0;0;0;0;0
M68YD:04061:06598_SUB_SUB;1387;0;0;0;0;0;0;0;0;0;0;0;0;0;0;0;0;0;0;0;0;0;0;0;0;0;0;0;0;0;0;0;0;0;0;0;0;0;0;0;0;0;0;0;0;0;0;0;0;0;0;0;0;0;0;0;0;0;0;0;0;0;0;0;0;0;0;1180;0;204;0;3;0;0;0;0;0;0;0;0;0;0;0;0;0;0;0;0;0;0
M68YD:00667:05825_SUB_SUB;125;0;0;0;0;0;0;0;0;0;0;0;0;0;0;0;0;0;0;0;0;0;0;0;0;0;0;0;0;0;0;0;0;0;0;0;0;0;0;0;0;0;0;0;0;0;0;0;0;0;0;0;0;0;0;0;0;0;0;0;0;0;0;0;0;0;0;101;0;23;0;1;0;0;0;0;0;0;0;0;0;0;0;0;0;0;0;0;0;0
M68YD:02526:07160_SUB_SUB;146;0;0;0;0;0;0;0;0;0;0;0;0;0;0;0;0;0;0;1;0;0;0;0;0;0;0;0;0;0;0;0;0;0;0;0;0;0;0;0;0;0;0;0;0;0;0;0;0;0;0;0;0;0;0;0;0;0;0;0;0;0;0;0;0;0;0;14;0;2;122;4;0;0;0;3;0;0;0;0;0;0;0;0;0;0;0;0;0;0
M68YD:00859:05845_SUB_SUB;103;0;0;0;0;0;0;0;0;0;0;0;0;0;0;0;0;0;0;0;0;0;0;0;0;0;0;0;0;0;0;0;0;0;0;0;0;0;0;0;0;0;0;0;0;0;0;0;0;0;0;0;0;0;0;0;0;0;0;0;0;0;0;0;0;0;0;0;0;0;101;0;0;0;0;2;0;0;0;0;0;0;0;0;0;0;0;0;0;0
M68YD:04417:07032_SUB_SUB;104;0;0;0;0;0;0;0;0;0;0;0;0;0;0;0;0;0;0;0;0;0;0;0;0;0;0;0;0;0;0;0;0;0;0;0;0;0;0;0;0;0;0;0;0;0;0;0;0;0;0;0;0;0;0;0;0;0;0;0;0;0;0;0;0;0;0;0;0;0;104;0;0;0;0;0;0;0;0;0;0;0;0;0;0;0;0;0;0;0
M68YD:01114:06164_SUB_SUB;90338;0;0;0;0;0;0;0;0;0;44;0;0;471;1;803;82;1241;541;0;137;3633;0;507;0;108;0;0;0;923;5;14185;0;0;0;0;1;0;16;132;0;210;113;0;0;1381;0;44;8772;0;77;1;0;0;1;0;0;1748;67;0;1;89;0;16;0;17;0;254;331;302;17782;21806;1864;315;272;5956;196;2;0;0;89;0;0;0;0;0;0;5802;0;0
M68YD:02660:06577_SUB_SUB;8854;0;0;0;0;0;0;0;0;0;2;0;0;35;0;65;12;128;59;0;12;308;0;66;0;18;0;0;0;90;1;1508;0;0;0;0;0;0;2;12;0;24;12;0;0;89;0;3;694;0;9;0;0;0;0;0;0;156;5;0;0;11;0;3;0;0;0;29;27;30;1491;2280;152;31;27;750;15;0;0;0;10;0;0;0;0;0;0;688;0;0
M68YD:00585:05296_SUB_SUB;1063;0;0;0;0;0;0;0;0;0;0;0;0;2;0;7;1;15;6;0;2;31;0;12;0;1;0;0;0;9;0;201;0;0;0;0;0;0;0;0;0;6;0;0;0;12;0;0;66;0;0;0;0;0;0;0;0;10;1;0;0;2;0;0;0;0;0;2;5;3;143;310;18;5;0;105;2;0;0;0;1;0;0;0;0;0;0;85;0;0
M68YD:00493:03349_SUB_SUB;112;0;0;0;0;0;0;0;0;0;0;0;0;0;0;2;0;1;3;0;0;3;0;2;0;0;0;0;0;0;1;18;0;0;0;0;0;0;0;0;0;0;0;0;0;0;0;0;9;0;0;0;0;0;0;0;0;2;0;0;0;0;0;0;0;0;0;0;1;1;16;22;3;1;0;14;0;0;0;0;0;0;0;0;0;0;0;13;0;0
M68YD:00555:04570_SUB_SUB;3257;0;0;0;0;0;0;0;0;0;2;0;0;11;0;24;2;72;22;0;2;157;0;21;0;9;0;0;0;30;0;457;0;0;0;0;0;0;0;7;0;7;2;0;0;40;0;4;369;0;3;0;0;0;0;0;0;57;4;0;0;7;0;0;0;0;0;12;7;12;559;837;76;10;6;235;11;0;0;0;5;0;0;0;0;0;0;178;0;0
M68YD:03868:01390_SUB_SUB;9086;0;0;0;0;0;0;0;0;0;11;0;0;55;0;77;5;106;68;0;22;640;0;36;0;1;0;0;1;186;0;1486;0;0;0;0;0;0;1;15;0;15;7;0;0;71;0;6;1452;0;2;0;0;0;0;0;0;155;8;0;0;4;0;1;0;0;0;20;51;34;2064;1377;90;32;20;382;13;0;0;0;8;0;0;0;0;0;0;564;0;0
M68YD:00644:07019_SUB_SUB;441;0;0;0;0;0;0;0;0;0;2;0;0;1;0;3;0;1;4;0;1;35;0;4;0;0;0;0;0;2;0;84;0;0;0;0;0;0;0;8;0;7;1;0;0;17;0;1;31;0;0;0;0;0;0;0;0;10;1;0;0;0;0;3;0;1;0;3;1;2;38;118;5;5;0;40;0;0;0;0;0;0;0;0;0;0;0;12;0;0
M68YD:00638:04285_SUB_SUB;3519;0;0;0;0;0;0;0;0;0;1;0;0;30;0;37;3;58;29;0;6;135;0;16;0;4;0;0;0;38;0;571;0;0;0;0;0;0;0;7;0;4;9;0;0;35;0;0;321;0;2;0;0;0;0;0;0;71;1;0;0;3;0;0;0;2;0;11;8;7;763;800;41;8;15;203;6;0;0;0;4;0;0;0;0;0;0;270;0;0
M68YD:01542:02655_SUB_SUB;656;0;0;0;0;0;0;0;0;0;1;0;0;7;0;6;0;4;3;0;2;19;0;3;0;0;0;0;0;8;1;99;0;0;0;0;0;0;0;2;0;4;0;0;0;16;0;0;57;0;0;0;0;0;0;0;0;9;0;0;0;0;0;0;0;0;0;3;1;3;148;157;14;3;1;42;0;0;0;0;1;0;0;0;0;0;0;42;0;0
M68YD:01374:00623_SUB_SUB;4799;0;0;0;0;0;0;0;0;0;1;0;0;18;0;33;2;61;26;0;5;138;0;35;0;33;0;0;0;32;1;517;0;0;0;0;0;0;0;9;0;10;5;0;0;57;0;2;282;0;4;0;0;0;0;0;0;99;2;0;0;13;0;0;0;0;0;18;15;9;594;1831;127;21;13;466;11;0;0;0;9;0;0;0;0;0;0;300;0;0
M68YD:01006:05958_SUB_SUB;424;0;0;0;0;0;0;0;0;0;0;0;0;30;0;2;0;12;1;0;0;9;0;0;0;1;0;0;0;0;0;49;0;0;0;0;0;0;0;0;0;1;1;0;0;1;0;0;74;0;0;0;0;0;0;0;0;4;0;0;0;0;0;0;0;0;0;3;4;6;11;8;2;0;14;2;0;0;0;0;0;0;0;0;0;0;0;189;0;0
M68YD:00563:02070_SUB_SUB;142;0;0;0;0;0;0;0;0;0;0;0;0;1;0;0;0;4;2;0;0;2;0;0;0;1;0;0;0;0;0;24;0;0;0;0;0;0;0;0;0;0;0;0;0;1;0;0;9;0;1;0;0;0;0;0;0;2;0;0;0;1;0;1;0;0;0;3;0;1;20;48;3;1;1;9;0;0;0;0;0;0;0;0;0;0;0;7;0;0
M68YD:00597:06621_SUB_SUB;229;0;0;0;0;0;0;0;0;0;0;0;0;2;0;0;0;73;1;0;0;12;0;1;0;5;0;0;0;1;0;19;0;0;0;0;0;0;0;0;0;0;0;0;0;2;0;1;22;0;0;0;0;0;0;0;0;5;0;0;0;0;0;0;0;0;0;0;0;0;27;35;3;0;1;9;0;0;0;0;0;0;0;0;0;0;0;10;0;0
M68YD:04763:02311_SUB_SUB;479;0;0;0;0;0;0;0;0;0;0;0;0;4;0;6;0;8;1;0;0;12;0;8;0;4;0;0;0;4;0;54;0;0;0;0;0;0;1;0;0;0;0;0;0;8;0;0;21;0;0;0;0;0;0;0;0;9;0;0;0;1;0;0;0;0;0;5;0;1;33;174;30;1;1;79;1;0;0;0;0;0;0;0;0;0;0;13;0;0
M68YD:02749:02310_SUB_SUB;457;0;0;0;0;0;0;0;0;0;0;0;0;1;0;3;0;4;2;0;0;9;0;0;0;7;0;0;0;6;0;59;0;0;0;0;0;0;0;1;0;0;0;0;0;8;0;0;29;0;0;0;0;0;0;0;0;11;0;0;0;1;0;0;0;0;0;1;0;0;39;171;14;4;0;60;0;0;0;0;1;0;0;0;0;0;0;26;0;0
M68YD:03374:06164_SUB_SUB;297;0;0;0;0;0;0;0;0;0;0;0;0;1;0;0;0;7;1;0;0;3;0;5;0;1;0;0;0;1;0;32;0;0;0;0;0;0;0;0;0;0;2;0;0;4;0;1;19;0;1;0;0;0;0;0;0;3;0;0;0;1;0;1;0;0;0;1;0;1;46;104;5;3;1;39;3;0;0;0;0;0;0;0;0;0;0;11;0;0
M68YD:02197:07551_SUB_SUB;107;0;0;0;0;0;0;0;0;0;0;0;0;1;0;2;0;0;0;0;0;2;0;0;0;0;0;0;0;3;0;19;0;0;0;0;0;0;0;0;0;0;0;0;0;0;0;0;8;1;0;0;0;0;0;0;0;1;0;0;0;0;0;0;0;0;0;0;0;0;18;37;3;0;0;5;0;0;0;0;0;0;0;0;0;0;0;7;0;0
M68YD:00343:00952_SUB_SUB;120;0;0;0;0;0;0;0;0;0;0;0;0;0;0;2;0;1;0;0;0;8;0;0;0;0;0;0;0;8;0;16;0;0;0;0;0;0;1;3;0;0;0;0;0;2;0;0;1;0;3;0;0;0;0;0;0;0;0;0;0;0;0;0;0;0;0;1;0;2;4;37;3;0;0;19;0;0;0;0;1;0;0;0;0;0;0;8;0;0
M68YD:02214:06664_SUB_SUB;275;0;0;0;0;0;0;0;0;0;0;0;0;0;0;3;0;2;3;0;1;13;0;4;0;0;0;0;0;8;0;53;0;0;0;0;0;0;0;0;0;1;2;0;0;2;0;0;21;0;0;0;0;0;0;0;0;3;0;0;0;0;0;0;0;0;0;1;0;0;45;63;8;1;1;20;2;0;0;0;1;0;0;0;0;0;0;17;0;0
M68YD:02314:00948_SUB_SUB;168;0;0;0;0;0;0;0;0;0;0;0;0;0;0;0;0;0;0;0;0;0;0;0;0;0;0;0;0;1;0;1;0;0;0;0;0;0;0;0;0;0;0;0;0;0;0;0;1;0;0;0;0;0;0;0;0;159;0;0;0;0;0;0;0;0;0;0;0;0;1;4;1;0;0;0;0;0;0;0;0;0;0;0;0;0;0;0;0;0
M68YD:01035:05877_SUB_SUB;188;0;0;0;0;0;0;0;0;0;0;0;0;0;0;0;0;0;0;0;0;0;0;0;0;0;0;0;0;0;0;0;0;0;0;0;0;0;0;0;0;0;0;0;0;0;0;0;0;0;0;0;0;0;0;0;0;183;0;0;0;0;0;0;0;0;0;0;0;0;0;5;0;0;0;0;0;0;0;0;0;0;0;0;0;0;0;0;0;0
M68YD:02990:04793_SUB_SUB;1282;0;0;0;0;0;0;0;0;0;1;0;0;7;0;15;0;16;5;0;2;71;0;10;0;1;0;0;0;20;0;230;0;0;0;0;0;0;0;2;0;2;1;0;0;10;0;0;162;0;1;0;0;0;0;0;0;23;1;0;0;1;0;0;0;1;0;5;5;7;230;239;17;5;5;83;3;0;0;0;2;0;0;0;0;0;0;99;0;0
M68YD:00097:06377_SUB_SUB;430;0;0;0;0;0;0;0;0;0;0;0;0;2;0;5;0;6;2;0;0;11;0;1;0;1;0;0;0;1;0;84;0;0;0;0;0;0;0;0;0;1;1;0;0;5;0;1;29;0;0;0;0;0;0;0;0;8;0;0;0;2;0;0;0;0;0;3;1;1;73;110;5;2;3;36;1;0;0;0;2;0;0;0;0;0;0;33;0;0
M68YD:01189:01589_SUB_SUB;190;0;0;0;0;0;0;0;0;0;0;0;0;2;0;1;0;2;0;0;0;10;0;2;0;0;0;0;0;2;0;42;0;0;0;0;0;0;0;0;0;1;0;0;0;2;0;0;23;0;0;0;0;0;0;0;0;3;0;0;0;1;0;0;0;0;0;1;0;0;23;35;2;1;1;17;1;0;0;0;1;0;0;0;0;0;0;17;0;0
M68YD:00982:04187_SUB_SUB;1070;0;0;0;0;0;0;0;0;0;2;0;0;4;0;4;0;12;7;0;0;49;0;4;0;2;0;0;0;9;1;140;0;0;0;0;0;0;1;1;0;3;1;0;0;15;0;0;92;0;2;0;0;0;0;0;0;12;0;0;0;2;0;0;0;0;0;2;2;1;138;341;36;6;3;103;8;0;0;0;2;0;0;0;0;0;0;65;0;0
M68YD:03272:06411_SUB_SUB;906;0;0;0;0;0;0;0;0;0;1;0;0;6;0;8;0;9;10;0;3;49;0;6;0;2;0;0;0;13;0;140;0;0;0;0;0;0;0;2;0;1;0;0;0;11;0;1;94;0;0;0;0;0;0;0;0;17;0;0;0;1;0;0;0;0;0;1;6;2;154;213;13;5;2;74;1;0;0;0;1;0;0;0;0;0;0;60;0;0
M68YD:04331:06498_SUB_SUB;187;0;0;0;0;0;0;0;0;0;0;0;0;0;0;0;0;4;0;0;1;8;0;0;0;0;0;0;0;2;0;29;0;0;0;0;0;0;0;2;0;0;0;0;0;2;0;0;23;0;0;0;0;0;0;0;0;3;0;0;0;1;0;0;0;0;0;0;0;1;34;49;5;0;0;11;0;0;0;0;0;0;0;0;0;0;0;12;0;0
M68YD:05037:04206_SUB_SUB;809;0;0;0;0;0;0;0;0;0;3;0;0;7;0;13;0;4;6;0;4;63;0;4;0;1;0;0;0;18;0;143;0;0;0;0;0;0;1;0;0;3;0;0;0;8;0;1;124;0;1;0;0;0;0;0;0;8;1;0;0;0;0;0;0;0;0;2;4;3;146;139;10;3;2;42;1;0;0;0;0;0;0;0;0;0;0;44;0;0
M68YD:04319:06930_SUB_SUB;234;0;0;0;0;0;0;0;0;0;0;0;0;0;0;2;1;9;0;0;0;5;0;1;0;0;0;0;0;4;0;34;0;0;0;0;0;0;0;0;0;0;0;0;0;5;0;0;13;0;0;0;0;0;0;0;0;2;0;0;0;1;0;0;0;0;0;1;1;0;38;70;8;0;1;21;0;0;0;0;1;0;0;0;0;0;0;16;0;0
M68YD:04973:01689_SUB_SUB;111;0;0;0;0;0;0;0;0;0;0;0;0;0;0;1;0;1;1;0;0;2;0;2;0;1;0;0;0;2;0;16;0;0;0;0;0;0;1;0;0;0;0;0;0;1;0;0;5;0;0;0;0;0;0;0;0;3;0;0;0;0;0;0;0;0;0;0;0;0;16;32;3;0;0;10;2;0;0;0;1;0;0;0;0;0;0;11;0;0
M68YD:04843:06671_SUB_SUB;142;0;0;0;0;0;0;0;0;0;0;0;0;0;0;2;0;2;3;0;1;7;0;1;0;0;0;0;0;2;0;35;0;0;0;0;0;0;0;1;0;0;0;0;0;2;0;0;11;0;0;0;0;0;0;0;0;4;0;0;0;0;0;0;0;0;0;0;1;1;14;35;4;1;0;10;0;0;0;0;0;0;0;0;0;0;0;5;0;0
M68YD:04116:06698_SUB_SUB;103;0;0;0;0;0;0;0;0;0;0;0;0;0;0;0;0;2;3;0;0;16;0;0;0;0;0;0;0;3;0;10;0;0;0;0;0;0;0;1;0;0;0;0;0;0;0;0;17;0;0;0;0;0;0;0;0;3;0;0;0;0;0;0;0;0;0;0;0;3;16;22;0;1;0;2;0;0;0;0;0;0;0;0;0;0;0;4;0;0
M68YD:02143:05249_SUB_SUB;404;0;0;0;0;0;0;0;0;0;1;0;0;2;0;6;0;22;6;0;1;27;0;6;0;0;0;0;0;15;0;50;0;0;0;0;0;0;0;2;0;0;1;0;0;10;0;0;6;0;4;0;0;0;0;0;0;3;3;0;0;1;0;1;0;0;0;5;7;6;16;88;7;12;3;65;0;0;0;0;5;0;0;0;0;0;0;23;0;0
M68YD:03176:03188_SUB_SUB;693;0;0;0;0;0;0;0;0;0;1;0;0;7;0;7;1;7;8;0;0;39;0;3;0;0;0;0;0;12;0;114;0;0;0;0;0;0;0;1;0;2;0;0;0;5;0;0;80;0;0;0;0;0;0;0;0;6;2;0;0;1;0;0;0;0;0;1;2;1;144;132;2;4;2;40;0;0;0;0;2;0;0;0;0;0;0;67;0;0
M68YD:00501:01901_SUB_SUB;247;0;0;0;0;0;0;0;0;0;0;0;0;2;0;0;1;1;4;0;1;15;0;2;0;0;0;0;0;2;0;34;0;0;0;0;0;0;0;0;0;2;0;0;0;3;0;0;28;0;0;0;0;0;0;0;0;2;0;0;0;1;0;0;0;0;0;2;0;0;53;54;4;0;0;19;0;0;0;0;2;0;0;0;0;0;0;15;0;0
M68YD:00474:02001_SUB_SUB;1685;0;0;0;0;0;0;0;0;0;0;0;0;0;0;0;0;6;0;0;1;0;0;0;0;0;0;0;0;0;0;0;0;0;0;0;0;0;0;0;0;0;0;0;0;0;0;0;0;0;0;0;0;0;0;0;0;0;0;0;0;0;0;0;0;0;0;0;0;0;1606;57;2;0;0;11;0;0;0;0;0;0;0;0;0;0;0;2;0;0
M68YD:02718:07588_SUB_SUB;147;0;0;0;0;0;0;0;0;0;0;0;0;1;0;1;0;2;3;0;0;7;0;1;0;1;0;0;0;4;0;28;0;0;0;0;0;0;0;0;0;1;0;0;0;4;0;0;10;0;0;0;0;0;0;0;0;3;0;0;0;0;0;0;0;0;0;2;1;0;20;28;3;0;2;15;1;0;0;0;0;0;0;0;0;0;0;9;0;0
M68YD:04221:06774_SUB_SUB;132;0;0;0;0;0;0;0;0;0;0;0;0;0;0;0;0;0;0;0;0;0;0;0;0;0;0;0;0;0;0;0;0;0;0;0;0;0;0;0;0;0;0;0;0;0;0;0;0;0;0;0;0;0;0;0;0;0;0;0;0;0;0;0;0;0;0;0;0;0;129;3;0;0;0;0;0;0;0;0;0;0;0;0;0;0;0;0;0;0
M68YD:01079:06039_SUB_SUB;4297;0;0;0;0;0;0;0;0;0;0;0;0;0;0;0;0;0;0;0;0;0;0;0;0;0;0;0;0;0;0;0;0;0;0;0;0;0;0;0;0;0;0;0;0;0;0;0;0;0;0;0;0;0;0;0;0;0;0;0;0;0;0;0;0;0;0;17;0;0;4275;3;0;0;0;2;0;0;0;0;0;0;0;0;0;0;0;0;0;0
M68YD:00352:04837_SUB_SUB;353;0;0;0;0;0;0;0;0;0;0;0;0;0;0;0;0;0;0;0;0;0;0;0;0;0;0;0;0;0;0;0;0;0;0;0;0;0;0;0;0;0;0;0;0;0;0;0;0;0;0;0;0;0;0;0;0;0;0;0;0;0;0;0;0;0;0;2;0;0;351;0;0;0;0;0;0;0;0;0;0;0;0;0;0;0;0;0;0;0
M68YD:03568:03815_SUB_SUB;405;0;0;0;0;0;0;0;0;0;0;0;0;1;0;7;0;5;4;0;0;22;0;1;0;1;0;0;0;6;0;73;0;0;0;0;0;0;0;1;0;1;0;0;0;1;0;0;54;0;0;0;0;0;0;0;0;3;0;0;0;0;0;0;0;0;0;1;1;2;71;80;3;3;0;40;1;0;0;0;2;0;0;0;0;0;0;21;0;0
M68YD:04408:03243_SUB_SUB;107;0;0;0;0;0;0;0;0;0;0;0;0;1;0;0;0;0;1;0;0;1;0;0;0;0;0;0;0;0;0;0;0;0;0;0;0;0;0;0;0;0;0;0;0;0;0;0;1;0;0;0;0;0;0;0;0;0;0;0;0;0;0;0;0;0;0;0;0;0;7;64;16;0;0;15;0;0;0;0;0;0;0;0;0;0;0;1;0;0
M68YD:01327:01897_SUB_SUB;281;0;0;0;0;0;0;0;0;0;0;0;0;0;0;0;0;0;0;0;0;0;0;0;0;0;0;0;0;0;0;0;0;0;0;0;0;0;0;0;0;0;0;0;0;0;0;0;0;0;0;0;0;0;0;0;0;0;0;0;0;0;0;0;0;0;0;2;0;0;278;0;0;0;0;1;0;0;0;0;0;0;0;0;0;0;0;0;0;0
M68YD:04116:06791_SUB_SUB;462;0;0;0;0;0;0;0;0;0;0;0;0;0;0;0;0;0;0;0;0;0;0;0;0;0;0;0;0;0;0;0;0;0;0;0;0;0;0;0;0;0;0;0;0;0;0;0;0;0;0;0;0;0;0;0;0;0;0;0;0;0;0;0;0;0;0;0;0;0;462;0;0;0;0;0;0;0;0;0;0;0;0;0;0;0;0;0;0;0
M68YD:01478:03256_SUB_SUB;381;0;0;0;0;0;0;0;0;0;1;0;0;5;0;9;2;4;31;0;0;19;0;2;0;8;0;0;0;6;0;88;0;0;0;0;0;0;0;3;0;0;0;0;0;7;0;1;1;0;0;0;0;0;0;0;0;3;0;0;0;0;0;2;0;0;0;3;6;3;14;85;2;6;0;46;0;0;0;0;0;0;0;0;0;0;0;24;0;0
M68YD:00273:01968_SUB_SUB;435;0;0;0;0;0;0;0;0;0;0;0;0;0;0;1;0;2;28;0;0;9;0;2;0;4;0;0;0;1;0;81;0;0;0;0;0;0;0;4;0;7;1;0;0;11;0;0;67;0;0;0;0;0;0;0;0;37;0;0;0;0;0;0;0;0;0;1;0;1;104;46;0;2;0;26;0;0;0;0;0;0;0;0;0;0;0;0;0;0
M68YD:00140:06308_SUB_SUB;281;0;0;0;0;0;0;0;0;0;0;0;0;9;0;0;0;0;0;0;0;0;0;0;0;0;0;0;0;0;0;0;0;0;0;0;0;0;0;0;0;0;0;0;0;0;0;0;6;0;0;0;0;0;0;0;0;0;0;0;0;0;0;0;0;0;0;0;0;0;119;106;9;0;0;30;0;0;0;0;0;0;0;0;0;0;0;2;0;0
M68YD:00186:06082_SUB_SUB;206;0;0;0;0;0;0;0;0;0;0;0;0;0;0;3;2;9;0;0;0;0;0;1;0;0;0;0;0;0;0;17;0;0;0;0;0;0;0;0;0;0;0;0;0;0;0;0;0;0;0;0;0;0;0;0;0;72;0;0;0;0;0;0;0;0;0;3;31;0;57;0;1;0;1;0;0;0;0;0;0;0;0;0;0;0;0;9;0;0
M68YD:05057:05224_SUB_SUB;111;0;0;0;0;0;0;0;0;0;0;0;0;0;0;0;0;5;0;0;0;0;0;0;0;0;0;0;0;0;0;4;0;0;0;0;0;0;0;0;0;0;0;0;0;0;0;0;6;0;0;0;0;0;0;0;0;22;0;0;0;0;0;0;0;0;0;2;0;0;72;0;0;0;0;0;0;0;0;0;0;0;0;0;0;0;0;0;0;0
M68YD:04460:03977_SUB_SUB;211;0;0;0;0;0;0;0;0;0;0;0;0;0;0;0;0;0;0;0;0;2;0;0;0;0;0;0;0;2;0;26;0;0;0;0;0;0;0;1;0;0;0;0;0;0;0;0;19;0;0;0;0;0;0;0;0;0;0;0;0;0;0;0;0;0;0;0;0;0;126;0;0;0;0;35;0;0;0;0;0;0;0;0;0;0;0;0;0;0
M68YD:02295:06108_SUB_SUB;678;0;0;0;0;0;0;0;0;0;0;0;0;1;0;60;3;165;9;0;0;0;0;0;0;32;0;0;0;0;0;23;0;0;0;0;0;0;0;0;0;0;0;0;0;0;0;0;53;0;0;0;0;0;0;0;0;9;6;0;0;0;0;0;0;0;0;24;21;1;210;0;0;1;1;2;0;0;0;0;0;0;0;0;0;0;0;57;0;0
M68YD:03956:01390_SUB_SUB;307;0;0;0;0;0;0;0;0;0;0;0;0;16;0;0;0;1;0;0;0;0;0;0;0;0;0;0;0;0;0;34;0;0;0;0;0;0;0;0;0;0;0;0;0;1;0;0;239;0;0;0;0;0;0;0;0;10;0;0;0;0;0;0;0;0;0;0;0;0;0;3;0;0;0;0;0;0;0;0;0;0;0;0;0;0;0;3;0;0
M68YD:04035:06905_SUB_SUB;25237;1520;2670;108;0;87;272;1;0;12534;0;6771;0;0;1;0;0;0;0;1;0;0;0;0;0;0;0;0;0;0;0;0;0;0;0;0;0;0;0;103;0;0;225;0;0;0;0;12;0;0;0;0;0;0;7;0;0;0;0;0;0;0;0;0;0;0;0;0;0;0;0;0;0;2;875;48;0;0;0;0;0;0;0;0;0;0;0;0;0;0
M68YD:00981:06097_SUB_SUB;2764;176;302;14;0;7;23;0;0;1439;0;680;0;0;0;0;0;0;0;0;0;0;0;0;0;0;0;0;0;0;0;0;0;0;0;0;0;0;0;5;0;0;25;0;0;0;0;3;0;0;0;0;0;0;0;0;0;0;0;0;0;0;0;0;0;0;0;0;0;0;0;0;0;0;81;9;0;0;0;0;0;0;0;0;0;0;0;0;0;0
M68YD:00237:04865_SUB_SUB;311;18;26;1;0;0;0;0;0;186;0;72;0;0;0;0;0;0;0;0;0;0;0;0;0;0;0;0;0;0;0;0;0;0;0;0;0;0;0;0;0;0;1;0;0;0;0;0;0;0;0;0;0;0;0;0;0;0;0;0;0;0;0;0;0;0;0;0;0;0;0;0;0;0;6;1;0;0;0;0;0;0;0;0;0;0;0;0;0;0
M68YD:04840:01863_SUB_SUB;404;14;30;5;0;2;3;0;0;241;0;85;0;0;0;0;0;0;0;0;0;0;0;0;0;0;0;0;0;0;0;0;0;0;0;0;0;0;0;3;0;0;3;0;0;0;0;1;0;0;0;0;0;0;0;0;0;0;0;0;0;0;0;0;0;0;0;0;0;0;0;0;0;0;16;1;0;0;0;0;0;0;0;0;0;0;0;0;0;0
M68YD:03822:03250_SUB_SUB;111;5;13;0;0;1;1;0;0;46;0;41;0;0;0;0;0;0;0;0;0;0;0;0;0;0;0;0;0;0;0;0;0;0;0;0;0;0;0;2;0;0;1;0;0;0;0;0;0;0;0;0;0;0;0;0;0;0;0;0;0;0;0;0;0;0;0;0;0;0;0;0;0;0;1;0;0;0;0;0;0;0;0;0;0;0;0;0;0;0
M68YD:03104:02161_SUB_SUB;192;8;20;3;0;0;7;0;0;96;0;23;0;0;0;0;0;0;0;0;0;0;0;0;0;0;0;0;1;0;0;0;0;0;0;0;0;0;0;3;0;0;5;0;0;0;0;1;0;0;0;0;0;0;0;0;0;0;0;0;0;0;0;0;0;0;0;0;0;0;0;0;0;0;24;1;0;0;0;0;0;0;0;0;0;0;0;0;0;0
M68YD:02214:01649_SUB_SUB;189;2;47;1;0;3;3;0;0;99;0;33;0;0;0;0;0;0;0;0;0;0;0;0;0;0;0;0;0;0;0;0;0;0;0;0;0;0;0;0;0;0;0;0;0;0;0;0;0;0;0;0;0;0;0;0;0;0;0;0;0;0;0;0;0;0;0;0;0;0;0;0;0;0;0;1;0;0;0;0;0;0;0;0;0;0;0;0;0;0
M68YD:03513:01693_SUB_SUB;209;14;20;1;0;0;1;0;0;119;0;30;0;0;0;0;0;0;0;0;0;0;0;0;0;0;0;0;0;0;0;0;0;0;0;0;0;0;0;5;0;0;4;0;0;0;0;1;0;0;0;0;0;0;0;0;0;0;0;0;0;0;0;0;0;0;0;0;0;0;0;0;0;0;13;1;0;0;0;0;0;0;0;0;0;0;0;0;0;0
M68YD:04299:06577_SUB_SUB;107;0;48;1;0;2;0;0;0;37;0;19;0;0;0;0;0;0;0;0;0;0;0;0;0;0;0;0;0;0;0;0;0;0;0;0;0;0;0;0;0;0;0;0;0;0;0;0;0;0;0;0;0;0;0;0;0;0;0;0;0;0;0;0;0;0;0;0;0;0;0;0;0;0;0;0;0;0;0;0;0;0;0;0;0;0;0;0;0;0
M68YD:04638:06912_SUB_SUB;214;0;98;1;0;4;2;0;0;78;0;30;0;0;0;0;0;0;0;0;0;0;0;0;0;0;0;0;0;0;0;0;0;0;0;0;0;0;0;1;0;0;0;0;0;0;0;0;0;0;0;0;0;0;0;0;0;0;0;0;0;0;0;0;0;0;0;0;0;0;0;0;0;0;0;0;0;0;0;0;0;0;0;0;0;0;0;0;0;0
M68YD:00695:03258_SUB_SUB;100;1;16;1;0;0;3;0;0;56;0;23;0;0;0;0;0;0;0;0;0;0;0;0;0;0;0;0;0;0;0;0;0;0;0;0;0;0;0;0;0;0;0;0;0;0;0;0;0;0;0;0;0;0;0;0;0;0;0;0;0;0;0;0;0;0;0;0;0;0;0;0;0;0;0;0;0;0;0;0;0;0;0;0;0;0;0;0;0;0
M68YD:03752:00725_SUB_SUB;103;2;54;3;0;1;0;0;0;32;0;11;0;0;0;0;0;0;0;0;0;0;0;0;0;0;0;0;0;0;0;0;0;0;0;0;0;0;0;0;0;0;0;0;0;0;0;0;0;0;0;0;0;0;0;0;0;0;0;0;0;0;0;0;0;0;0;0;0;0;0;0;0;0;0;0;0;0;0;0;0;0;0;0;0;0;0;0;0;0
M68YD:01084:06310_SUB_SUB;9189;105;310;4;0;232;1;0;0;1849;0;6582;0;0;0;0;0;0;0;1;0;1;0;0;0;0;0;0;0;0;0;0;0;0;0;0;0;0;0;0;0;0;0;0;0;0;0;0;0;0;0;0;0;0;0;0;0;0;0;0;0;0;0;0;0;0;0;0;0;0;0;3;0;0;101;0;0;0;0;0;0;0;0;0;0;0;0;0;0;0
M68YD:00398:00690_SUB_SUB;952;9;37;0;0;23;1;0;0;145;0;730;0;0;0;0;0;0;0;0;0;0;0;0;0;0;0;0;0;0;0;0;0;0;0;0;0;0;0;0;0;0;0;0;0;0;0;0;0;0;0;0;0;0;0;0;0;0;0;0;0;0;0;0;0;0;0;0;0;0;0;0;0;0;7;0;0;0;0;0;0;0;0;0;0;0;0;0;0;0
M68YD:02422:06052_SUB_SUB;104;0;4;0;0;3;0;0;0;22;0;73;0;0;0;0;0;0;0;0;0;0;0;0;0;0;0;0;0;0;0;0;0;0;0;0;0;0;0;0;0;0;0;0;0;0;0;0;0;0;0;0;0;0;0;0;0;0;0;0;0;0;0;0;0;0;0;0;0;0;0;0;0;0;2;0;0;0;0;0;0;0;0;0;0;0;0;0;0;0
M68YD:04385:06716_SUB_SUB;653;10;29;0;0;14;0;0;0;141;0;453;0;0;0;0;0;0;0;0;0;0;0;0;0;0;0;0;0;0;0;0;0;0;0;0;0;0;0;0;0;0;0;0;0;0;0;0;0;0;0;0;0;0;0;0;0;0;0;0;0;0;0;0;0;0;0;0;0;0;0;0;0;0;6;0;0;0;0;0;0;0;0;0;0;0;0;0;0;0
M68YD:01085:01808_SUB_SUB;710;3;32;0;0;12;0;0;0;134;0;524;0;0;0;0;0;0;0;0;0;0;0;0;0;0;0;0;0;0;0;0;0;0;0;0;0;0;0;0;0;0;0;0;0;0;0;0;0;0;0;0;0;0;0;0;0;0;0;0;0;0;0;0;0;0;0;0;0;0;0;0;0;0;5;0;0;0;0;0;0;0;0;0;0;0;0;0;0;0
M68YD:04509:01328_SUB_SUB;141;5;7;0;0;3;0;0;0;31;0;93;0;0;0;0;0;0;0;1;0;0;0;0;0;0;0;0;0;0;0;0;0;0;0;0;0;0;0;0;0;0;0;0;0;0;0;0;0;0;0;0;0;0;0;0;0;0;0;0;0;0;0;0;0;0;0;0;0;0;0;0;0;0;1;0;0;0;0;0;0;0;0;0;0;0;0;0;0;0
M68YD:03551:00866_SUB_SUB;103;0;4;0;0;1;0;0;0;26;0;72;0;0;0;0;0;0;0;0;0;0;0;0;0;0;0;0;0;0;0;0;0;0;0;0;0;0;0;0;0;0;0;0;0;0;0;0;0;0;0;0;0;0;0;0;0;0;0;0;0;0;0;0;0;0;0;0;0;0;0;0;0;0;0;0;0;0;0;0;0;0;0;0;0;0;0;0;0;0
M68YD:03950:00928_SUB_SUB;151;1;6;0;0;5;0;0;0;44;0;91;0;0;0;0;0;0;0;0;0;0;0;0;0;0;0;0;0;0;0;0;0;0;0;0;0;0;0;0;0;0;0;0;0;0;0;0;0;0;0;0;0;0;0;0;0;0;0;0;0;0;0;0;0;0;0;0;0;0;0;1;0;0;3;0;0;0;0;0;0;0;0;0;0;0;0;0;0;0
M68YD:03530:00292_SUB_SUB;173;2;6;0;0;4;0;0;0;27;0;131;0;0;0;0;0;0;0;0;0;0;0;0;0;0;0;0;0;0;0;0;0;0;0;0;0;0;0;0;0;0;0;0;0;0;0;0;0;0;0;0;0;0;0;0;0;0;0;0;0;0;0;0;0;0;0;0;0;0;0;0;0;0;3;0;0;0;0;0;0;0;0;0;0;0;0;0;0;0
M68YD:03051:00920_SUB_SUB;115;3;5;0;0;3;0;0;0;32;0;71;0;0;0;0;0;0;0;0;0;0;0;0;0;0;0;0;0;0;0;0;0;0;0;0;0;0;0;0;0;0;0;0;0;0;0;0;0;0;0;0;0;0;0;0;0;0;0;0;0;0;0;0;0;0;0;0;0;0;0;0;0;0;1;0;0;0;0;0;0;0;0;0;0;0;0;0;0;0
M68YD:00229:02065_SUB_SUB;1094;17;38;1;0;12;1;0;0;284;0;741;0;0;0;0;0;0;0;0;0;0;0;0;0;0;0;0;0;0;0;0;0;0;0;0;0;0;0;0;0;0;0;0;0;0;0;0;0;0;0;0;0;0;0;0;0;0;0;0;0;0;0;0;0;0;0;0;0;0;0;0;0;0;0;0;0;0;0;0;0;0;0;0;0;0;0;0;0;0
M68YD:04338:00267_SUB_SUB;208;3;9;0;0;0;0;0;0;72;0;124;0;0;0;0;0;0;0;0;0;0;0;0;0;0;0;0;0;0;0;0;0;0;0;0;0;0;0;0;0;0;0;0;0;0;0;0;0;0;0;0;0;0;0;0;0;0;0;0;0;0;0;0;0;0;0;0;0;0;0;0;0;0;0;0;0;0;0;0;0;0;0;0;0;0;0;0;0;0
M68YD:04063:06587_SUB_SUB;2160;164;235;11;0;8;22;0;0;1029;0;590;0;0;0;0;0;0;0;0;0;0;0;0;0;0;0;0;0;0;0;0;0;0;0;0;0;0;0;14;0;0;17;0;0;0;0;3;0;0;0;0;0;0;0;0;0;0;0;0;0;0;0;0;0;0;0;0;0;0;0;0;0;0;64;3;0;0;0;0;0;0;0;0;0;0;0;0;0;0
M68YD:00608:00722_SUB_SUB;284;14;26;0;0;0;2;0;0;153;0;75;0;0;0;0;0;0;0;0;0;0;0;0;0;0;0;0;0;0;0;0;0;0;0;0;0;0;0;2;0;0;2;0;0;0;0;0;0;0;0;0;0;0;0;0;0;0;0;0;0;0;0;0;0;0;0;0;0;0;0;0;0;0;9;1;0;0;0;0;0;0;0;0;0;0;0;0;0;0
M68YD:04322:06795_SUB_SUB;190;9;16;1;0;2;2;0;0;99;0;52;0;0;0;0;0;0;0;0;0;0;0;0;0;0;0;0;0;0;0;0;0;0;0;0;0;0;0;1;0;0;1;0;0;0;0;1;0;0;0;0;0;0;0;0;0;0;0;0;0;0;0;0;0;0;0;0;0;0;0;0;0;0;6;0;0;0;0;0;0;0;0;0;0;0;0;0;0;0
M68YD:01272:06005_SUB_SUB;120;14;20;1;0;1;1;0;0;53;0;24;0;0;0;0;0;0;0;0;0;0;0;0;0;0;0;0;0;0;0;0;0;0;0;0;0;0;0;1;0;0;0;0;0;0;0;0;0;0;0;0;0;0;0;0;0;0;0;0;0;0;0;0;0;0;0;0;0;0;0;0;0;0;5;0;0;0;0;0;0;0;0;0;0;0;0;0;0;0
M68YD:03116:07070_SUB_SUB;219;0;0;0;0;0;1;0;0;0;0;0;0;0;0;0;0;0;82;0;0;0;0;0;0;0;0;0;0;0;5;0;0;0;0;0;0;0;0;0;0;0;0;0;0;0;0;12;0;0;0;0;0;0;0;0;0;0;0;0;0;0;57;2;23;0;0;0;0;0;0;0;0;0;0;0;0;31;0;0;6;0;0;0;0;0;0;0;0;0
M68YD:04005:06751_SUB_SUB;2372;0;0;0;0;0;0;0;0;0;0;0;0;0;0;0;0;0;766;0;0;0;0;0;0;0;0;0;0;0;28;0;0;0;0;0;0;0;0;0;0;0;0;0;0;0;0;114;0;0;3;0;0;0;0;0;0;0;0;0;0;0;667;24;368;0;0;0;0;0;0;0;0;0;0;0;0;336;0;0;66;0;0;0;0;0;0;0;0;0
M68YD:02839:00963_SUB_SUB;308;0;0;0;0;0;1;0;0;0;0;0;0;0;0;0;0;0;57;0;0;0;0;0;0;0;0;0;0;0;2;0;0;0;0;0;0;0;0;0;0;0;0;0;0;0;0;14;0;0;1;0;0;0;0;0;0;0;0;0;0;0;149;4;39;0;0;0;0;0;0;0;0;0;0;0;0;37;0;0;4;0;0;0;0;0;0;0;0;0
M68YD:04405:06919_SUB_SUB;272;0;0;0;0;0;0;0;0;0;0;0;0;0;0;0;0;0;123;0;0;4;0;1;0;0;0;0;0;0;0;12;0;0;0;0;0;0;0;0;0;0;1;0;0;0;0;0;9;0;0;0;0;0;0;0;0;5;3;0;0;0;0;0;0;0;0;1;0;0;104;1;0;1;7;0;0;0;0;0;0;0;0;0;0;0;0;0;0;0
M68YD:04033:06912_SUB_SUB;3227;0;0;0;0;0;0;0;0;0;0;0;0;0;0;0;0;0;3226;0;0;0;0;0;0;0;0;1;0;0;0;0;0;0;0;0;0;0;0;0;0;0;0;0;0;0;0;0;0;0;0;0;0;0;0;0;0;0;0;0;0;0;0;0;0;0;0;0;0;0;0;0;0;0;0;0;0;0;0;0;0;0;0;0;0;0;0;0;0;0
M68YD:04096:06934_SUB_SUB;345;0;0;0;0;0;0;0;0;0;0;0;0;0;0;0;0;0;345;0;0;0;0;0;0;0;0;0;0;0;0;0;0;0;0;0;0;0;0;0;0;0;0;0;0;0;0;0;0;0;0;0;0;0;0;0;0;0;0;0;0;0;0;0;0;0;0;0;0;0;0;0;0;0;0;0;0;0;0;0;0;0;0;0;0;0;0;0;0;0
M68YD:04178:06601_SUB_SUB;296;0;0;0;0;0;0;0;0;0;0;0;0;0;0;0;0;0;296;0;0;0;0;0;0;0;0;0;0;0;0;0;0;0;0;0;0;0;0;0;0;0;0;0;0;0;0;0;0;0;0;0;0;0;0;0;0;0;0;0;0;0;0;0;0;0;0;0;0;0;0;0;0;0;0;0;0;0;0;0;0;0;0;0;0;0;0;0;0;0
M68YD:03997:06843_SUB_SUB;650;0;0;0;0;0;0;0;0;0;0;0;0;0;0;0;0;0;650;0;0;0;0;0;0;0;0;0;0;0;0;0;0;0;0;0;0;0;0;0;0;0;0;0;0;0;0;0;0;0;0;0;0;0;0;0;0;0;0;0;0;0;0;0;0;0;0;0;0;0;0;0;0;0;0;0;0;0;0;0;0;0;0;0;0;0;0;0;0;0
M68YD:04404:06511_SUB_SUB;105;0;0;0;0;0;0;0;0;0;0;0;0;0;0;0;0;0;105;0;0;0;0;0;0;0;0;0;0;0;0;0;0;0;0;0;0;0;0;0;0;0;0;0;0;0;0;0;0;0;0;0;0;0;0;0;0;0;0;0;0;0;0;0;0;0;0;0;0;0;0;0;0;0;0;0;0;0;0;0;0;0;0;0;0;0;0;0;0;0
M68YD:00505:02020_SUB_SUB;109;0;0;0;0;0;0;0;0;0;0;0;0;0;0;0;0;0;109;0;0;0;0;0;0;0;0;0;0;0;0;0;0;0;0;0;0;0;0;0;0;0;0;0;0;0;0;0;0;0;0;0;0;0;0;0;0;0;0;0;0;0;0;0;0;0;0;0;0;0;0;0;0;0;0;0;0;0;0;0;0;0;0;0;0;0;0;0;0;0
M68YD:00508:02134_SUB_SUB;257;0;0;0;0;0;0;0;0;0;0;0;0;0;0;0;0;0;0;0;0;0;0;0;0;0;0;0;0;0;0;0;0;0;0;0;0;0;9;0;0;0;0;0;0;0;0;0;0;0;0;0;0;0;0;0;0;0;0;0;0;0;0;2;0;0;0;0;0;0;0;2;243;1;0;0;0;0;0;0;0;0;0;0;0;0;0;0;0;0
M68YD:00886:01602_SUB_SUB;726;0;0;0;0;0;0;0;0;0;0;0;0;0;0;0;0;0;0;0;0;0;0;0;0;0;0;0;0;0;0;0;0;0;0;0;0;0;4;0;0;0;0;0;0;0;0;0;0;0;0;0;0;0;0;0;0;0;0;0;0;0;0;33;0;0;0;0;0;0;0;5;684;0;0;0;0;0;0;0;0;0;0;0;0;0;0;0;0;0
M68YD:00319:04604_SUB_SUB;244;0;0;0;0;0;0;0;0;0;0;0;0;0;0;0;0;0;0;0;0;0;0;0;0;0;0;0;0;0;0;0;0;0;0;0;0;0;10;0;0;0;0;0;0;0;0;0;0;0;0;0;0;0;0;0;0;0;0;0;0;0;0;17;0;0;0;0;0;0;0;0;217;0;0;0;0;0;0;0;0;0;0;0;0;0;0;0;0;0
M68YD:03870:06408_SUB_SUB;2653;0;0;0;0;0;0;0;0;0;0;0;0;5;0;9;0;20;1;0;0;117;0;22;0;16;0;0;0;0;0;1110;0;0;0;0;0;0;0;4;0;0;1;0;0;2;0;0;681;0;0;0;0;0;0;0;0;204;0;0;0;0;0;0;0;0;0;7;0;4;442;4;0;0;3;1;0;0;0;0;0;0;0;0;0;0;0;0;0;0
M68YD:01174:02978_SUB_SUB;262;0;0;0;0;0;0;0;0;0;0;0;0;0;0;4;0;2;0;0;0;7;0;1;0;4;0;0;0;0;0;130;0;0;0;0;0;0;0;0;0;0;0;0;0;1;0;0;54;0;0;0;0;0;0;0;0;19;0;0;0;0;0;0;0;0;0;2;0;0;38;0;0;0;0;0;0;0;0;0;0;0;0;0;0;0;0;0;0;0
M68YD:03362:03664_SUB_SUB;111;0;0;0;0;0;0;0;0;0;0;0;0;0;0;0;0;1;0;0;0;11;0;1;0;1;0;0;0;0;0;37;0;0;0;0;0;0;0;1;0;0;0;0;0;1;0;0;28;0;0;0;0;0;0;0;0;6;0;0;0;0;0;0;0;0;0;0;0;0;23;0;0;0;0;0;0;0;0;0;1;0;0;0;0;0;0;0;0;0
M68YD:03891:02273_SUB_SUB;507;0;0;0;0;0;0;0;0;0;0;0;0;2;0;3;0;1;0;0;1;39;0;4;0;0;0;0;0;0;0;170;0;0;0;0;0;0;0;0;0;0;0;0;0;1;0;0;167;0;0;0;0;0;0;0;0;25;0;0;0;0;0;0;0;0;0;0;0;0;92;1;0;0;0;1;0;0;0;0;0;0;0;0;0;0;0;0;0;0
M68YD:05107:06100_SUB_SUB;3905;0;0;0;0;0;0;0;0;0;0;0;0;0;0;0;0;10;0;0;0;0;0;0;0;0;0;0;0;0;0;0;0;0;0;0;0;0;0;0;0;0;0;0;0;0;0;0;0;0;0;0;0;0;0;0;0;0;0;0;0;0;0;0;0;0;0;0;0;0;3887;0;0;0;0;8;0;0;0;0;0;0;0;0;0;0;0;0;0;0
M68YD:02900:05218_SUB_SUB;146;0;0;0;0;0;0;0;0;0;0;0;0;0;0;0;0;1;0;0;0;0;0;0;0;0;0;0;0;0;0;0;0;0;0;0;0;0;0;0;0;0;0;0;0;0;0;0;0;0;0;0;0;0;0;0;0;0;0;0;0;0;0;0;0;0;0;0;0;0;144;0;0;0;0;1;0;0;0;0;0;0;0;0;0;0;0;0;0;0
M68YD:02339:06350_SUB_SUB;298;0;0;0;0;0;0;0;0;0;0;0;0;0;0;0;0;1;0;0;0;0;0;0;0;0;0;0;0;0;0;0;0;0;0;0;0;0;0;0;0;0;0;0;0;0;0;0;0;0;0;0;0;0;0;0;0;0;0;0;0;0;0;0;0;0;0;0;0;0;297;0;0;0;0;0;0;0;0;0;0;0;0;0;0;0;0;0;0;0
M68YD:01898:00860_SUB_SUB;364;0;0;0;0;0;0;0;0;0;0;0;0;0;0;0;0;0;0;0;0;0;0;0;0;0;0;0;0;0;0;0;0;0;0;0;0;0;0;0;0;0;1;0;0;0;0;0;0;0;0;0;0;0;0;0;0;0;0;0;0;0;0;0;0;0;0;1;0;0;338;11;0;0;0;13;0;0;0;0;0;0;0;0;0;0;0;0;0;0
M68YD:00321:05098_SUB_SUB;136;0;0;0;0;0;0;0;0;0;0;0;0;0;0;1;0;0;6;0;0;0;0;0;0;0;0;0;0;0;0;75;0;0;0;0;0;0;0;0;0;0;0;0;0;0;0;0;0;0;0;0;0;0;0;0;0;0;0;0;0;0;0;0;0;0;0;0;0;0;0;0;0;0;0;0;0;0;0;0;0;0;0;0;0;0;0;54;0;0
M68YD:04149:06723_SUB_SUB;268;0;0;0;0;0;0;0;0;0;0;0;0;0;0;0;0;0;0;0;0;0;0;0;0;0;0;0;0;0;0;0;0;0;0;0;0;0;0;0;0;0;0;0;0;0;0;0;0;0;0;0;0;0;0;0;0;0;0;0;0;0;0;0;0;0;0;0;0;0;268;0;0;0;0;0;0;0;0;0;0;0;0;0;0;0;0;0;0;0
M68YD:00739:06379_SUB_SUB;135;0;0;0;0;0;0;0;0;0;0;0;0;0;0;0;0;0;0;0;0;0;0;0;0;0;0;0;0;0;0;0;0;0;0;0;0;0;0;0;0;0;0;0;0;0;0;0;0;0;0;0;0;0;0;0;0;0;0;0;0;0;0;0;0;0;0;0;0;0;135;0;0;0;0;0;0;0;0;0;0;0;0;0;0;0;0;0;0;0
M68YD:04044:06897_SUB_SUB;161;0;0;0;0;0;0;0;0;0;0;0;0;0;0;0;0;0;0;0;0;0;0;0;0;0;0;0;0;0;0;0;0;0;0;0;0;0;0;0;0;0;0;0;0;0;0;0;0;0;0;0;0;0;0;0;0;0;0;0;0;0;0;0;0;0;0;0;0;0;161;0;0;0;0;0;0;0;0;0;0;0;0;0;0;0;0;0;0;0
M68YD:04071:06885_SUB_SUB;1317;0;0;0;0;0;0;0;0;0;0;0;0;0;0;0;0;0;0;0;0;0;0;0;0;0;0;0;0;0;0;0;0;0;0;0;0;0;0;0;0;0;0;0;0;0;0;0;0;0;0;0;0;0;0;0;0;0;0;0;0;0;0;0;0;0;0;0;0;0;1317;0;0;0;0;0;0;0;0;0;0;0;0;0;0;0;0;0;0;0
M68YD:04102:06932_SUB_SUB;122;0;0;0;0;0;0;0;0;0;0;0;0;0;0;0;0;0;0;0;0;0;0;0;0;0;0;0;0;0;0;0;0;0;0;0;0;0;0;0;0;0;0;0;0;0;0;0;0;0;0;0;0;0;0;0;0;0;0;0;0;0;0;0;0;0;0;0;0;0;122;0;0;0;0;0;0;0;0;0;0;0;0;0;0;0;0;0;0;0
M68YD:01152:06073_SUB_SUB;178;0;0;0;0;0;0;0;0;0;0;0;0;0;0;0;0;0;0;0;0;0;0;0;0;0;0;0;0;0;0;0;0;0;0;0;0;0;0;0;0;0;0;0;0;0;0;0;0;0;0;0;0;0;0;0;0;0;0;0;0;0;0;0;0;0;0;0;0;0;178;0;0;0;0;0;0;0;0;0;0;0;0;0;0;0;0;0;0;0
M68YD:04280:01064_SUB_SUB;103;0;0;0;0;0;0;0;1;0;0;0;0;0;0;4;0;0;0;0;0;1;0;0;0;1;0;0;0;0;0;0;0;0;0;0;0;0;0;0;2;0;0;0;91;1;0;0;0;0;0;0;0;0;0;0;0;0;0;0;0;0;1;0;0;0;0;1;0;0;0;0;0;0;0;0;0;0;0;0;0;0;0;0;0;0;0;0;0;0
M68YD:02330:02766_SUB_SUB;182;0;0;0;0;0;0;0;0;0;0;0;0;0;0;0;0;0;0;0;1;2;0;0;0;0;0;0;0;0;0;0;0;0;0;0;0;0;0;0;0;0;0;0;179;0;0;0;0;0;0;0;0;0;0;0;0;0;0;0;0;0;0;0;0;0;0;0;0;0;0;0;0;0;0;0;0;0;0;0;0;0;0;0;0;0;0;0;0;0
M68YD:00104:03358_SUB_SUB;1085;0;0;0;0;0;2;0;0;0;0;0;0;0;0;0;0;0;1082;0;0;0;0;0;0;0;0;0;1;0;0;0;0;0;0;0;0;0;0;0;0;0;0;0;0;0;0;0;0;0;0;0;0;0;0;0;0;0;0;0;0;0;0;0;0;0;0;0;0;0;0;0;0;0;0;0;0;0;0;0;0;0;0;0;0;0;0;0;0;0
M68YD:04256:06840_SUB_SUB;164;0;0;0;0;0;0;0;0;0;0;0;0;0;0;0;0;0;164;0;0;0;0;0;0;0;0;0;0;0;0;0;0;0;0;0;0;0;0;0;0;0;0;0;0;0;0;0;0;0;0;0;0;0;0;0;0;0;0;0;0;0;0;0;0;0;0;0;0;0;0;0;0;0;0;0;0;0;0;0;0;0;0;0;0;0;0;0;0;0
M68YD:00048:02443_SUB_SUB;183;0;0;0;0;0;0;0;0;0;0;0;0;0;0;0;0;0;183;0;0;0;0;0;0;0;0;0;0;0;0;0;0;0;0;0;0;0;0;0;0;0;0;0;0;0;0;0;0;0;0;0;0;0;0;0;0;0;0;0;0;0;0;0;0;0;0;0;0;0;0;0;0;0;0;0;0;0;0;0;0;0;0;0;0;0;0;0;0;0
M68YD:04480:06450_SUB_SUB;278;0;0;0;6;0;0;0;3;0;0;0;0;0;0;0;0;0;0;0;0;0;0;0;0;0;0;0;0;0;0;0;0;0;0;0;0;0;24;0;0;0;0;0;0;0;0;0;0;0;0;0;0;0;0;0;0;0;0;0;0;0;0;0;0;0;0;236;0;0;0;9;0;0;0;0;0;0;0;0;0;0;0;0;0;0;0;0;0;0
M68YD:04499:06410_SUB_SUB;371;10;0;0;0;0;0;0;0;0;0;0;0;0;0;0;0;0;0;0;67;0;0;0;0;0;0;0;0;0;17;0;0;0;0;0;0;0;7;0;0;0;0;0;0;0;0;15;0;0;0;0;0;0;0;0;0;0;0;0;0;0;0;0;0;0;0;0;0;246;0;9;0;0;0;0;0;0;0;0;0;0;0;0;0;0;0;0;0;0
M68YD:04909:04106_SUB_SUB;142;0;0;0;0;0;0;0;0;0;0;0;0;0;0;0;0;0;4;0;1;0;0;0;0;0;0;0;0;0;0;0;0;0;0;0;0;0;0;0;0;0;0;0;0;0;0;0;0;0;0;0;0;0;0;0;0;0;0;0;0;0;0;0;0;0;0;109;0;28;0;0;0;0;0;0;0;0;0;0;0;0;0;0;0;0;0;0;0;0
M68YD:04321:06802_SUB_SUB;1674;0;0;0;96;0;0;0;38;0;0;0;0;0;0;0;0;0;0;0;0;0;0;0;0;0;0;0;0;0;0;0;0;0;0;0;0;0;214;0;0;0;0;0;0;0;0;0;0;0;0;0;0;0;0;0;0;0;0;0;0;0;0;0;0;0;0;1270;0;0;0;55;0;0;0;1;0;0;0;0;0;0;0;0;0;0;0;0;0;0
M68YD:04555:06936_SUB_SUB;314;0;0;0;7;0;0;0;6;0;0;0;0;0;0;0;0;0;0;0;0;0;0;0;0;0;0;0;0;0;0;0;0;0;0;0;0;0;29;0;0;0;0;0;0;0;0;0;0;0;0;0;0;0;0;0;0;0;0;0;0;0;0;0;0;0;0;263;0;0;0;9;0;0;0;0;0;0;0;0;0;0;0;0;0;0;0;0;0;0
M68YD:04511:04825_SUB_SUB;8798;0;0;0;0;0;0;0;0;0;0;0;0;0;0;1;0;0;0;0;0;798;0;0;0;0;0;0;0;0;0;0;0;0;0;0;0;0;0;0;0;0;0;0;0;0;0;0;0;0;0;0;0;0;0;0;0;0;0;0;0;0;0;0;0;0;0;2532;0;3197;2;900;573;0;474;133;0;0;0;0;188;0;0;0;0;0;0;0;0;0
M68YD:04178:06962_SUB_SUB;1462;0;0;0;0;0;0;0;0;0;0;0;0;0;0;0;0;0;0;0;0;69;0;0;0;0;0;0;0;0;0;0;0;0;0;0;1;0;0;0;0;0;0;0;0;0;0;0;0;0;0;0;0;0;0;0;0;0;0;0;0;0;0;0;0;0;0;561;0;389;0;173;123;0;79;34;0;0;0;0;33;0;0;0;0;0;0;0;0;0
M68YD:00720:05782_SUB_SUB;161;0;0;0;0;0;0;0;0;0;0;0;0;0;0;0;0;0;0;0;0;7;0;0;0;0;0;0;0;0;0;0;0;0;0;0;0;0;0;0;0;0;0;0;0;0;0;0;0;0;0;0;0;0;0;0;0;0;0;0;0;0;0;0;0;0;0;69;0;46;0;16;15;0;3;3;0;0;0;0;2;0;0;0;0;0;0;0;0;0
M68YD:04037:06680_SUB_SUB;132;0;0;0;0;0;0;0;0;0;0;0;0;0;0;0;0;0;132;0;0;0;0;0;0;0;0;0;0;0;0;0;0;0;0;0;0;0;0;0;0;0;0;0;0;0;0;0;0;0;0;0;0;0;0;0;0;0;0;0;0;0;0;0;0;0;0;0;0;0;0;0;0;0;0;0;0;0;0;0;0;0;0;0;0;0;0;0;0;0
M68YD:03988:06502_SUB_SUB;1334;0;0;0;0;0;0;0;0;0;0;0;0;0;0;0;0;0;0;0;0;117;0;0;0;0;0;0;0;0;0;0;0;0;0;0;0;0;0;0;0;0;0;0;0;0;0;0;0;0;0;0;0;0;0;0;0;0;0;0;0;0;0;0;0;0;0;367;0;515;0;131;104;0;54;25;0;0;0;0;21;0;0;0;0;0;0;0;0;0
M68YD:00555:04903_SUB_SUB;1080;0;0;0;0;0;0;0;0;0;0;0;0;0;0;0;0;0;0;0;0;31;0;0;0;0;0;0;0;0;0;0;0;0;0;0;0;0;0;0;0;0;0;0;0;0;0;0;0;0;0;0;0;0;0;0;0;0;0;0;0;0;0;0;0;0;0;613;0;98;0;119;130;0;27;12;0;0;0;0;50;0;0;0;0;0;0;0;0;0
M68YD:00830:02707_SUB_SUB;124;0;0;0;0;0;0;0;0;0;0;0;0;0;0;0;0;0;0;0;0;4;0;0;0;0;0;0;0;0;0;0;0;0;0;0;0;0;0;0;0;0;0;0;0;0;0;0;0;0;0;0;0;0;0;0;0;0;0;0;0;0;0;0;0;0;0;73;0;7;0;12;17;0;2;6;0;0;0;0;3;0;0;0;0;0;0;0;0;0
M68YD:00027:04816_SUB_SUB;261;0;0;0;11;0;0;0;7;0;0;0;0;0;0;0;0;0;0;0;0;0;0;0;0;0;0;0;0;0;0;0;0;0;0;0;0;0;36;0;0;0;0;0;0;0;0;0;0;0;0;0;0;0;0;0;0;0;0;0;0;0;0;0;0;0;0;202;0;0;0;5;0;0;0;0;0;0;0;0;0;0;0;0;0;0;0;0;0;0
M68YD:05044:01923_SUB_SUB;190;0;0;0;0;0;0;0;0;0;0;0;0;0;1;0;0;0;0;0;0;14;0;0;0;0;0;0;0;0;0;0;0;0;0;0;0;0;0;0;0;0;0;0;0;0;0;0;0;0;0;0;0;0;0;0;0;0;0;0;0;0;0;0;0;0;0;74;0;48;0;17;20;0;10;2;0;0;0;0;4;0;0;0;0;0;0;0;0;0
M68YD:04157:06947_SUB_SUB;1432;0;0;0;0;0;0;0;0;0;0;0;0;0;0;0;0;0;0;0;0;107;0;0;0;0;0;0;0;0;0;0;0;0;0;0;0;0;0;0;0;0;0;0;0;0;0;0;0;0;0;0;0;0;0;0;0;0;0;0;0;0;0;0;0;0;0;387;0;583;0;149;71;0;79;17;0;0;0;1;38;0;0;0;0;0;0;0;0;0
M68YD:00105:02127_SUB_SUB;296;0;0;0;0;0;0;0;0;0;0;0;0;0;0;0;0;0;0;0;0;18;0;0;0;0;0;0;0;0;0;0;0;0;0;0;1;0;0;0;0;0;0;0;0;0;0;0;0;0;0;0;0;0;0;0;0;0;0;0;0;0;0;0;0;0;0;112;0;83;0;26;23;0;14;7;0;0;0;0;12;0;0;0;0;0;0;0;0;0
M68YD:00527:02179_SUB_SUB;152;0;0;0;0;0;0;0;0;0;0;0;0;0;0;0;0;0;0;0;0;1;0;0;0;0;0;0;0;0;0;0;0;0;0;0;0;0;0;0;0;0;0;0;0;0;0;0;0;0;0;0;0;0;0;0;0;0;0;0;0;0;0;0;0;0;0;92;0;11;0;15;19;0;3;3;0;0;0;0;8;0;0;0;0;0;0;0;0;0
M68YD:02891:05216_SUB_SUB;604;0;0;0;0;0;0;0;0;0;0;0;0;0;0;1;0;0;0;0;0;9;0;0;0;0;0;0;0;0;0;0;0;0;0;0;0;0;0;0;0;0;0;0;0;0;0;0;0;0;0;0;0;0;0;0;0;0;0;0;0;0;0;0;0;0;0;331;0;66;0;60;84;0;15;13;0;0;0;0;25;0;0;0;0;0;0;0;0;0
M68YD:04082:06491_SUB_SUB;247;0;0;0;0;0;0;0;0;0;0;0;0;0;0;0;0;0;0;92;0;0;0;0;0;0;0;0;14;8;0;15;0;0;0;0;0;0;7;8;0;0;0;0;77;0;0;2;0;0;0;0;0;0;0;0;0;11;0;0;0;7;0;0;0;0;0;0;0;0;0;0;0;1;0;5;0;0;0;0;0;0;0;0;0;0;0;0;0;0
M68YD:01049:05851_SUB_SUB;129;0;0;0;0;0;0;0;0;0;0;0;0;0;0;0;0;0;0;37;0;0;0;0;0;0;0;0;5;2;0;10;0;0;0;0;0;0;4;2;0;0;0;0;50;0;0;1;0;0;0;0;0;0;0;0;0;9;0;0;0;1;0;0;0;0;0;0;0;0;0;0;0;0;0;8;0;0;0;0;0;0;0;0;0;0;0;0;0;0
M68YD:04049:06510_SUB_SUB;338;0;0;0;0;0;0;0;0;0;0;0;0;0;0;0;0;0;0;107;0;0;0;0;0;0;0;0;32;2;0;25;0;0;0;0;0;0;5;6;0;0;0;0;116;0;0;2;0;0;0;0;0;0;0;0;0;21;0;0;0;9;0;0;0;0;0;0;0;0;0;0;0;0;0;13;0;0;0;0;0;0;0;0;0;0;0;0;0;0
M68YD:04163:06805_SUB_SUB;3071;0;0;0;0;0;0;0;0;0;0;0;0;0;0;0;0;0;0;873;7;0;0;0;0;0;0;0;236;53;0;222;0;0;0;0;0;0;146;46;0;0;0;0;1204;0;0;10;0;0;0;0;0;0;0;0;0;189;0;0;0;33;0;0;0;0;0;0;0;0;0;1;0;8;0;43;0;0;0;0;0;0;0;0;0;0;0;0;0;0
M68YD:04392:06949_SUB_SUB;354;0;0;0;0;0;0;0;0;0;0;0;0;0;0;0;0;0;0;89;1;0;0;0;0;0;0;0;17;4;0;24;0;0;0;0;0;0;11;9;0;0;0;0;163;0;0;2;0;0;0;0;0;0;0;0;0;23;0;0;0;1;0;0;0;0;0;0;0;0;0;0;0;1;0;9;0;0;0;0;0;0;0;0;0;0;0;0;0;0
M68YD:04008:06876_SUB_SUB;606;0;0;0;0;0;0;0;0;0;0;0;0;0;0;0;0;0;0;197;2;0;0;0;0;0;0;0;62;6;0;36;0;0;0;0;0;0;26;15;0;0;0;0;193;0;0;3;0;0;0;0;0;0;0;0;0;39;0;0;0;9;0;0;0;0;0;0;0;0;0;0;0;2;0;16;0;0;0;0;0;0;0;0;0;0;0;0;0;0
M68YD:04358:06439_SUB_SUB;252;0;0;0;0;0;0;0;0;0;0;0;0;0;0;0;0;0;0;71;0;0;0;0;0;0;0;0;19;3;0;12;0;0;0;0;0;0;8;2;0;0;0;0;109;0;0;2;0;0;0;0;0;0;0;0;0;18;0;0;0;3;0;0;0;0;0;0;0;0;0;0;0;1;0;4;0;0;0;0;0;0;0;0;0;0;0;0;0;0
M68YD:00678:06076_SUB_SUB;124;0;0;0;0;0;0;0;0;0;0;0;0;0;0;0;0;0;0;34;0;0;0;0;0;0;0;0;10;4;0;5;0;0;0;0;0;0;7;1;0;0;0;0;50;0;0;0;0;0;0;0;0;0;0;0;0;10;0;0;0;0;0;0;0;0;0;0;0;0;0;0;0;0;0;3;0;0;0;0;0;0;0;0;0;0;0;0;0;0
M68YD:03432:01388_SUB_SUB;130;0;0;0;0;0;0;0;0;0;0;0;0;0;0;0;0;0;0;45;0;0;0;0;0;0;0;0;9;2;0;7;0;0;0;0;0;0;4;2;0;0;0;0;47;0;0;1;0;0;0;0;0;0;0;0;0;11;0;0;0;2;0;0;0;0;0;0;0;0;0;0;0;0;0;0;0;0;0;0;0;0;0;0;0;0;0;0;0;0
M68YD:04241:07023_SUB_SUB;135;0;0;0;0;0;0;0;0;0;0;0;0;0;0;0;0;0;0;121;0;0;0;0;0;0;0;0;3;0;0;2;0;0;0;0;0;0;0;0;0;0;0;0;8;0;0;0;0;0;0;0;0;0;0;0;0;1;0;0;0;0;0;0;0;0;0;0;0;0;0;0;0;0;0;0;0;0;0;0;0;0;0;0;0;0;0;0;0;0
M68YD:04128:06555_SUB_SUB;22619;0;0;0;0;0;0;0;0;0;0;0;255;0;0;144;0;194;0;0;0;701;0;0;0;0;0;0;0;61;31;2854;0;66;0;0;0;0;0;118;0;0;0;0;0;0;37;123;2694;0;14;0;0;0;1;0;0;0;0;0;0;0;0;0;0;1;0;0;0;0;13523;0;0;2;0;1544;0;0;0;0;229;0;0;0;0;0;0;0;0;27
M68YD:00366:03275_SUB_SUB;2446;0;0;0;0;0;0;0;0;0;0;0;29;0;0;22;0;30;0;0;0;72;0;0;0;0;0;0;0;9;3;294;0;6;0;0;0;0;0;15;0;0;0;0;0;0;4;9;254;0;0;0;0;0;0;0;0;0;0;0;0;0;0;0;0;1;0;0;0;0;1419;0;0;0;0;250;0;0;1;0;27;0;0;0;0;0;0;0;0;1
M68YD:00967:03830_SUB_SUB;300;0;0;0;0;0;0;0;0;0;0;0;2;0;0;2;0;3;0;0;0;6;0;0;0;0;0;0;0;0;0;44;0;0;0;0;0;0;0;6;0;0;0;0;0;0;0;2;31;0;0;0;0;0;0;0;0;0;0;0;0;0;0;0;0;0;0;0;0;0;171;0;0;0;0;29;0;0;0;0;4;0;0;0;0;0;0;0;0;0
M68YD:04075:06445_SUB_SUB;12628;0;0;0;0;0;0;0;0;0;0;0;116;0;0;83;0;86;0;0;0;498;0;0;0;0;0;0;0;31;11;1421;0;41;0;0;0;0;0;111;0;0;0;0;0;0;23;82;1695;0;9;0;0;0;0;0;0;0;0;0;0;0;0;0;0;0;0;0;0;0;7410;0;0;0;0;880;0;0;0;0;113;0;0;0;0;0;0;0;0;18
M68YD:00024:02102_SUB_SUB;242;0;0;0;0;0;0;0;0;0;0;0;3;0;0;2;0;2;0;0;0;5;0;0;0;0;0;0;0;0;0;38;0;0;0;0;0;0;0;4;0;0;0;0;0;0;1;1;22;0;0;0;0;0;0;0;0;0;0;0;0;0;0;0;0;0;0;0;0;0;133;0;0;0;0;28;0;0;0;0;3;0;0;0;0;0;0;0;0;0
M68YD:00410:04938_SUB_SUB;1263;0;0;0;0;0;0;0;0;0;0;0;14;0;0;11;0;16;0;0;0;34;0;0;0;0;0;0;0;5;2;142;0;3;0;0;0;0;0;11;0;0;0;0;0;0;0;6;171;0;2;0;0;0;0;0;0;0;0;0;0;0;0;0;0;0;0;0;0;0;700;0;0;0;0;135;0;0;0;0;10;0;0;0;0;0;0;0;0;1
M68YD:00017:03341_SUB_SUB;1711;0;0;0;0;0;0;0;0;0;0;0;22;0;0;9;0;13;0;0;0;43;0;0;0;0;0;0;0;5;1;235;0;2;0;0;0;0;0;12;0;0;0;0;0;0;3;11;225;0;0;0;0;0;0;0;0;0;0;0;0;0;0;0;0;0;0;0;0;0;999;0;0;0;0;104;0;0;0;0;24;0;0;0;0;0;0;0;0;3
M68YD:03161:05164_SUB_SUB;135;0;0;0;0;0;0;0;0;0;0;0;2;0;0;0;0;2;0;0;0;3;0;0;0;0;0;0;0;1;0;19;0;1;0;0;0;0;0;2;0;0;0;0;0;0;2;2;12;0;0;0;0;0;0;0;0;0;0;0;0;0;0;0;0;0;0;0;0;0;73;0;0;0;0;14;0;0;0;0;2;0;0;0;0;0;0;0;0;0
M68YD:03994:03613_SUB_SUB;297;0;0;0;0;0;0;0;0;0;0;0;4;0;0;1;0;3;0;0;0;9;0;0;0;0;0;0;0;1;0;27;0;1;0;0;0;0;0;6;0;0;0;0;0;0;1;1;38;0;0;0;0;0;0;0;0;0;0;0;0;0;0;0;0;0;0;0;0;0;180;0;0;0;0;22;0;0;0;0;3;0;0;0;0;0;0;0;0;0
M68YD:04852:06262_SUB_SUB;495;0;0;0;0;0;0;0;0;0;0;0;0;0;0;4;0;2;0;0;0;22;0;0;0;0;0;0;0;1;0;55;0;4;0;0;0;0;0;4;0;0;0;0;0;0;1;8;70;0;0;0;0;0;0;0;0;0;0;0;0;0;0;0;0;0;0;0;0;0;277;0;0;0;0;41;0;0;0;0;4;0;0;0;0;0;0;0;0;2
M68YD:04084:01415_SUB_SUB;422;0;0;0;0;0;0;0;0;0;0;0;0;0;0;1;0;49;0;0;0;4;0;0;0;0;0;0;0;0;3;25;0;2;0;0;0;0;0;4;0;0;0;0;0;0;1;5;16;0;0;0;0;0;0;0;0;0;0;0;0;0;0;0;0;0;0;0;0;0;90;0;0;0;0;219;0;0;0;0;1;0;0;0;0;0;0;0;0;2
M68YD:04456:06749_SUB_SUB;203;0;0;0;0;0;0;0;0;0;0;0;0;0;0;0;0;0;0;0;0;0;0;0;0;0;0;0;0;0;0;203;0;0;0;0;0;0;0;0;0;0;0;0;0;0;0;0;0;0;0;0;0;0;0;0;0;0;0;0;0;0;0;0;0;0;0;0;0;0;0;0;0;0;0;0;0;0;0;0;0;0;0;0;0;0;0;0;0;0
M68YD:04018:06624_SUB_SUB;195;0;0;0;0;0;0;0;0;0;0;0;0;0;0;0;0;0;0;0;0;0;0;0;0;0;0;0;0;0;0;0;0;0;0;0;0;0;0;0;0;0;0;0;0;0;0;0;0;0;0;0;0;0;0;0;0;0;0;0;0;0;0;0;0;0;0;0;0;0;195;0;0;0;0;0;0;0;0;0;0;0;0;0;0;0;0;0;0;0
M68YD:04030:06950_SUB_SUB;574;0;0;0;0;0;0;0;0;0;0;0;0;0;0;0;0;0;0;0;0;0;0;0;0;0;0;0;0;0;0;0;0;0;0;0;0;0;0;0;0;0;0;0;0;0;0;0;0;0;0;0;0;0;0;0;0;0;0;0;0;0;0;0;0;0;0;0;0;0;574;0;0;0;0;0;0;0;0;0;0;0;0;0;0;0;0;0;0;0
M68YD:00505:05822_SUB_SUB;397;0;0;0;0;0;0;0;0;0;0;0;6;0;0;1;0;4;0;0;0;23;0;0;0;0;0;0;0;2;1;38;0;2;0;0;0;0;0;2;0;0;0;0;0;0;1;5;59;0;1;0;0;0;0;0;0;0;0;0;0;0;0;0;0;0;0;0;0;0;213;0;0;0;0;35;0;0;0;0;3;0;0;0;0;0;0;0;0;1
M68YD:00873:01619_SUB_SUB;1509;0;0;0;0;0;0;0;0;0;0;0;24;0;0;9;0;14;0;0;0;68;0;0;0;0;0;0;0;1;2;183;0;3;0;0;0;0;0;12;0;0;0;0;0;0;2;9;212;0;1;0;0;0;0;0;0;0;0;0;0;0;0;0;0;0;0;0;0;0;839;0;0;0;0;111;0;0;0;0;17;0;0;0;0;0;0;0;0;2
M68YD:03894:06611_SUB_SUB;315;0;0;0;0;0;0;0;0;0;0;0;4;0;0;6;0;1;0;0;0;21;0;0;0;0;0;0;0;2;0;34;0;0;0;0;0;0;0;5;0;0;0;0;0;0;0;1;60;0;0;0;0;0;0;0;0;0;0;0;0;0;0;0;0;0;0;0;0;0;162;0;0;0;0;17;0;0;0;0;1;0;0;0;0;0;0;0;0;1
M68YD:04768:03417_SUB_SUB;230;0;0;0;0;0;0;0;0;0;0;0;0;0;0;1;0;23;0;0;0;5;0;0;0;0;0;0;0;0;1;17;0;0;0;0;0;0;0;3;0;0;0;0;0;0;0;4;11;0;0;0;0;0;0;0;0;0;0;0;0;0;0;0;0;0;0;0;0;0;39;0;0;0;0;121;0;0;0;0;5;0;0;0;0;0;0;0;0;0
M68YD:04771:01465_SUB_SUB;137;0;0;0;0;0;0;0;0;0;0;0;1;0;0;2;0;3;0;0;0;6;0;0;0;0;0;0;0;0;0;21;0;0;0;0;0;0;0;1;0;0;0;0;0;0;0;2;14;0;0;0;0;0;0;0;0;0;0;0;0;0;0;0;0;0;0;0;0;0;69;0;0;0;0;16;0;0;0;0;2;0;0;0;0;0;0;0;0;0
M68YD:04010:06607_SUB_SUB;130;0;0;0;0;0;0;0;0;0;0;0;0;0;0;0;0;0;0;0;0;0;0;0;0;0;0;0;0;0;0;0;0;0;0;0;0;0;0;0;0;0;0;0;0;0;0;0;0;0;0;0;0;0;0;0;0;0;0;0;0;0;0;0;0;0;0;0;0;0;130;0;0;0;0;0;0;0;0;0;0;0;0;0;0;0;0;0;0;0
M68YD:03394:06514_SUB_SUB;215;0;0;0;0;0;0;0;0;0;0;0;1;0;0;2;0;1;0;0;0;14;0;0;0;0;0;0;0;0;0;16;0;0;0;0;0;0;0;2;0;0;0;0;0;0;0;0;28;0;1;0;0;0;0;0;0;0;0;0;0;0;0;0;0;0;0;0;0;0;134;0;0;0;0;14;0;0;0;0;2;0;0;0;0;0;0;0;0;0
M68YD:03383:05073_SUB_SUB;258;0;0;0;0;0;0;0;0;0;0;0;0;0;0;1;0;5;0;0;0;5;0;0;0;0;0;0;0;0;0;52;0;0;0;0;0;0;0;0;0;0;0;0;0;0;0;0;13;0;0;0;0;0;0;0;0;0;0;0;0;0;0;0;0;0;0;0;0;0;167;0;0;0;0;15;0;0;0;0;0;0;0;0;0;0;0;0;0;0
M68YD:04926:01007_SUB_SUB;166;0;0;0;0;0;0;0;0;0;0;0;2;0;0;0;0;0;0;0;0;9;0;0;0;0;0;0;0;0;0;28;0;0;0;0;0;0;0;1;0;0;0;0;0;0;0;1;13;0;0;0;0;0;0;0;0;0;0;0;0;0;0;0;0;0;0;0;0;0;92;0;0;0;0;19;0;0;0;0;0;0;0;0;0;0;0;0;0;1
M68YD:03442:00914_SUB_SUB;487;0;0;0;0;0;0;0;0;0;0;0;3;0;0;0;0;0;0;0;0;19;0;0;0;0;0;0;0;4;0;36;0;3;0;0;0;0;0;1;0;0;0;0;0;0;0;3;58;0;0;0;0;0;0;0;0;0;0;0;0;0;0;0;0;0;0;0;0;0;349;0;0;0;0;9;0;0;0;0;1;0;0;0;0;0;0;0;0;1
M68YD:03620:00952_SUB_SUB;385;0;0;0;0;0;0;0;0;0;0;0;5;0;0;2;0;0;0;0;0;22;0;0;0;0;0;0;0;1;1;52;0;1;0;0;0;0;0;7;0;0;0;0;0;0;1;2;52;0;1;0;0;0;0;0;0;0;0;0;0;0;0;0;0;0;0;0;0;0;216;0;0;0;0;18;0;0;0;0;3;0;0;0;0;0;0;0;0;1
M68YD:00841:01698_SUB_SUB;226;0;0;0;0;0;0;0;0;0;0;0;15;0;0;2;0;31;0;0;0;0;0;0;0;0;0;0;0;0;1;17;0;0;0;0;0;0;0;0;0;0;0;0;0;0;4;1;9;0;0;0;0;0;0;0;0;0;0;0;0;0;0;0;0;0;0;0;0;0;138;0;0;0;0;8;0;0;0;0;0;0;0;0;0;0;0;0;0;0
M68YD:00554:03340_SUB_SUB;207;0;0;0;0;0;0;0;0;0;0;0;2;0;0;3;0;8;0;0;0;2;0;0;0;0;0;0;0;0;0;25;0;0;0;0;0;0;0;0;0;0;0;0;0;0;0;4;14;0;0;0;0;0;0;0;0;0;0;0;0;0;0;0;0;0;0;0;0;0;125;0;0;0;0;23;0;0;0;0;1;0;0;0;0;0;0;0;0;0
M68YD:04778:01902_SUB_SUB;132;0;0;0;0;0;0;0;0;0;0;0;9;0;0;5;0;16;0;0;0;0;0;0;0;0;0;0;0;0;0;9;0;0;0;0;0;0;0;1;0;0;0;0;0;0;1;2;6;0;0;0;0;0;0;0;0;0;0;0;0;0;0;0;0;0;0;0;0;0;81;1;0;0;0;0;0;0;0;0;1;0;0;0;0;0;0;0;0;0
M68YD:02897:01656_SUB_SUB;165;0;0;0;0;0;0;0;0;0;0;0;1;0;0;3;0;0;0;0;0;1;0;0;0;0;0;0;0;0;1;20;0;0;0;0;0;0;0;0;0;0;0;0;0;0;0;1;19;0;0;0;0;0;0;0;0;0;0;0;0;0;0;0;0;0;0;0;0;0;116;0;0;0;0;2;0;0;0;0;0;0;0;0;0;0;0;0;0;1
M68YD:00108:06304_SUB_SUB;120;0;0;0;0;0;0;0;0;0;0;0;2;0;0;0;0;9;0;0;0;2;0;0;0;0;0;0;0;0;0;10;0;0;0;0;0;0;0;1;0;0;0;0;0;0;0;0;10;0;0;0;0;0;0;0;0;0;0;0;0;0;0;0;0;0;0;0;0;0;75;0;0;0;0;9;0;0;0;0;2;0;0;0;0;0;0;0;0;0
M68YD:04080:06959_SUB_SUB;1908;0;0;0;0;0;0;0;0;0;0;0;21;0;0;16;0;46;0;0;0;39;0;0;0;0;0;0;0;2;0;146;0;0;0;0;0;0;0;14;0;0;0;0;0;0;1;20;169;0;0;0;0;0;0;0;0;0;0;0;0;0;0;0;0;0;0;0;0;0;1332;0;0;0;0;93;0;0;0;0;9;0;0;0;0;0;0;0;0;0
M68YD:05289:01744_SUB_SUB;159;0;0;0;0;0;0;0;0;0;0;0;2;0;0;0;0;2;0;0;0;1;0;0;0;0;0;0;0;0;0;17;0;0;0;0;0;0;0;2;0;0;0;0;0;0;0;2;17;0;0;0;0;0;0;0;0;0;0;0;0;0;0;0;0;0;0;0;0;0;112;0;0;0;0;4;0;0;0;0;0;0;0;0;0;0;0;0;0;0
M68YD:00973:03877_SUB_SUB;181;0;0;0;0;0;0;0;0;0;0;0;10;0;0;2;0;11;0;0;0;8;0;0;0;0;0;0;0;2;2;22;0;0;0;0;0;0;0;7;0;0;0;0;0;0;3;28;0;0;1;0;0;0;0;0;0;0;0;0;0;0;0;0;0;0;0;0;0;0;8;0;0;0;0;56;0;0;0;0;21;0;0;0;0;0;0;0;0;0
M68YD:03269:05386_SUB_SUB;1100;0;0;0;0;0;0;0;0;0;0;0;8;0;0;7;0;25;0;0;0;30;0;0;0;0;0;0;0;1;0;82;0;0;0;0;0;0;0;8;0;0;0;0;0;0;1;9;129;0;1;0;0;0;0;0;0;0;0;0;0;0;0;0;0;0;0;0;0;0;749;0;0;1;0;43;0;0;0;0;6;0;0;0;0;0;0;0;0;0
M68YD:01649:03889_SUB_SUB;124;0;0;0;0;0;0;0;0;0;0;0;0;0;0;0;0;1;0;0;0;0;0;0;0;0;0;0;0;0;0;0;0;0;0;0;0;0;0;0;0;0;0;0;0;0;0;1;0;0;0;0;0;0;0;0;0;0;0;0;0;0;0;0;0;0;0;0;0;0;117;0;0;0;0;4;0;0;0;0;1;0;0;0;0;0;0;0;0;0
M68YD:03720:06430_SUB_SUB;192;0;0;0;0;0;0;0;0;0;0;0;0;0;0;0;0;1;0;0;0;5;0;0;0;0;0;0;0;0;0;33;0;0;0;0;0;0;0;0;0;0;0;0;0;0;0;0;34;0;0;0;0;0;0;0;0;0;0;0;0;0;0;0;0;0;0;0;0;0;119;0;0;0;0;0;0;0;0;0;0;0;0;0;0;0;0;0;0;0
M68YD:00962:01413_SUB_SUB;412;0;0;0;0;0;0;0;0;0;0;0;2;0;0;1;0;4;0;0;0;1;0;0;0;0;0;0;0;0;0;65;0;0;0;0;0;0;0;0;0;0;0;0;0;0;0;0;66;0;0;0;0;0;0;0;0;0;0;0;0;0;0;0;0;0;0;0;0;0;273;0;0;0;0;0;0;0;0;0;0;0;0;0;0;0;0;0;0;0
M68YD:04033:06491_SUB_SUB;121;0;0;0;0;0;0;0;0;0;0;0;1;0;0;1;0;3;0;0;0;0;0;0;0;0;0;0;0;0;0;9;0;0;0;0;0;0;0;1;0;0;0;0;0;0;0;1;13;0;0;0;0;0;0;0;0;0;0;0;0;0;0;0;0;0;0;0;0;0;83;0;0;0;0;9;0;0;0;0;0;0;0;0;0;0;0;0;0;0
M68YD:00318:02317_SUB_SUB;196;0;0;0;0;0;0;0;0;0;0;0;0;0;0;0;0;0;0;0;0;0;0;0;0;0;0;0;0;0;0;18;0;0;0;0;0;0;0;0;0;0;0;0;0;0;0;0;17;0;0;0;0;0;0;0;0;0;0;0;0;0;0;0;0;0;0;0;0;0;159;0;0;0;0;2;0;0;0;0;0;0;0;0;0;0;0;0;0;0
M68YD:04188:06891_SUB_SUB;114;0;0;0;0;0;0;0;0;0;0;0;0;0;0;0;0;0;0;0;0;0;0;0;0;0;0;0;0;0;0;0;0;0;0;0;0;0;0;0;0;0;0;0;0;0;0;0;0;0;0;0;0;0;0;0;0;0;0;0;0;0;0;0;0;0;0;0;0;0;114;0;0;0;0;0;0;0;0;0;0;0;0;0;0;0;0;0;0;0
M68YD:04006:06893_SUB_SUB;290;0;0;0;0;0;0;0;0;0;0;0;0;0;0;0;0;0;0;0;0;0;0;0;0;0;0;0;0;0;0;0;0;0;0;0;0;0;0;0;0;0;0;0;0;0;0;0;0;0;0;0;0;0;0;0;0;0;0;0;0;0;0;0;0;0;0;0;0;0;290;0;0;0;0;0;0;0;0;0;0;0;0;0;0;0;0;0;0;0
M68YD:04647:04429_SUB_SUB;100;0;0;0;0;0;0;0;0;0;0;0;0;0;0;0;0;1;0;0;0;1;0;0;0;0;0;0;0;0;0;20;0;0;0;0;0;0;0;0;0;0;0;0;0;0;0;0;17;0;0;0;0;0;0;0;0;0;0;0;0;0;0;0;0;0;0;0;0;0;61;0;0;0;0;0;0;0;0;0;0;0;0;0;0;0;0;0;0;0
M68YD:04014:06553_SUB_SUB;132;0;0;0;0;0;0;0;0;0;0;0;0;0;0;0;0;0;0;0;0;0;0;0;0;0;0;0;0;0;0;0;0;0;0;0;0;0;0;0;0;0;0;0;0;0;0;0;0;0;0;0;0;0;0;0;0;0;0;0;0;0;0;0;0;0;0;0;0;0;132;0;0;0;0;0;0;0;0;0;0;0;0;0;0;0;0;0;0;0
M68YD:03662:06552_SUB_SUB;105;0;1;0;0;0;0;0;0;5;1;13;0;0;0;0;0;4;0;0;0;21;0;5;0;0;0;0;0;2;0;9;0;0;0;0;0;0;1;0;0;0;0;0;0;0;0;2;1;0;4;0;0;0;0;0;0;5;0;0;0;4;0;0;0;2;0;4;0;1;14;1;0;0;0;0;1;0;0;0;4;0;0;0;0;0;0;0;0;0
M68YD:04776:01521_SUB_SUB;12935;6;152;1;0;0;3;0;0;603;44;1017;0;0;0;0;28;380;0;0;0;2348;0;454;0;0;0;0;0;77;0;743;0;0;0;0;0;0;102;44;0;0;0;0;0;0;139;518;261;0;686;0;0;0;2;0;0;889;0;0;0;526;0;4;0;140;0;415;0;206;1459;297;46;102;219;97;116;0;0;0;810;0;1;0;0;0;0;0;0;0
M68YD:02374:01570_SUB_SUB;594;2;8;0;0;0;0;0;0;29;0;30;0;0;0;0;2;0;0;0;0;117;0;22;0;0;0;0;0;4;0;45;0;0;0;0;0;0;1;1;0;0;0;0;0;0;4;24;17;0;44;0;0;0;0;0;0;41;0;0;0;19;0;1;0;8;0;18;0;15;57;18;0;10;9;5;3;0;0;0;40;0;0;0;0;0;0;0;0;0
M68YD:00532:02029_SUB_SUB;133;0;4;0;0;0;0;0;0;4;0;13;0;0;0;0;2;7;0;0;0;27;0;4;0;0;0;0;0;2;0;10;0;0;0;0;0;0;1;0;0;0;0;0;0;0;0;5;1;0;12;0;0;0;0;0;0;2;0;0;0;3;0;0;0;1;0;5;0;2;6;2;1;1;2;4;2;0;0;0;10;0;0;0;0;0;0;0;0;0
M68YD:00325:06412_SUB_SUB;1347;0;13;0;0;2;0;0;0;60;3;99;0;0;0;0;5;49;0;0;0;251;0;46;0;0;0;0;0;9;0;76;0;0;0;0;0;0;12;2;0;0;0;0;0;0;13;40;18;0;76;0;0;0;0;0;0;91;0;0;0;59;0;1;0;29;0;37;0;12;129;38;10;8;33;15;19;0;0;0;92;0;0;0;0;0;0;0;0;0
M68YD:00936:00701_SUB_SUB;109;0;2;0;0;0;0;0;0;7;1;5;0;0;0;0;0;0;0;0;0;24;0;4;0;0;0;0;0;2;0;5;0;0;0;0;0;0;2;1;0;0;0;0;0;0;1;5;5;0;13;0;0;0;0;0;0;6;0;0;0;4;0;0;0;1;0;1;0;2;5;2;0;1;1;0;0;0;0;0;9;0;0;0;0;0;0;0;0;0
M68YD:00536:05950_SUB_SUB;795;0;0;8;0;0;0;0;38;8;350;0;0;0;0;0;0;0;0;0;0;325;0;0;0;0;0;0;0;0;0;0;0;0;0;0;0;0;6;0;0;0;0;0;0;0;0;13;2;0;45;0;0;0;0;0;0;0;0;0;0;0;0;0;0;0;0;0;0;0;0;0;0;0;0;0;0;0;0;0;0;0;0;0;0;0;0;0;0;0
M68YD:04016:06950_SUB_SUB;1462;3;13;0;0;0;1;0;0;34;5;50;0;0;0;0;6;47;0;0;0;327;0;50;0;0;0;0;0;10;0;66;0;0;0;0;0;0;6;9;0;0;0;0;0;0;11;57;23;0;177;0;0;0;0;0;0;75;0;0;0;104;0;1;0;26;0;32;0;43;128;32;2;13;23;11;10;0;0;0;67;0;0;0;0;0;0;0;0;0
M68YD:03125:03248_SUB_SUB;527;2;5;0;0;0;0;0;0;24;1;32;0;0;0;0;0;27;0;0;0;44;0;22;0;0;0;0;0;0;0;22;0;0;0;0;0;0;13;3;0;0;0;0;0;0;3;22;3;0;23;0;0;0;0;0;0;52;0;0;0;48;0;0;0;3;0;40;0;1;40;34;4;5;10;5;12;0;0;0;27;0;0;0;0;0;0;0;0;0
M68YD:01225:06834_SUB_SUB;1506;1;22;0;0;1;1;0;0;97;7;161;0;0;0;0;4;24;0;0;0;225;0;36;0;0;0;0;0;12;0;124;0;0;0;0;0;0;13;3;0;0;0;0;0;0;16;56;31;0;44;0;0;1;0;0;0;129;0;0;0;42;0;0;0;10;0;46;0;20;156;41;7;7;45;14;10;0;0;0;100;0;0;0;0;0;0;0;0;0
M68YD:00600:00744_SUB_SUB;133;0;1;0;0;0;0;0;0;3;1;5;0;0;0;0;0;4;0;0;0;34;0;1;0;0;0;0;0;1;0;3;0;0;0;0;0;0;0;0;0;0;0;0;0;0;1;5;3;0;20;0;0;0;0;0;0;9;0;0;0;9;0;0;0;3;0;3;0;3;8;1;0;1;1;1;1;0;0;0;11;0;0;0;0;0;0;0;0;0
M68YD:01220:02232_SUB_SUB;202;0;4;0;0;0;1;0;0;3;1;13;0;0;0;0;0;2;0;0;0;51;0;8;0;0;0;0;0;0;0;18;0;0;0;0;0;0;1;0;0;0;0;0;0;0;3;6;6;0;13;0;0;0;0;0;0;22;0;0;0;8;0;0;0;1;0;4;0;5;9;3;1;1;4;2;2;0;0;0;10;0;0;0;0;0;0;0;0;0
M68YD:03684:03252_SUB_SUB;172;0;1;0;0;0;0;0;0;4;0;3;0;0;0;0;0;0;0;0;0;38;0;7;0;0;0;0;0;1;0;15;0;0;0;0;0;0;0;4;0;0;0;0;0;0;0;9;2;0;2;0;0;0;0;0;0;16;0;0;0;8;0;0;0;8;0;8;0;3;18;5;0;3;7;2;0;0;0;0;8;0;0;0;0;0;0;0;0;0
M68YD:00247:02290_SUB_SUB;287;0;0;0;0;0;0;0;11;3;141;1;0;0;0;0;0;0;0;0;0;110;0;0;0;0;0;0;0;0;0;1;0;0;0;0;0;0;5;0;0;0;0;0;0;0;0;4;0;0;9;0;0;0;0;0;0;1;0;0;0;0;0;0;0;0;0;0;0;0;0;0;0;0;0;0;0;0;0;0;1;0;0;0;0;0;0;0;0;0
M68YD:01206:01861_SUB_SUB;202;0;3;0;0;0;0;0;0;11;1;24;0;0;0;0;1;6;0;0;0;22;0;10;0;0;0;0;0;0;0;24;0;0;0;0;0;0;2;0;0;0;0;0;0;0;3;4;1;0;8;0;0;0;0;0;0;16;0;0;0;3;0;0;0;2;0;4;0;3;17;7;0;1;2;0;1;0;0;0;26;0;0;0;0;0;0;0;0;0
M68YD:03576:01535_SUB_SUB;532;1;7;0;0;0;2;0;0;34;3;49;0;0;0;0;2;0;0;0;0;108;0;25;0;0;0;0;0;4;0;26;0;0;0;0;0;0;5;5;0;0;0;0;0;0;4;25;8;0;26;0;0;0;0;0;0;31;0;0;0;14;0;0;0;4;0;15;0;7;64;9;2;5;9;1;2;0;0;0;35;0;0;0;0;0;0;0;0;0
M68YD:04826:05233_SUB_SUB;118;0;0;0;0;0;0;0;0;5;2;10;0;0;0;0;0;3;0;0;0;9;0;2;0;0;0;0;0;1;0;3;0;0;0;0;0;0;6;0;0;0;0;0;0;0;3;16;0;0;9;0;0;0;0;0;0;2;0;0;0;6;0;0;0;3;0;1;0;3;2;2;0;2;1;1;0;0;0;0;26;0;0;0;0;0;0;0;0;0
M68YD:03252:02118_SUB_SUB;213;0;0;0;0;0;0;0;2;1;12;3;0;0;0;0;3;46;0;0;0;15;0;14;0;0;0;0;0;0;0;5;0;0;0;0;0;0;1;1;0;0;0;0;0;0;12;3;1;0;2;0;0;0;0;0;0;22;0;0;0;6;0;0;0;1;0;23;0;14;13;0;0;0;8;0;0;0;0;0;5;0;0;0;0;0;0;0;0;0
M68YD:02315:06134_SUB_SUB;213;0;3;0;0;0;0;0;0;8;2;7;0;0;0;0;0;18;0;0;0;13;0;4;0;0;0;0;0;0;0;5;0;0;0;0;0;0;2;0;0;0;0;0;0;0;4;35;1;0;12;0;0;0;0;0;0;18;0;0;0;14;0;0;0;7;0;18;0;0;4;5;0;2;1;4;0;0;0;0;26;0;0;0;0;0;0;0;0;0
M68YD:04919:03639_SUB_SUB;294;0;0;0;0;0;0;0;0;0;0;1;0;0;0;0;0;10;0;0;0;17;0;7;0;0;0;0;0;0;0;44;0;0;0;0;0;0;0;0;0;0;0;0;0;0;1;1;22;0;0;0;0;0;0;0;0;110;0;0;0;0;0;0;0;1;0;12;0;2;60;0;0;0;6;0;0;0;0;0;0;0;0;0;0;0;0;0;0;0
M68YD:00723:01287_SUB_SUB;826;0;0;0;0;0;0;0;0;0;0;7;0;0;0;0;0;6;0;0;0;309;0;51;0;0;0;0;0;0;0;125;0;0;0;0;0;0;0;1;0;0;0;0;0;0;0;0;47;0;0;0;0;0;0;0;0;169;0;0;0;0;0;0;0;0;0;15;0;6;84;0;0;0;6;0;0;0;0;0;0;0;0;0;0;0;0;0;0;0
M68YD:04086:06906_SUB_SUB;135;0;0;0;0;0;0;0;0;0;0;0;0;0;0;0;0;2;0;0;0;0;0;0;0;0;0;0;0;0;0;0;0;0;0;0;0;0;0;0;0;0;0;0;0;0;0;0;0;0;0;0;0;0;0;0;0;0;0;0;0;0;0;0;0;0;0;0;0;0;132;0;0;0;0;1;0;0;0;0;0;0;0;0;0;0;0;0;0;0
M68YD:04410:06888_SUB_SUB;110;0;0;0;0;0;0;0;0;0;0;0;0;0;0;0;0;1;0;0;0;1;0;0;0;0;0;0;0;0;0;15;0;0;0;0;0;0;0;0;0;0;0;0;0;0;0;0;6;0;0;0;0;0;0;0;0;19;0;0;0;0;0;0;0;0;0;3;0;0;45;19;0;1;0;0;0;0;0;0;0;0;0;0;0;0;0;0;0;0
M68YD:04533:06648_SUB_SUB;133;0;0;0;0;0;0;0;0;0;0;0;0;0;0;0;0;5;0;0;0;2;0;0;0;0;0;0;0;0;0;19;0;0;0;0;0;0;0;0;0;0;0;0;0;0;0;0;9;0;0;0;0;0;0;0;0;27;0;0;0;0;0;0;0;0;0;1;0;0;69;0;0;0;1;0;0;0;0;0;0;0;0;0;0;0;0;0;0;0
M68YD:01114:05884_SUB_SUB;181;0;0;0;0;0;0;0;0;0;0;0;0;0;0;0;0;0;45;0;0;0;1;3;0;0;0;0;12;0;0;8;0;0;0;0;3;0;12;0;0;0;0;0;0;0;0;2;0;0;60;0;0;0;0;0;0;0;0;0;0;1;0;7;0;1;0;0;0;0;0;0;0;0;0;0;0;0;0;0;2;1;0;0;0;0;0;23;0;0
M68YD:04134:06542_SUB_SUB;724;0;0;0;0;0;0;0;0;0;0;0;13;0;0;0;0;0;15;0;22;0;0;40;0;0;0;0;22;0;0;36;0;0;0;0;67;0;7;0;0;0;5;0;0;0;0;5;0;0;21;0;0;0;0;0;0;0;0;0;0;14;0;4;0;2;0;0;0;0;0;0;0;0;0;2;0;0;0;0;10;40;0;0;0;5;0;394;0;0
M68YD:00277:01129_SUB_SUB;20595;0;0;0;0;0;0;0;0;0;0;0;46;0;0;0;1;0;1073;0;303;0;0;419;0;0;1;0;413;0;0;1288;0;0;0;0;333;0;2004;0;0;0;88;0;0;11;0;121;0;0;7708;0;0;76;4;0;0;0;0;0;0;199;0;151;0;111;0;0;0;0;0;16;0;1;0;94;0;0;0;0;179;491;0;0;0;2;0;5433;0;29
M68YD:00335:06214_SUB_SUB;1075;0;0;0;0;0;0;0;0;0;0;0;3;0;0;0;0;0;70;0;16;0;0;25;0;0;0;0;21;0;0;72;0;0;0;0;8;0;84;0;0;0;6;0;0;0;0;6;0;0;437;0;0;9;2;0;0;0;0;0;0;6;0;11;0;6;0;0;0;0;0;1;0;0;0;4;0;0;0;0;16;21;0;0;0;0;0;250;0;1
M68YD:05027:01738_SUB_SUB;1315;0;0;0;0;0;0;0;0;0;0;0;2;0;0;0;0;0;52;0;31;0;0;32;0;0;0;1;12;0;0;123;0;0;0;0;21;0;189;0;0;0;22;0;0;2;0;7;0;0;252;0;0;3;1;0;0;0;0;0;0;5;0;15;0;3;0;0;0;0;0;2;0;0;0;9;0;0;0;0;18;25;0;0;0;27;0;459;0;2
M68YD:02660:03777_SUB_SUB;2876;0;0;0;0;0;0;0;0;0;0;0;7;0;0;0;0;0;115;0;34;0;0;72;0;0;0;0;36;0;0;129;0;0;0;0;39;0;221;0;0;0;6;0;0;2;0;10;0;0;1122;0;0;17;1;0;0;0;0;0;0;46;0;29;0;14;0;0;0;0;0;2;0;0;0;18;0;0;0;0;22;84;0;0;0;0;0;846;0;4
M68YD:03461:00684_SUB_SUB;546;0;0;0;0;0;0;0;0;0;0;0;2;0;0;0;0;0;18;0;7;0;0;12;0;0;0;0;10;0;0;26;0;0;0;0;7;0;47;0;0;0;3;0;0;2;0;3;0;0;247;0;0;1;0;0;0;0;0;0;0;4;0;2;0;2;0;0;0;0;0;1;0;0;0;2;0;0;0;0;1;8;0;0;0;0;0;139;0;2
M68YD:04037:04558_SUB_SUB;367;0;0;0;0;0;0;0;0;0;0;0;2;0;0;0;0;0;12;0;3;0;0;6;0;0;0;0;8;0;0;4;0;0;0;0;2;0;11;0;0;0;0;0;0;0;0;2;0;0;247;0;0;0;0;0;0;0;0;0;0;4;0;1;0;2;0;0;0;0;0;0;0;0;0;0;0;0;0;0;1;4;0;0;0;0;0;57;0;1
M68YD:03238:07183_SUB_SUB;2481;0;0;0;0;0;0;0;0;0;0;0;1;0;0;0;0;0;67;0;17;0;0;33;0;0;0;0;51;0;0;78;0;0;0;0;19;0;86;0;0;0;3;0;0;0;0;13;0;0;1680;0;0;6;2;0;0;0;0;0;0;28;0;17;0;11;0;0;0;0;0;2;0;1;0;6;0;0;0;0;8;38;0;0;0;0;0;308;0;6
M68YD:01268:03842_SUB_SUB;257;0;0;0;0;0;0;0;0;0;0;0;0;0;0;0;0;0;25;0;8;0;0;2;0;0;0;0;2;0;0;45;0;0;0;0;7;0;40;0;0;0;1;0;0;0;0;3;0;0;61;0;0;0;0;0;0;0;0;0;0;4;0;4;0;2;0;0;0;0;0;1;0;0;0;3;0;0;0;0;8;0;0;0;0;0;0;40;0;1
M68YD:01269:01974_SUB_SUB;210;0;0;0;0;0;0;0;0;0;0;0;0;0;0;0;0;0;4;0;4;0;0;5;0;0;0;0;1;0;0;9;0;0;0;0;0;0;10;0;0;0;1;0;0;0;0;1;0;0;134;0;0;0;0;0;0;0;0;0;0;3;0;0;0;0;0;0;0;0;0;0;0;0;0;1;0;0;0;0;2;6;0;0;0;0;0;28;0;1
M68YD:01021:02763_SUB_SUB;185;0;0;0;0;0;0;0;0;0;0;0;0;0;0;0;0;0;10;0;2;0;0;5;0;0;0;0;0;0;0;12;0;0;0;0;1;0;10;0;0;0;1;0;0;0;0;0;0;0;75;0;0;2;0;0;0;0;0;0;0;2;0;5;0;0;0;0;0;0;0;0;0;0;0;0;0;0;0;0;1;4;0;0;0;0;0;55;0;0
M68YD:03975:06585_SUB_SUB;454;0;0;0;0;0;0;0;0;0;0;0;2;0;0;0;0;0;1;0;9;0;0;94;0;0;0;0;0;0;0;272;0;0;0;0;58;0;1;0;0;0;9;0;0;0;0;1;0;0;0;0;0;0;0;0;0;0;0;0;0;2;0;1;0;0;0;0;0;0;0;0;0;0;0;2;0;0;0;0;2;0;0;0;0;0;0;0;0;0
M68YD:00386:04532_SUB_SUB;112;0;0;0;0;0;0;0;0;0;0;0;0;0;0;0;0;0;90;0;1;0;0;0;0;0;0;0;0;0;0;5;0;0;0;0;0;0;0;0;0;0;0;0;0;0;0;0;0;0;0;0;0;0;0;0;0;0;0;0;0;0;0;0;0;1;0;0;0;0;0;0;0;0;0;0;0;0;0;0;0;0;0;0;0;0;0;15;0;0
M68YD:00084:03343_SUB_SUB;235;0;0;0;0;0;0;0;0;0;0;0;0;0;0;0;0;0;9;0;7;0;0;9;0;0;0;0;2;0;0;12;0;0;0;0;3;0;18;0;0;0;4;0;0;0;0;0;0;0;55;0;0;2;0;0;0;0;0;0;0;4;0;1;0;3;0;0;0;0;0;0;0;0;0;2;0;0;0;0;3;9;0;0;0;2;0;90;0;0
M68YD:03552:01717_SUB_SUB;373;0;0;0;0;0;0;0;0;0;0;0;0;0;0;0;0;0;12;0;6;0;0;11;0;0;0;0;3;0;0;14;0;0;0;0;3;0;30;0;0;0;0;0;0;1;0;0;0;0;171;0;0;0;0;0;0;0;0;0;0;6;0;1;0;2;0;0;0;0;0;0;0;0;0;1;0;0;0;0;0;7;0;0;0;0;0;105;0;0
M68YD:03590:03148_SUB_SUB;121;0;0;0;0;0;0;0;0;0;0;0;1;0;0;0;0;0;6;0;1;0;0;3;0;0;0;0;3;0;0;4;0;0;0;0;2;0;6;0;0;0;1;0;0;0;0;0;0;0;75;0;0;0;0;0;0;0;0;0;0;1;0;0;0;0;0;0;0;0;0;0;0;0;0;0;0;0;0;0;1;2;0;0;0;0;0;15;0;0
M68YD:01595:05324_SUB_SUB;281;0;0;0;0;0;0;0;0;0;0;0;1;0;0;0;0;0;51;0;13;0;0;7;0;0;0;0;8;0;0;39;0;0;0;0;2;0;1;0;0;0;0;0;0;0;0;0;0;0;0;0;0;0;0;0;0;0;0;0;0;0;0;0;0;0;0;0;0;0;0;0;0;0;0;1;0;0;0;0;5;0;0;0;0;4;0;149;0;0
M68YD:00274:03658_SUB_SUB;117;0;0;0;0;0;0;0;0;0;0;0;0;0;0;0;0;0;5;0;2;0;0;5;0;0;0;0;1;0;0;8;0;0;0;0;2;0;17;0;0;0;1;0;0;0;0;1;0;0;31;0;0;0;0;0;0;0;0;0;0;1;0;2;0;0;0;0;0;0;0;0;0;0;0;1;0;0;0;0;1;6;0;0;0;0;0;33;0;0
M68YD:04163:04408_SUB_SUB;300;0;0;0;0;0;0;0;0;0;0;0;1;0;0;0;0;0;19;0;6;0;0;9;0;0;0;0;7;0;0;21;0;0;0;0;0;0;48;0;0;0;2;0;0;1;0;2;0;0;101;0;0;0;0;0;0;0;0;0;0;11;0;0;0;1;0;0;0;0;0;0;0;0;0;4;0;0;0;0;3;10;0;0;0;0;0;54;0;0
M68YD:04259:06607_SUB_SUB;228;0;0;0;0;0;0;0;0;0;0;0;0;0;0;227;0;0;0;0;0;0;0;0;0;0;0;0;0;0;0;0;0;0;0;0;0;0;0;0;0;0;0;0;0;0;0;0;0;0;0;0;0;0;0;0;0;0;0;0;0;1;0;0;0;0;0;0;0;0;0;0;0;0;0;0;0;0;0;0;0;0;0;0;0;0;0;0;0;0
M68YD:04202:06999_SUB_SUB;169;0;0;0;0;0;0;0;0;0;0;0;0;0;0;0;0;0;56;0;0;0;0;4;0;0;0;0;0;0;0;16;0;0;0;0;5;0;2;0;0;0;1;0;0;0;0;1;0;0;8;0;0;0;0;0;0;0;0;0;0;4;0;8;0;12;0;0;0;0;0;0;0;0;0;0;0;0;0;0;0;0;0;0;0;0;0;52;0;0
M68YD:04363:06559_SUB_SUB;214;0;0;0;0;0;0;0;0;0;0;0;0;0;0;0;0;0;204;0;1;0;0;0;0;0;0;0;0;0;0;3;0;0;0;0;3;0;0;0;0;0;0;0;0;0;0;0;0;0;0;0;0;0;0;0;0;0;0;0;0;1;0;0;0;1;0;0;0;0;0;0;0;0;0;0;0;0;0;0;1;0;0;0;0;0;0;0;0;0
M68YD:00485:03225_SUB_SUB;249;0;0;0;0;0;0;0;0;0;0;0;0;0;0;0;0;0;19;0;4;0;0;4;0;0;0;0;6;0;0;8;0;0;0;0;6;0;29;0;0;0;0;0;0;0;0;3;0;0;102;0;0;0;0;0;0;0;0;0;0;5;0;6;0;3;0;0;0;0;0;1;0;0;0;0;0;0;0;0;6;8;0;0;0;0;0;39;0;0
M68YD:04727:05658_SUB_SUB;336;0;0;0;0;0;0;0;0;0;0;0;0;0;0;3;0;0;231;0;0;0;0;13;0;0;0;0;0;0;0;63;0;0;0;0;25;0;0;0;0;0;1;0;0;0;0;0;0;0;0;0;0;0;0;0;0;0;0;0;0;0;0;0;0;0;0;0;0;0;0;0;0;0;0;0;0;0;0;0;0;0;0;0;0;0;0;0;0;0
M68YD:02360:06592_SUB_SUB;127;0;0;0;0;0;0;0;0;0;0;0;0;0;0;0;0;0;0;0;0;0;0;0;0;0;0;0;0;0;0;6;0;0;0;0;1;0;0;0;0;0;0;0;0;0;0;0;0;0;0;0;0;0;0;0;0;0;0;0;0;0;0;1;0;2;0;0;0;0;0;0;0;0;0;0;0;0;0;0;0;0;0;0;0;0;0;117;0;0
M68YD:04347:02979_SUB_SUB;143;0;0;0;0;0;0;0;0;0;0;0;0;0;0;0;0;0;5;0;0;0;0;2;0;0;0;0;0;0;0;85;0;0;0;0;0;0;0;0;0;0;0;0;0;0;0;0;0;0;0;0;0;0;0;0;0;0;0;0;0;0;0;0;0;0;0;0;0;0;0;0;0;0;0;0;0;0;0;0;0;0;0;0;0;0;0;51;0;0
M68YD:03998:06685_SUB_SUB;10465;0;0;0;0;0;0;0;0;0;0;0;59;0;0;0;2;324;0;0;808;0;0;828;0;0;0;0;0;278;0;0;0;0;0;0;0;0;365;21;0;0;0;0;2520;0;103;1241;0;0;0;0;0;0;0;0;0;0;166;0;0;178;0;13;0;27;0;0;0;0;0;5;0;3;0;0;0;0;0;0;461;0;0;423;0;0;0;2640;0;0
M68YD:04920:02263_SUB_SUB;1214;0;0;0;0;0;0;0;0;0;0;0;8;0;0;0;1;52;0;0;104;0;0;110;0;0;0;0;0;28;0;0;0;0;0;0;0;0;41;1;0;0;0;0;272;0;11;105;0;0;0;0;0;0;0;0;0;0;15;0;0;21;0;2;0;7;0;0;0;0;0;0;0;0;0;0;0;0;0;0;36;0;0;44;0;0;0;356;0;0
M68YD:05216:01847_SUB_SUB;122;0;0;0;0;0;0;0;0;0;0;0;0;0;0;0;0;2;0;0;7;0;0;13;0;0;0;0;0;1;0;0;0;0;0;0;0;0;4;0;0;0;0;0;21;0;1;13;0;0;0;0;0;0;0;0;0;0;1;0;0;1;0;0;0;0;0;0;0;0;0;0;0;0;0;0;0;0;0;0;2;0;0;7;0;0;0;49;0;0
M68YD:00733:05859_SUB_SUB;308;0;0;0;0;0;0;0;0;0;0;0;1;0;0;0;0;14;0;0;21;0;0;40;0;0;0;0;0;6;0;0;0;0;0;0;0;0;13;1;0;0;0;0;68;0;1;36;0;0;0;0;0;0;0;0;0;0;1;0;0;19;0;1;0;1;0;0;0;0;0;0;0;0;0;0;0;0;0;0;15;0;0;11;0;0;0;59;0;0
M68YD:00360:03646_SUB_SUB;365;0;0;0;0;0;0;0;0;0;0;0;10;0;0;0;0;26;0;0;35;0;0;56;0;0;0;0;0;1;0;0;0;0;0;0;0;0;3;0;0;0;0;0;33;0;13;35;0;0;0;0;0;0;0;0;0;0;14;0;0;3;0;0;0;1;0;0;0;0;0;0;0;0;0;0;0;0;0;0;11;0;0;14;0;0;0;110;0;0
M68YD:03053:07116_SUB_SUB;523;0;0;0;0;0;0;0;0;0;0;0;1;0;0;0;0;19;0;0;32;0;0;53;0;0;0;0;0;16;0;0;0;0;0;0;0;0;11;1;0;0;0;0;95;0;3;96;0;0;0;0;0;0;0;0;0;0;10;0;0;12;0;1;0;2;0;0;0;0;0;0;0;0;0;0;0;0;0;0;13;0;0;23;0;0;0;135;0;0
M68YD:01949:06421_SUB_SUB;160;0;0;0;0;0;0;0;0;0;0;0;1;0;0;0;0;11;0;0;9;0;0;22;0;0;0;0;0;2;0;0;0;0;0;0;0;0;4;0;0;0;0;0;33;0;1;27;0;0;0;0;0;0;0;0;0;0;3;0;0;4;0;0;0;1;0;0;0;0;0;0;0;0;0;0;0;0;0;0;5;0;0;3;0;0;0;34;0;0
M68YD:00827:06355_SUB_SUB;282;0;0;0;0;0;0;0;0;0;0;0;2;0;0;0;0;3;0;0;11;0;0;4;0;0;0;0;0;7;0;0;0;0;0;0;0;0;21;0;0;0;0;0;1;0;6;163;0;0;0;0;0;0;0;0;0;0;0;0;0;15;0;1;0;1;0;0;0;0;0;0;0;0;0;0;0;0;0;0;22;0;0;0;0;0;0;25;0;0
M68YD:00611:04974_SUB_SUB;213;0;0;0;0;0;0;0;0;0;0;0;6;0;0;0;0;55;0;0;7;0;0;6;0;0;0;0;0;0;0;0;0;0;0;0;0;0;0;0;0;0;0;0;50;0;5;9;0;0;0;0;0;0;0;0;0;0;16;0;0;1;0;0;0;0;0;0;0;0;0;0;0;0;0;0;0;0;0;0;0;0;0;23;0;0;0;35;0;0
M68YD:01770:01640_SUB_SUB;129;0;0;0;0;0;0;0;0;0;0;0;0;0;0;0;1;2;0;0;4;0;0;46;0;0;0;0;0;0;0;0;0;0;0;0;0;0;0;0;0;0;0;0;74;0;0;2;0;0;0;0;0;0;0;0;0;0;0;0;0;0;0;0;0;0;0;0;0;0;0;0;0;0;0;0;0;0;0;0;0;0;0;0;0;0;0;0;0;0
M68YD:02069:06668_SUB_SUB;1128;0;0;0;0;0;0;0;0;0;0;0;0;0;0;0;0;0;0;0;0;0;4;0;0;0;0;0;0;137;67;0;0;0;0;0;0;0;0;0;0;0;0;0;0;0;0;83;0;0;0;0;0;0;0;0;0;0;0;0;0;0;0;4;833;0;0;0;0;0;0;0;0;0;0;0;0;0;0;0;0;0;0;0;0;0;0;0;0;0
M68YD:04020:06870_SUB_SUB;626;0;0;0;0;0;0;0;0;0;0;0;0;0;599;0;0;0;0;0;0;0;0;0;0;0;0;0;0;0;0;0;0;0;0;0;0;0;0;0;0;0;0;0;0;0;0;0;0;0;27;0;0;0;0;0;0;0;0;0;0;0;0;0;0;0;0;0;0;0;0;0;0;0;0;0;0;0;0;0;0;0;0;0;0;0;0;0;0;0
M68YD:00899:06315_SUB_SUB;1625;0;53;0;0;6;17;0;14;159;129;0;0;0;0;0;15;0;0;0;0;0;0;0;0;0;0;0;0;0;0;0;0;0;0;0;0;0;0;0;0;0;0;0;0;0;0;45;0;0;0;0;0;0;0;0;0;0;0;0;0;0;0;113;0;29;0;0;0;230;0;0;0;0;0;0;0;0;0;0;815;0;0;0;0;0;0;0;0;0
M68YD:00075:02536_SUB_SUB;228;0;8;0;0;0;2;0;2;24;26;0;0;0;0;0;4;0;0;0;0;0;0;0;0;0;0;0;0;0;0;0;0;0;0;0;0;0;0;0;0;0;0;0;0;0;0;4;0;0;0;0;0;0;0;0;0;0;0;0;0;0;0;10;0;5;0;0;0;22;0;0;0;0;0;0;0;0;0;0;121;0;0;0;0;0;0;0;0;0
M68YD:03764:01618_SUB_SUB;251;0;11;0;0;3;0;0;2;20;18;0;0;0;0;0;1;0;0;0;0;0;0;0;0;0;0;0;0;0;0;0;0;0;0;0;0;0;0;0;0;0;0;0;0;0;0;11;0;0;0;0;0;0;0;0;0;0;0;0;0;0;0;14;0;4;0;0;0;20;0;0;0;0;0;0;0;0;0;0;147;0;0;0;0;0;0;0;0;0
M68YD:00999:01603_SUB_SUB;125;0;3;0;0;0;0;0;1;15;11;0;0;0;0;0;0;0;0;0;0;0;0;0;0;0;0;0;0;0;0;0;0;0;0;0;0;0;0;0;0;0;0;0;0;0;0;3;0;0;0;0;0;0;0;0;0;0;0;0;0;0;0;7;0;3;0;0;0;29;0;0;0;0;0;0;0;0;0;0;53;0;0;0;0;0;0;0;0;0
M68YD:03975:00190_SUB_SUB;154;0;3;0;0;2;0;0;0;24;27;0;0;0;0;0;3;0;0;0;0;0;0;0;0;0;0;0;0;0;0;0;0;0;0;0;0;0;0;0;0;0;0;0;0;0;0;3;0;0;0;0;0;0;0;0;0;0;0;0;0;0;0;15;0;0;0;0;0;18;0;0;0;0;0;0;0;0;0;0;59;0;0;0;0;0;0;0;0;0
M68YD:01148:04737_SUB_SUB;125;0;0;0;0;0;0;0;0;0;0;0;0;0;0;0;0;0;0;0;0;0;0;0;0;0;0;0;0;0;0;0;0;0;0;0;0;0;5;0;0;0;118;0;0;0;0;2;0;0;0;0;0;0;0;0;0;0;0;0;0;0;0;0;0;0;0;0;0;0;0;0;0;0;0;0;0;0;0;0;0;0;0;0;0;0;0;0;0;0
M68YD:00136:01931_SUB_SUB;1495;48;68;36;0;30;1;0;0;428;0;402;0;0;0;0;0;0;0;0;0;0;0;0;0;0;0;0;0;0;0;0;0;0;0;0;0;0;0;0;0;0;0;0;0;0;0;0;0;0;0;0;0;0;0;0;0;0;0;0;0;72;0;14;0;6;0;356;0;0;0;3;0;2;0;29;0;0;0;0;0;0;0;0;0;0;0;0;0;0
M68YD:00873:03765_SUB_SUB;174;5;10;4;0;5;0;0;0;50;0;39;0;0;0;0;0;0;0;0;0;0;0;0;0;0;0;0;0;0;0;0;0;0;0;0;0;0;0;0;0;0;0;0;0;0;0;0;0;0;0;0;0;0;0;0;0;0;0;0;0;6;0;3;0;0;0;42;0;0;0;0;0;0;0;10;0;0;0;0;0;0;0;0;0;0;0;0;0;0
M68YD:04303:06893_SUB_SUB;1403;0;40;0;0;8;16;0;0;0;31;0;0;0;0;0;0;0;0;0;0;0;6;0;0;0;0;0;0;0;0;0;0;0;0;0;0;0;3;36;0;5;0;0;0;0;0;304;0;0;69;0;0;0;0;0;0;0;0;0;0;524;0;16;0;32;0;312;0;0;0;0;0;1;0;0;0;0;0;0;0;0;0;0;0;0;0;0;0;0
M68YD:00641:06276_SUB_SUB;218;0;5;0;0;1;1;0;0;0;7;0;0;0;0;0;0;0;0;0;0;0;1;0;0;0;0;0;0;0;0;0;0;0;0;0;0;0;2;4;0;1;0;0;0;0;0;37;0;0;4;0;0;0;0;0;0;0;0;0;0;92;0;3;0;4;0;56;0;0;0;0;0;0;0;0;0;0;0;0;0;0;0;0;0;0;0;0;0;0
M68YD:05270:01627_SUB_SUB;9775;0;0;4;0;30;23;9274;0;44;0;0;0;0;0;0;0;0;0;0;0;0;0;0;0;0;0;0;0;0;0;0;0;0;0;0;0;0;0;0;0;0;0;0;0;0;0;13;0;0;11;0;0;0;0;0;0;0;0;0;0;0;0;29;0;0;144;0;0;0;0;0;103;0;0;0;0;0;0;0;0;0;0;0;0;0;0;0;0;100
M68YD:02626:02244_SUB_SUB;1195;0;0;1;0;4;2;1128;0;5;0;0;0;0;0;0;0;0;0;0;0;0;0;0;0;0;0;0;0;0;0;0;0;0;0;0;0;0;0;0;0;0;0;0;0;0;0;1;0;0;1;0;0;0;0;0;0;0;0;0;0;0;0;5;0;0;14;0;0;0;0;0;24;0;0;0;0;0;0;0;0;0;0;0;0;0;0;0;0;10
M68YD:05179:02991_SUB_SUB;741;0;0;0;0;1;1;0;0;1;0;0;0;0;0;259;0;0;0;0;0;0;0;0;0;0;0;0;0;0;0;0;0;0;0;0;0;0;0;0;0;0;0;0;0;0;0;0;0;0;0;0;0;0;0;0;0;0;0;0;0;0;0;2;0;0;0;1;0;0;0;0;0;0;0;0;0;0;0;1;0;0;0;0;0;0;0;475;0;0
M68YD:04012:06784_SUB_SUB;176;0;0;0;0;0;0;173;0;0;0;0;0;0;0;0;0;0;0;0;0;0;0;0;0;0;0;0;0;0;0;0;0;0;0;0;0;0;0;0;0;0;0;0;0;0;0;0;0;0;0;0;0;0;0;0;0;0;0;0;0;0;0;0;0;0;1;0;0;0;0;0;1;0;0;0;0;0;0;0;0;0;0;0;0;0;0;0;0;1
M68YD:04009:06590_SUB_SUB;620;0;0;0;0;0;0;588;0;0;0;0;0;0;0;0;0;0;0;0;0;0;0;0;0;0;0;0;0;0;0;0;0;0;0;0;0;0;0;0;0;0;0;0;0;0;0;0;0;0;2;0;0;0;0;0;0;0;0;0;0;0;0;3;0;0;6;0;0;0;0;0;9;0;0;0;0;0;0;0;0;0;0;0;0;0;0;0;0;12
M68YD:00470:03689_SUB_SUB;309;0;4;0;0;0;0;0;0;0;1;0;0;0;0;0;0;0;0;0;0;0;0;0;0;0;0;0;0;0;0;0;0;0;0;0;0;0;0;2;0;0;0;0;0;0;0;20;0;0;2;0;0;0;0;0;0;0;0;0;0;198;0;0;0;0;0;82;0;0;0;0;0;0;0;0;0;0;0;0;0;0;0;0;0;0;0;0;0;0
M68YD:01514:05440_SUB_SUB;106;0;2;0;0;1;1;0;0;0;0;0;0;0;0;0;0;0;0;0;0;0;0;0;0;0;0;0;0;0;0;0;0;0;0;0;0;0;0;2;0;0;0;0;0;0;0;21;0;0;9;0;0;0;0;0;0;0;0;0;0;39;0;4;0;4;0;23;0;0;0;0;0;0;0;0;0;0;0;0;0;0;0;0;0;0;0;0;0;0
M68YD:01276:02881_SUB_SUB;101;0;1;0;0;0;0;0;0;0;2;0;0;0;0;0;0;0;0;0;0;0;0;0;0;0;0;0;0;0;0;0;0;0;0;0;0;0;0;2;0;0;0;0;0;0;0;32;0;0;4;0;0;0;0;0;0;0;0;0;0;23;0;2;0;4;0;31;0;0;0;0;0;0;0;0;0;0;0;0;0;0;0;0;0;0;0;0;0;0
M68YD:04135:06982_SUB_SUB;1766;0;0;0;0;0;0;0;0;0;0;0;0;0;0;0;0;18;0;0;0;0;0;0;0;0;0;0;0;0;0;0;0;0;0;0;0;0;0;0;0;0;0;0;0;0;0;0;0;0;0;0;0;0;0;0;0;0;0;0;0;0;0;0;0;0;0;0;0;0;1748;0;0;0;0;0;0;0;0;0;0;0;0;0;0;0;0;0;0;0
M68YD:03160:05443_SUB_SUB;165;0;0;0;0;0;0;0;0;0;0;0;0;0;0;0;0;1;0;0;0;0;0;0;0;0;0;0;0;0;0;0;0;0;0;0;0;0;0;0;0;0;0;0;0;0;0;0;0;0;0;0;0;0;0;0;0;0;0;0;0;0;0;0;0;0;0;0;0;0;164;0;0;0;0;0;0;0;0;0;0;0;0;0;0;0;0;0;0;0
M68YD:04903:06834_SUB_SUB;4018;0;0;0;0;1;0;0;0;305;0;0;0;0;0;0;0;0;0;0;0;492;10;0;0;0;0;0;0;0;0;0;0;0;0;0;0;0;2305;0;0;0;0;0;2;0;0;29;0;0;16;0;0;0;0;0;0;0;0;0;0;0;0;0;0;0;0;0;305;0;0;0;132;0;0;0;0;0;0;0;0;0;0;421;0;0;0;0;0;0
M68YD:00649:01171_SUB_SUB;401;0;0;0;0;0;0;0;0;23;0;0;0;0;0;0;0;0;0;0;0;47;1;0;0;0;0;0;0;0;0;0;0;0;0;0;0;0;237;0;0;0;0;0;0;0;0;2;0;0;3;0;0;0;0;0;0;0;0;0;0;0;0;0;0;0;0;0;31;0;0;0;12;0;0;0;0;0;0;0;0;0;0;45;0;0;0;0;0;0
M68YD:00290:04730_SUB_SUB;133;0;0;0;0;0;0;0;0;8;0;0;0;0;0;0;0;0;0;0;0;32;2;0;0;0;0;0;0;0;0;0;0;0;0;0;0;0;50;0;0;0;0;0;0;0;0;0;0;0;1;0;0;0;0;0;0;0;0;0;0;0;0;0;0;0;0;0;14;0;0;0;5;0;0;0;0;0;0;0;0;0;0;21;0;0;0;0;0;0
M68YD:03637:01399_SUB_SUB;216;0;0;0;0;0;0;0;0;11;0;0;0;0;0;0;0;0;0;0;0;7;0;0;0;0;0;0;0;0;0;0;0;0;0;0;0;0;117;0;0;0;0;0;0;0;0;1;0;0;0;0;0;0;0;0;0;0;0;0;0;0;0;0;0;0;0;0;31;0;0;0;7;0;0;0;0;0;0;0;0;0;0;42;0;0;0;0;0;0
M68YD:04064:06674_SUB_SUB;117;0;0;0;0;0;0;0;0;0;0;0;0;0;0;0;0;0;0;0;0;0;0;0;0;0;0;0;0;0;0;0;0;0;0;0;0;0;116;0;0;0;0;0;0;0;0;0;0;0;0;0;0;0;0;0;0;0;0;0;0;0;0;0;0;0;0;0;0;0;0;0;1;0;0;0;0;0;0;0;0;0;0;0;0;0;0;0;0;0
M68YD:01271:06238_SUB_SUB;216;0;0;0;0;0;0;0;0;14;0;0;0;0;0;0;0;0;0;0;0;17;5;0;0;0;0;0;0;0;0;0;0;0;0;0;0;0;157;0;0;0;0;0;0;0;0;15;0;0;0;0;0;0;0;0;0;0;0;0;0;0;0;0;0;0;0;0;4;0;0;0;2;0;0;0;0;0;0;0;0;0;0;2;0;0;0;0;0;0
M68YD:00293:04544_SUB_SUB;206;0;0;0;0;0;0;0;0;0;0;0;0;0;0;0;0;0;0;0;0;16;0;0;0;0;0;0;0;0;0;0;0;0;0;0;0;0;6;0;0;0;0;0;0;0;0;1;0;0;0;0;0;0;0;0;0;0;0;0;0;0;0;0;0;0;0;0;128;0;0;0;2;0;0;0;0;0;0;0;0;0;0;53;0;0;0;0;0;0
M68YD:04242:06524_SUB_SUB;346;0;0;0;0;0;0;0;0;0;0;0;0;0;0;0;0;0;0;0;0;0;0;0;0;0;0;0;0;0;0;0;0;0;0;0;0;0;0;0;0;0;0;0;0;0;0;0;0;0;0;0;0;0;0;0;0;0;0;0;0;0;0;0;0;0;0;0;0;0;346;0;0;0;0;0;0;0;0;0;0;0;0;0;0;0;0;0;0;0
M68YD:04113:06965_SUB_SUB;103;0;0;0;0;0;0;0;0;0;0;0;0;0;0;0;0;0;0;0;0;0;0;0;0;0;0;0;0;0;0;0;0;0;0;0;0;0;0;0;0;0;0;0;0;0;0;0;0;0;0;0;0;0;0;0;0;0;0;0;0;0;0;0;0;0;0;0;0;0;0;0;0;0;0;0;0;0;0;0;0;0;103;0;0;0;0;0;0;0
M68YD:00366:04870_SUB_SUB;181;0;0;0;0;0;0;0;0;0;0;0;7;0;0;6;0;21;0;0;0;2;0;0;0;0;0;0;0;0;6;9;0;0;0;0;0;0;0;5;0;0;0;0;0;0;1;9;6;0;2;0;0;0;0;0;0;0;0;0;0;0;0;0;0;0;0;0;0;0;86;0;0;0;0;15;0;0;0;0;6;0;0;0;0;0;0;0;0;0
M68YD:04832:01830_SUB_SUB;100;0;0;0;0;0;0;0;0;0;0;0;0;0;0;0;0;1;0;0;0;1;0;0;0;0;0;0;0;1;0;5;0;0;0;0;0;0;0;1;0;0;0;0;0;0;1;0;0;0;0;0;0;0;0;0;0;0;0;0;0;0;0;0;0;0;0;0;0;0;72;0;0;0;0;18;0;0;0;0;0;0;0;0;0;0;0;0;0;0
M68YD:00839:05855_SUB_SUB;113;0;0;0;0;0;0;0;0;0;0;0;0;0;0;0;0;0;0;0;0;0;0;0;0;0;0;0;0;0;0;0;0;0;0;0;0;0;0;0;0;0;0;0;0;0;0;0;0;0;0;0;0;0;0;0;0;0;0;0;0;0;0;0;0;0;0;0;0;0;113;0;0;0;0;0;0;0;0;0;0;0;0;0;0;0;0;0;0;0
M68YD:03663:02288_SUB_SUB;203;1;0;0;0;0;0;0;0;0;0;0;2;0;0;177;3;0;0;0;0;0;0;0;0;0;0;0;0;0;0;0;0;0;0;0;0;0;20;0;0;0;0;0;0;0;0;0;0;0;0;0;0;0;0;0;0;0;0;0;0;0;0;0;0;0;0;0;0;0;0;0;0;0;0;0;0;0;0;0;0;0;0;0;0;0;0;0;0;0
M68YD:03287:03295_SUB_SUB;293;0;0;2;4;0;13;0;5;0;0;0;0;0;0;0;0;0;0;0;0;0;0;0;0;0;0;0;0;0;0;0;0;0;0;0;0;0;130;0;0;0;0;0;0;0;17;0;0;0;0;0;0;0;0;0;0;0;0;0;0;0;0;0;0;0;0;0;42;0;0;10;44;4;22;0;0;0;0;0;0;0;0;0;0;0;0;0;0;0
M68YD:03471:06849_SUB_SUB;2393;0;0;9;50;0;67;0;41;0;0;0;0;0;0;0;0;0;0;0;0;0;0;0;0;0;0;0;0;0;0;0;0;0;0;0;0;0;1102;0;0;0;0;0;0;0;118;1;0;0;0;0;0;0;0;0;0;0;0;0;0;0;0;0;0;0;0;0;344;0;0;107;385;14;155;0;0;0;0;0;0;0;0;0;0;0;0;0;0;0
M68YD:03310:05591_SUB_SUB;119;0;0;0;1;0;2;0;1;0;0;0;0;0;0;0;0;0;0;0;0;0;0;0;0;0;0;0;0;0;0;0;0;0;0;0;0;0;50;0;0;0;0;0;0;0;1;0;0;0;0;0;0;0;0;0;0;0;0;0;0;0;0;0;0;0;0;0;15;0;0;3;40;0;6;0;0;0;0;0;0;0;0;0;0;0;0;0;0;0
M68YD:03855:04322_SUB_SUB;162;0;0;0;1;0;5;0;1;0;0;0;0;0;0;0;0;0;0;0;0;0;0;0;0;0;0;0;0;0;0;0;0;0;0;0;0;0;62;0;0;0;0;0;0;0;10;0;0;0;0;0;0;0;0;0;0;0;0;0;0;0;0;0;0;0;0;0;26;0;0;11;38;2;6;0;0;0;0;0;0;0;0;0;0;0;0;0;0;0
M68YD:00819:06497_SUB_SUB;180;0;0;0;0;0;1;0;4;0;0;0;0;0;0;0;0;0;0;0;0;0;0;0;0;0;0;0;0;0;0;0;0;0;0;0;0;0;14;0;0;0;0;0;0;0;39;0;0;0;0;0;0;0;0;0;0;0;0;0;0;0;0;0;0;0;0;0;102;0;0;3;0;2;15;0;0;0;0;0;0;0;0;0;0;0;0;0;0;0
M68YD:04601:06506_SUB_SUB;196;0;0;0;0;0;0;0;0;0;0;0;0;0;0;0;0;0;0;0;0;0;0;0;0;0;0;0;0;0;0;0;0;0;0;0;0;0;0;0;0;0;0;0;0;0;0;0;0;0;0;0;0;0;0;0;0;0;0;0;0;0;0;0;0;0;0;0;0;0;0;0;0;0;196;0;0;0;0;0;0;0;0;0;0;0;0;0;0;0
M68YD:04023:06887_SUB_SUB;706;0;0;0;0;0;0;0;0;0;0;0;0;0;0;0;0;0;0;121;0;0;0;0;0;0;0;0;0;0;0;0;0;0;0;0;0;0;0;0;0;0;0;0;0;0;0;0;0;0;0;0;0;0;0;0;0;0;0;0;0;0;0;0;0;0;0;131;0;3;450;1;0;0;0;0;0;0;0;0;0;0;0;0;0;0;0;0;0;0
M68YD:03972:01223_SUB_SUB;302;0;0;0;0;0;0;0;2;0;0;0;0;0;0;0;4;55;0;56;0;0;0;0;0;0;0;0;0;0;0;0;0;0;0;0;106;0;0;0;0;0;0;0;0;0;0;0;0;0;0;0;0;0;0;0;0;0;0;79;0;0;0;0;0;0;0;0;0;0;0;0;0;0;0;0;0;0;0;0;0;0;0;0;0;0;0;0;0;0
M68YD:00909:00685_SUB_SUB;191;0;0;0;1;0;0;0;0;0;0;0;0;0;0;0;0;0;0;0;0;1;0;2;0;0;0;0;7;0;0;0;0;0;0;0;0;0;0;0;0;0;0;0;0;0;13;0;0;0;2;0;0;0;0;0;0;0;165;0;0;0;0;0;0;0;0;0;0;0;0;0;0;0;0;0;0;0;0;0;0;0;0;0;0;0;0;0;0;0
M68YD:03226:05485_SUB_SUB;139;0;0;0;0;0;0;0;0;0;0;0;0;0;0;0;0;0;0;2;0;0;0;0;0;0;0;0;0;0;0;0;0;0;0;0;0;0;0;0;0;0;0;0;0;0;0;0;0;0;0;0;0;0;0;0;0;0;0;0;0;0;0;0;0;0;0;12;0;0;125;0;0;0;0;0;0;0;0;0;0;0;0;0;0;0;0;0;0;0
M68YD:03563:00428_SUB_SUB;2056;0;0;2;178;0;33;0;0;117;0;142;0;0;0;0;0;0;0;0;0;1;0;0;0;0;0;0;0;0;0;0;0;0;0;0;0;1;802;0;0;0;0;0;0;0;0;19;0;0;0;0;0;0;0;0;0;0;0;0;0;0;0;0;0;0;0;0;0;0;0;15;0;746;0;0;0;0;0;0;0;0;0;0;0;0;0;0;0;0
M68YD:03986:07012_SUB_SUB;244;0;0;0;17;0;3;0;0;12;0;7;0;0;0;0;0;0;0;0;0;0;0;0;0;0;0;0;0;0;0;0;0;0;0;0;0;0;87;0;0;0;0;0;0;0;0;1;0;0;0;0;0;0;0;0;0;0;0;0;0;0;0;0;0;0;0;0;0;0;0;4;0;113;0;0;0;0;0;0;0;0;0;0;0;0;0;0;0;0
M68YD:01272:03237_SUB_SUB;190;0;0;0;4;0;0;0;0;0;0;1;0;0;0;0;0;0;0;0;0;0;0;0;0;0;0;0;0;0;0;0;0;0;0;0;0;0;24;0;0;0;0;0;0;0;0;6;0;0;0;0;0;0;0;0;0;0;0;0;0;0;0;0;0;0;0;0;0;0;0;2;0;153;0;0;0;0;0;0;0;0;0;0;0;0;0;0;0;0
M68YD:02947:03217_SUB_SUB;233;0;0;0;7;0;0;0;0;10;0;6;0;0;0;0;0;0;0;0;0;0;0;0;0;0;0;0;0;0;0;0;0;0;0;0;0;0;98;0;0;0;0;0;0;0;0;11;0;0;0;0;0;0;0;0;0;0;0;0;0;0;0;0;0;0;0;0;0;0;0;6;0;95;0;0;0;0;0;0;0;0;0;0;0;0;0;0;0;0
M68YD:01221:06048_SUB_SUB;104;0;0;0;54;0;8;0;0;0;0;0;0;0;0;0;0;0;0;0;0;0;0;0;0;0;0;0;0;0;0;0;0;0;0;0;0;0;11;0;0;0;0;0;0;0;0;0;0;0;0;0;0;0;0;0;0;0;0;0;0;0;0;0;0;0;0;0;0;0;0;0;0;31;0;0;0;0;0;0;0;0;0;0;0;0;0;0;0;0
M68YD:04112:06945_SUB_SUB;1761;0;0;0;0;0;0;0;0;0;0;0;0;0;0;0;0;0;0;0;0;0;0;0;0;0;0;0;0;327;0;495;0;0;0;0;0;0;0;0;0;0;0;0;0;0;0;0;0;0;0;0;0;0;0;0;0;0;0;0;0;0;0;0;0;0;0;0;896;0;0;0;0;43;0;0;0;0;0;0;0;0;0;0;0;0;0;0;0;0
M68YD:01030:06318_SUB_SUB;243;0;0;0;0;0;0;0;0;0;0;0;0;0;0;0;0;0;0;0;0;0;0;0;0;0;0;0;0;40;0;55;0;0;0;0;0;0;0;0;0;0;0;0;0;0;0;0;0;0;0;0;0;0;0;0;0;0;0;0;0;0;0;0;0;0;0;0;146;0;0;0;0;2;0;0;0;0;0;0;0;0;0;0;0;0;0;0;0;0
M68YD:00928:06056_SUB_SUB;146;0;0;0;0;0;0;0;0;0;0;0;0;0;0;0;0;0;0;0;0;0;0;0;0;0;0;0;0;7;0;2;0;0;0;0;0;0;0;0;0;0;0;0;0;0;0;0;0;0;0;0;0;0;0;0;0;0;0;0;0;0;0;0;0;0;0;0;137;0;0;0;0;0;0;0;0;0;0;0;0;0;0;0;0;0;0;0;0;0
M68YD:04106:06647_SUB_SUB;126;0;14;0;0;1;12;0;0;77;0;20;0;0;0;0;0;0;0;0;0;0;0;0;0;0;0;0;0;0;0;0;0;0;0;0;0;0;0;0;0;0;0;0;0;0;0;0;0;0;0;0;0;0;0;0;0;0;0;0;0;0;0;0;0;0;0;0;0;0;0;2;0;0;0;0;0;0;0;0;0;0;0;0;0;0;0;0;0;0
M68YD:04208:06874_SUB_SUB;1350;0;135;4;0;23;111;0;0;818;0;252;0;0;0;0;0;0;0;0;0;0;0;0;0;0;0;0;0;0;0;0;0;0;0;0;0;0;0;0;0;0;0;0;0;0;0;0;0;0;0;0;0;0;0;0;0;0;0;0;0;0;0;0;0;0;0;0;0;0;0;6;0;1;0;0;0;0;0;0;0;0;0;0;0;0;0;0;0;0
M68YD:03392:01469_SUB_SUB;117;0;18;3;0;4;11;0;0;58;0;20;0;0;0;0;0;0;0;0;0;0;0;0;0;0;0;0;0;0;0;0;0;0;0;0;0;0;0;0;0;0;0;0;0;0;0;0;0;0;0;0;0;0;0;0;0;0;0;0;0;0;0;0;0;0;0;0;0;0;0;3;0;0;0;0;0;0;0;0;0;0;0;0;0;0;0;0;0;0
M68YD:04420:06744_SUB_SUB;130;0;0;0;0;0;0;0;0;0;0;0;0;0;0;0;0;0;17;0;0;0;0;0;0;0;0;0;0;0;0;0;0;0;0;0;111;0;0;0;0;0;0;0;0;0;0;0;0;0;0;0;0;0;0;0;0;0;0;0;0;0;0;0;2;0;0;0;0;0;0;0;0;0;0;0;0;0;0;0;0;0;0;0;0;0;0;0;0;0
M68YD:04000:06792_SUB_SUB;2415;0;0;0;0;0;0;0;0;0;0;0;0;0;0;0;0;0;1298;0;0;0;0;0;0;0;0;0;0;0;0;0;0;0;0;0;605;0;0;0;0;0;0;0;0;0;0;0;0;0;0;0;0;0;0;0;0;0;0;0;0;0;0;0;512;0;0;0;0;0;0;0;0;0;0;0;0;0;0;0;0;0;0;0;0;0;0;0;0;0
M68YD:00887:05864_SUB_SUB;201;0;0;0;0;0;0;0;0;0;0;0;0;0;0;0;0;0;112;0;0;0;0;0;0;0;0;0;0;0;0;0;0;0;0;0;59;0;0;0;0;0;0;0;0;0;0;0;0;0;0;0;0;0;0;0;0;0;0;0;0;0;0;0;30;0;0;0;0;0;0;0;0;0;0;0;0;0;0;0;0;0;0;0;0;0;0;0;0;0
M68YD:04408:06454_SUB_SUB;128;0;0;0;0;0;0;0;0;0;0;0;0;0;0;0;0;0;73;0;0;0;0;0;0;0;0;0;0;0;0;0;0;0;0;0;22;0;0;0;0;0;0;0;0;0;0;0;0;0;0;0;0;0;0;0;0;0;0;0;0;0;0;0;33;0;0;0;0;0;0;0;0;0;0;0;0;0;0;0;0;0;0;0;0;0;0;0;0;0
M68YD:04940:06441_SUB_SUB;311;0;0;0;0;0;3;0;0;0;4;1;0;0;0;1;0;1;0;1;0;1;0;0;0;0;0;0;0;0;4;1;0;0;0;0;2;5;1;0;0;0;1;0;0;0;2;2;0;0;7;0;0;0;1;0;0;0;2;8;2;0;0;165;0;1;0;0;1;1;0;1;0;0;1;1;0;0;0;0;82;0;2;1;0;0;1;4;0;0
M68YD:04001:06909_SUB_SUB;72063;695;1379;153;176;24;69;0;68;4553;1074;4211;177;0;0;619;237;1079;3;151;4;4667;0;4937;0;0;0;0;0;2695;10;990;0;0;0;0;0;2;294;621;667;18;743;0;2040;799;6120;1587;0;1;510;172;0;0;0;0;0;1698;106;1;16;2099;0;2984;0;329;0;1039;6706;1518;1094;470;4654;668;2233;2418;0;0;0;0;720;1;314;0;0;639;9;756;34;12
M68YD:00052:03414_SUB_SUB;9699;77;169;22;23;1;15;0;7;573;140;479;11;0;0;96;41;157;0;14;1;504;0;976;0;0;0;0;0;327;2;114;0;0;0;0;0;0;38;74;96;0;67;0;264;90;842;167;0;0;64;29;0;0;0;0;0;202;9;0;4;276;0;386;0;36;0;161;1017;168;122;56;706;97;233;429;0;0;0;0;98;0;36;0;0;79;0;102;2;0
M68YD:00904:01140_SUB_SUB;1175;9;14;2;1;0;0;0;1;60;25;50;1;0;0;12;9;20;0;1;0;71;0;126;0;0;0;0;0;41;0;8;0;0;0;0;0;0;4;8;14;0;8;0;29;14;116;18;0;0;8;3;0;0;0;0;0;24;1;0;0;21;0;46;0;7;0;9;155;14;7;5;88;14;26;45;0;0;0;0;10;0;7;0;0;9;0;14;0;0
M68YD:03302:04986_SUB_SUB;127;1;3;1;0;0;0;0;0;4;1;6;4;0;0;0;0;1;0;0;0;6;0;17;0;0;0;0;0;5;0;3;0;0;0;0;0;0;0;1;1;0;1;0;3;0;15;1;0;0;1;0;0;0;0;0;0;1;0;0;0;1;0;2;0;1;0;3;16;2;1;2;12;2;2;4;0;0;0;0;0;0;1;0;0;1;0;1;0;0
M68YD:04290:06425_SUB_SUB;2157;22;42;7;5;0;1;0;4;126;27;118;3;0;0;18;6;47;0;7;0;176;0;143;0;0;0;0;0;82;1;28;0;0;0;0;0;0;8;21;16;0;15;0;48;18;170;46;0;0;21;9;0;0;0;0;0;49;3;0;0;72;0;93;0;13;0;26;172;39;27;16;138;21;79;86;0;0;0;0;26;0;9;0;0;30;0;23;0;0
M68YD:01080:04193_SUB_SUB;3346;15;34;1;9;0;0;0;1;136;29;140;8;0;0;27;13;58;0;2;0;139;0;366;0;0;0;0;0;67;2;41;0;0;0;0;0;0;16;21;50;0;36;0;83;37;258;71;0;0;19;15;0;0;0;0;0;90;3;0;1;213;0;94;0;18;0;76;275;49;23;25;296;38;113;210;0;0;0;0;42;0;5;0;0;54;0;26;0;1
M68YD:04532:06525_SUB_SUB;397;2;2;1;0;0;0;0;1;15;1;13;2;0;0;3;1;12;0;0;0;10;0;35;0;0;0;0;0;8;0;5;0;0;0;0;0;0;0;8;5;0;2;0;14;8;37;6;0;0;3;2;0;0;0;0;0;8;0;0;0;21;0;15;0;1;0;8;34;8;2;2;34;6;10;30;0;0;0;0;8;0;1;0;0;11;0;2;0;0
M68YD:00787:02253_SUB_SUB;616;2;7;4;1;2;2;1;0;25;7;15;1;0;0;0;1;2;0;1;0;63;0;10;0;0;0;0;0;7;0;8;0;0;0;0;0;0;1;26;2;0;11;0;4;21;5;32;0;0;1;1;0;0;0;0;0;6;0;0;0;42;0;152;0;16;0;5;3;3;10;15;19;17;34;16;0;0;0;0;8;0;2;0;0;0;0;5;0;0
M68YD:05141:04311_SUB_SUB;147;1;3;0;0;0;0;0;0;11;2;6;1;0;0;0;0;1;0;0;0;13;0;6;0;0;0;0;0;8;0;0;0;0;0;0;0;0;0;0;1;0;0;0;4;1;11;6;0;0;0;0;0;0;0;0;0;5;2;0;0;6;0;6;0;0;0;3;18;1;0;1;10;1;4;9;0;0;0;0;1;0;0;0;0;4;0;1;0;0
M68YD:03915:04344_SUB_SUB;269;2;8;1;0;0;0;0;0;14;7;10;1;0;0;1;4;3;0;0;0;14;0;18;0;0;0;0;0;7;0;3;0;0;0;0;0;0;0;2;1;0;3;0;8;2;22;3;0;0;6;0;0;0;0;0;0;6;0;0;0;5;0;15;0;2;0;3;35;5;2;3;23;2;7;8;0;0;0;0;2;0;5;0;0;4;0;1;0;1
M68YD:01217:03698_SUB_SUB;100;0;0;0;0;0;1;0;0;5;0;0;0;0;0;1;0;21;0;0;0;5;0;13;0;0;0;0;0;2;0;0;0;0;0;0;0;0;0;0;1;0;0;0;2;1;5;2;0;0;0;0;0;0;0;0;0;4;0;0;0;6;0;3;0;0;0;1;7;1;0;2;4;0;4;4;0;0;0;0;1;0;0;0;0;3;0;1;0;0
M68YD:01909:03695_SUB_SUB;194;0;0;0;0;0;0;0;0;1;0;0;0;0;0;0;0;0;0;0;0;52;0;53;0;0;0;0;0;0;0;0;0;0;0;0;0;0;0;0;0;0;0;0;0;0;0;0;0;0;2;0;0;0;0;0;0;30;0;0;0;1;0;0;0;0;0;0;0;0;0;2;0;0;0;0;0;0;0;0;0;0;0;0;0;0;0;53;0;0
M68YD:00952:00804_SUB_SUB;1379;0;0;0;0;0;0;0;0;0;0;1;0;0;0;0;0;0;0;0;0;421;0;274;0;0;0;0;0;0;0;0;0;0;0;0;0;0;0;0;0;0;0;0;0;0;0;0;0;0;25;0;0;0;0;0;0;242;0;0;0;11;0;0;0;0;0;1;1;0;0;0;1;1;0;0;0;0;0;0;0;0;0;0;0;0;0;401;0;0
M68YD:03997:06948_SUB_SUB;783;0;0;0;0;0;0;0;0;0;0;0;0;0;0;0;0;0;0;0;0;0;0;0;0;0;0;0;0;0;0;0;0;0;0;0;0;0;0;0;0;0;0;0;0;0;0;0;0;0;0;0;0;0;0;0;0;0;0;0;0;0;0;0;0;0;0;0;0;0;783;0;0;0;0;0;0;0;0;0;0;0;0;0;0;0;0;0;0;0
M68YD:01276:05969_SUB_SUB;649;0;6;2;0;0;0;0;1;27;12;37;1;0;0;2;0;7;0;1;0;46;0;50;0;0;0;0;0;26;0;5;0;0;0;0;0;0;3;1;10;0;4;0;14;8;53;12;0;0;6;2;0;0;0;0;0;20;0;0;0;35;0;25;0;6;0;8;63;12;3;6;49;11;15;31;0;0;0;0;12;0;4;0;0;6;1;6;0;0
M68YD:02237:05108_SUB_SUB;203;1;5;0;0;0;1;0;0;10;1;8;0;0;0;2;1;3;0;0;0;11;0;13;0;0;0;0;0;7;0;4;0;0;0;0;0;0;3;1;1;0;4;0;6;2;25;3;0;0;1;0;0;0;0;0;0;3;0;0;0;7;0;10;0;1;0;6;8;3;1;1;19;3;10;11;0;0;0;0;1;0;0;0;0;3;0;3;0;0
M68YD:02817:05910_SUB_SUB;100;1;2;0;1;0;0;0;1;8;3;7;1;0;0;0;0;0;0;0;0;5;0;4;0;0;0;0;0;4;0;2;0;0;0;0;0;0;0;0;0;0;2;0;1;3;9;1;0;0;1;0;0;0;0;0;0;3;0;0;0;2;0;6;0;0;0;1;8;1;1;0;8;0;5;7;0;0;0;0;0;0;0;0;0;1;0;1;0;0
M68YD:00970:05829_SUB_SUB;123;5;0;0;0;0;0;0;0;0;0;2;0;4;0;0;0;0;0;0;0;7;0;0;0;0;0;0;0;0;0;0;0;0;0;0;0;0;0;1;0;0;0;0;0;0;0;0;1;0;0;0;0;0;0;0;0;0;0;0;0;0;0;3;0;0;0;0;0;25;20;4;25;0;0;9;0;0;0;0;2;0;0;0;0;0;0;15;0;0
M68YD:02232:04088_SUB_SUB;159;0;0;0;0;0;0;0;0;0;0;0;0;0;0;1;0;0;0;0;0;0;0;0;0;0;0;0;0;79;0;0;0;0;0;0;0;0;0;0;0;1;13;0;1;30;0;2;0;0;2;0;0;0;0;0;0;0;0;0;0;20;0;1;0;1;0;0;4;0;0;0;3;0;0;0;0;0;0;0;1;0;0;0;0;0;0;0;0;0
M68YD:00248:03478_SUB_SUB;225;0;7;2;0;0;0;0;1;5;0;4;0;0;0;1;0;1;1;0;0;28;0;13;0;0;0;0;0;3;0;11;0;0;0;0;0;0;1;15;0;0;20;0;7;14;0;15;2;0;0;0;0;0;0;0;0;3;3;0;0;9;0;17;0;7;0;2;0;3;2;4;0;6;0;12;0;0;0;0;4;0;0;2;0;0;0;0;0;0
M68YD:04627:02897_SUB_SUB;217;1;87;6;0;0;0;1;0;64;0;36;0;0;0;0;0;0;0;0;0;0;0;0;0;0;0;0;0;0;0;0;0;0;0;0;0;0;0;1;0;0;0;0;0;0;0;0;0;0;0;0;0;0;0;0;0;0;0;0;0;0;0;0;0;0;0;0;0;0;0;0;20;0;0;1;0;0;0;0;0;0;0;0;0;0;0;0;0;0
M68YD:00754:04012_SUB_SUB;104;0;0;0;0;0;0;0;0;0;0;0;0;0;0;0;0;0;0;0;0;21;0;43;0;0;0;0;0;0;0;16;0;0;0;0;0;0;0;0;0;0;0;0;2;0;18;0;0;0;0;0;0;0;0;0;0;4;0;0;0;0;0;0;0;0;0;0;0;0;0;0;0;0;0;0;0;0;0;0;0;0;0;0;0;0;0;0;0;0
M68YD:00386:03707_SUB_SUB;119;0;11;2;0;0;1;0;0;53;4;30;0;0;0;0;0;0;0;0;0;0;0;0;0;0;0;0;0;0;0;0;0;0;0;0;0;0;0;0;0;0;0;0;0;0;0;0;0;0;0;0;0;0;0;0;0;0;0;0;0;0;0;7;0;0;0;0;0;0;0;0;11;0;0;0;0;0;0;0;0;0;0;0;0;0;0;0;0;0
M68YD:02362:05538_SUB_SUB;146;0;0;0;0;0;0;0;4;0;8;0;0;0;0;0;0;0;0;0;0;0;0;0;0;0;0;0;0;0;0;0;0;0;0;0;0;0;0;0;0;0;0;0;0;0;4;0;0;0;0;0;0;0;0;22;0;0;0;0;0;0;0;0;0;0;0;24;0;58;0;0;0;0;0;2;0;0;0;0;10;0;0;0;0;0;4;10;0;0
M68YD:02008:06653_SUB_SUB;107;0;0;0;0;0;0;0;0;0;0;0;0;0;0;5;0;4;0;0;0;2;0;0;0;1;0;0;0;0;0;5;0;0;0;0;0;0;0;0;0;0;0;0;0;2;0;0;3;0;0;0;0;0;0;0;0;4;0;0;0;0;0;1;0;0;0;1;2;1;14;29;3;4;0;22;0;0;0;0;0;0;0;0;0;0;0;4;0;0
M68YD:04925:06827_SUB_SUB;109;0;0;0;0;0;0;0;0;0;0;0;0;0;0;0;0;2;0;0;0;0;0;0;0;0;0;0;0;0;0;0;0;0;0;0;0;0;0;0;0;0;0;0;0;0;0;0;0;0;0;0;0;0;0;0;0;0;0;0;0;0;0;0;0;0;0;0;0;2;105;0;0;0;0;0;0;0;0;0;0;0;0;0;0;0;0;0;0;0
M68YD:00036:03063_SUB_SUB;128;1;0;0;0;0;0;0;0;0;0;0;0;0;9;10;0;15;0;11;0;0;0;0;0;1;0;0;0;0;0;0;0;0;0;0;4;0;0;0;0;0;0;0;0;0;0;0;0;0;0;0;0;0;0;0;0;0;3;0;0;3;0;0;0;0;0;6;4;10;0;0;0;0;17;0;0;0;0;0;0;0;11;0;0;0;0;23;0;0
M68YD:00503:02189_SUB_SUB;109;0;0;0;0;0;0;0;0;0;0;0;0;0;5;12;1;9;0;10;0;0;0;0;0;0;0;0;0;0;0;1;0;0;0;0;1;0;0;0;0;0;0;0;0;0;0;0;1;0;0;0;0;0;0;0;0;0;2;0;0;0;0;0;0;0;0;11;5;5;0;0;0;0;19;0;0;0;0;0;0;0;7;0;0;0;0;20;0;0
M68YD:04280:06467_SUB_SUB;149;0;0;0;0;0;0;0;0;0;0;0;0;0;0;4;0;7;0;0;0;0;0;0;0;0;0;0;0;0;0;2;0;0;0;0;0;0;0;0;0;0;0;0;0;0;5;0;0;0;0;4;0;0;0;0;0;0;0;0;0;0;0;0;0;0;0;11;26;5;0;0;0;0;64;0;0;0;0;0;0;0;9;0;0;0;0;12;0;0
M68YD:04005:02614_SUB_SUB;120;0;0;0;0;0;0;0;0;0;0;0;0;0;0;2;1;6;0;0;0;5;0;0;0;0;0;0;0;0;0;40;0;0;0;0;0;0;0;0;0;0;0;0;0;1;0;0;0;0;0;0;0;0;0;0;0;19;0;0;0;0;0;0;0;0;0;1;10;1;20;0;0;0;5;1;0;0;0;0;0;0;0;0;0;0;0;8;0;0
M68YD:04046:06456_SUB_SUB;5843;1041;30;5;28;16;12;0;0;1557;45;679;0;0;0;0;0;0;1;0;0;0;0;0;0;0;0;0;0;0;0;0;0;0;0;0;0;0;0;295;0;0;0;0;0;0;0;0;0;0;0;0;0;0;3;0;0;0;0;0;0;0;0;0;0;0;0;677;0;0;909;0;0;2;327;216;0;0;0;0;0;0;0;0;0;0;0;0;0;0
M68YD:04337:06925_SUB_SUB;641;130;2;1;0;2;2;0;0;151;4;58;0;0;0;0;0;0;0;0;0;0;0;0;0;0;0;0;0;0;0;0;0;0;0;0;0;0;0;29;0;0;0;0;0;0;0;0;0;0;0;0;0;0;0;0;0;0;0;0;0;0;0;0;0;0;0;110;0;0;82;0;0;0;33;37;0;0;0;0;0;0;0;0;0;0;0;0;0;0
M68YD:04411:06402_SUB_SUB;336;75;0;0;0;0;2;0;0;66;2;36;0;0;0;0;0;0;0;0;0;0;0;0;0;0;0;0;0;0;0;0;0;0;0;0;0;0;0;21;0;0;0;0;0;0;0;0;0;0;0;0;0;0;0;0;0;0;0;0;0;0;0;0;0;0;0;52;0;0;44;0;0;1;23;14;0;0;0;0;0;0;0;0;0;0;0;0;0;0
M68YD:00394:03350_SUB_SUB;119;11;0;1;0;0;0;0;0;27;0;10;0;0;0;0;0;0;0;0;0;0;0;0;0;0;0;0;0;0;0;0;0;0;0;0;0;0;0;8;0;0;0;0;0;0;0;0;0;0;0;0;0;0;0;0;0;0;0;0;0;0;0;0;0;0;0;31;0;0;14;0;0;0;8;9;0;0;0;0;0;0;0;0;0;0;0;0;0;0
M68YD:03337:04285_SUB_SUB;157;0;0;0;0;2;0;0;0;154;0;0;0;0;0;0;0;0;0;0;0;0;0;0;0;0;0;0;0;0;0;0;0;0;0;0;0;0;0;1;0;0;0;0;0;0;0;0;0;0;0;0;0;0;0;0;0;0;0;0;0;0;0;0;0;0;0;0;0;0;0;0;0;0;0;0;0;0;0;0;0;0;0;0;0;0;0;0;0;0
M68YD:00170:02355_SUB_SUB;106;0;0;0;0;0;0;0;0;0;0;0;0;0;0;0;0;0;0;0;0;0;0;0;0;0;0;0;0;0;0;0;0;0;0;0;0;0;0;0;0;0;0;0;0;0;0;0;0;0;0;0;0;0;0;0;0;0;0;0;0;0;0;0;0;0;0;0;0;0;106;0;0;0;0;0;0;0;0;0;0;0;0;0;0;0;0;0;0;0
M68YD:02711:00343_SUB_SUB;493355;22;160;2;87;0;107;2;1377;1306;31596;1149;3021;130;2363;22797;4926;21726;954;7965;3142;6829;2613;3961;0;605;1;3;396;5010;41641;2701;88;393;2;5361;8838;17616;9263;5651;375;14;15591;1;2006;1429;4903;15937;1544;1;12021;0;0;1;2138;3802;0;278;13722;43350;6411;23984;2;595;2823;781;0;5417;6166;23640;2075;1719;2;781;7826;2592;650;2283;0;0;27467;907;4780;8172;102;844;2359;22469;7347;244
M68YD:03745:03125_SUB_SUB;72481;0;23;0;8;0;8;0;226;154;4527;120;399;9;238;3406;882;3058;120;712;409;774;365;690;0;70;0;1;42;581;7982;340;11;47;0;622;860;2251;1231;729;60;4;1833;0;241;143;552;2065;140;1;1707;0;0;0;239;769;0;25;1693;7001;913;3889;0;57;273;110;0;785;924;2871;200;217;0;112;964;430;94;230;0;0;5515;130;523;1176;13;137;523;4092;911;24
M68YD:00623:04283_SUB_SUB;448;0;0;0;0;0;0;0;0;0;0;0;0;0;0;0;0;0;0;0;0;0;0;0;0;0;0;0;0;0;0;0;0;0;0;0;0;0;0;0;0;0;0;0;0;0;0;0;0;0;0;0;0;0;1;0;0;0;0;0;0;0;0;0;0;0;0;0;0;0;0;0;0;0;0;0;0;0;0;0;0;0;447;0;0;0;0;0;0;0
M68YD:03336:07127_SUB_SUB;10486;0;1;0;2;0;0;0;24;14;723;16;79;0;23;586;157;392;8;62;75;83;64;100;0;4;0;0;5;71;1428;41;3;6;0;71;74;322;178;83;11;0;242;0;15;15;81;294;14;0;270;0;0;0;30;108;0;1;215;983;87;540;0;7;23;7;0;97;125;403;22;23;0;10;106;62;8;20;0;0;947;14;77;112;1;11;75;632;100;3
M68YD:04516:06628_SUB_SUB;27874;97;122;6;29;51;44;0;0;1015;24;859;0;654;0;2;0;0;0;1;0;890;0;1;0;0;0;0;2;160;0;0;0;0;0;0;1;0;0;422;0;21;608;0;0;22;0;4;453;1;0;0;0;0;0;0;0;0;1;0;0;0;822;86;0;5;0;0;0;515;3007;2753;10988;27;1;3525;0;0;0;0;112;0;0;0;0;0;0;543;0;0
M68YD:03703:03743_SUB_SUB;3153;5;16;1;2;3;3;0;0;75;0;81;0;45;0;1;0;0;0;0;0;65;0;0;0;0;0;0;0;9;0;0;0;0;0;0;0;0;0;46;0;3;45;0;0;0;0;0;42;0;0;0;0;0;0;0;0;0;0;0;0;0;91;8;0;0;0;0;0;50;230;303;1421;0;0;524;0;0;0;0;10;0;0;0;0;0;0;74;0;0
M68YD:04162:06325_SUB_SUB;377;0;1;0;0;0;0;0;0;11;0;11;0;4;0;0;0;0;0;0;0;11;0;0;0;0;0;0;0;2;0;0;0;0;0;0;0;0;0;0;0;0;4;0;0;0;0;0;3;0;0;0;0;0;0;0;0;0;0;0;0;0;6;3;0;1;0;0;0;3;21;30;163;0;0;87;0;0;0;1;1;0;0;0;0;0;0;14;0;0
M68YD:00109:05813_SUB_SUB;1302;0;0;0;0;0;0;0;2;3;86;0;9;1;3;77;18;35;1;6;5;7;8;15;0;0;0;0;0;14;209;3;0;0;0;4;15;37;19;12;0;0;33;0;2;0;10;26;2;0;33;0;0;0;2;18;0;0;27;135;13;65;0;1;3;2;0;13;12;37;1;4;0;1;14;5;3;5;0;0;114;0;5;15;0;2;13;85;12;0
M68YD:00473:02441_SUB_SUB;9156;0;1;0;3;0;0;0;23;25;602;14;64;2;47;416;64;441;17;178;52;173;44;57;0;14;0;0;7;106;532;50;3;10;0;94;170;363;126;121;12;0;257;0;43;20;78;294;34;0;331;0;0;0;44;75;0;5;298;738;136;400;0;12;61;24;0;93;110;592;40;34;0;16;162;34;16;46;0;0;446;15;92;155;0;12;42;404;163;3
M68YD:00453:02490_SUB_SUB;47304;1;10;0;12;0;8;0;97;82;3005;88;248;11;163;1758;404;1920;77;500;244;467;246;449;0;117;1;2;20;402;3627;222;13;24;0;457;525;1174;856;469;69;1;1570;0;154;120;483;1370;96;0;1007;0;0;0;130;451;0;20;1135;6168;673;3319;0;31;171;47;1;659;492;1465;115;207;0;118;702;378;93;126;0;0;4129;80;306;645;7;98;302;2134;518;15
M68YD:04916:01436_SUB_SUB;4317;0;1;0;1;0;0;0;3;4;160;2;6;0;10;62;10;2288;2;52;12;28;4;17;0;24;0;0;2;9;159;9;0;3;0;21;20;138;33;14;7;0;35;0;2;4;15;46;5;0;58;0;0;0;9;12;0;1;102;186;26;177;0;2;6;3;0;26;17;83;6;7;0;1;26;13;4;12;0;0;88;6;12;73;2;4;8;89;49;1
M68YD:03532:03582_SUB_SUB;6142;0;0;0;2;0;0;0;10;8;374;8;33;1;14;218;62;224;12;59;26;39;36;64;0;5;0;0;4;46;569;30;6;2;0;47;40;158;103;60;9;0;156;0;11;9;33;156;15;0;161;0;0;0;13;74;0;1;148;860;65;408;0;3;18;5;0;58;54;165;14;17;0;18;71;62;10;17;0;0;710;12;28;76;2;6;46;304;65;2
M68YD:01393:02219_SUB_SUB;528;2;7;1;0;2;1;0;0;55;2;24;0;3;0;0;0;0;0;0;0;20;0;0;0;0;0;0;0;7;0;0;0;0;0;0;0;0;0;11;0;0;14;0;0;0;0;0;0;0;0;0;0;0;0;0;0;0;0;0;0;0;0;11;0;0;0;0;0;21;3;53;148;3;0;125;0;0;0;0;8;0;0;0;0;0;0;7;0;0
M68YD:04795:01375_SUB_SUB;498;0;0;0;0;0;0;0;2;0;17;0;1;0;0;25;0;17;0;4;0;1;0;10;0;4;0;0;1;0;77;1;0;0;0;7;2;7;6;6;2;0;15;0;0;0;3;15;0;0;6;0;0;0;1;4;0;0;5;74;11;73;0;0;1;0;0;15;6;7;2;1;0;3;6;10;0;0;0;0;26;5;0;3;1;0;1;13;1;0
M68YD:03023:05200_SUB_SUB;147;0;0;0;0;0;0;0;0;0;11;0;2;0;0;7;1;5;0;1;1;1;2;1;0;0;0;0;0;0;14;0;0;1;0;1;3;10;4;0;1;0;3;0;0;0;1;6;0;0;3;0;0;0;1;1;0;0;8;10;0;7;0;0;0;1;0;3;0;5;1;1;0;0;1;0;0;0;0;0;14;0;0;4;1;0;0;8;2;0
M68YD:04830:00654_SUB_SUB;195;0;0;0;0;0;0;0;0;1;5;0;0;0;0;4;5;2;0;2;1;2;1;1;0;2;0;1;0;1;27;1;0;0;0;0;1;4;2;3;0;0;4;0;0;1;0;7;0;0;1;0;0;0;0;4;0;1;1;31;2;37;0;0;1;0;0;5;2;4;0;1;0;0;1;1;0;0;0;0;12;1;0;2;0;0;0;8;2;0
M68YD:03852:04764_SUB_SUB;869;0;1;0;0;0;0;0;2;0;61;1;1;0;0;39;5;21;2;7;4;10;9;7;0;0;0;0;0;3;86;4;0;0;0;6;4;22;10;11;1;0;18;0;4;1;3;23;2;0;19;0;0;0;2;14;0;1;21;115;9;61;0;0;1;0;0;12;7;18;2;2;0;3;12;2;1;0;0;0;126;1;6;12;1;0;4;42;7;0
M68YD:02223:04406_SUB_SUB;148;0;0;0;0;0;0;0;0;0;9;0;2;0;0;4;2;40;1;0;0;1;0;0;0;0;0;0;0;0;17;1;0;0;0;0;0;4;2;0;0;0;0;0;0;0;0;2;0;0;5;0;0;0;0;4;0;0;2;14;0;12;0;0;0;1;0;1;0;6;1;0;0;0;0;0;0;0;0;0;8;0;0;3;0;0;0;4;2;0
M68YD:03304:02712_SUB_SUB;1933;0;0;0;0;0;2;0;0;3;66;2;1;1;6;19;0;15;2;4;5;75;0;21;0;0;0;0;0;8;3;23;0;0;0;0;5;0;7;212;0;1;337;0;7;28;1;172;1;0;42;0;0;0;0;4;0;1;18;6;1;203;0;45;0;43;0;13;5;100;4;61;0;18;83;31;0;2;0;0;119;0;9;4;0;0;1;91;0;2
M68YD:01909:01056_SUB_SUB;1539;0;1;0;0;0;0;0;1;2;80;0;3;0;3;79;27;27;2;14;6;12;7;15;0;1;0;0;1;2;270;5;1;1;0;19;9;36;32;13;0;0;36;0;5;5;23;35;3;0;18;0;0;0;6;24;0;1;39;178;28;76;0;3;5;2;0;29;25;42;3;4;0;4;21;16;1;4;0;0;103;2;6;17;0;4;13;73;16;0
M68YD:04227:06557_SUB_SUB;2320;6;8;1;4;2;3;0;0;44;0;39;0;31;0;0;0;0;0;0;0;74;0;0;0;0;0;0;0;8;0;0;0;0;0;0;0;0;0;40;0;2;18;0;0;0;0;0;24;0;0;0;0;0;0;0;0;0;0;0;0;0;133;11;0;0;0;0;0;58;171;159;1205;1;0;249;0;0;0;0;10;0;0;0;0;0;0;19;0;0
M68YD:00392:02452_SUB_SUB;299;4;0;0;0;0;0;0;0;14;0;15;0;9;0;0;0;0;0;0;0;4;0;0;0;0;0;0;0;0;0;0;0;0;0;0;0;0;0;4;0;0;7;0;0;0;0;0;6;0;0;0;0;0;0;0;0;0;0;0;0;0;2;0;0;0;0;0;0;3;18;29;118;2;0;57;0;0;0;0;0;0;0;0;0;0;0;7;0;0
M68YD:04040:01540_SUB_SUB;1089;2;2;0;0;2;1;0;0;40;0;30;0;28;0;0;0;0;0;0;0;34;0;0;0;0;0;0;0;8;0;0;0;0;0;0;0;0;0;14;0;0;24;0;0;0;0;1;14;0;0;0;0;0;0;0;0;0;0;0;0;0;39;0;0;0;0;0;0;15;78;109;448;2;0;169;0;0;0;0;4;0;0;0;0;0;0;25;0;0
M68YD:04099:04464_SUB_SUB;305;2;1;0;0;0;0;0;0;4;0;3;0;3;0;0;0;0;0;0;0;7;0;0;0;0;0;0;0;1;0;0;0;0;0;0;0;0;0;2;0;0;2;0;0;0;0;0;2;0;0;0;0;0;0;0;0;0;0;0;0;0;11;0;0;0;0;0;0;3;15;18;177;1;0;49;0;0;0;0;0;0;0;0;0;0;0;4;0;0
M68YD:00150:04656_SUB_SUB;1034;0;2;0;0;0;0;0;0;3;45;1;2;0;3;22;7;373;1;12;1;8;2;5;0;4;0;0;1;0;73;1;0;0;0;4;5;30;12;6;0;0;17;0;3;1;4;21;1;0;22;0;0;0;2;3;0;0;25;70;11;46;0;0;0;3;0;8;16;25;1;4;0;1;6;5;0;3;0;0;42;1;3;23;0;2;4;24;14;0
M68YD:03663:02786_SUB_SUB;149;0;2;0;0;0;0;0;0;3;2;2;0;0;0;0;0;0;0;0;0;4;0;0;0;0;0;0;0;3;0;0;0;0;0;0;1;0;0;6;0;1;12;0;0;0;0;2;0;0;0;0;0;0;0;0;0;0;0;0;0;0;0;1;1;0;0;0;0;12;1;29;0;0;0;48;0;0;0;0;13;0;0;0;0;0;0;6;0;0
M68YD:03900:05208_SUB_SUB;161;0;0;0;0;0;2;0;0;7;0;5;0;4;0;0;0;0;0;0;0;3;0;0;0;0;0;0;0;2;0;0;0;0;0;0;0;0;0;4;0;1;7;0;0;0;0;0;1;0;0;0;0;0;0;0;0;0;0;0;0;0;5;0;0;0;0;0;0;1;15;17;58;3;0;23;0;0;0;0;2;0;0;0;0;0;0;1;0;0
M68YD:03805:06689_SUB_SUB;391;0;0;0;0;0;0;0;1;1;34;0;3;0;4;17;1;12;0;12;6;8;1;4;0;0;0;1;0;4;23;6;0;1;0;4;19;13;11;3;0;0;9;0;4;0;2;8;0;0;11;0;0;0;3;4;0;0;14;16;3;8;0;0;4;0;0;3;4;26;3;1;0;3;8;2;0;1;0;0;26;1;4;7;0;1;1;19;6;0
M68YD:02640:04615_SUB_SUB;167;0;0;0;0;0;0;0;1;0;12;0;2;1;0;7;3;11;0;3;0;6;0;1;0;0;0;0;0;3;16;0;0;0;0;2;1;2;2;0;0;0;3;0;0;0;2;4;0;0;6;0;0;0;2;0;0;0;3;14;1;10;0;0;4;0;0;0;4;3;2;0;0;0;2;0;1;0;0;0;12;0;6;2;0;0;0;11;2;0
M68YD:01993:02062_SUB_SUB;233;0;0;0;0;0;0;0;1;0;14;3;0;0;1;14;3;2;0;2;3;2;3;3;0;1;0;0;0;0;49;2;0;1;0;1;1;6;6;4;0;0;2;0;1;0;4;2;0;0;1;0;0;0;0;7;0;0;3;24;2;4;0;0;1;0;0;1;2;6;0;0;0;0;3;1;0;2;0;0;16;1;2;8;0;0;0;14;4;0
M68YD:04495:06675_SUB_SUB;162;0;0;0;0;0;0;0;0;0;15;0;2;0;0;10;1;1;0;1;0;3;1;1;0;0;0;1;0;1;17;1;0;0;0;1;1;4;8;1;0;0;5;0;1;0;0;4;0;0;4;0;0;0;1;4;0;0;3;14;4;5;0;0;1;0;0;1;4;3;1;1;0;0;1;0;1;0;0;0;14;0;1;2;0;0;2;15;0;0
M68YD:01185:05885_SUB_SUB;224;0;0;0;0;0;0;0;0;0;9;0;0;0;0;1;0;0;1;0;0;11;0;6;0;0;0;0;0;2;1;1;0;0;0;0;2;0;0;19;1;1;38;0;0;2;0;18;0;0;6;0;0;0;0;2;0;0;0;1;0;25;0;5;0;8;0;1;1;4;0;4;0;6;9;2;0;0;0;0;24;0;0;0;0;0;0;13;0;0
M68YD:03944:01153_SUB_SUB;289;0;0;0;0;0;0;0;0;0;2;0;0;0;0;0;0;0;0;0;0;0;0;276;0;0;0;0;0;0;0;0;0;0;0;0;0;1;0;2;0;0;0;0;0;0;0;4;0;0;0;0;0;0;0;0;0;0;0;0;0;0;0;0;0;0;0;0;0;0;0;3;0;0;1;0;0;0;0;0;0;0;0;0;0;0;0;0;0;0
M68YD:04056:03925_SUB_SUB;1103;0;0;0;0;0;0;0;0;0;2;0;0;40;0;0;0;0;0;0;0;0;0;0;0;0;0;0;0;0;1;0;0;0;0;0;495;0;0;0;0;0;1;0;0;4;0;4;0;1;8;0;0;0;0;0;0;0;0;537;0;0;0;0;0;0;0;0;0;0;0;0;0;0;0;5;0;0;0;0;3;0;0;0;0;0;0;2;0;0
M68YD:02294:05549_SUB_SUB;242;0;0;0;0;0;0;0;0;0;1;0;0;0;0;0;0;0;0;0;0;0;1;0;0;0;0;0;0;0;3;0;0;0;0;0;0;0;0;0;0;0;0;0;0;0;0;3;0;0;0;0;0;0;0;0;0;0;0;0;0;0;0;0;0;1;0;0;0;0;0;2;0;0;1;0;0;228;0;0;2;0;0;0;0;0;0;0;0;0
M68YD:01743:05668_SUB_SUB;244;0;0;0;0;0;0;0;0;0;1;2;1;0;0;2;0;3;0;0;0;0;0;0;0;0;0;0;0;1;3;0;34;0;0;0;31;1;3;0;0;0;4;0;0;1;2;6;0;0;0;0;0;0;0;3;0;0;98;6;1;30;0;0;0;3;0;2;0;1;0;0;0;0;0;1;0;0;0;0;3;0;0;1;0;0;0;0;0;0
M68YD:03415:04958_SUB_SUB;101;0;0;0;0;0;0;0;0;0;0;3;0;3;0;0;0;0;0;0;0;4;0;0;0;0;0;0;0;0;0;0;0;0;0;0;0;0;0;0;0;0;1;0;0;0;0;0;1;0;0;0;0;0;0;0;0;0;0;0;0;0;4;0;0;0;0;0;0;1;7;10;48;0;0;16;0;0;0;0;0;0;0;0;0;0;0;3;0;0
M68YD:03960:05719_SUB_SUB;136;0;0;0;0;0;0;0;0;0;0;0;0;3;0;0;0;0;0;0;0;0;0;0;0;0;0;0;0;0;0;0;0;0;0;0;48;0;0;0;0;0;0;0;0;0;0;0;0;0;1;0;0;0;0;0;0;0;0;83;0;0;0;0;0;0;0;0;0;0;0;1;0;0;0;0;0;0;0;0;0;0;0;0;0;0;0;0;0;0
M68YD:04369:06839_SUB_SUB;318;0;0;0;0;0;0;0;0;0;0;0;0;0;0;249;0;0;0;0;0;0;2;0;0;0;0;0;0;0;1;0;0;0;0;1;0;0;0;2;0;0;49;0;0;1;0;8;0;0;0;0;0;0;0;0;0;0;0;3;0;0;0;0;0;0;0;0;0;1;1;0;0;0;0;0;0;0;0;0;0;0;0;0;0;0;0;0;0;0
M68YD:04556:00760_SUB_SUB;434;0;0;0;0;0;0;0;0;0;0;0;0;0;0;0;1;0;0;0;0;1;0;0;0;0;0;0;0;0;1;0;0;0;0;386;0;1;0;33;0;0;0;0;0;0;0;1;0;0;3;0;0;0;0;0;0;0;0;0;0;0;0;1;0;0;0;0;0;2;0;0;0;1;0;0;0;0;0;0;1;0;1;0;0;0;0;1;0;0
M68YD:00477:06033_SUB_SUB;161;0;0;0;0;0;0;0;0;0;0;0;0;0;0;0;0;1;0;0;0;0;0;0;0;0;0;2;0;0;0;0;0;0;0;0;0;1;0;0;0;0;134;0;0;0;0;2;0;0;11;0;0;0;0;0;0;0;1;0;0;1;0;0;0;0;0;0;0;0;0;0;0;0;0;8;0;0;0;0;0;0;0;0;0;0;0;0;0;0
M68YD:04816:04092_SUB_SUB;213;0;0;0;0;0;0;0;0;0;0;0;0;0;0;0;0;0;0;0;0;0;0;0;0;0;0;0;0;0;1;0;0;0;0;0;0;0;10;0;0;0;1;0;0;0;0;1;0;0;7;0;0;0;2;0;0;0;0;0;0;0;0;0;0;0;0;0;0;1;0;0;0;0;0;15;0;175;0;0;0;0;0;0;0;0;0;0;0;0
M68YD:00302:06830_SUB_SUB;122;0;0;0;0;0;0;0;0;0;9;0;0;0;0;6;2;5;0;3;0;5;1;3;0;0;0;0;0;0;17;0;0;0;0;1;0;3;3;2;0;0;2;0;0;0;0;7;0;0;2;0;0;0;0;2;0;0;4;10;1;5;0;0;0;0;0;2;1;4;1;1;0;0;2;2;0;0;0;0;8;0;0;2;0;0;0;6;0;0
M68YD:04524:06886_SUB_SUB;211;0;0;0;0;0;1;0;0;2;5;1;0;0;1;9;1;7;0;0;1;2;1;5;0;1;0;0;1;2;15;0;0;0;0;1;2;2;7;0;0;0;5;0;0;0;4;3;2;0;3;0;0;0;0;0;0;0;2;49;1;48;0;0;0;0;0;5;1;6;1;0;0;1;0;2;0;0;0;0;6;0;0;0;0;2;0;3;0;0
M68YD:00392:04536_SUB_SUB;5194;0;1;0;0;0;1;0;18;16;409;9;23;0;11;189;35;210;12;58;19;81;29;28;0;5;0;0;4;55;333;24;2;3;0;42;83;171;75;69;3;0;123;0;8;12;52;151;18;0;186;0;0;0;25;59;0;1;183;523;63;305;0;9;24;11;0;52;69;245;17;19;0;11;81;30;6;23;0;0;352;9;53;77;0;15;26;261;76;1
M68YD:00281:03403_SUB_SUB;136;0;1;0;0;0;0;0;1;0;1;0;0;0;0;4;0;6;2;0;0;0;0;0;0;1;0;0;0;0;13;0;0;0;0;2;1;1;1;0;0;0;5;0;0;0;1;2;0;0;1;0;0;0;0;0;0;0;1;19;4;42;0;0;0;0;0;5;1;2;0;0;0;0;2;3;0;1;0;0;6;0;0;0;0;3;0;3;1;0
M68YD:02706:02300_SUB_SUB;200;0;0;0;0;0;0;0;0;1;6;0;2;0;0;3;2;6;0;1;1;1;2;2;0;0;0;0;0;3;17;0;0;0;0;1;1;3;4;5;1;0;13;0;1;3;1;5;1;0;1;0;0;0;0;1;0;0;2;42;3;17;0;1;2;1;0;0;3;4;0;1;0;1;3;5;0;1;0;0;16;0;1;1;1;0;0;6;1;0
M68YD:02714:05379_SUB_SUB;4732;0;1;0;0;0;0;0;13;10;210;11;26;2;5;240;45;96;13;31;13;18;22;37;0;8;0;0;0;25;553;24;1;1;0;51;31;86;92;38;9;0;140;0;18;17;46;126;6;0;32;0;0;0;13;79;0;4;89;786;115;282;0;1;7;0;0;112;70;59;13;19;0;12;84;52;17;6;0;0;422;12;17;48;2;15;43;222;34;0
M68YD:03715:04890_SUB_SUB;138;0;1;0;0;0;0;0;0;0;22;0;0;0;1;9;1;0;0;2;1;1;2;0;0;0;0;0;0;2;14;1;0;0;0;0;6;1;2;2;0;0;2;0;0;0;1;4;0;0;2;0;0;0;2;1;0;1;5;9;0;3;0;0;2;1;0;1;3;11;0;0;0;0;1;0;0;0;0;0;8;0;1;2;0;0;0;9;1;0
M68YD:04971:03348_SUB_SUB;167;0;0;0;0;0;1;0;0;0;10;0;1;0;2;3;0;8;0;1;0;1;0;3;0;0;0;0;0;3;9;0;0;0;0;2;0;10;6;3;0;0;7;0;0;0;1;8;0;0;4;0;0;0;1;1;0;0;6;7;1;8;0;3;1;0;0;1;0;22;0;0;0;0;4;0;0;1;0;0;4;0;2;4;0;0;0;16;1;1
M68YD:01556:01659_SUB_SUB;1506;0;0;0;2;0;0;0;3;7;117;4;9;0;10;92;8;42;0;28;11;20;5;14;0;1;0;0;0;17;117;10;0;2;0;22;28;48;30;11;2;0;43;0;2;2;22;42;5;0;17;0;0;0;8;12;0;1;50;140;33;61;0;0;8;1;0;14;30;56;8;8;0;2;23;8;1;6;0;0;85;3;13;33;1;3;9;65;29;2
M68YD:01351:01938_SUB_SUB;344;0;1;0;0;0;0;0;0;0;3;1;2;0;1;23;3;0;1;2;0;1;3;0;0;1;0;0;0;0;43;2;0;1;0;1;4;4;13;2;0;0;8;0;3;1;2;10;0;0;1;0;0;0;0;6;0;0;5;49;9;48;0;0;0;1;0;9;5;8;1;1;0;1;8;4;1;1;0;0;29;1;1;4;0;2;4;7;2;0
M68YD:05264:02878_SUB_SUB;412;0;0;0;0;0;1;0;2;2;21;1;0;0;1;15;3;12;0;7;2;3;2;2;0;0;0;0;0;2;23;1;0;0;0;6;3;17;7;5;0;0;20;0;0;0;1;14;2;0;9;0;0;0;0;0;0;0;12;24;6;45;0;0;0;1;0;3;6;39;0;0;0;1;21;4;0;1;0;0;17;0;3;7;0;0;0;35;3;0
M68YD:00359:04740_SUB_SUB;762;0;0;0;0;0;0;0;2;2;17;0;3;0;1;45;6;19;1;1;0;5;3;7;0;0;0;0;0;3;117;3;0;0;0;9;10;13;11;3;2;0;21;0;4;4;0;18;0;0;2;0;0;0;3;7;0;1;8;113;24;92;0;0;1;1;0;35;18;10;1;2;0;3;11;11;4;1;0;0;36;0;2;9;0;5;0;22;10;0
M68YD:00106:03882_SUB_SUB;138;0;0;0;0;0;0;0;2;0;2;0;0;0;0;2;0;6;0;0;0;0;1;1;0;0;0;0;0;0;10;0;0;0;0;3;0;3;2;1;0;0;2;0;0;1;1;1;0;0;1;0;0;0;0;0;0;0;1;28;4;34;0;0;1;0;0;4;2;1;0;1;0;0;6;1;0;1;0;0;5;0;0;2;0;0;0;6;2;0
M68YD:00358:04404_SUB_SUB;157;0;0;0;0;0;0;0;1;0;2;1;0;0;1;8;2;4;0;2;1;0;1;2;0;0;0;0;1;0;24;0;0;0;0;4;2;1;1;0;0;0;1;0;1;1;2;4;0;0;0;0;0;0;0;0;0;0;2;29;0;18;0;0;0;0;0;7;1;4;1;0;0;0;2;3;0;1;0;0;8;0;1;2;0;0;0;7;4;0
M68YD:02560:03013_SUB_SUB;445;0;0;0;0;0;0;0;1;0;12;1;1;0;1;12;3;9;0;2;1;1;4;4;0;2;0;0;1;0;36;1;2;0;0;2;2;4;12;1;2;0;26;0;0;6;5;7;0;0;3;0;0;0;1;1;0;0;2;92;10;79;0;0;0;1;0;8;1;3;1;2;0;0;9;5;0;1;0;0;44;1;2;1;0;2;1;12;2;0
M68YD:03001:04705_SUB_SUB;734;0;0;0;0;0;0;0;1;0;13;1;1;0;3;23;4;22;1;4;1;3;1;8;0;6;0;0;0;2;64;3;0;0;0;6;2;5;7;2;1;0;11;0;2;1;3;10;1;0;17;0;0;0;1;6;0;1;10;138;17;179;0;0;0;0;0;25;6;11;0;2;0;3;11;8;3;1;0;0;47;1;4;9;0;3;0;15;4;0
M68YD:04738:06256_SUB_SUB;188;0;0;0;0;0;0;0;0;2;12;2;1;1;2;13;1;8;0;4;2;2;2;0;0;0;0;0;0;0;15;1;0;0;0;1;7;7;8;4;0;0;5;0;3;2;1;8;0;0;2;0;0;0;2;2;0;0;9;11;1;2;0;0;0;0;0;1;2;3;1;1;0;1;2;1;0;1;0;0;15;0;1;2;0;1;2;5;6;0
M68YD:05001:03218_SUB_SUB;212;0;0;0;0;0;0;0;0;1;16;0;3;0;0;6;5;5;0;6;0;2;1;1;0;0;0;0;0;2;24;0;0;1;0;2;6;3;1;5;0;0;3;0;0;1;2;13;2;0;3;0;0;0;0;1;0;0;6;14;3;8;0;1;3;5;0;4;1;8;0;2;0;1;6;1;0;0;0;0;16;0;0;1;0;1;1;12;3;0
M68YD:04205:06333_SUB_SUB;204;0;0;0;0;0;0;0;0;1;19;0;0;0;0;7;3;31;0;3;0;3;0;1;0;2;0;0;0;1;7;0;0;0;0;2;7;13;4;1;0;0;4;0;0;0;2;6;2;0;2;0;0;0;0;1;0;0;13;12;0;4;0;1;0;1;0;2;0;13;2;0;0;0;2;1;0;2;0;0;3;0;3;9;0;0;1;7;6;0
M68YD:00224:02186_SUB_SUB;671;0;0;0;0;0;0;0;0;0;34;0;2;0;2;16;1;235;0;10;3;4;0;3;0;7;0;0;0;2;30;1;0;0;0;4;8;13;3;5;1;0;7;0;1;0;5;12;2;0;16;0;0;0;2;4;0;0;17;51;6;49;0;0;2;2;0;8;4;13;0;1;0;1;5;3;2;4;0;0;26;1;3;18;0;1;2;9;10;0
M68YD:00661:01520_SUB_SUB;108;0;0;0;0;0;0;0;0;0;5;0;1;0;0;2;1;4;1;2;1;3;0;0;0;0;0;0;1;1;5;0;0;0;0;1;1;7;2;1;0;0;4;0;0;0;0;5;0;0;2;0;0;0;0;0;0;0;2;14;2;12;0;0;0;0;0;3;1;10;0;0;0;0;1;0;1;0;0;0;3;0;3;0;0;0;0;2;4;0
M68YD:00526:04779_SUB_SUB;716;0;0;0;0;0;0;0;2;2;28;1;7;0;3;30;5;14;1;6;2;4;4;11;0;2;0;0;0;2;107;5;0;0;0;6;4;9;12;7;1;0;16;0;0;0;5;16;2;0;1;0;0;0;1;11;0;1;11;145;8;45;0;0;3;0;1;13;7;8;2;1;0;0;8;5;2;1;0;0;61;0;0;10;0;2;5;47;3;0
M68YD:02038:06015_SUB_SUB;376;1;1;0;0;0;1;0;0;12;0;8;0;5;0;0;0;0;0;0;0;11;0;0;0;0;0;0;0;3;0;0;0;0;0;0;0;0;0;9;0;1;4;0;0;0;0;0;2;0;0;0;0;0;0;0;0;0;0;0;0;0;16;1;0;1;0;0;0;7;37;34;170;1;0;47;0;0;0;0;1;0;0;0;0;0;0;3;0;0
M68YD:03129:02897_SUB_SUB;153;0;0;0;1;0;0;0;0;0;0;0;2;0;0;16;3;0;3;6;1;1;0;1;0;1;0;0;1;0;0;3;0;0;0;0;1;0;0;0;2;0;2;0;2;0;4;1;0;0;0;0;0;0;0;0;0;0;7;0;11;0;0;0;0;0;0;11;0;3;1;0;0;0;14;0;0;0;0;0;13;0;0;5;0;1;0;17;19;0
M68YD:03084:05766_SUB_SUB;203;0;0;0;0;0;1;0;0;0;15;0;1;0;1;20;6;6;0;3;2;2;1;2;0;0;0;0;0;0;25;3;0;0;0;1;4;10;2;2;0;0;3;0;0;1;1;5;0;0;2;0;0;0;0;0;0;0;4;17;3;9;0;0;1;0;0;4;5;7;0;0;0;1;5;0;0;0;0;0;11;0;0;3;0;1;2;10;1;0
M68YD:00448:04586_SUB_SUB;585;0;0;0;0;0;0;0;2;2;53;2;2;0;0;25;7;19;0;7;5;4;0;2;0;0;0;0;1;2;32;4;0;0;0;4;8;19;12;4;0;0;12;0;3;1;7;14;4;0;25;0;0;0;2;8;0;0;17;52;5;33;0;1;3;0;0;9;10;25;1;2;0;4;8;2;0;4;0;0;49;1;4;10;1;0;3;41;8;0
M68YD:01787:07403_SUB_SUB;227;0;0;0;0;0;0;0;0;1;6;0;2;0;0;16;1;8;0;1;1;1;2;0;0;1;0;0;0;0;40;0;0;0;0;2;3;5;5;0;0;0;2;0;1;0;3;3;0;0;0;0;0;0;0;1;0;0;3;25;8;27;0;0;0;0;0;11;7;1;0;0;0;0;6;3;1;1;0;0;8;0;3;4;0;0;2;11;1;0
M68YD:04246:06674_SUB_SUB;142;0;0;0;0;0;0;0;0;0;7;1;0;0;0;2;0;0;0;0;2;6;0;1;0;0;0;0;0;0;1;2;0;0;0;0;0;0;2;11;0;0;34;0;0;1;0;9;0;0;4;0;0;0;0;0;0;0;1;0;0;20;0;2;0;5;0;1;1;3;0;3;0;1;9;0;0;0;0;0;8;0;1;0;0;0;0;4;0;0
M68YD:04953:01800_SUB_SUB;128;0;0;0;0;0;0;0;0;0;10;0;0;0;1;1;0;31;0;1;0;1;1;1;0;0;0;0;0;2;6;0;0;0;0;0;0;3;3;0;0;0;1;0;1;0;0;2;0;0;0;0;0;0;0;3;0;0;2;9;1;18;0;0;0;0;0;0;0;1;0;1;0;0;2;2;0;1;0;0;9;0;0;4;0;0;1;5;4;0
M68YD:04772:02277_SUB_SUB;123;0;0;0;0;0;0;0;0;0;3;0;0;0;0;4;0;1;0;0;0;1;1;1;0;1;0;0;0;1;9;1;0;0;0;0;0;0;0;0;0;0;2;0;0;1;0;8;0;0;0;0;0;0;1;0;0;0;2;19;3;28;0;0;0;1;0;1;0;2;0;2;0;0;3;3;0;0;0;0;14;0;1;0;1;1;2;5;0;0
M68YD:04717:01733_SUB_SUB;166;0;0;0;0;0;0;0;0;0;0;0;0;8;0;0;0;0;0;0;0;0;0;0;0;0;0;0;0;0;0;0;0;0;0;0;39;0;0;0;0;0;0;0;0;0;0;0;0;0;0;0;0;0;0;0;0;0;0;116;0;0;0;0;0;0;0;0;0;0;0;0;0;0;0;3;0;0;0;0;0;0;0;0;0;0;0;0;0;0
M68YD:03540:07355_SUB_SUB;111;0;0;0;0;0;0;0;1;0;7;0;2;0;0;7;0;4;0;3;0;2;2;0;0;0;0;0;1;0;7;2;0;0;0;3;3;6;3;0;0;0;4;0;1;0;1;9;0;0;2;0;0;0;0;1;0;0;4;9;0;5;0;0;2;0;0;0;0;6;0;0;0;0;1;0;0;1;0;0;5;0;0;1;0;0;0;4;2;0
M68YD:04378:06470_SUB_SUB;324;0;0;0;0;0;0;0;0;1;18;0;0;0;0;0;0;2;0;0;4;7;0;2;0;0;0;0;0;0;0;3;0;0;0;0;0;0;21;5;0;0;0;0;0;0;0;20;0;0;166;0;0;0;0;0;0;1;0;0;0;29;0;1;0;7;0;1;0;3;0;2;0;6;0;0;0;0;0;0;13;2;0;0;0;0;0;10;0;0
M68YD:05035:02075_SUB_SUB;102;0;0;0;0;0;0;0;0;5;6;4;0;0;0;3;0;5;0;0;0;0;0;2;0;0;0;0;0;0;6;0;0;0;0;0;4;1;3;11;0;0;4;0;0;0;0;1;0;0;2;0;0;0;0;0;0;0;3;5;1;2;0;2;1;0;0;4;1;6;3;0;0;0;5;1;0;0;0;0;7;0;0;0;0;0;0;4;0;0
M68YD:03057:01769_SUB_SUB;452;0;0;0;0;0;0;0;0;3;4;1;0;0;0;0;0;12;0;0;16;0;0;3;0;0;0;0;0;0;0;0;0;0;0;0;0;0;220;0;0;0;0;0;0;0;0;65;0;0;2;0;0;0;0;2;0;0;6;0;0;2;0;0;0;1;0;3;0;14;7;10;0;4;39;4;1;0;0;0;18;0;0;0;0;0;0;15;0;0
M68YD:03289:06748_SUB_SUB;122;0;0;0;0;0;0;0;0;0;0;1;0;0;0;0;0;0;0;0;0;6;0;1;0;0;0;0;0;1;0;2;0;0;0;0;1;0;0;17;0;0;47;0;0;7;1;9;1;0;2;0;0;0;0;0;0;0;4;0;0;1;0;0;0;1;0;0;0;2;0;1;0;4;0;5;0;0;0;0;7;0;0;0;0;0;0;1;0;0
M68YD:02598:01105_SUB_SUB;188;0;0;0;0;0;0;0;0;0;0;1;4;0;0;127;3;0;0;0;4;0;0;0;0;0;0;0;0;0;0;0;0;0;0;0;0;0;44;0;0;0;0;0;0;1;0;0;0;0;0;0;0;0;0;0;0;0;0;0;0;0;0;0;0;0;0;0;0;1;0;2;0;0;0;1;0;0;0;0;0;0;0;0;0;0;0;0;0;0
M68YD:04288:06527_SUB_SUB;905;0;0;0;0;0;0;0;0;0;0;0;3;0;0;20;14;0;0;0;0;0;0;0;0;0;0;0;0;166;6;0;0;5;0;0;0;23;13;0;0;1;296;0;3;60;0;7;13;0;24;0;0;0;0;0;0;0;0;0;0;201;0;0;0;4;0;0;0;10;0;0;0;0;0;1;0;0;0;0;29;0;3;0;0;0;0;0;0;3
M68YD:00464:05852_SUB_SUB;181;0;0;0;0;0;0;0;0;0;0;0;0;0;0;0;0;3;0;0;0;2;0;1;0;0;0;0;0;2;0;8;0;0;0;0;0;0;0;0;0;0;1;0;0;3;0;2;2;0;0;0;0;0;0;0;0;0;0;0;0;0;0;0;0;0;0;1;1;1;2;109;0;4;0;26;0;0;0;0;1;0;0;0;0;0;0;12;0;0
M68YD:04079:06416_SUB_SUB;161;0;0;0;0;0;0;0;0;0;0;0;0;0;0;0;0;0;0;0;0;0;0;0;0;0;0;0;0;0;0;0;0;0;0;0;0;0;0;0;0;0;0;0;0;0;0;0;0;0;0;0;0;0;0;0;0;0;0;161;0;0;0;0;0;0;0;0;0;0;0;0;0;0;0;0;0;0;0;0;0;0;0;0;0;0;0;0;0;0
M68YD:03350:01436_SUB_SUB;333;0;0;0;0;0;1;0;0;0;32;0;0;0;1;14;2;7;0;1;0;6;1;2;0;1;0;0;0;4;8;2;0;0;0;3;3;11;6;6;1;0;11;0;3;1;3;19;2;0;10;0;0;0;1;5;0;0;10;24;5;27;0;2;1;0;0;3;5;20;1;1;0;0;12;1;0;1;0;0;20;0;5;5;0;1;0;19;3;0
M68YD:05081:02171_SUB_SUB;1439;0;0;0;0;0;0;0;2;4;109;3;5;0;2;70;14;47;3;23;5;10;8;7;0;0;0;0;1;16;141;6;2;1;0;12;13;33;22;12;2;0;41;0;10;5;15;40;3;0;11;0;0;0;4;25;0;1;51;186;27;62;0;2;7;4;0;17;19;39;3;6;0;6;23;10;1;3;0;0;96;4;9;29;3;2;9;75;17;1
M68YD:03027:06373_SUB_SUB;367;1;0;0;0;0;0;0;0;1;12;0;1;0;1;12;1;2;0;2;0;1;2;6;0;0;0;0;0;2;44;1;0;0;0;0;2;5;8;3;1;0;8;0;0;1;1;6;0;0;0;0;0;0;1;3;0;1;5;96;13;40;0;0;0;0;0;13;5;2;1;0;0;0;5;4;2;0;0;0;31;1;2;1;0;3;2;11;1;0
M68YD:04794:00767_SUB_SUB;125;0;0;0;0;0;0;0;2;0;1;0;0;0;0;5;0;3;1;1;0;0;0;3;0;0;0;0;0;0;21;0;0;0;0;1;0;2;2;2;0;0;3;0;1;0;0;4;0;0;0;0;0;0;0;2;0;0;2;20;0;28;0;0;0;0;0;4;0;0;0;0;0;0;0;3;1;0;0;0;6;0;0;0;0;0;0;7;0;0
M68YD:03834:04993_SUB_SUB;363;0;0;0;0;0;0;0;2;0;36;3;2;0;1;18;2;5;1;4;3;1;3;8;0;0;0;0;0;2;31;1;0;0;0;5;9;7;3;1;0;0;14;0;2;3;6;10;1;0;2;0;0;0;3;4;0;0;8;36;3;20;0;0;2;0;0;3;9;10;1;2;0;1;7;2;0;2;0;0;22;1;0;5;0;0;1;29;5;1
M68YD:01704:07348_SUB_SUB;180;0;0;0;0;0;0;0;1;0;8;1;2;0;0;7;2;7;0;4;0;1;0;0;0;0;0;0;0;1;28;1;0;0;0;1;4;7;3;0;0;0;5;0;0;1;1;3;1;0;1;0;0;0;2;1;0;0;10;15;1;11;0;0;0;0;0;5;2;8;0;0;0;1;5;1;1;0;0;0;10;1;0;3;0;1;0;7;5;0
M68YD:01531:04195_SUB_SUB;135;0;0;0;0;0;0;0;1;0;7;0;1;0;1;6;1;8;0;1;0;3;1;0;0;0;0;0;0;2;6;0;0;0;0;1;3;3;2;1;3;0;3;0;0;1;2;3;0;0;6;0;0;0;0;0;0;0;1;18;3;14;0;0;0;0;0;2;1;9;1;0;0;0;2;0;0;0;0;0;11;0;1;2;0;0;0;4;0;0
M68YD:03269:00143_SUB_SUB;649;0;0;0;0;0;0;0;0;1;18;0;0;0;0;16;5;12;0;2;1;0;2;10;0;3;0;0;0;1;92;2;0;0;0;2;2;5;6;5;1;0;16;0;0;0;5;7;1;0;0;0;0;0;1;5;0;0;5;172;22;92;0;0;0;0;0;33;4;5;0;1;0;2;7;7;1;0;0;0;32;3;0;5;0;9;3;21;3;1
M68YD:03272:01957_SUB_SUB;118;0;0;0;0;0;0;0;0;0;5;1;0;0;0;0;0;2;0;1;0;0;0;0;0;0;0;0;0;0;9;0;0;0;0;0;0;1;3;0;0;0;4;0;0;0;1;1;0;0;5;0;0;0;0;0;0;0;3;39;1;27;0;0;0;0;0;2;2;0;0;0;0;0;1;0;0;0;0;0;4;0;0;0;1;0;1;2;2;0
M68YD:03303:03278_SUB_SUB;174;0;0;0;0;0;0;0;0;0;6;0;1;0;0;5;2;4;0;0;0;0;0;2;0;0;0;0;0;0;23;1;1;0;0;1;0;5;2;0;0;0;2;0;0;0;0;2;1;0;0;0;0;0;0;0;0;1;3;49;4;19;0;0;0;0;0;9;2;3;0;0;0;0;1;3;0;0;0;0;15;0;0;2;0;4;0;1;0;0
M68YD:03415:04237_SUB_SUB;107;0;0;0;0;0;0;0;0;0;1;0;0;0;0;0;0;2;0;0;0;0;0;2;0;1;0;0;0;0;9;0;1;0;0;0;0;1;3;5;0;0;1;0;0;0;2;3;0;0;3;0;0;0;1;0;0;0;1;23;0;25;0;0;0;0;0;4;1;3;0;0;0;0;3;0;0;0;0;0;8;0;0;1;0;0;1;1;1;0
M68YD:00461:05104_SUB_SUB;159;0;0;0;0;0;0;0;0;0;13;0;2;0;0;6;1;5;0;3;1;1;3;1;0;1;0;0;0;0;20;1;1;0;0;1;3;3;5;0;0;0;2;0;0;1;2;5;1;0;1;0;0;0;0;2;0;0;5;21;2;7;0;0;0;1;0;1;0;2;0;1;0;0;6;1;0;0;0;0;9;1;1;4;1;0;1;8;2;0
M68YD:04593:06401_SUB_SUB;236;0;0;0;0;0;0;0;0;0;2;0;0;0;0;0;0;0;0;0;0;0;0;3;0;0;0;0;0;0;0;0;0;0;0;0;0;0;0;0;0;0;1;0;0;0;0;1;0;0;0;0;0;0;0;2;0;0;10;0;0;0;0;0;0;0;0;0;0;23;0;0;0;0;194;0;0;0;0;0;0;0;0;0;0;0;0;0;0;0
M68YD:00035:02093_SUB_SUB;386;0;1;0;0;0;0;0;0;3;2;0;3;0;0;14;1;12;0;127;0;11;0;0;0;0;0;0;3;3;50;6;0;0;0;0;0;3;3;0;0;0;3;0;0;0;0;42;12;0;2;0;0;0;0;0;0;1;31;12;0;10;0;0;1;0;0;0;0;0;0;0;0;0;0;0;0;1;0;0;2;3;0;0;0;0;0;24;0;0
M68YD:02138:04522_SUB_SUB;456;0;1;0;0;0;0;0;0;0;0;6;0;0;0;6;0;5;6;0;4;29;0;5;0;0;0;0;0;6;0;6;0;0;0;0;11;0;1;62;2;0;137;0;4;20;0;43;0;0;0;0;0;0;0;0;0;0;6;0;0;18;0;4;0;3;0;3;0;6;3;5;0;5;3;9;0;0;0;0;29;0;0;8;0;0;0;0;0;0
M68YD:03094:05327_SUB_SUB;166;0;0;0;0;0;0;0;2;0;11;3;0;0;0;1;0;16;0;0;0;4;0;1;0;0;0;0;0;1;0;3;0;0;0;0;0;0;7;0;0;0;0;0;0;0;2;16;1;0;46;0;0;0;0;0;0;1;0;0;0;13;0;0;0;2;0;8;0;8;1;0;0;2;1;0;0;0;0;0;11;0;0;0;0;0;0;5;0;0
M68YD:00546:03672_SUB_SUB;188;0;0;0;0;0;0;0;0;1;5;0;0;0;34;1;0;18;0;27;0;0;0;0;0;0;0;0;0;0;0;1;0;0;0;0;1;0;0;3;0;0;4;0;0;0;0;5;2;0;0;0;0;0;0;0;0;0;1;0;0;16;0;5;0;5;0;8;5;12;0;0;0;1;12;0;0;0;0;0;0;0;8;0;0;0;0;13;0;0
M68YD:01175:04668_SUB_SUB;120;0;0;0;0;0;0;0;0;10;1;1;1;0;0;0;0;0;0;0;0;3;0;3;0;0;0;0;0;9;0;1;0;0;0;0;0;0;1;5;0;0;9;0;0;0;0;11;0;0;1;0;0;0;3;0;0;0;5;0;0;3;0;0;0;1;0;0;0;0;0;0;0;0;0;0;0;0;0;0;47;0;0;5;0;0;0;0;0;0
M68YD:04119:03823_SUB_SUB;136;0;0;0;0;0;0;0;0;0;2;0;0;0;28;3;1;12;0;16;0;0;0;0;0;1;0;0;0;1;0;1;0;0;0;0;1;0;0;0;0;0;3;0;0;0;0;1;0;0;0;0;0;0;0;0;0;0;3;0;0;12;0;2;0;1;0;11;1;7;0;0;0;0;12;0;0;0;0;0;0;0;5;0;0;0;0;12;0;0
M68YD:01483:01758_SUB_SUB;295;0;0;0;0;0;0;0;0;0;0;0;0;1;0;2;0;0;10;0;0;0;0;0;0;5;0;0;5;0;0;0;0;0;0;0;0;0;0;0;11;0;2;0;0;0;0;0;0;0;0;0;0;0;0;0;0;0;2;0;133;0;0;0;0;0;0;15;0;0;0;0;0;1;2;0;0;0;0;0;0;0;0;0;0;13;0;1;92;0
M68YD:01006:01949_SUB_SUB;102;0;10;0;0;4;0;0;0;15;0;13;0;0;0;0;0;0;0;0;0;0;0;0;0;0;0;0;0;0;0;0;0;0;0;0;0;0;0;0;0;0;0;0;0;0;0;0;0;0;0;0;0;0;0;0;0;0;0;0;0;0;0;0;0;0;0;0;0;0;0;9;51;0;0;0;0;0;0;0;0;0;0;0;0;0;0;0;0;0
M68YD:01474:05403_SUB_SUB;136;0;0;0;0;0;0;0;0;0;0;0;0;0;0;0;0;0;0;0;0;0;0;0;0;0;0;0;0;0;0;0;0;0;0;0;0;0;0;0;0;0;0;0;0;0;0;0;1;0;0;0;0;0;0;0;0;0;0;0;0;0;0;0;0;0;0;0;0;0;1;100;9;0;0;25;0;0;0;0;0;0;0;0;0;0;0;0;0;0
M68YD:04378:00822_SUB_SUB;145;0;0;0;0;0;0;0;0;0;6;0;1;1;0;9;0;0;0;3;0;1;0;3;0;0;0;0;0;1;23;0;0;0;0;0;1;0;1;3;0;0;6;0;0;3;0;2;1;0;1;0;0;0;2;3;0;0;4;18;1;16;0;0;1;0;0;5;0;3;1;0;0;0;5;1;0;0;0;0;8;0;0;2;0;0;0;8;1;0
M68YD:03562:05792_SUB_SUB;368;0;0;0;0;0;0;0;1;2;34;0;0;0;0;30;6;9;0;7;4;7;2;5;0;0;0;0;0;2;25;0;0;0;0;3;9;12;5;1;2;0;11;0;3;1;3;10;1;0;2;0;0;0;1;2;0;0;15;26;6;14;0;0;1;1;0;3;9;16;1;1;0;0;11;0;1;0;0;0;29;0;3;4;0;0;3;20;3;1
M68YD:03785:04332_SUB_SUB;114;0;0;0;0;0;0;0;0;1;1;1;0;0;0;1;1;1;0;0;0;0;1;1;0;0;0;0;0;0;12;0;0;0;0;0;0;0;2;0;0;0;0;0;0;0;1;1;1;0;1;0;0;0;0;1;0;0;3;42;4;24;0;0;0;0;0;1;0;1;0;0;0;0;3;2;0;0;0;0;6;0;0;0;0;0;0;1;0;0
M68YD:00565:06306_SUB_SUB;105;0;0;0;0;0;0;0;0;0;1;0;1;0;0;2;0;1;0;0;0;0;0;3;0;0;0;0;0;0;16;0;0;0;0;0;0;1;2;0;0;0;1;0;0;0;1;2;0;0;1;0;0;0;0;0;0;0;1;21;3;28;0;0;0;0;0;2;1;1;0;0;0;0;1;3;0;0;0;0;6;2;0;0;0;2;0;2;0;0
M68YD:01008:02125_SUB_SUB;176;0;0;0;0;0;0;0;0;0;2;0;0;0;0;5;0;2;0;0;1;0;0;6;0;0;0;0;0;0;17;0;0;0;0;2;0;1;1;3;0;0;2;0;0;0;0;2;0;0;0;0;0;0;0;0;0;1;1;44;7;44;0;0;0;0;0;6;0;2;0;1;0;0;0;2;3;0;0;0;13;1;0;0;0;2;0;5;0;0
M68YD:04453:00496_SUB_SUB;162;0;0;0;0;0;0;0;0;0;0;0;4;0;0;0;0;0;1;0;1;0;0;0;0;0;0;0;4;0;0;0;0;0;0;0;8;0;11;0;0;0;0;0;0;0;0;1;0;0;101;0;0;0;0;0;0;0;0;0;0;2;0;0;0;3;0;0;0;0;0;0;0;0;0;0;0;0;0;0;1;8;0;0;0;1;0;16;0;0
M68YD:02893:01729_SUB_SUB;102;0;0;0;0;1;0;0;0;2;0;1;0;1;0;0;0;0;0;0;0;3;0;0;0;0;0;0;0;0;0;0;0;0;0;0;0;0;0;7;0;2;4;0;0;0;0;0;15;0;0;0;0;0;0;0;0;0;0;0;0;0;15;0;0;0;0;0;0;2;20;13;4;0;0;12;0;0;0;0;0;0;0;0;0;0;0;0;0;0
M68YD:00499:04907_SUB_SUB;186;0;0;0;0;0;0;0;0;0;0;0;0;0;0;0;0;0;0;0;0;0;0;0;0;0;0;0;0;0;0;0;0;0;0;0;0;0;0;0;0;0;0;0;0;0;0;0;10;0;0;0;0;0;0;0;0;0;0;0;0;0;0;0;0;0;0;0;0;0;175;0;0;0;0;1;0;0;0;0;0;0;0;0;0;0;0;0;0;0
M68YD:00835:05924_SUB_SUB;289;0;0;0;0;0;0;0;0;0;0;0;8;0;0;0;1;0;0;0;0;23;0;36;0;0;0;0;0;2;0;13;0;0;0;0;0;0;1;0;0;0;0;0;3;0;12;3;5;0;1;0;0;0;0;0;0;0;57;0;0;0;0;0;0;1;0;0;0;0;0;0;0;0;0;0;0;0;0;0;11;0;0;111;0;0;0;0;0;1
M68YD:00307:04594_SUB_SUB;112;0;0;0;0;0;0;0;0;0;8;0;0;0;0;6;1;3;0;0;0;1;0;0;0;0;0;0;0;1;11;2;0;0;0;2;0;3;1;2;0;0;1;0;0;0;0;2;1;0;1;0;0;0;2;1;0;0;3;10;1;10;0;0;3;0;0;5;1;7;0;0;0;0;2;1;0;0;0;0;8;0;1;1;0;0;0;9;1;0
M68YD:01056:02619_SUB_SUB;112;0;0;0;0;0;0;0;0;0;12;0;0;0;0;6;3;3;0;3;1;0;3;0;0;0;0;0;0;1;9;1;0;0;0;2;0;5;2;0;0;0;4;0;0;0;2;3;0;0;3;0;0;0;1;2;0;0;2;3;3;5;0;0;0;0;0;2;4;6;0;0;0;0;3;0;0;0;0;0;7;0;1;3;0;0;0;7;0;0
M68YD:01206:05041_SUB_SUB;127;0;0;0;0;0;0;0;0;0;0;0;0;0;0;2;0;1;0;0;0;2;0;3;0;3;0;0;0;0;10;0;0;0;0;1;0;0;2;0;0;0;4;0;0;0;0;4;0;0;0;0;0;0;0;1;0;0;1;43;1;38;0;0;0;0;0;1;1;0;0;0;0;0;0;1;0;0;0;0;5;0;0;0;0;1;0;2;0;0
M68YD:00818:04254_SUB_SUB;212;0;0;0;0;0;0;0;0;0;4;0;0;0;0;0;0;0;0;0;0;13;0;0;0;0;0;0;0;0;0;7;0;0;0;0;0;0;0;0;1;0;1;0;0;0;0;1;0;0;0;0;1;0;0;0;0;0;44;139;0;1;0;0;0;0;0;0;0;0;0;0;0;0;0;0;0;0;0;0;0;0;0;0;0;0;0;0;0;0
M68YD:00475:04607_SUB_SUB;440;0;0;0;0;0;0;0;0;0;0;0;9;0;0;19;0;0;6;0;13;0;0;7;0;0;0;0;3;0;0;17;0;0;0;0;32;0;5;0;0;0;0;0;0;0;0;1;0;0;17;0;0;0;0;0;0;0;0;0;0;2;0;1;0;0;0;0;0;0;0;0;0;0;0;0;0;0;0;0;4;26;0;0;0;0;0;278;0;0
M68YD:00897:04514_SUB_SUB;154;0;0;0;0;0;0;0;1;0;0;0;1;0;0;2;0;3;0;0;0;0;0;2;0;1;0;0;0;0;7;0;0;0;0;0;1;0;1;0;0;0;1;0;0;0;0;1;0;0;0;0;0;0;0;0;0;0;0;79;2;43;0;0;0;0;0;2;0;1;0;0;0;0;1;0;1;0;0;0;2;0;0;0;0;2;0;0;0;0
M68YD:01999:07258_SUB_SUB;113;0;0;0;0;0;0;0;1;0;11;1;1;0;0;3;0;2;1;3;0;5;0;0;0;0;0;0;0;4;7;0;0;0;0;0;2;4;1;1;0;0;4;0;0;0;1;4;0;0;1;0;0;0;0;2;0;0;5;8;2;1;0;0;2;1;0;3;2;7;1;1;0;0;0;0;0;3;0;0;4;0;1;3;0;0;0;8;2;0
M68YD:00798:03709_SUB_SUB;172;0;0;0;0;0;0;0;0;0;0;0;0;1;0;6;1;11;1;0;0;2;0;0;0;2;0;0;0;2;0;7;0;0;0;0;0;0;0;1;0;0;0;0;0;1;0;0;8;0;0;0;0;0;0;0;0;0;0;0;0;0;0;0;0;0;0;1;4;0;8;85;0;4;1;10;0;0;0;0;0;0;0;0;0;0;0;16;0;0
M68YD:04408:06696_SUB_SUB;175;0;0;0;0;0;0;0;0;0;0;0;0;0;0;48;0;1;0;0;0;0;0;0;0;0;0;0;0;0;0;0;0;0;0;0;98;0;0;0;0;0;0;0;0;0;0;0;0;0;0;0;0;0;0;0;0;0;0;0;0;0;0;0;0;0;0;0;0;0;0;0;0;0;0;0;0;0;0;0;0;0;0;0;0;0;0;28;0;0
M68YD:03986:02530_SUB_SUB;127;0;0;0;0;0;0;0;0;0;0;0;0;0;0;0;0;0;0;0;0;0;0;0;0;0;0;0;0;0;0;0;1;0;0;0;116;0;0;0;0;0;0;0;0;0;10;0;0;0;0;0;0;0;0;0;0;0;0;0;0;0;0;0;0;0;0;0;0;0;0;0;0;0;0;0;0;0;0;0;0;0;0;0;0;0;0;0;0;0
M68YD:01166:05860_SUB_SUB;124;0;0;0;0;0;0;0;0;0;10;0;0;0;1;5;1;1;0;3;0;1;1;1;0;1;0;0;0;2;11;0;0;0;0;0;2;8;1;3;0;0;4;0;0;1;1;4;1;0;1;0;0;0;2;1;0;0;7;6;1;2;0;0;1;0;0;0;2;8;2;1;0;1;0;0;0;2;0;0;8;0;3;0;0;0;1;8;4;0
M68YD:01117:00974_SUB_SUB;127;0;0;0;0;0;0;0;0;0;4;0;0;0;0;3;1;6;0;1;0;1;0;2;0;0;0;0;0;0;19;0;0;0;0;0;0;7;1;1;0;0;2;0;2;0;2;6;0;0;1;0;0;0;0;2;0;0;1;16;1;14;0;0;0;0;0;3;1;1;0;0;0;0;2;2;0;0;0;0;10;0;2;2;0;0;0;10;1;0
M68YD:00939:01614_SUB_SUB;228;0;0;0;0;0;0;0;0;0;0;0;0;8;0;0;0;0;0;0;0;1;0;0;0;0;0;0;0;0;0;0;0;0;0;0;0;0;0;0;0;0;0;0;0;0;0;0;10;0;0;0;0;0;0;0;0;0;0;0;0;0;0;0;0;0;0;0;0;0;51;123;11;0;0;23;0;0;0;0;0;0;0;0;0;0;0;1;0;0
M68YD:00839:03080_SUB_SUB;191;0;0;0;0;0;0;0;0;0;0;0;0;0;0;0;0;0;0;0;0;0;0;0;0;0;0;0;0;0;0;0;0;0;0;0;0;0;0;0;0;0;0;0;0;0;0;0;0;0;0;0;0;0;0;0;0;0;0;0;0;0;0;0;0;0;0;0;0;1;189;0;0;0;0;1;0;0;0;0;0;0;0;0;0;0;0;0;0;0
M68YD:02710:07270_SUB_SUB;119;0;0;0;0;0;0;0;0;0;5;0;0;0;0;9;0;7;0;2;0;1;0;1;0;0;0;0;0;0;15;1;0;0;0;2;4;2;2;1;0;0;3;0;0;0;2;0;0;0;1;0;0;0;2;0;0;0;1;15;0;3;0;0;1;0;0;2;4;5;1;0;0;0;2;0;0;1;0;0;12;0;0;3;0;0;0;7;2;0
M68YD:04600:00892_SUB_SUB;231;0;0;0;0;0;0;0;0;0;5;0;2;0;0;11;5;12;0;1;0;0;2;7;0;0;0;0;1;0;30;0;0;0;0;1;1;3;5;4;0;0;2;0;1;2;0;4;0;0;3;0;0;0;1;3;0;1;3;38;4;41;0;0;1;0;0;2;3;2;0;0;0;0;4;1;2;1;0;0;9;0;0;4;0;0;0;7;2;0
M68YD:04032:01718_SUB_SUB;143;0;0;0;0;0;0;0;0;0;7;0;1;0;1;5;2;5;2;2;1;3;0;0;0;0;0;0;0;1;8;1;0;0;0;1;1;11;1;1;0;0;3;0;1;0;1;5;1;0;9;0;0;0;0;0;0;0;14;6;1;8;0;0;1;0;0;0;0;7;1;0;0;0;6;0;0;1;0;0;5;1;1;0;0;1;0;13;3;0
M68YD:00235:02119_SUB_SUB;139;0;0;0;0;0;0;0;0;0;0;0;0;0;0;0;0;0;0;0;0;0;0;0;0;0;0;0;0;0;0;0;0;0;0;0;0;0;0;0;0;0;0;0;0;0;0;0;0;0;0;0;0;0;0;0;0;0;0;0;0;0;0;0;0;0;0;116;0;23;0;0;0;0;0;0;0;0;0;0;0;0;0;0;0;0;0;0;0;0
M68YD:00777:01270_SUB_SUB;304;0;0;0;0;0;0;0;1;0;9;0;2;0;1;11;3;24;1;3;0;3;1;2;0;0;0;0;0;0;28;0;0;0;0;8;1;9;6;5;0;0;9;0;0;1;0;6;2;0;8;0;0;0;1;1;0;0;8;52;1;34;0;0;2;0;0;8;1;9;1;2;0;1;4;2;2;0;0;0;12;3;1;4;0;0;1;7;3;0
M68YD:04420:05910_SUB_SUB;282;0;0;0;0;0;0;0;1;1;7;0;0;0;0;16;3;5;0;3;1;0;0;4;0;0;0;0;0;0;47;3;0;0;0;4;2;9;4;2;1;0;3;0;1;0;6;7;1;0;1;0;0;0;0;4;0;0;7;41;7;21;0;0;1;0;0;5;8;3;0;0;0;0;3;1;0;3;0;0;20;1;0;7;0;0;2;13;3;0
M68YD:02940:03574_SUB_SUB;108;0;0;0;0;0;0;0;0;0;7;0;1;0;0;8;2;3;0;3;1;0;0;0;0;0;0;0;0;1;15;2;1;0;0;0;1;1;2;0;0;0;4;0;0;0;1;3;0;0;0;0;0;0;0;1;0;0;1;12;0;0;0;1;1;0;0;3;5;6;1;0;0;0;4;0;0;0;0;0;10;0;1;1;0;1;0;4;0;0
M68YD:01307:04508_SUB_SUB;651;0;0;0;0;0;0;0;3;2;31;1;0;0;1;29;6;27;3;14;2;5;5;3;0;1;0;0;0;8;72;4;0;1;0;5;9;24;11;4;1;0;24;0;2;2;7;20;1;0;3;0;0;0;2;4;0;0;14;85;15;41;0;0;1;1;0;13;11;13;3;2;0;2;6;4;2;3;0;0;36;2;1;10;1;3;6;33;4;2
M68YD:02692:02314_SUB_SUB;163;0;0;0;0;0;0;0;0;0;0;0;2;0;0;18;0;0;6;0;1;0;0;0;0;0;0;0;18;0;0;2;0;0;0;0;35;0;2;0;0;0;0;0;0;0;0;0;0;0;6;0;0;0;0;0;0;0;0;0;0;0;0;0;0;1;0;0;0;0;0;0;0;0;0;0;0;0;0;0;0;41;0;0;0;0;0;31;0;0
M68YD:00031:04923_SUB_SUB;389;0;0;0;0;0;0;0;0;0;0;0;41;0;0;32;0;86;0;0;0;9;0;0;0;0;0;0;0;0;0;53;0;0;0;0;0;0;0;3;0;0;0;0;0;0;3;1;39;0;3;0;0;0;0;0;0;0;0;0;0;0;0;0;0;0;0;0;0;0;109;0;0;0;0;3;0;0;0;0;6;0;0;0;0;0;0;0;0;1
M68YD:04607:00977_SUB_SUB;265;1;0;0;0;0;0;0;1;0;18;1;3;0;1;10;3;11;0;5;1;4;1;4;0;1;0;0;0;0;15;1;0;0;0;2;5;8;3;5;0;0;10;0;2;0;4;10;2;0;4;0;0;0;2;1;0;0;9;36;6;17;0;0;5;0;0;2;6;9;2;1;0;0;0;2;0;0;0;0;11;0;0;3;0;0;1;12;4;0
M68YD:02310:06130_SUB_SUB;1181;0;0;1;0;0;0;0;1;0;0;0;4;4;86;58;4;51;0;35;0;3;0;0;0;0;0;0;0;0;0;6;0;0;0;0;8;0;0;0;0;0;0;0;0;0;1;0;4;0;0;0;0;0;0;0;0;0;32;0;0;2;0;0;0;0;0;67;32;97;0;0;0;0;262;0;0;0;0;0;0;0;117;0;0;0;0;306;0;0
M68YD:00108:03893_SUB_SUB;514;0;0;0;0;0;0;0;0;0;0;0;0;2;0;46;2;83;2;0;1;3;0;6;0;8;0;0;0;0;0;94;0;0;0;0;0;0;1;0;0;0;0;0;0;0;0;0;42;0;0;0;0;0;0;0;0;2;11;0;0;0;0;0;0;0;0;0;16;3;46;4;0;0;9;2;0;0;0;0;0;0;0;0;0;0;0;131;0;0
M68YD:04881:06947_SUB_SUB;145;0;0;0;0;0;0;0;0;0;0;0;0;0;2;8;0;9;0;5;0;0;0;0;0;0;0;0;0;0;0;2;0;0;0;0;0;0;0;0;0;0;0;0;0;0;0;0;1;0;0;0;0;0;0;0;0;0;4;0;0;0;0;0;0;0;0;6;3;16;0;0;0;0;24;0;0;0;0;0;0;0;17;0;0;0;0;48;0;0
M68YD:00270:03878_SUB_SUB;109;0;0;0;0;0;0;0;0;0;0;0;0;0;0;0;0;0;0;0;0;0;0;0;0;0;0;0;0;0;0;0;0;0;0;0;0;0;0;0;0;0;0;0;0;0;0;0;1;0;0;0;0;0;0;0;0;0;0;0;0;0;0;0;0;0;0;0;0;0;91;0;0;0;0;17;0;0;0;0;0;0;0;0;0;0;0;0;0;0
M68YD:05065:01839_SUB_SUB;405;0;0;0;0;0;0;0;0;0;2;0;7;4;0;9;3;15;0;83;0;3;2;0;0;0;0;0;2;2;16;5;0;0;0;0;0;1;0;0;0;0;1;0;0;1;0;13;34;0;0;0;0;0;0;0;0;1;61;93;0;8;0;0;0;0;0;0;0;0;0;1;0;0;2;0;0;0;0;0;3;5;0;0;0;0;0;28;0;0
M68YD:02269:06654_SUB_SUB;108;0;0;0;0;0;0;0;0;0;0;0;0;0;8;25;0;20;0;16;0;0;0;0;0;0;0;0;0;0;0;1;0;0;0;0;3;0;0;0;0;0;0;0;0;0;0;0;0;0;0;0;0;0;0;0;0;0;0;0;0;0;0;0;0;0;0;5;11;1;0;0;0;0;8;0;0;0;0;0;0;0;7;0;0;0;0;3;0;0
M68YD:04246:07300_SUB_SUB;925;0;0;0;0;0;0;0;0;0;0;1;20;20;0;73;0;44;0;246;0;15;0;0;0;0;0;0;6;0;1;35;0;0;0;0;0;0;0;0;0;0;3;0;0;0;1;1;97;0;0;2;0;0;0;0;0;34;184;0;0;5;0;0;8;0;0;0;0;0;0;0;0;0;0;0;0;0;0;0;1;10;0;0;0;0;0;118;0;0
M68YD:00830:02924_SUB_SUB;213;0;0;0;0;0;0;0;0;0;0;0;0;0;0;0;0;0;0;0;0;0;0;7;0;0;0;0;0;0;0;0;0;0;0;0;0;0;0;0;0;0;0;0;0;0;0;0;0;0;0;0;0;0;0;0;0;0;0;0;0;0;0;0;0;0;0;0;0;0;0;0;0;0;0;0;0;0;0;0;0;0;206;0;0;0;0;0;0;0
M68YD:02901:05706_SUB_SUB;272;0;0;0;0;0;0;0;0;0;0;0;0;0;0;0;0;0;0;0;0;0;0;0;0;0;0;0;0;0;0;0;0;0;0;0;0;0;2;0;0;0;0;0;0;0;3;0;0;0;0;0;0;0;0;0;0;0;0;0;0;0;0;0;262;0;0;0;0;0;0;0;0;0;0;0;5;0;0;0;0;0;0;0;0;0;0;0;0;0
M68YD:04069:06648_SUB_SUB;100;0;0;0;0;0;0;0;0;0;0;0;0;0;0;0;0;0;0;0;0;0;0;0;0;0;0;0;0;0;0;0;0;0;0;0;0;0;0;0;0;0;0;0;0;0;0;0;0;0;0;0;0;0;0;0;0;0;0;0;0;0;0;0;0;0;0;0;0;0;0;0;0;0;0;0;0;0;0;0;0;0;0;0;0;0;0;100;0;0
M68YD:03260:05740_SUB_SUB;4001;0;0;0;0;0;0;1;0;0;0;0;10;0;0;0;1;0;0;106;19;2002;0;284;0;0;0;0;0;178;148;570;0;0;0;0;0;0;0;6;0;6;54;0;187;213;0;44;0;0;0;0;0;0;0;0;0;0;0;0;0;63;0;0;0;14;0;0;0;0;0;33;0;0;0;14;48;0;0;0;0;0;0;0;0;0;0;0;0;0
M68YD:00210:01187_SUB_SUB;37277;0;0;0;0;0;0;0;0;0;0;0;120;0;0;0;0;0;0;1134;184;18307;1;2084;0;0;0;0;0;1789;1131;5743;0;0;0;0;0;1;0;96;0;81;537;0;2015;2109;0;494;0;1;0;0;0;0;0;0;0;0;0;0;0;520;0;0;0;191;0;0;0;0;1;310;0;0;0;40;388;0;0;0;0;0;0;0;0;0;0;0;0;0
M68YD:01519:06024_SUB_SUB;534;0;0;0;0;0;0;0;0;0;0;0;2;0;0;0;0;0;0;7;3;289;0;44;0;0;0;0;0;29;18;88;0;0;0;0;0;0;0;0;0;0;3;0;10;18;0;6;0;0;0;0;0;0;0;0;0;0;0;0;0;6;0;0;0;0;0;0;0;0;0;3;0;0;0;1;7;0;0;0;0;0;0;0;0;0;0;0;0;0
M68YD:00521:04946_SUB_SUB;2207;0;0;0;0;0;0;0;0;0;0;0;4;0;0;0;0;0;0;81;8;1302;0;140;0;0;0;0;0;77;28;247;0;0;0;0;0;0;0;5;0;6;21;0;66;110;0;22;0;1;0;0;0;0;0;0;0;0;0;0;0;36;0;0;0;16;0;0;0;0;0;13;0;0;0;0;24;0;0;0;0;0;0;0;0;0;0;0;0;0
M68YD:04503:06176_SUB_SUB;265;0;0;0;0;0;0;0;0;0;0;0;1;0;0;0;0;0;0;8;1;166;0;15;0;0;0;0;0;12;1;27;0;0;0;0;0;0;0;2;0;0;4;0;7;12;0;1;0;0;0;0;0;0;0;0;0;0;0;0;0;5;0;0;0;0;0;0;0;0;0;1;0;0;0;0;2;0;0;0;0;0;0;0;0;0;0;0;0;0
M68YD:00312:06320_SUB_SUB;127;0;0;0;0;0;0;0;0;0;0;0;0;0;0;0;0;0;0;9;0;71;0;9;0;0;0;0;0;3;2;15;0;0;0;0;0;0;0;0;0;1;2;0;3;7;0;3;0;0;0;0;0;0;0;0;0;0;0;0;0;1;0;0;0;1;0;0;0;0;0;0;0;0;0;0;0;0;0;0;0;0;0;0;0;0;0;0;0;0
M68YD:00961:05872_SUB_SUB;345;0;0;0;0;0;0;0;0;0;0;0;0;0;0;0;0;0;0;0;0;179;0;10;0;0;0;0;0;4;0;48;0;0;0;0;0;0;0;2;0;4;10;0;4;44;0;4;0;0;0;0;0;0;0;0;0;0;0;0;0;8;0;0;0;13;0;0;0;0;0;14;0;0;0;1;0;0;0;0;0;0;0;0;0;0;0;0;0;0
M68YD:04089:03669_SUB_SUB;330;0;0;0;0;0;0;0;0;0;0;0;0;0;0;0;0;0;0;0;0;1;0;0;0;0;0;0;0;0;0;325;0;0;0;0;0;0;0;0;0;0;0;0;0;1;0;0;0;0;0;0;0;0;0;0;0;0;0;0;0;1;0;0;0;1;0;0;0;0;0;0;0;0;0;0;1;0;0;0;0;0;0;0;0;0;0;0;0;0
M68YD:03093:02169_SUB_SUB;105;0;0;0;0;0;0;0;0;0;0;0;0;0;0;0;0;0;0;3;0;67;0;5;0;0;0;0;0;4;4;14;0;0;0;0;0;0;0;0;0;0;1;0;1;3;0;0;0;0;0;0;0;0;0;0;0;0;0;0;0;0;0;0;0;0;0;0;0;0;0;2;0;0;0;0;1;0;0;0;0;0;0;0;0;0;0;0;0;0
M68YD:03077:06435_SUB_SUB;370;0;0;0;0;0;0;0;0;0;0;0;1;0;0;0;0;0;0;13;1;226;0;20;0;0;0;0;0;19;6;45;0;0;0;0;0;0;0;2;0;1;3;0;7;9;0;3;0;0;0;0;0;0;0;0;0;0;0;0;0;3;0;0;0;3;0;0;0;0;0;4;0;0;0;1;3;0;0;0;0;0;0;0;0;0;0;0;0;0
M68YD:05231:01963_SUB_SUB;207;0;0;0;0;0;0;0;0;0;0;0;3;0;0;0;0;0;0;27;1;96;0;39;0;0;0;0;0;2;6;16;0;0;0;0;0;0;0;0;0;0;1;0;12;0;0;1;0;0;0;0;0;0;0;0;0;0;0;0;0;3;0;0;0;0;0;0;0;0;0;0;0;0;0;0;0;0;0;0;0;0;0;0;0;0;0;0;0;0
M68YD:01318:06191_SUB_SUB;139;0;0;0;0;0;0;0;0;0;0;0;0;0;0;0;0;0;0;0;0;0;0;0;0;0;0;0;0;59;0;0;0;0;0;0;0;0;0;0;0;0;10;0;1;61;0;2;0;0;0;0;0;0;0;0;0;0;0;0;0;6;0;0;0;0;0;0;0;0;0;0;0;0;0;0;0;0;0;0;0;0;0;0;0;0;0;0;0;0
M68YD:04142:06862_SUB_SUB;206;0;0;0;0;0;0;0;0;0;0;0;0;0;0;0;0;0;0;0;0;95;0;13;0;0;0;0;0;0;0;47;0;0;0;0;0;0;0;4;0;0;5;0;9;24;0;3;0;0;0;0;0;0;0;0;0;0;0;0;0;1;0;0;0;2;0;0;0;0;0;2;0;0;0;1;0;0;0;0;0;0;0;0;0;0;0;0;0;0
M68YD:04275:06886_SUB_SUB;220;0;0;0;0;0;0;0;0;0;0;0;0;0;0;0;0;0;0;0;0;220;0;0;0;0;0;0;0;0;0;0;0;0;0;0;0;0;0;0;0;0;0;0;0;0;0;0;0;0;0;0;0;0;0;0;0;0;0;0;0;0;0;0;0;0;0;0;0;0;0;0;0;0;0;0;0;0;0;0;0;0;0;0;0;0;0;0;0;0
M68YD:04524:06732_SUB_SUB;177;0;0;0;0;0;0;0;0;0;0;0;0;0;0;0;0;0;0;0;0;177;0;0;0;0;0;0;0;0;0;0;0;0;0;0;0;0;0;0;0;0;0;0;0;0;0;0;0;0;0;0;0;0;0;0;0;0;0;0;0;0;0;0;0;0;0;0;0;0;0;0;0;0;0;0;0;0;0;0;0;0;0;0;0;0;0;0;0;0
M68YD:04019:07030_SUB_SUB;113;0;0;0;0;0;0;0;0;0;0;0;0;0;0;0;0;0;0;0;0;71;0;12;0;0;0;0;0;0;0;27;0;0;0;0;0;0;0;0;0;0;0;0;3;0;0;0;0;0;0;0;0;0;0;0;0;0;0;0;0;0;0;0;0;0;0;0;0;0;0;0;0;0;0;0;0;0;0;0;0;0;0;0;0;0;0;0;0;0
M68YD:04152:06412_SUB_SUB;787;0;0;0;0;0;0;0;0;0;0;0;0;0;0;0;0;0;0;0;0;353;0;60;0;0;0;0;0;0;0;283;0;0;0;0;0;0;0;1;0;0;3;0;87;0;0;0;0;0;0;0;0;0;0;0;0;0;0;0;0;0;0;0;0;0;0;0;0;0;0;0;0;0;0;0;0;0;0;0;0;0;0;0;0;0;0;0;0;0
M68YD:00362:02114_SUB_SUB;8279;0;0;0;0;0;12;0;0;0;0;0;0;0;0;0;0;0;0;0;0;0;4;0;0;0;0;0;0;0;0;0;5405;0;0;0;780;0;0;3;0;15;0;0;0;0;283;20;0;0;0;0;671;604;0;0;8;0;0;0;0;254;1;0;0;70;0;0;0;0;0;16;0;0;0;133;0;0;0;0;0;0;0;0;0;0;0;0;0;0
M68YD:00953:04221_SUB_SUB;994;0;0;0;0;0;1;0;0;0;0;0;0;0;0;0;0;0;0;0;0;0;0;0;0;0;0;0;0;0;0;0;677;0;0;0;73;0;0;3;0;1;0;0;0;0;30;0;0;0;0;0;69;78;0;0;0;0;0;0;0;38;0;0;0;10;0;0;0;0;0;0;0;0;0;14;0;0;0;0;0;0;0;0;0;0;0;0;0;0
M68YD:04008:06998_SUB_SUB;155;0;0;0;0;0;0;0;0;0;0;0;0;0;0;0;0;0;0;0;0;0;0;0;0;0;0;0;0;0;0;0;121;0;0;0;7;0;0;0;0;0;0;0;0;0;3;0;0;0;0;0;6;12;0;0;0;0;0;0;0;4;0;0;0;0;0;0;0;0;0;0;0;0;0;2;0;0;0;0;0;0;0;0;0;0;0;0;0;0
M68YD:04031:06406_SUB_SUB;1430;0;0;0;0;0;0;0;0;0;0;0;0;0;0;0;0;0;0;0;0;0;0;0;0;0;0;0;0;0;0;0;846;0;0;0;132;0;0;2;0;3;0;0;0;0;44;1;0;0;0;0;124;152;0;0;2;0;0;0;0;80;2;0;0;20;0;0;0;0;0;0;0;0;0;22;0;0;0;0;0;0;0;0;0;0;0;0;0;0
M68YD:04039:06617_SUB_SUB;145;0;0;0;0;0;0;0;0;0;0;0;0;0;0;0;0;0;0;0;0;0;0;0;0;0;0;0;0;0;0;0;88;0;0;0;9;0;0;3;0;1;0;0;0;0;5;1;0;0;0;0;13;12;0;0;1;0;0;0;0;6;0;0;0;0;0;0;0;0;0;1;0;0;0;5;0;0;0;0;0;0;0;0;0;0;0;0;0;0
M68YD:04066:06652_SUB_SUB;136;0;0;0;0;0;0;0;0;0;0;0;0;0;0;0;0;0;0;0;0;0;0;0;0;0;0;0;0;0;0;0;80;0;0;0;20;0;0;0;0;0;0;0;0;0;4;2;0;0;0;0;18;7;0;0;0;0;0;0;0;2;0;0;0;1;0;0;0;0;0;0;0;0;0;2;0;0;0;0;0;0;0;0;0;0;0;0;0;0
M68YD:04053:06743_SUB_SUB;170;0;0;0;0;0;0;0;0;0;0;0;0;0;0;0;0;0;0;0;0;0;0;0;0;0;0;0;0;0;0;0;116;0;0;0;17;0;0;0;0;0;0;0;0;0;5;0;0;0;0;0;9;11;0;0;1;0;0;0;0;6;0;0;0;1;0;0;0;0;0;0;0;0;0;4;0;0;0;0;0;0;0;0;0;0;0;0;0;0
M68YD:04165:06705_SUB_SUB;1292;0;0;0;0;0;0;0;0;0;0;0;0;0;0;0;0;0;0;0;0;0;0;0;0;0;0;0;0;0;0;0;852;0;0;0;118;0;0;1;0;1;0;0;0;0;60;1;0;0;0;0;105;91;0;0;1;0;0;1;0;36;1;0;0;6;0;0;0;0;0;4;0;0;0;14;0;0;0;0;0;0;0;0;0;0;0;0;0;0
M68YD:00049:02356_SUB_SUB;204;0;0;0;0;0;0;0;0;0;0;0;0;0;0;0;0;0;0;0;0;0;0;0;0;0;0;0;0;0;0;0;137;0;0;0;17;0;0;1;0;0;0;0;0;0;7;2;0;0;0;0;11;13;0;0;0;0;0;0;0;11;0;0;0;2;0;0;0;0;0;0;0;0;0;3;0;0;0;0;0;0;0;0;0;0;0;0;0;0
M68YD:03346:01485_SUB_SUB;142;0;0;0;0;0;0;0;0;0;0;0;0;0;0;0;0;0;0;0;0;0;0;0;0;0;0;0;0;0;0;0;94;0;0;0;17;0;0;0;0;0;0;0;0;0;3;1;0;0;0;0;11;9;0;0;0;0;0;0;0;3;0;0;0;1;0;0;0;0;0;1;0;0;0;2;0;0;0;0;0;0;0;0;0;0;0;0;0;0
M68YD:04233:06639_SUB_SUB;201;0;0;0;0;0;0;0;0;0;0;0;0;0;0;0;0;0;0;0;0;0;0;0;0;0;0;0;0;0;0;0;131;0;0;0;16;0;0;0;0;0;0;0;0;0;3;1;0;0;0;0;23;15;0;0;0;0;0;0;0;6;0;0;0;2;0;0;0;0;0;0;0;0;0;4;0;0;0;0;0;0;0;0;0;0;0;0;0;0
M68YD:00688:06197_SUB_SUB;600;0;0;0;0;0;0;0;0;0;0;0;5;5;0;182;7;0;0;0;0;0;0;21;0;0;0;0;0;4;0;0;0;0;0;0;0;0;16;0;0;0;0;0;0;0;0;0;0;0;6;0;0;0;0;0;0;0;0;0;0;7;0;0;0;0;0;0;0;0;0;0;0;0;0;0;27;0;0;0;272;0;0;0;0;0;0;48;0;0
M68YD:00690:06307_SUB_SUB;130;0;0;0;0;0;0;0;0;0;0;0;2;1;0;26;1;0;0;0;0;0;0;1;0;0;0;0;0;4;0;0;0;0;0;0;0;0;2;0;0;0;0;0;0;0;0;0;0;0;0;0;0;0;0;0;0;0;0;0;0;0;0;0;0;0;0;0;0;0;0;0;0;0;0;0;4;0;0;0;75;0;0;0;0;0;0;14;0;0
M68YD:02444:07356_SUB_SUB;139;0;0;0;0;0;0;0;0;0;0;0;1;3;0;32;1;0;0;0;0;0;0;7;0;0;0;0;0;0;1;0;0;0;0;0;0;0;2;0;0;0;0;0;0;0;0;0;0;0;0;0;0;0;0;0;0;0;0;0;0;1;0;0;0;0;0;0;0;0;0;0;0;0;0;0;13;0;0;0;63;0;0;0;0;0;0;15;0;0
M68YD:04259:06458_SUB_SUB;296;0;0;0;0;0;0;0;0;0;0;0;0;2;0;85;2;0;0;0;0;0;0;9;0;0;0;0;0;3;0;0;0;0;0;0;0;0;13;0;0;0;0;0;0;0;0;0;0;0;3;0;0;0;0;0;0;0;0;0;0;6;0;0;0;0;0;0;0;0;0;0;0;0;0;0;16;0;0;0;124;0;1;0;0;0;0;32;0;0
M68YD:04022:06993_SUB_SUB;4180;0;0;0;0;0;0;0;0;0;0;0;21;30;0;993;36;0;0;0;0;0;0;85;0;0;0;0;0;15;3;0;0;0;0;0;0;0;152;0;0;0;0;0;0;0;0;0;0;0;11;0;0;0;1;0;0;0;0;0;0;31;0;1;0;0;0;0;0;0;0;0;0;0;0;0;184;0;0;1;2270;0;0;0;0;0;0;346;0;0
M68YD:01284:03982_SUB_SUB;974;0;0;0;0;0;0;0;0;0;0;0;4;1;0;196;7;0;0;0;0;0;0;29;0;0;0;0;0;2;0;0;0;0;0;0;0;0;26;0;0;0;0;0;0;0;0;0;0;0;0;0;0;0;0;0;0;0;0;0;0;10;0;0;0;0;0;0;0;0;0;0;0;0;0;0;40;0;0;0;586;0;0;0;0;0;0;73;0;0
M68YD:04543:06720_SUB_SUB;113;0;0;0;0;0;0;0;0;0;0;0;0;0;0;20;0;0;0;0;0;0;0;3;0;0;0;0;0;0;0;0;0;0;0;0;0;0;3;0;0;0;0;0;0;0;0;0;0;0;0;0;0;0;0;0;0;0;0;0;0;1;0;0;0;0;0;0;0;0;0;0;0;0;0;0;3;0;0;0;73;0;0;0;0;0;0;10;0;0
M68YD:00556:02861_SUB_SUB;142;0;0;0;0;0;0;0;0;0;0;0;1;1;0;28;2;0;0;0;0;0;0;0;0;0;0;0;0;1;0;0;0;0;0;0;0;0;7;0;0;0;0;0;0;0;0;0;0;0;0;0;0;0;0;0;0;0;0;0;0;0;0;0;0;0;0;0;0;0;0;0;0;0;0;0;6;0;0;0;80;0;0;0;0;0;0;16;0;0
M68YD:03065:07104_SUB_SUB;307;0;0;0;0;0;0;0;0;0;0;0;1;2;0;61;3;0;0;0;0;0;0;9;0;0;0;0;0;2;1;0;0;0;0;0;0;0;3;0;0;0;0;0;0;0;0;0;0;0;3;0;0;0;0;0;0;0;0;0;0;2;0;0;0;0;0;0;0;0;0;0;0;0;0;0;22;0;0;0;165;0;0;0;0;0;0;33;0;0
M68YD:00428:01258_SUB_SUB;195;0;0;0;0;0;0;0;0;0;0;0;0;2;0;38;3;0;0;0;0;0;0;7;0;0;0;0;0;0;1;0;0;0;0;0;0;0;9;0;0;0;0;0;0;0;0;0;0;0;1;0;0;0;1;0;0;0;0;0;0;4;0;0;0;0;0;0;0;0;0;0;0;0;0;0;24;0;0;0;91;0;0;0;0;0;0;14;0;0
M68YD:00249:03402_SUB_SUB;222;0;0;0;0;0;0;0;0;0;0;0;1;0;0;53;3;0;0;0;0;0;0;4;0;0;0;0;0;2;0;0;0;0;0;0;0;0;12;0;0;0;0;0;0;0;0;0;0;0;0;0;0;0;0;0;0;0;0;0;0;0;0;0;0;0;0;0;0;0;0;0;0;0;0;0;0;0;0;0;135;0;0;0;0;0;0;12;0;0
M68YD:04052:07359_SUB_SUB;380;0;0;0;0;0;0;0;0;0;0;0;1;1;0;56;5;0;0;0;0;0;0;2;0;0;0;0;0;2;1;0;0;0;0;0;0;0;19;0;0;0;0;0;0;0;0;0;0;0;0;0;0;0;0;0;0;0;0;0;0;1;0;0;0;0;0;0;0;0;0;0;0;0;0;0;16;0;0;0;240;0;0;0;0;0;0;36;0;0
M68YD:04188:06879_SUB_SUB;113;0;0;0;0;0;0;0;0;0;0;0;0;3;0;43;2;0;0;0;0;0;0;3;0;0;0;0;0;0;0;0;0;0;0;0;0;0;3;0;0;0;0;0;0;0;0;0;0;0;1;0;0;0;0;0;0;0;0;0;0;0;0;0;0;0;0;0;0;0;0;0;0;0;0;0;1;0;0;0;48;0;0;0;0;0;0;9;0;0
M68YD:05159:04928_SUB_SUB;116;0;0;0;0;0;0;0;0;0;0;0;0;1;0;35;0;0;0;0;0;0;0;2;0;0;0;0;0;0;0;0;0;0;0;0;0;0;4;0;0;0;0;0;0;0;0;0;0;0;0;0;0;0;0;0;0;0;0;0;0;1;0;0;0;0;0;0;0;0;0;0;0;0;0;0;6;0;0;0;55;0;0;0;0;0;0;12;0;0
M68YD:04626:06550_SUB_SUB;139;0;0;0;0;0;0;0;0;0;0;0;0;0;0;0;0;0;0;0;0;0;0;0;0;0;0;0;0;0;0;0;0;0;0;0;0;0;0;0;0;0;0;0;0;0;0;0;0;0;0;0;0;0;0;0;0;139;0;0;0;0;0;0;0;0;0;0;0;0;0;0;0;0;0;0;0;0;0;0;0;0;0;0;0;0;0;0;0;0
M68YD:03639:03288_SUB_SUB;220;0;3;0;0;0;0;0;0;7;0;4;0;0;0;0;0;0;0;0;0;50;0;15;0;0;0;0;0;1;0;14;0;0;0;0;3;0;0;20;1;0;38;0;7;12;0;3;5;0;0;0;0;0;0;0;0;5;2;0;0;4;3;1;0;2;0;0;0;1;5;2;0;0;1;4;0;0;0;0;7;0;0;0;0;0;0;0;0;0
M68YD:01003:02786_SUB_SUB;118;0;1;0;1;0;0;0;0;3;0;5;0;0;0;1;0;0;0;0;0;29;0;10;0;0;0;0;0;1;0;7;0;0;0;0;0;0;0;12;1;2;22;0;1;4;0;0;3;0;0;0;0;0;0;0;0;2;0;0;0;0;1;2;0;1;0;0;0;1;3;2;0;0;1;0;1;0;0;0;1;0;0;0;0;0;0;0;0;0
M68YD:00468:06860_SUB_SUB;997;0;0;0;5;0;1;0;0;2;0;2;0;0;0;0;0;1;15;0;0;101;0;10;0;0;0;0;0;14;0;21;0;0;0;0;0;0;0;48;0;81;251;0;19;162;0;17;3;0;0;0;0;0;0;0;0;1;11;0;0;23;0;17;0;3;0;6;0;17;19;21;0;0;31;50;1;0;0;0;44;0;0;0;0;0;0;0;0;0
M68YD:04668:06425_SUB_SUB;225;0;0;0;0;0;0;0;0;0;0;2;0;0;0;0;0;0;3;0;0;16;0;4;0;0;0;0;0;4;0;3;0;0;0;0;0;0;0;12;0;34;48;0;4;32;0;5;0;0;0;0;0;0;0;0;0;2;0;0;0;8;0;4;0;2;0;0;0;1;3;1;1;1;3;13;0;0;0;0;19;0;0;0;0;0;0;0;0;0
M68YD:00436:04486_SUB_SUB;198166;27;964;122;488;35;121;65;0;4078;1;3468;43;84;0;1213;13;595;10;0;489;40865;0;8977;0;240;3;1;1;1212;0;15852;2;0;0;1;2199;0;174;16251;557;1281;39616;0;9924;10587;138;2987;7365;5;46;0;1;123;0;0;0;4247;353;0;3;1447;2928;959;0;574;0;1130;1;1553;6767;1953;218;7;828;1683;322;0;0;0;2809;0;0;2;0;0;1;0;0;157
M68YD:05152:05310_SUB_SUB;26979;2;135;11;39;2;14;8;0;593;0;362;2;7;0;159;3;123;5;0;59;5261;0;1792;0;27;0;0;0;129;0;2249;0;0;0;0;224;0;25;2490;89;163;5395;0;1424;1451;10;333;732;1;4;0;0;23;0;0;0;545;33;0;0;206;358;120;0;74;0;199;0;163;643;278;29;1;91;339;71;0;0;0;470;0;0;0;0;0;0;0;0;13
M68YD:00511:03425_SUB_SUB;3267;0;13;2;5;1;1;0;0;57;0;48;1;1;0;21;0;12;0;0;7;672;0;228;0;3;0;0;0;12;0;304;0;0;0;0;18;0;3;309;5;18;722;0;123;208;1;51;86;0;0;0;0;0;0;0;0;44;3;0;0;15;36;13;0;13;0;26;0;13;66;19;1;0;4;27;3;0;0;0;50;0;0;0;0;0;0;0;0;2
M68YD:05246:01415_SUB_SUB;3915;0;1;1;4;0;1;0;9;4;0;1;0;0;0;0;0;3;2065;0;0;37;0;22;0;0;0;0;0;35;0;22;0;0;0;0;2;0;0;23;2;49;113;0;165;52;0;19;7;0;0;0;0;7;0;0;0;5;153;0;0;66;4;16;0;0;0;2;0;2;111;35;18;129;207;120;0;0;0;0;204;0;0;199;0;0;0;0;0;0
M68YD:05170:05938_SUB_SUB;28490;0;6;0;35;0;10;0;46;43;3;26;1;0;0;9;0;10;14627;0;6;296;0;88;0;0;2;0;0;283;0;122;0;0;0;0;18;0;1;121;5;386;1015;0;1148;516;1;156;69;0;0;0;0;26;2;0;0;29;1510;0;0;433;23;67;0;10;0;10;0;34;1270;267;96;819;1798;684;1;0;0;0;1094;0;0;1268;0;0;0;0;0;0
M68YD:03700:06568_SUB_SUB;347;0;1;0;0;0;0;0;0;8;0;5;0;0;0;0;0;0;0;0;0;65;0;33;0;0;0;0;0;2;0;35;0;0;0;0;3;0;1;43;3;3;71;0;14;12;0;4;6;0;0;0;0;0;0;0;0;6;0;0;0;2;3;0;0;1;0;1;0;0;13;1;0;0;0;4;2;0;0;0;5;0;0;0;0;0;0;0;0;0
M68YD:01161:02859_SUB_SUB;434;0;0;0;0;0;0;0;2;0;0;1;0;0;0;0;0;0;211;0;0;4;0;0;0;0;0;0;0;2;0;3;0;0;0;0;0;0;0;3;0;6;18;0;15;9;0;3;1;0;0;0;0;0;0;0;0;0;10;0;0;8;0;2;0;0;0;0;0;0;14;6;0;21;25;16;0;0;0;0;29;0;0;25;0;0;0;0;0;0
M68YD:01033:02073_SUB_SUB;741;0;0;0;1;0;1;0;3;2;0;0;0;0;0;0;0;1;392;0;0;10;0;2;0;1;0;0;0;8;0;3;0;0;0;0;0;0;0;4;0;8;15;0;21;11;0;3;1;0;1;0;0;2;0;0;0;0;45;0;0;14;1;2;0;0;0;0;0;2;31;9;1;28;36;17;0;0;0;0;29;0;0;36;0;0;0;0;0;0
M68YD:04662:03182_SUB_SUB;238;0;0;0;0;0;0;0;0;1;0;0;0;0;0;0;0;0;118;0;0;1;0;0;0;0;0;0;0;1;0;1;0;0;0;0;0;0;0;2;0;4;7;0;10;2;0;0;0;0;0;0;0;0;0;0;0;0;13;0;0;4;2;0;0;0;0;0;0;1;9;1;1;15;19;3;0;0;0;0;12;0;0;11;0;0;0;0;0;0
M68YD:00517:01376_SUB_SUB;5501;1;30;2;10;1;4;1;0;104;0;93;1;4;0;29;1;22;0;0;12;1299;0;299;0;11;0;0;0;39;0;412;0;0;0;0;71;0;3;548;15;34;897;0;238;249;0;88;198;0;1;0;0;3;0;0;0;92;10;0;0;54;115;32;0;14;0;32;0;44;145;51;13;0;25;52;11;0;0;0;86;0;0;0;0;0;0;0;0;5
M68YD:00423:01272_SUB_SUB;532;0;2;0;1;0;0;0;0;7;0;6;1;0;0;4;1;54;0;0;1;83;0;44;0;8;0;0;0;1;0;27;0;0;0;0;7;0;1;54;1;1;50;0;28;22;1;9;29;0;0;0;0;1;0;0;0;10;6;0;0;12;13;4;0;2;0;2;0;3;17;8;0;0;0;2;1;0;0;0;8;0;0;0;0;0;0;0;0;0
M68YD:00513:01268_SUB_SUB;169;0;5;1;1;1;0;0;0;14;0;4;0;0;0;1;0;0;0;0;0;17;0;1;0;0;0;0;0;5;0;14;0;0;0;0;1;0;0;5;0;1;35;0;4;20;0;10;8;0;0;0;0;0;0;0;0;2;0;0;0;0;1;1;0;0;0;0;0;1;3;8;1;0;0;2;0;0;0;0;1;0;0;1;0;0;0;0;0;0
M68YD:00607:00604_SUB_SUB;387;0;3;1;1;0;0;0;0;9;0;7;0;1;0;0;0;1;102;0;0;108;0;9;0;1;0;0;0;0;0;25;0;0;0;0;5;0;0;24;0;0;43;0;10;7;0;3;5;0;0;0;0;0;0;0;0;2;0;0;0;3;5;1;0;0;0;0;0;0;5;3;0;0;0;2;0;0;0;0;1;0;0;0;0;0;0;0;0;0
M68YD:00291:04704_SUB_SUB;2563;0;22;0;0;0;0;0;0;83;0;52;0;0;0;18;0;21;0;0;15;350;0;70;0;5;0;0;0;25;0;88;0;0;0;0;31;0;4;235;8;3;440;0;13;80;9;367;3;0;0;0;0;0;0;0;0;3;14;0;0;93;2;83;0;33;0;12;0;44;24;37;1;0;24;77;0;0;0;0;173;0;0;0;0;0;0;0;0;1
M68YD:00571:04502_SUB_SUB;1155;0;5;0;3;0;1;2;0;29;0;26;0;0;0;10;0;3;0;0;2;235;0;55;0;0;0;0;0;4;0;100;0;0;1;0;7;0;0;100;5;6;205;0;65;73;1;15;41;0;0;0;0;0;0;0;0;35;1;0;0;11;11;3;0;4;0;12;0;6;32;7;1;0;7;8;6;0;0;0;15;0;0;0;0;0;0;0;0;2
M68YD:00606:03803_SUB_SUB;287;0;2;0;0;0;0;0;0;9;0;7;0;0;0;1;0;3;0;0;2;33;0;12;0;1;0;0;0;2;0;10;0;0;0;0;3;0;5;42;1;0;40;0;0;12;0;24;0;0;0;0;0;0;0;0;0;0;0;0;0;13;0;9;0;5;0;3;0;5;0;6;0;0;1;12;0;0;0;0;24;0;0;0;0;0;0;0;0;0
M68YD:00644:05980_SUB_SUB;393;0;1;0;0;0;0;0;0;13;0;5;0;0;0;3;0;2;0;0;1;73;0;23;0;0;0;0;0;2;0;41;0;0;0;0;4;0;0;36;2;4;65;0;17;18;0;8;15;0;0;0;0;1;0;0;0;10;2;0;0;9;5;2;0;3;0;1;0;2;16;1;1;0;1;3;0;0;0;0;3;0;0;0;0;0;0;0;0;0
M68YD:00540:06627_SUB_SUB;3696;0;14;0;6;0;2;3;0;80;0;61;0;2;0;22;2;14;0;0;3;860;0;175;0;3;0;0;0;25;0;285;0;0;0;0;54;0;1;324;10;23;646;0;149;171;3;59;156;0;1;0;0;4;0;0;0;55;14;0;0;40;58;11;0;15;0;21;0;30;140;35;2;0;20;28;6;0;0;0;58;0;0;0;0;0;0;0;0;5
M68YD:03285:02138_SUB_SUB;106;0;1;0;0;0;0;0;0;0;0;0;0;0;0;0;0;0;53;0;0;1;0;0;0;0;0;0;0;0;0;2;0;0;0;0;0;0;0;0;0;0;0;0;4;2;0;1;0;0;0;0;0;1;0;0;0;0;6;0;0;3;0;1;0;0;0;0;0;0;3;1;1;3;3;4;0;0;0;0;10;0;0;6;0;0;0;0;0;0
M68YD:04865:06707_SUB_SUB;1636;0;8;1;1;0;0;1;0;38;0;38;0;1;0;7;0;6;1;0;1;322;0;69;0;1;0;0;0;8;0;134;0;0;0;0;14;0;0;136;9;8;352;0;70;89;2;30;55;0;0;0;0;3;0;0;0;39;5;0;0;13;13;12;0;4;0;11;0;9;57;12;2;0;8;11;5;0;0;0;28;0;0;0;0;0;1;0;0;1
M68YD:04651:01133_SUB_SUB;850;0;2;1;4;0;0;1;0;25;0;5;0;1;0;5;0;5;0;0;1;188;0;68;0;3;0;0;0;7;0;53;0;0;0;0;6;0;0;92;3;8;143;0;42;33;1;3;28;0;0;0;0;0;0;0;0;12;1;0;0;12;17;7;0;3;0;4;0;4;20;6;0;0;1;12;3;0;0;0;19;0;0;0;0;0;0;0;0;1
M68YD:01590:02331_SUB_SUB;112;0;1;0;0;0;0;0;0;4;0;3;0;1;0;1;0;0;0;0;1;16;0;6;0;0;0;0;0;2;0;9;0;0;0;0;4;0;0;7;0;0;25;0;5;9;0;1;2;0;0;0;0;0;0;0;0;2;0;0;0;1;2;0;0;0;0;1;0;1;1;1;0;0;1;4;0;0;0;0;1;0;0;0;0;0;0;0;0;0
M68YD:01297:06815_SUB_SUB;225;0;0;1;0;0;0;0;0;5;0;3;0;0;0;2;0;0;0;0;0;39;0;12;0;0;0;0;0;0;0;17;0;0;0;0;1;0;0;23;1;1;64;0;7;8;0;4;8;0;0;0;0;1;0;0;0;1;0;0;0;1;5;0;0;2;0;0;0;2;6;1;2;0;3;2;0;0;0;0;3;0;0;0;0;0;0;0;0;0
M68YD:04128:02609_SUB_SUB;164;0;0;0;1;0;0;0;0;3;0;0;0;0;0;0;0;16;0;0;0;27;0;15;0;2;0;0;0;1;0;11;0;0;0;0;2;0;0;14;0;0;16;0;9;7;0;1;8;0;0;0;0;0;0;0;0;3;2;0;0;2;6;0;0;0;0;3;0;0;5;4;0;0;0;1;0;0;0;0;5;0;0;0;0;0;0;0;0;0
M68YD:00403:05337_SUB_SUB;427;0;0;0;1;0;0;0;0;6;0;10;0;0;0;1;0;3;1;0;0;86;0;25;0;0;0;0;0;1;0;35;0;0;0;0;3;0;0;33;3;5;82;0;20;26;0;8;15;0;0;0;0;1;0;0;0;4;0;0;0;2;6;2;0;2;0;5;0;3;10;6;0;0;2;8;0;0;0;0;11;0;0;0;0;0;0;1;0;0
M68YD:03884:04511_SUB_SUB;464;0;0;0;0;0;0;0;3;1;0;1;0;0;0;1;0;0;149;0;0;3;0;0;0;0;0;0;0;8;0;2;0;0;0;0;0;0;0;3;0;0;15;0;2;3;0;21;0;0;0;0;0;0;0;0;0;1;43;0;0;27;0;8;0;3;0;0;0;1;3;8;1;59;19;15;0;0;0;0;57;0;0;7;0;0;0;0;0;0
M68YD:00117:01234_SUB_SUB;348;0;0;0;0;0;0;0;0;7;0;5;0;0;0;2;0;0;1;0;2;79;0;16;0;0;0;0;0;0;0;46;0;0;0;0;1;0;0;20;1;8;69;0;13;16;0;2;5;0;0;0;0;2;0;0;0;3;0;0;0;5;0;1;0;0;0;0;0;3;6;4;1;0;2;8;1;0;0;0;18;0;0;1;0;0;0;0;0;0
M68YD:00244:01348_SUB_SUB;122;0;0;0;0;0;0;0;0;1;0;0;0;0;0;1;0;3;0;0;0;33;0;7;0;0;0;0;0;0;0;8;0;0;0;0;1;0;0;17;0;0;27;0;3;6;0;0;2;0;0;0;0;0;0;0;0;2;0;0;0;2;2;0;0;0;0;1;0;0;4;2;0;0;0;0;0;0;0;0;0;0;0;0;0;0;0;0;0;0
M68YD:01130:06701_SUB_SUB;110;0;0;0;0;0;0;0;0;1;0;2;0;0;0;0;0;0;0;0;0;25;0;9;0;0;0;0;0;1;0;7;0;0;0;0;1;0;0;14;0;0;19;0;3;11;0;0;2;0;0;0;0;0;0;0;0;2;0;0;0;2;1;1;0;0;0;0;0;1;2;0;0;0;0;0;2;0;0;0;4;0;0;0;0;0;0;0;0;0
M68YD:02951:04157_SUB_SUB;355;0;0;0;0;0;0;0;0;0;0;0;0;0;0;0;0;1;0;0;0;9;0;3;0;0;0;0;0;0;0;87;0;0;0;0;0;0;0;4;0;1;2;0;0;6;0;0;13;0;0;0;0;0;0;0;0;3;0;0;0;0;0;0;0;1;0;0;0;0;19;168;1;0;0;37;0;0;0;0;0;0;0;0;0;0;0;0;0;0
M68YD:04346:06580_SUB_SUB;128;0;0;0;0;0;0;0;0;0;0;0;0;0;0;0;0;0;4;0;0;0;0;0;0;0;0;0;0;0;0;0;0;0;0;0;0;0;0;0;0;0;0;0;0;0;0;0;0;0;0;0;0;0;0;0;0;0;0;0;0;0;0;0;0;0;0;0;0;0;0;0;0;0;124;0;0;0;0;0;0;0;0;0;0;0;0;0;0;0
M68YD:00419:02319_SUB_SUB;1267;0;6;1;2;0;1;0;0;20;0;23;1;0;0;10;1;9;0;0;1;268;0;68;0;2;0;0;0;6;0;85;0;0;1;0;16;0;1;115;0;7;238;0;64;64;2;20;36;0;2;0;0;2;0;0;0;27;1;0;0;10;14;12;0;8;0;3;0;9;46;13;3;0;2;24;3;0;0;0;19;0;0;0;0;0;0;0;0;1
M68YD:02440:00389_SUB_SUB;286;0;0;0;1;0;0;0;1;0;0;1;0;0;0;1;0;0;140;0;0;5;0;1;0;0;0;0;0;4;0;0;0;0;0;0;0;0;0;2;0;8;10;0;14;1;0;4;1;0;0;0;0;0;0;0;0;0;16;0;0;9;1;0;0;0;0;0;0;3;9;3;0;6;16;6;0;0;0;0;10;0;0;13;0;0;0;0;0;0
M68YD:03615:06471_SUB_SUB;281;1;1;0;0;0;1;0;0;4;0;3;0;0;0;1;0;1;0;0;1;68;0;13;0;0;0;0;0;1;0;28;0;0;0;0;2;0;0;23;1;2;57;0;12;7;0;7;12;0;0;0;0;0;0;0;0;4;1;0;0;2;7;2;0;1;0;0;0;2;7;3;0;0;1;2;0;0;0;0;3;0;0;0;0;0;0;0;0;0
M68YD:00361:01114_SUB_SUB;612;0;3;2;0;0;1;1;0;16;0;7;1;0;0;2;0;3;0;0;2;157;0;33;0;0;0;0;0;7;0;50;0;0;0;0;6;0;0;58;0;5;87;0;21;19;0;8;32;0;0;0;0;0;0;0;0;13;2;0;0;4;15;3;0;1;0;4;0;8;11;3;1;0;5;10;1;0;0;0;10;0;0;0;0;0;0;0;0;0
M68YD:03779:01590_SUB_SUB;108;0;1;0;1;1;0;0;0;3;0;2;0;0;0;2;0;1;0;0;0;26;0;5;0;0;0;0;0;3;0;7;0;0;0;0;4;0;0;6;0;1;10;0;4;5;0;1;1;0;1;0;0;0;0;0;0;1;0;0;0;3;9;1;0;1;0;0;0;1;3;1;1;0;0;1;0;0;0;0;1;0;0;0;0;0;0;0;0;0
M68YD:01040:04791_SUB_SUB;113;0;1;0;0;0;0;0;0;0;0;1;0;0;0;0;0;1;0;0;0;27;0;8;0;0;0;0;0;1;0;10;0;0;0;0;1;0;1;11;1;0;23;0;2;4;0;0;2;0;1;0;0;0;0;0;0;1;0;0;0;1;2;0;0;0;0;0;0;3;5;0;0;0;1;4;0;0;0;0;1;0;0;0;0;0;0;0;0;0
M68YD:01902:06324_SUB_SUB;441;0;1;0;2;0;0;0;0;8;0;5;0;0;0;6;0;0;0;0;1;85;0;27;0;0;0;0;0;4;0;62;0;0;0;0;8;0;0;25;1;6;77;0;23;21;0;9;13;1;0;0;0;0;0;0;0;11;1;0;0;4;4;3;0;1;0;4;0;0;14;5;0;0;1;6;0;0;0;0;2;0;0;0;0;0;0;0;0;0
M68YD:01953:06934_SUB_SUB;183;0;1;0;0;0;0;0;0;3;0;3;0;0;0;1;0;0;1;0;0;42;0;7;0;0;0;0;0;1;0;9;0;0;0;0;0;0;0;28;0;1;36;0;4;8;0;4;8;0;0;0;0;1;0;0;0;3;0;0;0;3;6;1;0;0;0;0;0;1;3;1;1;0;2;1;0;0;0;0;3;0;0;0;0;0;0;0;0;0
M68YD:04806:02495_SUB_SUB;214;0;0;0;2;0;0;0;0;7;0;8;0;0;0;1;0;0;0;0;0;22;0;15;0;0;0;0;0;1;0;16;0;0;0;0;1;0;0;20;1;2;46;0;9;15;0;3;6;0;1;0;0;1;0;0;0;6;0;0;0;3;5;1;0;1;0;2;0;1;4;5;0;0;1;5;1;0;0;0;2;0;0;0;0;0;0;0;0;0
M68YD:00529:03135_SUB_SUB;135;0;0;0;1;0;0;0;0;10;0;0;0;0;0;1;0;0;0;0;1;26;0;7;0;0;0;0;0;1;0;11;0;0;0;0;1;0;0;5;0;2;34;0;2;2;0;1;6;0;0;0;0;0;0;0;0;3;0;0;0;1;3;0;0;0;0;1;0;2;5;2;0;0;0;1;1;0;0;0;5;0;0;0;0;0;0;0;0;0
M68YD:03129:00677_SUB_SUB;105;0;0;0;0;0;0;0;0;1;0;1;0;0;0;0;0;1;0;0;1;15;0;7;0;0;0;0;0;1;0;11;0;0;0;0;1;0;0;6;1;0;26;0;4;5;0;3;4;0;0;0;0;0;0;0;0;3;0;0;0;2;1;1;0;1;0;0;0;1;1;1;0;0;2;3;1;0;0;0;0;0;0;0;0;0;0;0;0;0
M68YD:00345:02093_SUB_SUB;187;0;55;2;0;1;0;0;0;49;0;19;0;0;0;3;0;0;0;0;0;0;0;0;0;0;0;0;0;0;0;0;0;0;0;0;20;0;0;12;0;0;13;0;0;0;0;0;0;0;0;0;0;0;0;0;0;0;0;0;0;0;0;0;0;0;0;0;0;0;0;7;3;0;0;3;0;0;0;0;0;0;0;0;0;0;0;0;0;0
M68YD:04805:05515_SUB_SUB;181;0;1;0;0;0;0;0;0;13;0;1;0;0;0;4;0;6;0;0;0;13;0;4;0;0;0;0;0;0;0;11;0;0;0;0;5;0;4;12;6;0;27;0;11;6;0;25;1;0;0;0;0;0;0;0;0;3;0;0;0;4;0;0;0;2;0;6;0;2;1;3;0;0;1;4;0;0;0;0;5;0;0;0;0;0;0;0;0;0
M68YD:04477:06874_SUB_SUB;214;0;0;9;1;1;1;0;0;28;0;15;1;0;0;0;0;0;0;0;0;47;0;23;0;0;0;0;0;3;0;25;0;0;0;0;0;0;0;3;0;0;15;0;6;0;0;2;3;0;0;0;0;0;0;0;0;3;2;0;0;0;0;0;0;2;0;0;0;0;0;1;0;0;0;0;0;0;0;0;23;0;0;0;0;0;0;0;0;0
M68YD:04731:05440_SUB_SUB;253;0;0;0;2;0;0;0;0;4;0;2;0;1;0;2;0;0;0;0;1;63;0;12;0;0;0;0;0;1;0;19;0;0;0;0;2;0;0;19;1;1;53;0;9;15;0;4;7;0;0;0;0;1;0;0;0;4;0;0;0;1;3;4;0;1;0;1;0;2;7;4;0;0;1;4;0;0;0;0;2;0;0;0;0;0;0;0;0;0
M68YD:04881:05633_SUB_SUB;102;0;0;0;0;0;0;0;0;2;0;2;0;0;0;0;0;2;0;0;1;25;0;5;0;0;0;0;0;0;0;9;0;0;0;0;1;0;0;5;1;1;14;0;5;4;0;0;2;0;0;0;0;0;0;0;0;5;0;0;0;1;1;1;0;0;0;2;0;1;2;2;0;0;1;5;0;0;0;0;1;0;0;0;0;0;0;0;0;1
M68YD:01815:02642_SUB_SUB;121;0;1;0;0;0;0;0;0;2;0;4;0;0;0;0;0;0;0;0;0;28;0;5;0;0;0;0;0;1;0;14;0;0;0;0;1;0;2;5;0;2;16;0;8;6;0;3;9;0;0;0;0;0;0;0;0;1;2;0;0;0;0;0;0;0;0;1;0;1;4;1;0;0;0;1;0;0;0;0;3;0;0;0;0;0;0;0;0;0
M68YD:04403:06724_SUB_SUB;105;0;39;3;0;0;0;0;0;31;0;14;0;0;0;0;0;0;0;0;0;0;0;0;0;0;0;0;0;0;0;0;0;0;0;0;0;0;0;9;0;0;6;0;0;0;0;0;0;0;0;0;0;0;0;0;0;0;0;0;0;0;0;0;0;0;0;0;0;0;0;3;0;0;0;0;0;0;0;0;0;0;0;0;0;0;0;0;0;0
M68YD:00415:06364_SUB_SUB;762;0;6;1;0;0;0;0;0;19;0;14;1;0;0;5;0;6;0;0;0;123;0;27;0;3;0;0;0;7;0;57;0;0;0;0;7;0;5;67;11;0;115;0;38;24;1;96;1;0;0;0;0;0;0;0;0;6;4;0;0;14;0;16;0;13;0;6;0;14;2;11;1;0;4;10;0;0;0;0;26;0;0;0;0;0;0;0;0;1
M68YD:01213:04136_SUB_SUB;155;0;14;3;0;0;0;0;0;54;0;73;0;0;0;0;0;0;0;0;0;0;0;0;0;0;0;0;0;0;0;0;0;0;0;0;0;0;0;4;0;0;5;0;0;0;0;1;0;0;0;0;0;0;0;0;0;0;0;0;0;0;0;0;0;0;0;0;0;0;0;0;0;0;1;0;0;0;0;0;0;0;0;0;0;0;0;0;0;0
M68YD:03595:04445_SUB_SUB;112;0;0;0;2;0;0;0;0;0;0;0;0;2;0;3;0;2;0;0;0;5;0;0;0;1;0;0;0;0;0;12;0;0;0;0;1;0;0;0;0;0;1;0;0;0;0;0;7;0;0;0;0;0;0;0;0;0;2;0;0;0;0;0;0;0;0;9;0;6;0;0;0;0;59;0;0;0;0;0;0;0;0;0;0;0;0;0;0;0
M68YD:00339:03133_SUB_SUB;148;0;0;0;0;0;0;0;1;1;0;0;0;0;0;0;0;0;72;0;0;0;0;0;0;0;0;0;0;2;0;3;0;0;0;0;0;0;0;0;0;0;2;0;6;0;0;4;0;0;0;0;0;0;0;0;0;0;10;0;0;2;0;5;0;0;0;0;0;0;0;2;0;13;2;1;0;0;0;0;19;0;0;3;0;0;0;0;0;0
M68YD:01534:05549_SUB_SUB;157;0;0;0;0;0;0;0;0;2;0;1;0;0;0;0;0;2;0;0;0;14;0;5;0;0;0;0;0;0;0;12;0;0;0;0;0;0;0;1;0;0;0;0;0;0;0;3;4;0;0;0;0;0;0;0;0;73;0;0;0;1;0;0;0;0;0;12;0;0;25;1;0;0;0;0;0;0;0;0;1;0;0;0;0;0;0;0;0;0
M68YD:00436:06596_SUB_SUB;192;0;0;0;0;0;0;0;0;0;0;0;0;6;0;2;0;1;0;0;0;21;0;0;0;0;0;0;0;1;0;13;0;0;0;0;0;0;0;0;0;1;4;0;0;4;0;10;98;0;0;0;0;0;0;0;0;25;3;0;0;3;0;0;0;0;0;0;0;0;0;0;0;0;0;0;0;0;0;0;0;0;0;0;0;0;0;0;0;0
M68YD:03919:02688_SUB_SUB;547;0;0;0;0;0;0;0;0;0;0;0;0;0;0;4;0;0;0;0;0;0;0;0;0;0;0;0;0;16;0;0;0;0;0;0;0;0;0;0;0;1;284;0;27;133;0;1;60;0;0;0;0;0;0;0;0;0;0;0;0;15;0;0;0;1;0;0;0;2;0;0;1;0;0;0;0;0;0;0;1;0;0;0;0;0;0;0;0;1
M68YD:04086:06901_SUB_SUB;167;0;0;0;0;0;0;0;0;0;0;0;0;0;0;0;0;0;166;0;0;0;0;0;0;0;0;0;0;0;0;1;0;0;0;0;0;0;0;0;0;0;0;0;0;0;0;0;0;0;0;0;0;0;0;0;0;0;0;0;0;0;0;0;0;0;0;0;0;0;0;0;0;0;0;0;0;0;0;0;0;0;0;0;0;0;0;0;0;0
M68YD:03367:06556_SUB_SUB;105;0;2;0;0;0;0;0;0;4;0;0;1;0;0;3;0;2;0;0;2;13;0;7;0;0;0;0;0;2;0;11;0;0;0;0;2;0;0;6;0;0;13;0;8;3;1;10;0;0;0;0;0;0;0;0;0;1;0;0;0;0;0;2;0;2;0;0;0;1;0;0;0;0;0;3;0;0;0;0;6;0;0;0;0;0;0;0;0;0
M68YD:04466:04629_SUB_SUB;1321;0;0;0;0;0;0;0;0;0;0;0;0;0;0;0;0;0;0;0;0;0;0;1;0;0;0;0;0;0;0;0;0;0;0;1;36;0;0;0;0;0;0;0;0;0;0;0;0;0;0;0;0;0;0;0;0;0;0;0;0;0;0;0;0;0;0;24;0;1;1258;0;0;0;0;0;0;0;0;0;0;0;0;0;0;0;0;0;0;0
M68YD:05192:04811_SUB_SUB;105;0;0;0;0;0;0;0;0;0;0;0;0;0;0;0;0;0;0;0;0;0;0;0;0;0;0;0;0;0;0;0;0;0;0;0;2;0;0;0;0;0;0;0;0;0;0;0;0;0;0;0;0;0;0;0;0;0;0;0;0;0;0;0;0;0;0;2;0;0;101;0;0;0;0;0;0;0;0;0;0;0;0;0;0;0;0;0;0;0
M68YD:00199:01300_SUB_SUB;106;1;1;0;0;0;0;0;0;4;0;0;0;1;0;0;0;0;0;0;0;15;0;0;0;0;0;0;0;1;0;0;0;0;0;0;0;0;0;5;0;1;9;0;0;0;0;0;6;0;0;0;0;0;0;0;0;0;0;0;0;0;27;0;0;0;0;0;0;9;13;7;1;0;0;5;0;0;0;0;0;0;0;0;0;0;0;0;0;0
M68YD:00452:02004_SUB_SUB;111;0;0;0;0;0;0;0;0;3;0;0;0;0;0;2;0;0;0;0;0;30;0;4;0;1;0;0;0;0;0;9;0;0;0;0;0;0;0;9;0;0;22;0;5;3;0;2;5;0;0;0;0;0;0;0;0;1;1;0;0;0;2;3;0;0;0;2;0;1;3;0;0;0;2;0;0;0;0;0;1;0;0;0;0;0;0;0;0;0
M68YD:03331:05164_SUB_SUB;114;0;0;0;3;0;0;0;0;0;0;0;0;0;0;1;0;2;15;0;0;3;0;3;0;0;0;0;0;0;0;6;0;0;0;0;1;0;0;0;2;0;0;0;53;0;0;0;7;0;0;0;0;0;0;0;0;3;3;0;0;0;0;0;0;0;0;0;0;0;5;0;0;0;0;0;0;0;0;0;0;0;0;7;0;0;0;0;0;0
M68YD:04830:03032_SUB_SUB;192;0;0;0;0;0;0;0;0;0;0;0;0;0;0;1;0;0;0;0;0;0;0;0;0;0;0;0;0;4;0;0;0;0;0;0;0;0;0;0;0;0;90;0;20;27;0;0;46;0;0;0;0;0;0;0;0;0;0;0;0;2;0;0;0;0;0;0;0;0;0;0;0;0;0;0;0;0;0;0;2;0;0;0;0;0;0;0;0;0
M68YD:03213:07089_SUB_SUB;336;0;0;0;0;0;0;0;0;0;0;0;0;0;0;1;0;0;0;0;0;13;0;1;0;1;0;0;0;1;0;60;0;0;0;0;0;0;0;5;0;4;1;0;0;10;0;0;48;0;0;0;0;0;0;0;0;30;0;0;0;0;0;1;0;0;0;0;0;0;59;81;0;0;0;20;0;0;0;0;0;0;0;0;0;0;0;0;0;0
M68YD:03197:04712_SUB_SUB;423;0;0;0;0;0;0;0;0;0;0;0;0;0;0;0;0;1;0;0;0;0;0;0;0;0;0;0;0;0;0;0;0;0;0;0;0;0;0;0;0;0;0;0;0;0;0;0;0;0;0;0;0;0;0;0;0;0;0;0;0;0;0;0;0;0;0;0;0;0;422;0;0;0;0;0;0;0;0;0;0;0;0;0;0;0;0;0;0;0
M68YD:04066:06838_SUB_SUB;441;0;0;0;0;0;0;0;0;0;0;0;0;0;0;0;0;0;441;0;0;0;0;0;0;0;0;0;0;0;0;0;0;0;0;0;0;0;0;0;0;0;0;0;0;0;0;0;0;0;0;0;0;0;0;0;0;0;0;0;0;0;0;0;0;0;0;0;0;0;0;0;0;0;0;0;0;0;0;0;0;0;0;0;0;0;0;0;0;0
M68YD:05024:01386_SUB_SUB;252;0;0;0;0;0;0;0;0;0;0;0;0;0;0;2;0;0;51;0;12;0;0;32;0;0;0;0;0;0;0;128;0;0;0;0;10;0;1;0;0;0;7;0;0;0;0;0;0;0;0;0;0;0;0;0;0;0;0;0;0;4;0;1;0;1;0;0;0;0;0;1;0;0;0;0;0;0;0;0;2;0;0;0;0;0;0;0;0;0
M68YD:04198:06919_SUB_SUB;140;0;0;0;0;0;0;0;0;0;0;0;0;0;0;0;0;0;0;0;0;100;0;1;0;0;0;0;0;0;0;28;0;0;0;0;0;0;0;1;3;0;3;0;0;0;0;0;0;0;0;0;0;0;0;0;0;0;4;0;0;0;0;0;0;0;0;0;0;0;0;0;0;0;0;0;0;0;0;0;0;0;0;0;0;0;0;0;0;0
M68YD:04175:06434_SUB_SUB;110;0;0;0;0;0;0;0;0;0;0;0;0;0;0;0;0;0;0;0;0;0;0;0;0;0;0;0;0;0;0;0;0;0;0;0;0;0;0;0;0;0;0;0;0;0;0;0;0;0;0;0;0;0;0;0;0;0;0;0;0;0;0;0;0;0;0;0;0;0;0;0;0;0;0;0;0;0;0;0;0;0;0;110;0;0;0;0;0;0
M68YD:01198:01618_SUB_SUB;361;1;2;0;2;0;0;0;1;1;0;2;0;0;0;15;0;25;6;0;5;47;0;54;0;1;0;0;0;1;0;21;0;0;0;0;7;0;0;9;5;0;45;0;9;0;3;5;6;0;0;0;0;0;0;0;0;5;13;0;0;1;0;3;0;0;0;10;0;10;2;1;1;0;18;3;0;0;0;0;16;0;0;4;0;0;0;0;0;1
M68YD:00071:01818_SUB_SUB;2679;3;0;0;5;0;0;0;3;11;0;18;5;1;0;109;2;81;34;0;17;425;0;282;0;10;0;0;0;3;0;198;0;0;0;0;107;0;1;93;10;0;293;0;95;4;27;42;37;0;1;0;0;0;0;0;0;70;130;0;0;46;0;16;0;4;0;56;0;142;65;6;6;4;74;23;2;0;0;0;77;0;0;39;0;0;0;0;0;2
M68YD:01716:02376_SUB_SUB;729;0;0;0;0;0;0;0;0;1;0;0;2;0;0;3;0;4;160;0;8;24;0;59;0;2;0;0;0;0;0;170;0;0;0;0;3;0;0;11;21;0;92;0;36;0;0;2;0;0;0;0;0;0;0;0;0;0;6;0;0;0;0;0;0;0;0;18;0;11;0;0;0;0;52;2;0;0;0;0;39;0;0;1;0;0;0;0;0;2
M68YD:01241:02451_SUB_SUB;666;0;0;0;0;0;0;0;0;0;0;0;1;0;0;3;0;2;0;0;0;15;0;0;0;0;0;0;0;0;0;105;0;0;0;0;0;0;0;25;0;0;0;0;0;0;1;4;86;0;0;0;0;0;0;0;0;0;0;0;0;0;0;0;0;0;0;0;0;0;382;0;0;0;0;40;0;0;0;0;1;0;0;0;0;0;0;0;0;1
M68YD:00074:03712_SUB_SUB;978;0;0;0;0;0;0;0;0;0;0;0;0;0;0;6;0;2;35;0;0;52;0;5;0;2;0;0;0;0;0;416;0;0;0;0;0;0;0;1;0;0;0;0;0;0;0;1;195;0;0;0;0;0;0;0;0;41;0;0;0;1;0;0;0;0;0;2;0;1;182;22;0;0;5;9;0;0;0;0;0;0;0;0;0;0;0;0;0;0
M68YD:01173:01003_SUB_SUB;2352;0;4;0;4;0;0;0;8;3;0;1;5;2;0;156;0;171;96;0;1;40;0;105;0;31;0;0;0;2;0;93;0;0;0;0;380;0;0;14;37;0;47;0;184;1;9;22;47;0;0;0;0;0;0;0;0;138;242;0;0;12;0;8;0;1;0;104;0;70;111;2;0;7;91;5;1;0;0;0;11;0;0;86;0;0;0;0;0;0
M68YD:00756:00669_SUB_SUB;136;0;0;0;5;0;0;0;0;2;0;2;0;0;0;0;0;0;0;0;0;0;0;7;0;0;0;0;0;0;0;0;0;0;0;0;0;0;0;0;0;0;8;0;0;0;0;0;0;0;0;0;0;0;0;0;0;0;5;0;0;0;0;0;0;0;0;0;0;6;0;0;0;0;101;0;0;0;0;0;0;0;0;0;0;0;0;0;0;0
M68YD:04905:01550_SUB_SUB;343;0;0;0;0;0;0;0;2;0;0;0;2;0;0;24;0;27;14;0;0;5;0;34;0;4;0;0;0;0;0;7;0;0;0;0;48;0;0;2;8;0;12;0;27;0;3;4;7;0;0;0;0;0;0;0;0;21;25;0;0;1;0;0;0;0;0;22;0;2;8;0;0;1;9;0;0;0;0;0;3;0;0;21;0;0;0;0;0;0
M68YD:04117:07036_SUB_SUB;387;0;0;0;0;0;0;0;0;0;0;0;0;0;0;0;0;0;387;0;0;0;0;0;0;0;0;0;0;0;0;0;0;0;0;0;0;0;0;0;0;0;0;0;0;0;0;0;0;0;0;0;0;0;0;0;0;0;0;0;0;0;0;0;0;0;0;0;0;0;0;0;0;0;0;0;0;0;0;0;0;0;0;0;0;0;0;0;0;0
M68YD:00280:02517_SUB_SUB;134;0;0;0;0;0;0;0;0;0;0;0;0;0;0;0;0;0;0;0;0;8;0;0;0;0;0;0;0;0;0;0;0;0;0;0;0;0;0;0;0;0;0;0;0;0;0;0;0;0;0;0;0;0;0;0;0;0;0;0;0;0;0;0;0;0;0;100;0;19;0;0;0;0;6;0;0;0;0;0;1;0;0;0;0;0;0;0;0;0
M68YD:00299:00853_SUB_SUB;216;0;0;0;0;0;0;0;0;1;0;3;0;0;0;0;0;0;0;0;0;92;0;18;0;0;0;0;0;0;0;43;0;0;0;0;0;0;0;1;0;0;0;0;0;0;0;0;9;1;0;0;0;0;0;0;0;22;0;0;0;1;0;0;0;0;0;4;0;6;10;0;0;0;4;0;0;0;0;0;1;0;0;0;0;0;0;0;0;0
M68YD:04522:06600_SUB_SUB;312;0;0;0;0;0;0;0;0;0;0;0;0;0;0;0;0;0;0;0;0;128;0;61;0;0;0;0;0;2;0;61;0;0;0;0;0;0;0;1;0;0;1;0;11;0;0;0;21;0;0;0;0;0;0;0;0;1;8;0;0;0;0;0;0;1;0;0;0;0;0;0;0;0;0;0;0;0;0;0;7;0;0;9;0;0;0;0;0;0
M68YD:00148:01552_SUB_SUB;549;0;0;0;0;0;0;0;0;0;0;0;1;0;0;1;0;1;0;0;0;48;0;0;0;0;0;0;0;0;0;196;0;0;0;0;0;0;0;5;0;0;0;0;0;0;0;0;104;0;0;0;0;0;0;0;0;0;0;0;0;0;0;0;0;0;0;0;0;1;184;0;0;0;0;6;0;0;0;0;1;0;0;0;0;0;0;0;0;1
M68YD:04212:07028_SUB_SUB;197;0;0;0;0;0;0;0;0;0;0;0;0;0;0;0;0;0;0;0;0;0;0;0;0;0;0;0;0;0;0;0;0;0;0;0;0;0;0;0;0;0;0;0;0;0;0;0;0;0;0;0;0;0;0;0;0;197;0;0;0;0;0;0;0;0;0;0;0;0;0;0;0;0;0;0;0;0;0;0;0;0;0;0;0;0;0;0;0;0
M68YD:04091:06988_SUB_SUB;100;0;0;0;0;0;0;0;0;0;0;0;0;0;0;0;0;0;0;0;0;0;0;0;0;0;0;0;0;0;0;0;0;0;0;0;0;0;0;0;0;0;0;0;0;0;0;0;0;0;0;0;0;0;0;0;0;0;0;0;0;0;100;0;0;0;0;0;0;0;0;0;0;0;0;0;0;0;0;0;0;0;0;0;0;0;0;0;0;0
M68YD:04311:06548_SUB_SUB;126;0;0;0;0;0;0;0;0;0;0;0;0;0;0;0;0;0;0;0;0;0;0;0;0;0;0;0;0;0;0;0;0;0;0;0;0;0;0;0;0;0;0;0;0;0;0;0;0;0;0;0;0;0;0;0;0;0;0;0;0;0;0;0;0;0;0;0;0;0;0;0;0;0;0;0;0;0;0;0;0;0;0;126;0;0;0;0;0;0
M68YD:02741:07149_SUB_SUB;597;0;2;0;2;0;0;0;0;4;0;12;0;0;0;5;0;11;0;0;0;123;0;149;0;0;0;0;0;1;0;56;0;0;0;0;0;0;0;6;16;0;5;0;54;3;14;7;0;0;0;0;0;0;0;0;0;52;1;0;0;2;0;13;0;0;0;9;0;14;10;0;0;0;21;4;0;0;0;0;1;0;0;0;0;0;0;0;0;0
M68YD:04665:00768_SUB_SUB;349;0;0;0;0;0;0;0;0;0;0;2;1;0;0;0;0;4;0;0;0;27;0;36;0;0;0;0;0;0;0;15;0;0;0;0;0;0;0;7;17;0;0;0;90;1;1;0;0;0;0;0;0;0;0;0;0;114;0;0;0;0;0;3;0;0;0;12;0;0;17;0;1;0;1;0;0;0;0;0;0;0;0;0;0;0;0;0;0;0
M68YD:03451:01875_SUB_SUB;868;0;0;0;0;0;0;0;0;2;0;2;2;1;0;75;0;108;0;0;0;21;0;19;0;25;0;0;0;0;0;23;0;0;0;0;269;0;0;21;4;0;42;0;76;0;2;8;29;0;0;0;0;0;0;0;0;15;13;0;1;2;0;0;0;0;0;50;0;8;37;0;0;0;11;1;0;0;0;0;0;0;0;0;0;0;0;0;0;1
M68YD:02797:02984_SUB_SUB;257;0;0;0;0;0;0;0;0;1;0;0;1;0;0;7;0;13;23;0;1;2;0;4;0;4;0;0;0;0;0;14;0;0;0;0;63;0;0;1;3;0;3;0;23;0;0;0;4;0;0;0;0;0;0;0;0;14;13;0;0;0;0;0;0;0;0;14;0;7;19;1;0;1;9;0;0;0;0;0;0;0;0;12;0;0;0;0;0;0
M68YD:04372:06794_SUB_SUB;659;0;0;0;0;0;0;0;0;0;0;0;0;0;0;13;0;0;0;0;0;0;0;0;0;0;0;0;0;0;0;0;0;0;0;0;0;0;0;0;0;0;1;0;239;2;0;0;404;0;0;0;0;0;0;0;0;0;0;0;0;0;0;0;0;0;0;0;0;0;0;0;0;0;0;0;0;0;0;0;0;0;0;0;0;0;0;0;0;0
M68YD:01998:02853_SUB_SUB;161;0;0;0;0;0;0;0;0;0;0;0;0;0;0;3;0;0;0;0;0;0;0;0;0;0;0;0;0;0;0;0;0;0;0;0;0;0;0;0;0;0;0;0;64;0;0;0;94;0;0;0;0;0;0;0;0;0;0;0;0;0;0;0;0;0;0;0;0;0;0;0;0;0;0;0;0;0;0;0;0;0;0;0;0;0;0;0;0;0
M68YD:04074:06905_SUB_SUB;148;0;0;0;0;0;0;0;0;0;0;0;0;0;0;0;0;0;140;0;0;0;0;0;0;0;0;0;0;0;0;0;0;0;0;0;0;0;0;0;0;0;0;0;0;0;0;0;0;0;0;0;0;0;0;0;0;0;0;0;0;0;8;0;0;0;0;0;0;0;0;0;0;0;0;0;0;0;0;0;0;0;0;0;0;0;0;0;0;0
M68YD:00253:01996_SUB_SUB;623;0;0;0;41;0;0;0;0;0;0;0;0;0;0;0;0;0;0;0;0;0;0;0;0;0;0;0;0;0;0;0;0;0;0;0;0;0;0;0;0;0;0;0;0;0;0;24;0;0;0;0;0;0;0;0;0;0;0;0;0;0;0;0;0;0;0;0;0;233;0;17;289;0;0;19;0;0;0;0;0;0;0;0;0;0;0;0;0;0
M68YD:04582:06571_SUB_SUB;966;0;0;0;0;0;0;0;0;0;0;0;0;0;0;0;0;0;0;0;0;0;0;0;0;0;0;0;0;0;0;0;0;0;0;0;0;0;0;0;0;0;0;0;0;0;147;18;0;0;0;0;0;0;0;0;0;0;0;0;0;0;0;0;0;0;0;0;0;0;0;8;0;4;0;0;0;0;0;0;789;0;0;0;0;0;0;0;0;0
M68YD:00624:01009_SUB_SUB;105;0;0;0;0;0;0;0;0;0;0;0;0;0;0;0;0;0;0;0;0;0;0;0;0;0;0;0;0;0;0;0;0;0;0;0;0;0;0;0;0;0;0;0;0;0;10;1;0;0;0;0;0;0;0;0;0;0;0;0;0;0;0;0;0;0;0;0;0;0;0;1;0;0;0;0;0;0;0;0;93;0;0;0;0;0;0;0;0;0
M68YD:02212:01846_SUB_SUB;157;0;0;0;0;1;0;0;0;0;0;0;0;0;0;0;0;0;0;0;0;0;0;0;0;0;0;0;0;0;0;0;0;0;0;0;0;0;0;0;0;0;0;0;0;0;21;3;0;0;0;0;0;0;0;0;0;0;0;0;0;0;0;0;0;0;0;0;0;0;0;0;0;1;0;0;0;0;0;0;131;0;0;0;0;0;0;0;0;0
M68YD:00783:02695_SUB_SUB;130;0;0;0;0;0;0;0;0;0;0;0;0;0;0;0;0;0;0;0;0;0;0;0;0;0;0;0;0;0;0;0;0;0;0;0;0;0;0;0;0;0;0;0;0;0;11;8;0;0;0;0;0;0;0;0;0;0;0;0;0;0;0;0;0;0;0;0;0;0;0;0;0;0;0;0;0;0;0;0;111;0;0;0;0;0;0;0;0;0
M68YD:04307:06996_SUB_SUB;190;0;0;0;0;0;0;0;0;0;190;0;0;0;0;0;0;0;0;0;0;0;0;0;0;0;0;0;0;0;0;0;0;0;0;0;0;0;0;0;0;0;0;0;0;0;0;0;0;0;0;0;0;0;0;0;0;0;0;0;0;0;0;0;0;0;0;0;0;0;0;0;0;0;0;0;0;0;0;0;0;0;0;0;0;0;0;0;0;0
M68YD:04609:06523_SUB_SUB;190;0;0;0;0;0;0;0;0;0;0;0;0;0;0;0;0;0;0;0;0;0;0;0;0;0;0;0;0;0;0;0;0;0;0;0;0;0;0;0;0;0;0;0;0;0;0;0;0;0;0;0;0;0;0;0;0;0;184;0;0;0;0;0;0;6;0;0;0;0;0;0;0;0;0;0;0;0;0;0;0;0;0;0;0;0;0;0;0;0
M68YD:05162:02391_SUB_SUB;1279;0;5;0;0;0;0;0;37;0;0;0;0;0;0;0;13;0;0;0;0;0;0;0;0;0;0;0;0;0;37;515;0;41;0;0;0;0;0;0;0;0;0;0;0;0;0;152;0;0;0;0;0;0;0;0;0;0;0;0;0;97;0;8;0;21;0;0;0;258;0;95;0;0;0;0;0;0;0;0;0;0;0;0;0;0;0;0;0;0
M68YD:02825:02222_SUB_SUB;110;0;1;0;0;0;0;0;6;0;0;0;0;0;0;0;2;0;0;0;0;0;0;0;0;0;0;0;0;0;2;44;0;8;0;0;0;0;0;0;0;0;0;0;0;0;0;7;0;0;0;0;0;0;0;0;0;0;0;0;0;10;0;1;0;0;0;0;0;19;0;10;0;0;0;0;0;0;0;0;0;0;0;0;0;0;0;0;0;0
M68YD:04033:06841_SUB_SUB;510;0;0;0;0;0;0;0;16;0;0;0;0;0;0;0;5;0;0;0;0;0;0;0;0;0;0;0;0;0;11;152;0;11;0;0;0;0;0;0;0;0;0;0;0;0;0;50;0;0;0;0;0;0;0;0;0;0;0;0;0;121;0;3;0;10;0;0;0;88;0;43;0;0;0;0;0;0;0;0;0;0;0;0;0;0;0;0;0;0
M68YD:04156:06536_SUB_SUB;4394;0;0;0;0;0;0;0;0;0;0;0;0;0;0;0;0;0;0;0;0;0;0;0;0;0;0;0;0;233;0;0;0;0;0;0;0;181;0;0;0;0;11;0;0;6;0;0;0;0;1;0;0;0;0;0;0;0;0;0;0;0;0;2;0;0;0;0;251;0;2015;0;0;0;0;0;0;0;0;0;0;0;0;0;0;0;0;1153;541;0
M68YD:04508:06559_SUB_SUB;517;0;0;0;0;0;0;0;0;0;0;0;0;0;0;0;0;0;0;0;0;0;0;0;0;0;0;0;0;35;0;0;0;0;0;0;0;15;0;0;0;0;4;0;0;0;0;0;0;0;0;0;0;0;0;0;0;0;0;0;0;0;0;1;0;0;0;0;45;0;193;0;0;0;0;0;0;0;0;0;0;0;0;0;0;0;0;170;54;0
M68YD:04085:06571_SUB_SUB;1422;0;0;0;0;0;0;0;0;0;0;0;0;0;0;0;0;0;0;0;0;0;0;0;0;0;0;0;0;0;0;0;0;0;0;0;0;0;0;0;0;0;0;0;0;0;0;0;0;0;0;0;0;0;0;444;0;0;146;0;0;0;0;0;0;0;0;0;0;0;0;0;0;0;0;0;832;0;0;0;0;0;0;0;0;0;0;0;0;0
M68YD:04133:06982_SUB_SUB;223;0;0;0;0;0;0;0;0;0;0;0;0;0;0;0;0;0;0;0;0;0;0;0;0;0;0;0;0;0;0;0;0;0;0;0;0;0;0;0;0;0;0;0;0;0;0;0;0;0;0;0;0;0;0;66;0;0;17;0;0;0;0;0;0;0;0;0;0;0;0;0;0;0;0;0;140;0;0;0;0;0;0;0;0;0;0;0;0;0
M68YD:04214:06677_SUB_SUB;119;0;0;0;0;0;0;0;0;0;0;0;2;0;0;97;6;0;0;0;0;0;0;0;0;0;0;0;0;1;0;0;0;0;0;0;0;0;1;0;0;0;0;0;0;0;0;0;0;0;5;0;0;0;0;0;0;0;0;0;0;4;0;0;0;0;0;0;0;0;0;3;0;0;0;0;0;0;0;0;0;0;0;0;0;0;0;0;0;0
M68YD:04617:06559_SUB_SUB;105;0;0;0;0;0;0;0;0;0;0;0;0;0;0;0;0;0;0;0;0;0;0;0;0;0;0;0;0;0;0;0;0;0;0;0;0;0;0;0;0;0;0;0;0;0;0;0;0;0;0;0;0;0;0;14;0;0;4;0;0;0;0;0;0;0;0;0;0;0;0;0;0;0;0;0;87;0;0;0;0;0;0;0;0;0;0;0;0;0
M68YD:00606:01165_SUB_SUB;417;0;0;0;0;0;0;0;0;0;0;0;0;0;0;0;0;0;0;0;0;0;0;0;0;0;0;0;0;0;0;0;0;0;0;0;0;0;0;0;0;0;0;0;0;0;0;0;0;0;0;0;0;0;0;59;0;0;21;0;0;0;0;0;0;0;0;0;0;0;0;0;0;0;0;0;337;0;0;0;0;0;0;0;0;0;0;0;0;0
M68YD:04045:06868_SUB_SUB;204;0;0;0;0;0;0;0;0;0;0;0;0;0;0;0;0;0;0;0;0;0;0;0;0;0;0;0;0;0;0;0;0;0;0;0;0;0;0;0;0;0;204;0;0;0;0;0;0;0;0;0;0;0;0;0;0;0;0;0;0;0;0;0;0;0;0;0;0;0;0;0;0;0;0;0;0;0;0;0;0;0;0;0;0;0;0;0;0;0
M68YD:04906:04626_SUB_SUB;116;0;0;0;0;0;0;0;0;0;0;0;0;0;0;0;0;0;0;0;0;0;0;0;0;0;0;0;0;0;0;0;0;0;0;0;0;0;0;0;0;0;0;0;0;0;0;0;0;0;0;0;0;0;0;0;0;0;0;0;0;0;0;0;0;0;0;0;1;0;0;0;0;0;0;0;0;0;0;115;0;0;0;0;0;0;0;0;0;0
M68YD:04158:06706_SUB_SUB;240;0;0;0;0;0;0;0;0;0;0;0;0;0;0;0;0;0;0;0;0;0;0;0;0;0;0;0;0;0;0;0;0;0;0;0;0;0;0;0;0;0;0;0;0;0;0;0;0;0;0;0;0;0;0;0;0;0;0;0;0;0;0;0;0;0;0;0;0;0;240;0;0;0;0;0;0;0;0;0;0;0;0;0;0;0;0;0;0;0
M68YD:01237:03712_SUB_SUB;118;0;0;0;0;0;0;0;0;0;0;0;0;0;0;0;0;0;6;0;0;0;0;1;0;0;0;0;4;0;0;2;0;0;0;0;44;0;0;0;0;0;0;0;0;0;0;0;0;0;1;0;0;0;0;0;0;0;0;0;0;0;0;0;0;0;0;0;0;0;0;0;0;0;0;0;0;0;0;0;0;21;0;0;0;2;0;37;0;0
M68YD:04168:06893_SUB_SUB;335;0;0;0;0;0;0;0;0;0;0;0;0;0;0;0;0;0;0;0;0;0;0;0;0;0;0;0;0;0;0;0;0;0;0;0;0;0;0;0;0;0;0;0;0;0;0;0;0;0;0;0;0;0;0;0;0;0;0;0;0;0;0;0;0;0;0;0;0;0;333;1;0;0;0;1;0;0;0;0;0;0;0;0;0;0;0;0;0;0
M68YD:05243:03778_SUB_SUB;1249;0;0;0;1;0;0;0;0;1;0;7;5;0;1;84;0;90;0;0;9;105;0;89;0;9;0;0;0;1;0;126;0;0;0;0;106;0;1;38;4;0;136;0;72;1;11;22;50;0;0;0;0;0;0;0;0;11;42;0;0;11;0;6;0;1;0;43;0;95;13;1;0;0;28;2;1;0;0;0;23;0;0;2;0;0;0;0;0;1
M68YD:01052:06972_SUB_SUB;518;1;0;0;7;0;0;0;0;0;0;0;0;0;0;0;0;5;49;0;3;11;0;12;0;0;0;0;0;0;0;47;0;0;0;0;5;0;0;1;3;0;1;0;261;0;0;1;41;1;0;0;0;0;0;0;0;27;9;0;0;0;1;0;0;0;0;1;0;0;9;0;0;0;0;0;0;0;0;0;0;0;0;22;0;0;0;0;0;0
M68YD:04810:03915_SUB_SUB;108;0;0;0;0;0;0;0;0;1;0;0;1;0;0;10;0;9;0;0;0;13;0;15;0;0;0;0;0;0;0;11;0;0;0;0;1;0;0;3;0;0;7;0;12;0;0;0;5;0;0;0;0;0;0;0;0;2;0;0;0;0;0;0;0;0;0;8;0;3;1;0;0;0;5;0;0;0;0;0;1;0;0;0;0;0;0;0;0;0
M68YD:00917:03694_SUB_SUB;364;0;0;0;0;0;0;0;4;0;0;0;0;0;0;0;0;0;56;0;0;0;0;1;0;0;0;0;0;1;0;1;0;0;0;0;0;0;0;1;0;0;4;0;7;0;0;1;2;0;0;0;0;0;0;0;0;0;152;0;0;5;0;0;0;0;0;0;0;2;6;0;0;0;46;0;0;0;0;0;10;0;0;65;0;0;0;0;0;0
M68YD:03984:06475_SUB_SUB;632;0;0;0;0;0;0;0;0;0;0;0;0;0;0;0;0;190;0;0;0;0;0;0;0;0;0;0;0;0;0;0;0;0;0;0;0;0;0;0;0;0;0;0;0;0;0;0;0;0;0;0;0;0;0;0;0;0;0;0;0;0;0;0;0;0;0;0;0;12;428;0;0;0;0;2;0;0;0;0;0;0;0;0;0;0;0;0;0;0
M68YD:01298:02512_SUB_SUB;270;0;0;0;0;0;0;0;0;0;0;0;0;0;0;0;0;0;0;0;0;0;0;0;0;0;0;0;0;0;0;0;0;0;0;0;0;0;0;0;12;0;0;0;0;1;0;0;0;0;0;0;0;0;0;0;0;0;0;0;0;0;0;0;0;0;0;0;0;0;0;0;0;0;0;0;0;0;0;0;0;0;0;257;0;0;0;0;0;0
M68YD:05104:01550_SUB_SUB;312;0;0;0;0;0;0;0;7;0;0;0;0;0;0;3;0;1;102;0;0;0;0;0;0;0;0;0;0;0;0;0;0;0;0;0;5;0;0;0;0;0;1;0;8;0;0;1;0;0;0;0;0;0;0;0;0;0;79;0;0;0;0;0;0;0;0;0;0;1;1;0;0;0;26;0;0;0;0;0;1;0;0;76;0;0;0;0;0;0
M68YD:00833:05788_SUB_SUB;211;0;0;0;0;0;0;0;0;0;0;0;0;0;0;0;0;0;0;0;0;0;0;0;0;0;0;0;0;0;0;0;0;0;0;0;0;0;0;0;0;0;0;0;0;0;0;0;0;0;0;0;0;0;0;0;0;0;0;0;0;0;0;0;0;0;0;20;0;0;191;0;0;0;0;0;0;0;0;0;0;0;0;0;0;0;0;0;0;0
M68YD:04346:07007_SUB_SUB;921;0;0;0;0;0;0;0;0;0;0;0;0;0;0;0;0;16;0;0;0;0;0;0;0;0;0;0;0;0;0;0;0;0;0;0;0;0;0;0;0;0;0;0;0;0;0;0;0;0;0;0;0;0;0;0;0;0;0;0;0;0;0;0;0;0;0;0;0;1;903;0;0;0;0;1;0;0;0;0;0;0;0;0;0;0;0;0;0;0
M68YD:04154:06655_SUB_SUB;134;0;0;0;0;0;0;0;0;0;0;0;0;0;0;0;0;0;134;0;0;0;0;0;0;0;0;0;0;0;0;0;0;0;0;0;0;0;0;0;0;0;0;0;0;0;0;0;0;0;0;0;0;0;0;0;0;0;0;0;0;0;0;0;0;0;0;0;0;0;0;0;0;0;0;0;0;0;0;0;0;0;0;0;0;0;0;0;0;0
M68YD:04103:06687_SUB_SUB;210;0;0;0;0;0;0;0;0;0;0;0;0;0;0;0;0;0;0;0;0;0;0;0;0;0;0;0;0;0;0;0;0;0;0;0;0;0;0;0;0;0;0;0;0;0;0;0;0;0;0;0;0;0;0;0;0;0;0;0;0;0;0;0;0;0;0;0;0;0;210;0;0;0;0;0;0;0;0;0;0;0;0;0;0;0;0;0;0;0
M68YD:00832:06025_SUB_SUB;240;0;0;0;0;0;0;0;0;0;0;0;0;0;0;0;0;0;0;0;0;110;0;12;0;0;0;0;0;0;0;71;0;0;0;0;0;0;0;1;0;0;3;0;37;5;0;0;0;0;0;0;0;0;0;0;0;0;0;0;0;1;0;0;0;0;0;0;0;0;0;0;0;0;0;0;0;0;0;0;0;0;0;0;0;0;0;0;0;0
M68YD:01985:01144_SUB_SUB;615;0;0;0;0;0;0;0;0;0;0;0;1;0;0;9;0;0;432;0;3;2;0;3;0;5;0;1;0;0;0;57;0;0;0;0;0;0;0;3;31;0;13;0;0;0;0;0;0;0;0;0;0;0;0;0;0;0;4;0;0;0;0;0;0;0;0;14;0;2;0;0;0;0;28;1;0;0;0;0;6;0;0;0;0;0;0;0;0;0
M68YD:04330:06457_SUB_SUB;113;0;0;0;0;0;0;0;0;0;0;0;0;0;0;0;0;0;0;0;0;0;0;0;0;0;0;0;0;0;0;0;0;0;0;0;0;0;0;0;0;0;0;0;0;0;0;0;0;0;0;0;0;0;0;0;0;0;0;0;0;0;0;0;0;0;0;0;0;0;113;0;0;0;0;0;0;0;0;0;0;0;0;0;0;0;0;0;0;0
M68YD:00919:04160_SUB_SUB;207;0;0;0;0;0;0;0;0;0;0;0;0;0;0;0;0;0;0;0;0;0;0;0;0;0;0;0;0;0;0;4;0;0;0;0;0;0;0;0;0;0;0;0;0;0;0;0;0;0;0;0;0;0;0;0;0;0;0;0;0;0;0;0;0;0;0;0;0;0;0;0;0;0;0;0;0;0;0;0;0;0;0;0;0;0;0;203;0;0
M68YD:04990:03815_SUB_SUB;943;0;0;0;0;0;0;0;0;0;0;0;0;1;0;3;0;3;50;0;0;0;0;1;0;9;0;0;0;0;0;157;0;0;0;0;0;0;0;0;0;0;0;0;0;0;0;0;225;0;0;0;0;0;0;0;0;108;1;0;0;0;0;0;0;0;0;1;0;2;379;1;0;0;2;0;0;0;0;0;0;0;0;0;0;0;0;0;0;0
M68YD:00692:06292_SUB_SUB;188;0;0;0;0;0;0;0;0;0;0;0;0;0;0;0;0;0;160;0;0;0;0;0;0;0;0;0;0;0;0;0;0;0;0;0;28;0;0;0;0;0;0;0;0;0;0;0;0;0;0;0;0;0;0;0;0;0;0;0;0;0;0;0;0;0;0;0;0;0;0;0;0;0;0;0;0;0;0;0;0;0;0;0;0;0;0;0;0;0
M68YD:03388:03334_SUB_SUB;972;0;0;0;0;0;0;0;0;0;0;0;2;0;0;0;0;0;0;0;0;576;0;69;0;0;0;0;0;2;0;244;0;0;0;0;0;0;0;1;0;0;20;0;53;2;0;0;0;0;0;0;0;0;0;0;0;0;0;0;0;2;0;0;0;0;0;0;0;0;0;0;0;0;0;0;1;0;0;0;0;0;0;0;0;0;0;0;0;0
M68YD:01151:06087_SUB_SUB;110;0;0;0;0;0;0;0;0;0;0;0;0;0;0;0;0;0;0;0;0;63;0;10;0;0;0;0;0;0;0;29;0;0;0;0;0;0;0;0;0;0;2;0;6;0;0;0;0;0;0;0;0;0;0;0;0;0;0;0;0;0;0;0;0;0;0;0;0;0;0;0;0;0;0;0;0;0;0;0;0;0;0;0;0;0;0;0;0;0
M68YD:01221:01211_SUB_SUB;225;0;0;0;0;0;0;0;0;0;0;0;13;0;0;0;4;0;0;0;0;0;1;1;0;0;0;0;0;0;0;0;0;0;0;0;0;0;0;0;0;0;0;0;0;0;6;2;0;0;0;0;0;0;0;0;0;0;0;139;0;1;0;0;0;0;0;0;0;46;0;0;0;0;8;0;0;0;0;0;0;0;0;0;0;0;0;4;0;0
M68YD:00340:01355_SUB_SUB;294;0;0;0;0;0;0;0;0;0;0;0;0;3;69;31;0;25;0;58;0;0;0;0;0;0;0;0;0;0;0;0;0;0;0;0;16;0;0;0;0;0;0;0;0;0;1;0;3;0;0;0;0;0;0;0;0;0;2;0;0;0;0;0;0;0;0;32;14;5;0;0;0;0;8;0;0;0;0;0;0;0;10;0;0;0;0;17;0;0
M68YD:04006:06795_SUB_SUB;258;0;0;0;0;0;0;0;0;0;0;0;0;0;0;0;0;0;0;0;0;0;0;0;0;0;0;0;0;0;0;0;0;0;0;0;0;0;0;0;0;0;0;0;0;0;0;0;0;0;0;0;0;0;0;0;0;0;0;0;0;0;0;0;0;0;0;0;0;0;258;0;0;0;0;0;0;0;0;0;0;0;0;0;0;0;0;0;0;0
M68YD:04124:06778_SUB_SUB;1693;0;0;0;0;0;0;0;0;0;0;0;0;0;0;0;0;18;0;0;0;9;0;0;0;0;0;0;0;0;0;256;0;0;0;0;0;0;0;0;0;0;0;0;0;0;0;0;257;0;0;0;0;0;0;0;0;0;0;0;0;0;0;0;0;0;0;0;0;0;1142;0;0;0;0;11;0;0;0;0;0;0;0;0;0;0;0;0;0;0
M68YD:03989:03388_SUB_SUB;150;0;0;0;0;0;0;0;0;0;0;0;0;0;0;0;0;2;0;0;0;0;0;0;0;0;0;0;0;0;0;24;0;0;0;0;0;0;0;0;0;0;0;0;0;0;0;0;23;0;0;0;0;0;0;0;0;0;0;0;0;0;0;0;0;0;0;0;0;0;98;0;0;0;0;3;0;0;0;0;0;0;0;0;0;0;0;0;0;0
M68YD:02894:06519_SUB_SUB;146;0;0;0;0;0;0;0;0;0;0;0;0;1;6;0;0;0;3;0;0;0;0;16;0;0;0;0;0;0;0;30;0;0;0;0;0;0;0;0;0;0;0;0;0;0;0;0;0;0;0;0;0;0;0;0;0;0;0;0;89;0;0;0;0;0;0;0;0;0;0;0;0;0;0;0;0;0;0;0;0;0;0;0;0;0;0;1;0;0
M68YD:03501:04859_SUB_SUB;266;0;0;0;0;0;0;0;0;0;0;0;0;0;0;0;0;2;0;0;0;2;0;0;0;0;0;0;0;0;0;27;0;0;0;0;0;0;0;0;0;0;0;0;0;0;0;0;59;0;0;0;0;0;0;0;0;0;0;0;0;0;0;0;0;0;0;0;0;0;173;0;0;0;0;3;0;0;0;0;0;0;0;0;0;0;0;0;0;0
M68YD:02001:00742_SUB_SUB;134;0;0;0;0;0;0;0;0;0;0;0;0;0;1;0;4;0;0;11;0;1;0;12;0;0;0;0;2;0;0;1;0;0;0;6;0;1;0;0;0;0;0;0;3;0;0;0;0;0;0;0;0;0;4;0;0;0;0;57;19;0;0;0;0;0;0;4;0;0;0;0;0;0;0;0;0;0;0;0;0;0;0;0;0;0;1;7;0;0
M68YD:03908:01549_SUB_SUB;1174;0;0;0;0;0;0;0;0;0;0;0;0;0;0;0;0;0;0;0;0;0;0;0;0;0;0;0;0;0;0;0;0;0;0;0;0;0;0;0;0;0;0;0;0;26;0;0;0;0;0;0;0;0;0;0;0;0;0;0;0;0;0;0;1148;0;0;0;0;0;0;0;0;0;0;0;0;0;0;0;0;0;0;0;0;0;0;0;0;0
M68YD:04239:01106_SUB_SUB;272;0;0;0;0;0;0;0;0;0;0;0;0;0;0;0;0;0;0;0;0;0;0;0;0;0;0;1;0;0;0;0;0;0;0;268;0;0;0;0;0;0;0;0;0;0;0;0;0;0;0;0;0;0;0;0;0;0;0;0;0;0;0;0;3;0;0;0;0;0;0;0;0;0;0;0;0;0;0;0;0;0;0;0;0;0;0;0;0;0
M68YD:04257:06992_SUB_SUB;141;0;0;0;0;0;0;0;0;0;0;0;0;0;0;0;0;0;0;0;0;0;0;0;0;0;0;0;0;0;0;0;0;0;0;123;0;2;0;0;0;0;0;0;0;0;0;0;0;0;0;0;0;0;0;0;0;0;0;0;0;0;0;0;14;0;0;0;0;0;0;0;0;0;0;0;0;0;0;0;0;0;0;0;0;0;2;0;0;0
M68YD:04136:04498_SUB_SUB;207;0;0;0;0;0;0;0;0;0;0;0;0;2;0;0;0;1;0;0;0;8;0;0;0;0;0;0;0;0;0;16;0;0;0;0;0;0;0;0;0;0;0;0;0;1;0;1;138;0;0;0;0;0;0;0;0;34;5;0;0;0;0;0;0;0;0;0;0;0;0;1;0;0;0;0;0;0;0;0;0;0;0;0;0;0;0;0;0;0
M68YD:04918:02249_SUB_SUB;140;0;0;0;0;0;0;0;0;0;0;0;1;0;0;1;0;1;0;0;0;2;0;0;0;0;0;0;0;0;1;20;0;0;0;0;0;0;0;0;0;0;0;0;0;0;0;2;112;0;0;0;0;0;0;0;0;0;0;0;0;0;0;0;0;0;0;0;0;0;0;0;0;0;0;0;0;0;0;0;0;0;0;0;0;0;0;0;0;0
M68YD:04158:06659_SUB_SUB;183;0;1;0;0;0;0;0;0;0;0;1;0;3;0;0;0;0;0;2;0;15;0;0;0;0;0;0;0;1;17;1;0;0;0;0;0;4;1;0;0;0;0;0;0;0;0;2;8;0;0;0;99;2;0;0;15;0;1;0;0;1;0;0;0;0;0;0;0;0;0;0;0;0;0;0;0;0;0;0;2;0;0;0;0;0;0;7;0;0
M68YD:04347:06456_SUB_SUB;1414;0;11;0;0;0;0;0;0;10;0;7;0;23;0;2;0;2;0;19;0;121;1;0;0;0;0;0;3;12;115;19;0;0;0;0;0;10;6;0;0;2;2;0;0;14;0;49;64;0;2;1;689;23;0;9;101;3;8;0;0;15;0;0;11;0;0;0;0;0;0;1;0;0;0;0;0;15;0;0;5;0;0;0;5;0;0;34;0;0
M68YD:04361:06993_SUB_SUB;74006;0;549;0;0;0;0;1;0;733;0;382;51;1347;0;193;15;113;0;1405;0;8803;40;0;0;0;0;0;124;1062;4416;1709;0;6;0;0;0;1099;352;0;0;102;415;0;0;1460;0;3542;6812;0;270;158;26013;780;0;416;3949;419;822;0;1;1277;0;103;981;35;0;0;0;0;0;316;0;0;0;0;0;973;0;0;343;53;0;0;137;0;0;2209;1;19
M68YD:00628:02087_SUB_SUB;9590;0;61;0;0;0;0;0;1;80;0;28;11;181;0;24;0;16;0;98;0;919;15;0;0;0;0;0;17;112;713;182;0;3;0;0;0;109;55;0;0;10;45;0;0;158;0;389;561;0;42;17;4044;93;0;43;692;46;97;0;0;150;0;7;75;3;0;0;0;0;0;23;0;0;0;0;0;102;0;0;36;3;0;0;26;0;0;301;1;1
M68YD:05245:02487_SUB_SUB;450;0;6;0;0;0;0;0;0;2;0;3;0;9;0;3;0;1;0;5;0;31;0;0;0;0;0;0;1;3;38;5;0;0;0;0;0;3;2;0;0;0;1;0;0;6;0;19;19;0;1;1;205;6;0;2;31;2;0;0;0;13;0;0;5;0;0;0;0;0;0;0;0;0;0;0;0;5;0;0;3;0;0;0;3;0;0;16;0;0
M68YD:00908:03815_SUB_SUB;2726;0;9;0;0;0;0;0;0;26;0;10;2;52;0;10;2;3;0;36;0;230;3;0;0;0;0;0;3;27;205;65;0;0;0;0;0;32;13;0;0;1;15;0;0;76;0;125;192;0;9;11;1038;34;0;17;156;15;39;0;0;78;0;5;14;0;0;0;0;0;0;11;0;0;0;0;0;29;0;0;11;3;0;0;7;0;0;111;0;1
M68YD:04014:06647_SUB_SUB;686;0;0;0;0;0;0;0;0;0;0;0;0;0;0;0;0;0;0;0;0;456;0;0;0;0;0;0;0;0;0;0;0;0;0;0;0;0;0;0;0;0;0;0;0;1;0;0;1;0;0;0;202;0;0;0;26;0;0;0;0;0;0;0;0;0;0;0;0;0;0;0;0;0;0;0;0;0;0;0;0;0;0;0;0;0;0;0;0;0
M68YD:04054:06427_SUB_SUB;647;0;0;0;0;0;0;0;0;0;0;0;0;0;0;0;0;0;0;0;0;647;0;0;0;0;0;0;0;0;0;0;0;0;0;0;0;0;0;0;0;0;0;0;0;0;0;0;0;0;0;0;0;0;0;0;0;0;0;0;0;0;0;0;0;0;0;0;0;0;0;0;0;0;0;0;0;0;0;0;0;0;0;0;0;0;0;0;0;0
M68YD:00951:02541_SUB_SUB;1088;0;0;0;0;0;0;0;0;0;0;0;1;15;0;13;0;4;0;0;0;90;0;0;0;0;0;0;0;0;0;264;0;0;0;0;0;0;0;0;0;0;3;0;0;0;1;1;572;0;0;9;0;0;0;0;0;89;22;0;0;1;0;0;0;0;0;0;0;0;0;1;0;0;0;0;0;0;0;0;0;0;0;0;0;0;0;2;0;0
M68YD:04586:06846_SUB_SUB;177;0;0;0;0;0;0;0;0;0;0;0;0;16;0;1;0;0;0;0;0;0;0;0;0;0;0;0;0;0;0;44;0;0;0;0;0;0;0;0;0;0;0;0;0;0;0;0;94;0;0;0;0;0;0;0;0;12;0;0;0;0;0;0;0;0;0;0;0;0;0;0;0;0;0;0;0;0;0;0;0;0;0;0;0;0;0;10;0;0
M68YD:05219:05281_SUB_SUB;2748;0;6;0;0;0;0;0;0;13;0;3;15;96;0;42;2;26;0;205;0;208;11;0;0;0;0;0;9;19;182;206;0;0;0;0;0;16;19;0;0;4;16;0;0;22;0;314;752;0;8;15;3;0;0;4;1;57;174;0;0;60;0;7;1;3;0;0;0;0;0;48;0;0;0;0;0;3;0;0;17;13;0;0;0;0;0;148;0;0
M68YD:01311:01007_SUB_SUB;270;0;0;0;0;0;0;0;0;2;0;1;0;14;0;2;0;4;0;23;0;17;0;0;0;0;0;0;1;3;29;23;0;0;0;0;0;1;5;0;0;0;1;0;0;0;0;26;57;0;0;1;0;0;0;0;0;4;18;0;0;7;0;1;0;0;0;0;0;0;0;5;0;0;0;0;0;1;0;0;1;0;0;0;0;0;0;23;0;0
M68YD:01975:07027_SUB_SUB;123;0;1;0;0;0;0;0;0;0;0;0;1;2;0;0;0;0;0;0;0;31;0;0;0;0;0;0;0;0;29;6;0;0;0;0;0;2;1;0;0;0;0;0;0;2;0;15;21;0;0;0;3;0;0;0;0;0;2;0;0;1;0;0;0;0;0;0;0;0;0;1;0;0;0;0;0;1;0;0;1;0;0;0;0;0;0;3;0;0
M68YD:03057:01176_SUB_SUB;112;0;0;0;0;0;0;0;0;0;0;2;0;0;0;1;0;0;0;0;0;35;0;0;0;0;0;0;0;0;0;8;0;0;0;0;0;0;0;0;0;1;0;0;0;10;0;17;6;0;3;0;0;0;0;0;0;0;1;0;0;5;0;0;0;2;0;0;0;0;0;19;0;0;0;0;0;0;0;0;0;0;0;0;0;0;0;2;0;0
M68YD:03672:05528_SUB_SUB;187;0;2;0;0;0;0;0;0;0;0;0;0;1;0;4;0;4;0;111;0;3;0;0;0;0;0;0;5;1;25;1;0;0;0;0;0;1;3;0;0;0;0;0;0;0;0;9;5;0;0;1;0;0;0;0;0;4;0;0;0;5;0;0;0;0;0;0;0;0;0;0;0;0;0;0;0;0;0;0;0;1;0;0;0;0;0;1;0;0
M68YD:04704:01671_SUB_SUB;157;0;0;0;0;0;0;0;0;0;0;0;0;0;0;0;0;0;0;0;0;0;0;0;0;0;0;0;0;0;0;0;0;0;0;0;0;8;0;0;0;0;0;0;0;0;0;0;0;0;0;0;122;0;0;0;25;0;0;0;0;0;0;0;0;0;0;0;0;0;0;0;0;0;0;0;0;2;0;0;0;0;0;0;0;0;0;0;0;0
M68YD:04348:06400_SUB_SUB;663;0;0;0;0;0;0;0;0;166;239;0;0;0;0;0;0;0;0;0;0;0;0;0;0;0;0;0;0;0;0;0;0;0;0;0;0;0;0;0;0;0;0;0;0;0;0;0;0;0;0;0;0;0;0;0;0;0;0;258;0;0;0;0;0;0;0;0;0;0;0;0;0;0;0;0;0;0;0;0;0;0;0;0;0;0;0;0;0;0
M68YD:03075:03488_SUB_SUB;250;0;0;0;0;0;0;0;0;0;0;0;0;0;0;0;0;0;0;0;0;0;0;0;0;0;0;0;0;0;0;0;0;0;0;0;0;1;0;0;0;0;0;0;0;0;0;0;0;0;0;0;239;0;0;0;9;0;0;0;0;0;0;0;0;0;0;0;0;0;0;1;0;0;0;0;0;0;0;0;0;0;0;0;0;0;0;0;0;0
M68YD:04149:06542_SUB_SUB;170;0;111;0;0;0;0;0;0;52;0;0;0;0;0;0;0;0;0;0;0;0;0;0;0;0;0;0;0;0;0;0;0;0;0;0;0;0;6;0;0;0;0;0;0;0;0;0;0;0;0;1;0;0;0;0;0;0;0;0;0;0;0;0;0;0;0;0;0;0;0;0;0;0;0;0;0;0;0;0;0;0;0;0;0;0;0;0;0;0
M68YD:01294:03394_SUB_SUB;5007;0;0;0;0;0;0;0;0;0;0;0;1;0;0;0;0;0;0;0;0;0;0;0;0;0;0;0;0;0;446;1;0;0;0;0;0;0;0;0;0;0;0;0;0;63;0;294;0;0;0;0;0;0;1;0;0;0;108;0;521;2291;0;2;0;6;0;0;0;1;0;0;0;0;0;0;0;0;0;0;0;0;0;0;16;0;1256;0;0;0
M68YD:00471:00772_SUB_SUB;532;0;0;0;0;0;0;0;0;0;0;0;0;0;0;0;0;0;0;0;0;0;0;0;0;0;0;0;0;0;60;0;0;0;0;0;0;0;0;0;0;0;0;0;0;5;0;22;0;0;0;0;0;0;0;0;0;0;10;0;45;231;0;1;0;1;0;0;0;0;0;0;0;0;0;0;0;0;0;0;0;0;0;0;1;0;156;0;0;0
M68YD:00424:03410_SUB_SUB;109;0;0;0;0;0;0;0;0;0;0;0;0;0;0;0;0;0;0;0;0;0;0;0;0;0;0;0;0;0;4;0;0;0;0;0;0;0;0;0;0;0;0;0;0;1;0;6;0;0;0;0;0;0;0;0;0;0;2;0;13;68;0;0;0;1;0;0;0;0;0;0;0;0;0;0;0;0;0;0;0;0;0;0;0;0;14;0;0;0
M68YD:04141:06566_SUB_SUB;638;0;18;6;0;29;0;0;0;0;0;0;0;0;0;0;0;0;0;0;0;0;3;0;0;0;0;0;0;256;0;0;0;0;0;0;0;0;0;0;0;16;0;0;0;0;0;17;0;0;0;0;0;0;0;0;0;0;0;0;0;0;0;79;0;0;0;0;0;0;0;0;0;0;214;0;0;0;0;0;0;0;0;0;0;0;0;0;0;0
M68YD:04181:06760_SUB_SUB;898;0;64;3;58;10;42;0;0;90;0;0;0;0;0;0;0;0;0;0;0;0;0;0;0;0;0;0;0;0;0;0;0;0;0;0;0;0;0;77;0;0;0;0;0;0;0;126;0;0;0;0;0;0;0;0;0;0;0;0;0;180;0;182;0;24;0;0;0;0;0;0;42;0;0;0;0;0;0;0;0;0;0;0;0;0;0;0;0;0
M68YD:00207:04703_SUB_SUB;109;0;7;0;1;1;9;0;0;11;0;0;0;0;0;0;0;0;0;0;0;0;0;0;0;0;0;0;0;0;0;0;0;0;0;0;0;0;0;11;0;0;0;0;0;0;0;10;0;0;0;0;0;0;0;0;0;0;0;0;0;25;0;23;0;5;0;0;0;0;0;0;6;0;0;0;0;0;0;0;0;0;0;0;0;0;0;0;0;0
M68YD:01013:05835_SUB_SUB;1040;5;0;1;1;0;8;127;115;0;0;0;0;0;0;17;1;0;0;0;0;0;0;109;1;0;0;0;0;9;0;0;0;0;0;0;0;0;0;28;11;10;58;0;472;32;3;0;0;0;0;1;0;8;0;0;0;0;0;0;0;0;0;0;0;0;0;7;0;0;0;1;5;0;0;0;0;0;0;0;0;0;1;0;4;0;0;0;0;5
M68YD:04801:05388_SUB_SUB;178;0;0;0;1;0;1;18;11;0;0;0;0;0;0;3;0;0;0;0;0;0;0;8;0;0;0;0;0;2;0;0;0;0;0;0;0;0;0;5;1;0;8;0;111;3;0;0;0;0;0;0;0;2;0;0;0;0;0;0;0;0;0;0;0;0;0;0;0;0;0;0;1;0;0;0;0;0;0;0;0;0;0;0;1;0;0;0;0;2
M68YD:03556:05112_SUB_SUB;231;0;0;0;0;0;2;0;0;0;0;0;0;0;0;0;0;0;0;0;0;0;0;0;0;0;0;0;0;0;0;0;0;0;0;0;0;0;0;0;0;0;0;0;0;0;0;0;0;0;4;0;108;2;0;0;0;0;0;0;0;0;0;0;44;0;71;0;0;0;0;0;0;0;0;0;0;0;0;0;0;0;0;0;0;0;0;0;0;0
M68YD:03328:07505_SUB_SUB;25124;0;0;0;0;0;0;0;0;1;0;0;0;0;0;0;0;0;0;0;0;0;50;0;14;0;0;9;0;0;0;0;0;21;5;19231;0;4118;0;0;0;0;0;0;0;0;0;0;0;0;0;0;0;0;0;0;0;0;0;0;0;0;0;0;272;0;1;0;0;0;0;0;0;0;0;0;0;0;0;0;0;0;0;0;0;0;1396;0;6;0
M68YD:04621:05617_SUB_SUB;830;0;0;0;0;0;0;0;0;0;0;0;0;0;0;0;0;0;0;0;0;0;0;0;0;0;0;0;0;0;0;0;0;0;0;0;0;826;0;0;0;0;0;0;0;0;0;0;0;0;0;0;0;0;0;0;0;0;0;0;0;0;0;0;0;0;0;0;0;0;0;0;0;0;0;0;0;0;0;0;0;0;0;0;0;0;4;0;0;0
M68YD:01207:05760_SUB_SUB;427;1;0;0;0;0;0;0;0;0;0;0;0;0;0;0;0;0;0;0;0;0;0;0;12;0;0;0;0;0;0;0;0;0;0;0;0;0;0;0;0;0;11;0;0;16;0;0;0;0;0;0;0;71;0;0;0;0;0;0;0;0;282;0;0;0;0;0;1;0;0;0;0;0;0;0;0;0;0;0;0;0;4;0;16;0;0;0;0;13
M68YD:00868:04313_SUB_SUB;1057;2;0;0;0;0;0;0;0;0;0;0;0;0;0;0;0;0;0;0;0;0;0;0;0;0;0;0;0;0;0;0;0;0;0;0;0;0;0;0;0;0;0;0;0;0;0;0;0;0;0;0;0;36;924;75;19;0;0;0;0;0;0;0;0;0;0;0;0;0;0;0;0;0;0;0;0;0;0;0;0;0;0;0;0;0;0;0;0;1
M68YD:01705:04826_SUB_SUB;485;1;0;0;0;0;0;0;0;0;0;0;0;0;0;0;0;0;0;0;0;0;0;0;0;0;0;0;0;0;3;0;0;0;0;0;0;0;3;0;0;0;0;0;0;0;0;0;0;0;0;0;6;0;399;14;1;0;0;0;0;0;0;0;0;0;0;0;0;0;0;0;0;0;0;0;0;58;0;0;0;0;0;0;0;0;0;0;0;0
M68YD:04089:06873_SUB_SUB;131;0;24;0;0;0;0;0;0;79;0;28;0;0;0;0;0;0;0;0;0;0;0;0;0;0;0;0;0;0;0;0;0;0;0;0;0;0;0;0;0;0;0;0;0;0;0;0;0;0;0;0;0;0;0;0;0;0;0;0;0;0;0;0;0;0;0;0;0;0;0;0;0;0;0;0;0;0;0;0;0;0;0;0;0;0;0;0;0;0
M68YD:04248:06972_SUB_SUB;262;0;88;15;0;0;0;0;0;125;0;34;0;0;0;0;0;0;0;0;0;0;0;0;0;0;0;0;0;0;0;0;0;0;0;0;0;0;0;0;0;0;0;0;0;0;0;0;0;0;0;0;0;0;0;0;0;0;0;0;0;0;0;0;0;0;0;0;0;0;0;0;0;0;0;0;0;0;0;0;0;0;0;0;0;0;0;0;0;0
M68YD:04438:06760_SUB_SUB;252;0;103;0;0;0;0;0;0;96;0;53;0;0;0;0;0;0;0;0;0;0;0;0;0;0;0;0;0;0;0;0;0;0;0;0;0;0;0;0;0;0;0;0;0;0;0;0;0;0;0;0;0;0;0;0;0;0;0;0;0;0;0;0;0;0;0;0;0;0;0;0;0;0;0;0;0;0;0;0;0;0;0;0;0;0;0;0;0;0
M68YD:03429:02320_SUB_SUB;17646;0;1;0;0;0;0;0;0;0;0;0;3;0;0;0;0;0;0;0;16;0;296;0;3;0;0;1;0;1;8333;0;0;0;2;2666;0;71;0;0;0;0;0;0;0;0;0;0;0;0;4;0;244;9;229;1431;240;0;0;0;0;0;0;4;0;0;0;0;0;0;0;0;0;0;0;0;0;399;0;0;0;0;0;0;0;0;3693;0;0;0
M68YD:02636:06044_SUB_SUB;228;0;0;1;0;0;0;0;0;0;0;0;0;0;0;0;0;0;0;0;0;0;0;0;0;0;0;0;0;0;2;0;0;0;0;0;0;0;0;0;0;0;0;0;0;0;0;0;0;0;0;0;78;0;67;0;3;0;0;0;0;0;0;0;0;0;0;0;0;0;0;0;0;0;0;0;0;42;0;0;0;0;0;0;0;0;35;0;0;0
M68YD:00219:04977_SUB_SUB;501;0;0;0;0;0;17;0;0;0;0;0;0;0;0;0;0;0;0;0;0;0;0;0;0;0;0;0;0;0;16;0;0;3;0;0;0;0;0;0;0;0;0;0;0;1;0;0;0;0;8;0;0;0;0;0;0;0;0;0;0;0;0;0;456;0;0;0;0;0;0;0;0;0;0;0;0;0;0;0;0;0;0;0;0;0;0;0;0;0
M68YD:04107:06544_SUB_SUB;115;0;0;0;0;0;0;41;0;0;0;0;0;0;0;0;0;0;0;0;0;0;0;0;0;0;0;0;0;0;0;0;0;0;0;0;0;0;0;0;0;0;0;0;0;0;0;0;0;0;0;0;0;71;0;0;3;0;0;0;0;0;0;0;0;0;0;0;0;0;0;0;0;0;0;0;0;0;0;0;0;0;0;0;0;0;0;0;0;0
M68YD:00833:05774_SUB_SUB;885;0;0;0;0;0;0;2;0;0;0;0;0;0;0;0;0;0;0;0;6;0;0;0;0;0;0;0;0;3;40;0;0;0;0;0;0;0;201;0;0;0;0;0;5;0;0;0;0;0;19;0;161;0;181;35;7;0;1;2;0;0;8;0;3;0;0;0;0;0;0;0;0;0;0;0;0;138;0;0;0;0;0;0;0;1;72;0;0;0
M68YD:04697:06377_SUB_SUB;1517;0;0;0;0;0;0;10;0;0;0;0;0;0;0;34;0;0;0;0;0;223;0;257;9;0;0;0;3;291;0;0;0;0;0;0;0;0;0;0;0;2;8;0;11;25;0;0;0;0;0;0;0;342;113;16;0;0;0;0;0;0;15;0;0;1;0;0;8;0;0;0;2;0;0;0;0;49;0;0;0;0;0;0;34;0;0;64;0;0
M68YD:01209:02840_SUB_SUB;188;0;0;0;0;0;0;1;1;0;0;0;0;0;0;5;0;0;0;0;0;20;0;37;0;0;0;0;0;27;0;0;0;0;0;0;0;0;0;0;0;0;0;0;6;1;0;0;0;0;0;0;0;57;11;4;0;0;0;0;0;0;0;0;0;0;0;0;0;0;0;0;0;0;0;0;0;8;0;0;0;0;0;0;2;0;0;8;0;0
M68YD:04215:02964_SUB_SUB;119;0;0;0;0;0;0;2;0;0;0;0;0;0;0;0;0;0;0;0;0;117;0;0;0;0;0;0;0;0;0;0;0;0;0;0;0;0;0;0;0;0;0;0;0;0;0;0;0;0;0;0;0;0;0;0;0;0;0;0;0;0;0;0;0;0;0;0;0;0;0;0;0;0;0;0;0;0;0;0;0;0;0;0;0;0;0;0;0;0
M68YD:04284:00323_SUB_SUB;491;0;0;0;0;0;0;1;0;0;0;0;0;0;0;0;0;0;0;0;15;0;0;0;0;0;0;0;0;0;4;0;0;0;0;0;0;0;3;0;0;0;0;0;0;0;0;0;0;0;0;0;0;0;0;18;0;0;0;0;0;0;0;0;0;0;0;0;0;0;0;0;0;0;0;0;0;450;0;0;0;0;0;0;0;0;0;0;0;0
M68YD:02630:05510_SUB_SUB;176;0;0;0;0;0;0;1;0;0;0;0;0;0;0;0;0;0;0;0;7;0;0;0;0;0;0;0;0;0;3;0;0;0;0;0;0;0;0;0;0;0;0;0;0;0;0;0;0;0;0;0;0;0;0;8;0;0;0;0;0;0;0;0;1;0;0;0;0;0;0;0;0;0;0;0;0;156;0;0;0;0;0;0;0;0;0;0;0;0
M68YD:02097:02824_SUB_SUB;4705;0;0;0;0;0;0;1;0;0;0;0;0;0;0;0;0;0;0;0;105;0;0;0;0;0;0;0;0;0;324;0;0;0;0;0;0;0;17;0;0;0;0;0;0;0;0;0;0;0;0;0;0;0;0;500;0;0;0;0;0;0;0;0;19;0;0;0;0;0;0;0;0;0;0;0;0;3739;0;0;0;0;0;0;0;0;0;0;0;0
M68YD:02644:03145_SUB_SUB;151;0;0;0;0;0;0;1;0;0;0;0;0;0;2;5;0;0;0;0;0;0;0;0;1;0;0;0;0;2;0;0;0;0;0;0;0;0;0;0;1;1;3;0;11;8;0;0;0;0;0;0;0;48;0;0;0;0;0;0;16;0;1;0;0;0;0;0;0;0;0;0;0;0;0;0;0;0;0;0;0;0;0;0;3;0;10;38;0;0
M68YD:03102:07200_SUB_SUB;1831;0;0;0;0;0;0;1;0;0;0;0;0;0;0;0;0;0;0;0;0;0;0;0;0;0;0;0;0;1148;120;0;0;4;0;0;0;0;5;0;0;0;0;0;0;0;0;0;0;0;4;0;0;0;0;0;0;0;0;0;0;0;0;0;0;0;0;0;0;0;0;0;0;0;0;0;0;537;0;0;0;0;0;0;0;0;12;0;0;0
M68YD:02361:06699_SUB_SUB;1232;0;0;0;0;0;0;0;1;0;0;0;0;0;0;0;0;0;0;0;2;0;0;0;16;0;0;0;0;22;4;0;0;0;0;0;0;0;0;0;0;0;0;0;20;15;0;0;0;0;0;0;0;83;0;45;0;0;0;0;38;8;740;0;207;0;0;0;0;0;0;0;0;0;0;0;0;0;0;0;0;0;29;0;0;0;0;0;0;2
M68YD:04231:01256_SUB_SUB;7019;0;0;0;0;0;0;0;1;0;0;0;1;0;0;0;0;0;0;0;91;0;0;0;1;0;0;0;0;32;342;0;0;15;0;0;0;0;1379;0;0;2;0;0;28;0;0;1;0;0;160;0;1435;0;1507;220;91;0;17;13;0;0;135;0;50;0;1;0;0;0;0;0;0;0;0;0;0;990;0;0;0;0;0;0;0;5;502;0;0;0
M68YD:02463:03678_SUB_SUB;161;0;0;0;0;0;0;0;0;1;0;7;0;0;0;0;0;0;0;3;0;65;0;8;0;0;0;0;0;0;1;3;0;0;0;36;0;0;0;0;0;0;0;0;0;0;0;0;0;0;0;0;0;1;0;0;0;0;1;0;0;0;6;0;0;0;4;4;0;0;0;0;1;0;0;0;0;0;0;1;0;0;5;0;0;7;0;7;0;0
M68YD:03062:04937_SUB_SUB;178;0;0;0;0;0;0;0;0;0;0;2;0;0;0;0;0;0;0;0;0;69;0;0;0;0;0;0;0;94;0;0;0;0;0;0;0;0;0;0;0;0;0;0;0;0;0;0;0;0;0;0;0;8;0;0;0;0;0;0;0;0;0;0;0;0;0;0;0;0;0;0;0;0;0;0;0;0;0;0;0;0;0;0;5;0;0;0;0;0
M68YD:05286:02298_SUB_SUB;262;0;0;0;0;0;0;0;0;0;0;0;1;0;0;0;0;0;0;0;0;0;0;0;0;0;0;0;0;0;0;0;0;0;0;0;0;0;0;0;1;8;8;0;79;151;0;0;0;0;11;0;0;0;0;0;0;0;0;0;0;0;0;0;0;0;0;0;0;0;0;0;0;0;0;0;0;0;0;0;0;0;0;0;0;0;0;0;0;3
M68YD:00788:01054_SUB_SUB;326;0;0;0;0;0;0;0;0;0;0;0;1;0;0;0;0;0;0;0;0;0;2;0;0;0;0;0;0;0;248;0;0;0;0;16;0;0;0;0;0;0;0;0;0;0;0;0;0;0;0;0;5;0;1;6;2;0;0;0;0;0;0;0;0;0;0;0;0;0;0;0;0;0;0;0;0;2;0;0;0;0;0;0;0;0;43;0;0;0
M68YD:05247:03983_SUB_SUB;125;0;0;0;0;0;0;0;0;0;0;0;1;0;0;0;0;0;0;0;0;0;0;0;0;0;0;0;0;0;37;0;0;0;0;2;0;7;5;0;0;0;0;0;0;0;0;0;0;0;2;0;0;0;0;0;0;0;0;0;0;0;0;0;0;0;0;0;0;0;0;0;0;0;0;0;0;0;71;0;0;0;0;0;0;0;0;0;0;0
M68YD:00053:01749_SUB_SUB;3756;0;0;0;0;0;0;0;0;0;0;0;1;0;0;0;0;0;0;0;3;0;66;0;1;0;0;0;0;0;1976;0;0;0;0;333;0;6;0;0;0;0;0;0;0;0;0;0;0;0;0;0;26;0;29;259;22;0;0;0;0;0;0;1;0;0;0;0;0;0;0;0;0;0;0;0;0;52;0;0;0;0;0;0;0;0;981;0;0;0
M68YD:04378:06867_SUB_SUB;122;0;0;0;0;0;0;0;0;0;0;0;0;32;0;0;0;0;33;0;0;0;0;0;0;0;0;0;0;0;0;0;0;0;0;0;0;0;0;0;0;0;0;0;0;0;0;0;0;0;0;0;28;0;0;4;0;0;0;0;0;0;0;0;0;0;0;0;0;0;0;0;0;0;0;0;0;0;0;0;0;0;0;0;0;0;0;25;0;0
M68YD:04488:06740_SUB_SUB;217;0;0;0;0;0;0;0;0;0;0;0;0;5;0;0;0;0;0;0;11;0;0;0;0;0;0;0;0;0;18;0;0;5;0;0;0;0;0;0;0;0;0;0;0;0;0;0;0;0;0;0;5;8;20;8;0;0;0;0;0;0;0;0;0;0;0;0;0;0;0;0;0;0;0;0;40;92;0;0;0;0;1;0;2;0;0;0;0;2
M68YD:01332:03571_SUB_SUB;100;0;0;0;0;0;0;0;0;0;0;0;0;1;0;0;0;0;0;0;7;0;0;0;0;0;0;0;0;0;13;0;0;0;0;0;0;0;0;0;0;0;0;0;0;0;0;0;0;0;0;0;0;0;0;8;0;0;0;0;0;0;0;0;0;0;0;0;0;0;0;0;0;0;0;0;50;21;0;0;0;0;0;0;0;0;0;0;0;0
M68YD:04101:06942_SUB_SUB;111;0;0;0;0;0;0;0;0;0;0;0;0;0;5;0;0;0;0;0;0;0;0;0;0;0;0;0;0;1;3;0;0;0;0;0;0;0;0;0;0;0;0;0;0;0;0;0;0;0;0;0;3;0;40;38;0;0;0;0;0;0;9;0;0;0;0;0;0;0;0;0;0;0;0;0;0;9;0;0;0;0;0;0;0;0;3;0;0;0
M68YD:04181:06821_SUB_SUB;180;0;0;0;0;0;0;0;0;0;0;0;0;0;23;0;0;0;0;0;2;0;0;0;0;0;0;0;0;18;2;0;0;0;0;0;0;0;0;0;0;0;0;0;0;0;0;0;0;0;0;0;0;1;43;36;0;0;0;0;0;0;9;0;11;0;0;0;0;0;0;0;0;0;0;0;0;18;0;0;0;0;0;0;0;0;17;0;0;0
M68YD:00065:02085_SUB_SUB;839;0;0;0;0;0;0;0;0;0;0;0;0;0;10;0;0;0;0;0;0;0;0;0;0;0;0;0;0;0;0;0;0;0;0;0;0;0;0;0;0;0;0;0;0;0;0;0;0;0;0;0;0;0;0;0;0;0;0;0;0;0;0;0;0;0;0;0;0;0;0;0;0;0;0;0;829;0;0;0;0;0;0;0;0;0;0;0;0;0
M68YD:00131:02168_SUB_SUB;123;0;0;0;0;0;0;0;0;0;0;0;0;0;20;0;0;0;0;0;0;0;0;0;0;0;0;0;0;25;0;0;0;0;0;0;0;0;0;0;0;0;0;0;0;0;0;0;0;0;0;0;0;78;0;0;0;0;0;0;0;0;0;0;0;0;0;0;0;0;0;0;0;0;0;0;0;0;0;0;0;0;0;0;0;0;0;0;0;0
M68YD:00343:00801_SUB_SUB;427;0;0;0;0;0;0;0;0;0;0;0;0;0;17;0;6;0;0;0;0;314;0;0;0;0;0;0;0;8;0;0;0;0;0;0;0;0;0;0;0;0;0;0;0;0;0;0;0;0;0;0;0;51;0;0;0;0;0;0;0;0;0;0;0;0;0;0;0;0;0;0;0;0;0;0;0;0;0;0;0;0;0;0;1;0;0;30;0;0
M68YD:00440:00900_SUB_SUB;8586;0;0;0;0;0;0;0;0;0;0;0;0;0;1;0;0;0;0;0;0;0;0;0;0;0;0;0;0;0;0;0;0;0;0;3047;0;32;0;0;0;0;0;0;0;0;0;0;0;0;0;0;0;0;0;0;0;0;0;0;0;0;0;0;5506;0;0;0;0;0;0;0;0;0;0;0;0;0;0;0;0;0;0;0;0;0;0;0;0;0
M68YD:00600:04761_SUB_SUB;1555;0;0;0;0;0;0;0;0;0;0;0;0;0;13;0;0;0;0;0;0;2;0;0;0;0;0;0;0;68;33;1;1;0;0;0;0;0;0;0;0;0;0;0;0;0;0;0;0;0;2;0;31;0;581;498;2;0;0;0;0;0;56;1;6;0;0;0;0;0;0;0;0;0;0;0;12;188;1;0;0;0;0;0;0;3;56;0;0;0
M68YD:00331:05940_SUB_SUB;462;0;0;0;0;0;0;0;0;0;0;0;0;0;7;0;0;0;0;0;0;0;0;0;0;0;0;0;0;3;88;0;0;0;0;2;0;9;0;0;0;0;0;0;0;0;0;0;0;0;0;0;0;0;0;22;0;0;0;0;0;0;90;0;13;0;0;0;0;0;0;0;0;0;0;0;0;1;0;0;0;0;0;0;0;0;227;0;0;0
M68YD:03955:01355_SUB_SUB;784;0;0;0;0;0;0;0;0;0;0;0;0;0;4;0;0;0;0;0;0;0;0;0;0;0;0;0;0;9;25;0;2;0;0;0;0;0;0;0;0;0;0;0;0;0;0;0;0;0;8;0;9;0;255;121;1;0;0;0;0;0;122;0;3;0;0;0;0;0;0;0;0;0;0;0;22;178;0;0;0;0;0;0;0;2;23;0;0;0
M68YD:00290:06782_SUB_SUB;306;0;0;0;0;0;0;0;0;0;0;0;0;0;2;0;0;0;0;0;0;0;0;0;0;0;0;0;0;5;14;1;0;0;0;0;0;0;0;0;0;0;0;0;0;0;0;0;0;1;1;0;3;0;105;109;1;0;0;0;0;0;9;1;0;0;0;0;0;0;0;0;0;0;0;0;3;31;1;0;0;0;0;0;0;0;19;0;0;0
M68YD:01313:03195_SUB_SUB;1175;0;0;0;0;0;0;0;0;0;0;0;0;0;5;21;1;0;0;0;0;0;0;1;1;0;0;0;1;50;0;0;0;0;0;0;0;0;0;11;14;14;39;0;78;97;0;0;0;0;0;0;0;387;0;0;0;0;0;0;91;0;65;2;3;0;0;0;0;0;0;0;0;0;0;0;0;2;0;0;0;0;0;0;17;0;65;210;0;0
M68YD:05240:05757_SUB_SUB;206;0;0;0;0;0;0;0;0;0;0;0;0;0;1;0;0;0;0;0;0;1;0;0;0;0;0;0;0;1;5;0;0;0;0;0;0;0;2;0;0;0;0;0;0;0;0;0;0;0;1;0;1;0;67;39;1;0;0;0;0;0;21;0;4;0;0;0;0;0;0;0;0;0;0;0;7;47;0;0;0;0;0;0;0;0;8;0;0;0
M68YD:03493:05731_SUB_SUB;102;0;0;0;0;0;0;0;0;0;0;0;0;0;3;0;0;0;0;0;0;0;0;0;0;0;0;0;0;4;0;0;0;0;0;0;0;0;0;0;0;0;0;0;0;0;0;0;0;0;0;0;0;64;0;1;0;0;0;0;0;0;0;0;0;0;0;0;0;0;0;0;0;0;0;0;0;30;0;0;0;0;0;0;0;0;0;0;0;0
M68YD:04179:01326_SUB_SUB;866;0;0;0;0;0;0;0;0;0;0;0;0;0;1;0;0;0;0;0;0;0;0;0;0;0;0;0;0;5;20;0;0;0;0;0;0;0;1;0;0;0;0;0;0;0;0;0;0;0;14;0;5;0;220;95;0;0;2;0;0;0;271;0;3;0;0;0;0;0;0;0;0;0;0;0;19;187;1;0;0;0;0;0;0;1;21;0;0;0
M68YD:02577:05624_SUB_SUB;77898;0;0;0;0;0;0;0;0;0;0;0;0;0;1;0;0;0;0;1;0;0;0;0;0;0;0;0;0;0;0;0;0;0;0;0;0;7147;3;1;0;0;0;0;0;0;0;0;0;0;0;0;69552;0;0;0;904;0;0;1;1;0;0;0;0;0;0;0;0;1;0;0;0;0;0;0;0;284;0;0;0;0;0;0;0;0;0;0;2;0
M68YD:02420:02426_SUB_SUB;101;0;0;0;0;0;0;0;0;0;0;0;0;0;1;0;0;0;0;0;0;0;0;0;0;0;0;0;0;0;0;0;0;0;0;0;0;0;0;0;0;0;0;0;0;0;0;0;0;0;0;0;0;0;0;0;0;0;0;0;0;0;0;0;0;0;0;0;0;0;0;0;0;0;0;0;100;0;0;0;0;0;0;0;0;0;0;0;0;0
M68YD:00211:02509_SUB_SUB;136;0;0;0;0;0;0;0;0;0;0;0;0;0;0;16;0;0;0;0;0;0;0;0;0;0;0;0;0;0;0;0;0;0;0;0;0;18;0;0;0;0;0;0;0;0;0;0;0;0;0;0;0;1;0;0;0;0;0;0;0;0;0;0;0;0;0;0;0;0;0;0;0;0;0;0;0;101;0;0;0;0;0;0;0;0;0;0;0;0
M68YD:01010:03891_SUB_SUB;101;0;0;0;0;0;0;0;0;0;0;0;0;0;0;15;0;0;0;0;0;0;0;0;0;0;0;0;0;5;11;0;0;0;0;0;0;0;0;0;0;0;0;0;0;0;0;0;0;0;0;0;0;0;0;63;0;0;0;0;0;0;0;0;0;0;0;0;0;0;0;0;0;0;0;0;0;0;0;0;0;0;0;0;7;0;0;0;0;0
M68YD:01046:03281_SUB_SUB;149;0;0;0;0;0;0;0;0;0;0;0;0;0;0;4;0;0;0;0;0;0;0;0;0;0;0;0;0;0;0;0;0;0;0;0;0;0;0;0;4;0;0;0;0;12;0;0;0;0;0;0;0;0;0;0;0;0;0;0;0;21;0;0;0;2;0;15;0;81;4;0;0;0;0;6;0;0;0;0;0;0;0;0;0;0;0;0;0;0
M68YD:02126:05390_SUB_SUB;1262;0;0;0;0;0;0;0;0;0;0;0;0;0;0;1;0;0;0;0;0;0;4;0;0;0;0;0;0;118;0;0;0;22;0;34;0;0;0;0;0;0;0;0;0;0;0;0;0;0;21;0;0;0;1;1044;0;0;0;0;0;0;0;2;0;0;0;0;0;0;0;0;0;0;0;0;0;0;0;0;0;0;0;0;0;0;15;0;0;0
M68YD:01317:02968_SUB_SUB;105;0;0;0;0;0;0;0;0;0;0;0;0;0;0;0;3;0;0;0;0;0;0;0;0;0;0;0;0;0;0;0;0;0;0;0;0;0;0;0;0;0;0;0;0;0;0;0;0;0;0;0;0;102;0;0;0;0;0;0;0;0;0;0;0;0;0;0;0;0;0;0;0;0;0;0;0;0;0;0;0;0;0;0;0;0;0;0;0;0
M68YD:01261:03287_SUB_SUB;762;0;0;0;0;0;0;0;0;0;0;0;0;0;0;0;1;0;0;0;0;0;0;0;1;0;0;0;0;0;0;0;0;0;0;0;0;0;0;0;7;45;114;0;109;463;0;0;0;0;4;0;0;0;0;0;0;0;0;0;0;0;0;0;0;0;0;0;0;0;0;0;0;0;0;0;0;0;0;0;0;0;0;0;0;0;0;0;0;18
M68YD:05178:01239_SUB_SUB;184;0;0;0;0;0;0;0;0;0;0;0;0;0;0;0;1;0;0;0;0;0;0;11;0;0;0;0;0;24;0;0;0;0;0;0;0;0;0;0;0;0;0;0;0;0;0;0;0;0;0;0;0;148;0;0;0;0;0;0;0;0;0;0;0;0;0;0;0;0;0;0;0;0;0;0;0;0;0;0;0;0;0;0;0;0;0;0;0;0
M68YD:04197:07342_SUB_SUB;24682;0;0;0;0;0;0;0;0;0;0;0;0;0;0;0;0;1;0;0;0;0;0;0;0;0;0;0;0;0;0;0;0;0;0;0;0;0;0;0;0;0;0;0;0;0;0;0;0;0;24659;1;0;0;16;0;0;0;5;0;0;0;0;0;0;0;0;0;0;0;0;0;0;0;0;0;0;0;0;0;0;0;0;0;0;0;0;0;0;0
M68YD:00964:04954_SUB_SUB;142;0;0;0;0;0;0;0;0;0;0;0;0;0;0;0;0;0;0;1;0;0;0;0;0;0;0;0;0;0;90;0;0;0;0;0;0;0;0;0;0;0;0;0;0;0;0;0;0;0;0;0;0;0;0;0;0;0;0;0;0;0;0;0;0;0;0;0;0;0;0;0;0;0;0;0;0;51;0;0;0;0;0;0;0;0;0;0;0;0
M68YD:04010:06530_SUB_SUB;118;0;0;0;0;0;0;0;0;0;0;0;0;0;0;0;0;0;0;0;2;0;0;0;0;0;0;0;0;0;0;0;0;0;0;0;0;0;0;0;0;0;0;0;0;0;0;0;0;0;0;0;0;0;0;16;0;0;0;0;0;0;0;0;0;0;0;0;0;0;0;0;0;0;0;0;0;100;0;0;0;0;0;0;0;0;0;0;0;0
M68YD:04430:06615_SUB_SUB;530;0;0;0;0;0;0;0;0;0;0;0;0;0;0;0;0;0;0;0;15;0;0;0;0;0;0;0;0;0;6;0;0;0;0;0;0;0;4;0;0;0;0;0;0;0;0;0;0;0;0;0;0;0;0;23;0;0;0;0;0;0;0;0;0;0;0;0;0;0;0;0;0;0;0;0;0;482;0;0;0;0;0;0;0;0;0;0;0;0
M68YD:04480:06738_SUB_SUB;263;0;0;0;0;0;0;0;0;0;0;0;0;0;0;0;0;0;0;0;3;0;0;0;0;0;0;0;0;0;0;0;0;0;0;0;0;0;0;0;0;0;0;0;0;0;0;0;0;0;0;0;0;0;259;0;0;0;0;1;0;0;0;0;0;0;0;0;0;0;0;0;0;0;0;0;0;0;0;0;0;0;0;0;0;0;0;0;0;0
M68YD:01176:05859_SUB_SUB;222;0;0;0;0;0;0;0;0;0;0;0;0;0;0;0;0;0;0;0;37;0;0;0;0;0;0;0;0;0;57;0;0;12;0;0;0;0;9;0;0;0;0;0;0;0;0;0;0;0;0;0;0;0;0;0;4;0;0;0;0;0;0;0;63;0;0;0;0;0;0;0;0;0;0;0;0;40;0;0;0;0;0;0;0;0;0;0;0;0
M68YD:00307:02186_SUB_SUB;341;0;0;0;0;0;0;0;0;0;0;0;0;0;0;0;0;0;0;0;1;0;0;0;0;0;0;0;0;0;0;0;0;0;0;0;0;0;0;0;0;0;0;0;0;0;0;0;0;1;0;0;0;0;339;0;0;0;0;0;0;0;0;0;0;0;0;0;0;0;0;0;0;0;0;0;0;0;0;0;0;0;0;0;0;0;0;0;0;0
M68YD:05022:01308_SUB_SUB;143;0;0;0;0;0;0;0;0;0;0;0;0;0;0;0;0;0;0;0;2;0;1;0;0;0;0;0;0;0;38;0;0;0;0;4;0;0;0;0;0;0;0;0;0;0;0;0;0;0;0;0;8;0;19;23;11;0;0;0;0;0;0;0;0;0;0;0;0;0;0;0;0;0;0;0;0;13;0;0;0;0;0;0;0;0;24;0;0;0
M68YD:00938:03955_SUB_SUB;1485;0;0;0;0;0;0;0;0;0;0;0;0;0;0;0;0;0;0;0;1;0;17;0;0;0;0;0;0;0;1107;0;0;0;0;107;0;1;0;0;0;0;0;0;0;0;0;0;0;0;0;0;11;2;3;60;18;0;0;0;0;0;0;0;0;0;0;0;0;0;0;0;0;0;0;0;0;6;0;0;0;0;0;0;0;0;152;0;0;0
M68YD:04515:03194_SUB_SUB;218;0;0;0;0;0;0;0;0;0;0;0;0;0;0;0;0;0;0;0;3;0;0;0;0;0;0;0;0;17;8;0;0;0;0;0;0;0;16;0;0;0;0;0;0;0;0;0;0;0;5;0;54;0;0;53;8;0;0;0;0;0;0;0;20;0;0;0;0;0;0;0;0;0;0;0;0;5;0;0;0;0;0;0;0;0;29;0;0;0
M68YD:02659:02160_SUB_SUB;574;0;0;0;0;0;0;0;0;0;0;0;0;0;0;0;0;0;0;0;11;0;0;0;0;0;0;0;0;0;44;0;0;0;0;0;0;0;1;0;0;0;0;0;0;0;0;0;0;0;0;0;0;0;0;60;0;0;0;0;0;0;0;0;0;0;0;0;0;0;0;0;0;0;0;0;0;458;0;0;0;0;0;0;0;0;0;0;0;0
M68YD:03797:02518_SUB_SUB;118;0;0;0;0;0;0;0;0;0;0;0;0;0;0;0;0;0;0;0;3;0;0;0;0;0;0;0;0;0;0;0;0;0;0;0;0;74;10;0;0;0;0;0;0;0;0;0;0;0;0;0;0;0;0;0;0;0;0;0;0;0;0;0;0;0;0;0;0;0;0;0;0;0;0;0;31;0;0;0;0;0;0;0;0;0;0;0;0;0
M68YD:00896:07031_SUB_SUB;487;0;0;0;0;0;0;0;0;0;0;0;0;0;0;0;0;0;0;0;1;0;0;0;0;0;0;0;0;1;1;0;0;0;0;0;0;0;0;0;0;0;0;0;0;0;0;0;0;0;1;0;5;0;295;52;2;0;0;0;0;0;49;0;0;0;0;0;0;0;0;0;0;0;0;0;0;79;0;0;0;0;0;0;0;0;1;0;0;0
M68YD:01291:06838_SUB_SUB;193;0;0;0;0;0;0;0;0;0;0;0;0;0;0;0;0;0;0;0;1;0;0;0;1;0;0;0;0;10;0;0;0;0;0;0;0;0;0;0;0;0;0;0;8;5;0;0;0;0;0;0;0;11;0;28;0;0;0;0;6;1;76;0;41;0;0;0;0;0;0;0;0;0;0;0;0;0;0;0;0;0;5;0;0;0;0;0;0;0
M68YD:04008:06580_SUB_SUB;477;0;0;0;0;0;0;0;0;0;0;0;0;0;0;0;0;0;0;0;0;477;0;0;0;0;0;0;0;0;0;0;0;0;0;0;0;0;0;0;0;0;0;0;0;0;0;0;0;0;0;0;0;0;0;0;0;0;0;0;0;0;0;0;0;0;0;0;0;0;0;0;0;0;0;0;0;0;0;0;0;0;0;0;0;0;0;0;0;0
M68YD:04017:06644_SUB_SUB;153;0;0;0;0;0;0;0;0;0;0;0;0;0;0;0;0;0;0;0;0;153;0;0;0;0;0;0;0;0;0;0;0;0;0;0;0;0;0;0;0;0;0;0;0;0;0;0;0;0;0;0;0;0;0;0;0;0;0;0;0;0;0;0;0;0;0;0;0;0;0;0;0;0;0;0;0;0;0;0;0;0;0;0;0;0;0;0;0;0
M68YD:03990:06896_SUB_SUB;125;0;0;0;0;0;0;0;0;0;0;0;0;0;0;0;0;0;0;0;0;123;0;0;0;0;0;0;0;0;0;0;0;0;0;0;0;0;0;0;0;0;0;0;0;0;0;0;0;0;0;0;0;2;0;0;0;0;0;0;0;0;0;0;0;0;0;0;0;0;0;0;0;0;0;0;0;0;0;0;0;0;0;0;0;0;0;0;0;0
M68YD:04032:06875_SUB_SUB;267;0;0;0;0;0;0;0;0;0;0;0;0;0;0;0;0;0;0;0;0;267;0;0;0;0;0;0;0;0;0;0;0;0;0;0;0;0;0;0;0;0;0;0;0;0;0;0;0;0;0;0;0;0;0;0;0;0;0;0;0;0;0;0;0;0;0;0;0;0;0;0;0;0;0;0;0;0;0;0;0;0;0;0;0;0;0;0;0;0
M68YD:04023:06901_SUB_SUB;566;0;0;0;0;0;0;0;0;0;0;0;0;0;0;0;0;0;0;0;0;517;0;0;0;0;0;0;0;0;0;0;0;0;0;0;0;0;0;0;0;0;0;0;0;0;0;0;0;0;0;0;0;36;0;0;0;0;0;0;0;0;0;0;0;0;0;0;0;0;0;0;0;0;0;0;0;0;0;0;0;0;0;0;13;0;0;0;0;0
M68YD:04054:06410_SUB_SUB;1219;0;0;0;0;0;0;0;0;0;0;0;0;0;0;0;0;0;0;0;0;1219;0;0;0;0;0;0;0;0;0;0;0;0;0;0;0;0;0;0;0;0;0;0;0;0;0;0;0;0;0;0;0;0;0;0;0;0;0;0;0;0;0;0;0;0;0;0;0;0;0;0;0;0;0;0;0;0;0;0;0;0;0;0;0;0;0;0;0;0
M68YD:04066:06833_SUB_SUB;268;0;0;0;0;0;0;0;0;0;0;0;0;0;0;0;0;0;0;0;0;268;0;0;0;0;0;0;0;0;0;0;0;0;0;0;0;0;0;0;0;0;0;0;0;0;0;0;0;0;0;0;0;0;0;0;0;0;0;0;0;0;0;0;0;0;0;0;0;0;0;0;0;0;0;0;0;0;0;0;0;0;0;0;0;0;0;0;0;0
M68YD:04034:07036_SUB_SUB;570;0;0;0;0;0;0;0;0;0;0;0;0;0;0;0;0;0;0;0;0;479;0;17;0;0;0;0;0;4;0;0;0;0;0;0;0;0;0;0;0;0;0;0;0;0;0;0;0;0;0;0;0;63;0;0;0;0;0;0;0;0;0;0;0;0;0;0;0;0;0;0;0;0;0;0;0;0;0;0;0;0;0;0;7;0;0;0;0;0
M68YD:04039:07025_SUB_SUB;105;0;0;0;0;0;0;0;0;0;0;0;0;0;0;0;0;0;0;0;0;105;0;0;0;0;0;0;0;0;0;0;0;0;0;0;0;0;0;0;0;0;0;0;0;0;0;0;0;0;0;0;0;0;0;0;0;0;0;0;0;0;0;0;0;0;0;0;0;0;0;0;0;0;0;0;0;0;0;0;0;0;0;0;0;0;0;0;0;0
M68YD:04214:06445_SUB_SUB;106;0;0;0;0;0;0;0;0;0;0;0;0;0;0;0;0;0;0;0;0;69;0;0;0;0;0;0;0;13;0;0;0;0;0;0;0;0;0;0;0;0;0;0;0;0;0;0;0;0;0;0;0;24;0;0;0;0;0;0;0;0;0;0;0;0;0;0;0;0;0;0;0;0;0;0;0;0;0;0;0;0;0;0;0;0;0;0;0;0
M68YD:04188:06962_SUB_SUB;144;0;0;0;0;0;0;0;0;0;0;0;0;0;0;0;0;0;0;0;0;141;0;0;0;0;0;0;0;0;0;0;0;0;0;0;0;0;0;0;0;0;0;0;0;0;0;0;0;0;0;0;0;0;0;0;0;0;0;0;0;0;0;0;0;0;0;0;0;0;0;0;0;0;0;0;0;0;0;0;0;0;0;0;0;0;0;0;0;3
M68YD:04236:06751_SUB_SUB;205;0;0;0;0;0;0;0;0;0;0;0;0;0;0;0;0;0;0;0;0;183;0;0;0;0;0;0;0;0;0;0;0;0;0;0;0;0;0;0;0;0;0;0;0;0;0;0;0;0;0;0;0;21;0;0;0;0;0;0;0;0;0;0;0;0;0;0;0;0;0;0;0;0;0;0;0;0;0;0;0;0;0;0;1;0;0;0;0;0
M68YD:04277:06802_SUB_SUB;261;0;0;0;0;0;0;0;0;0;0;0;0;0;0;0;0;0;0;0;0;134;0;0;0;0;0;0;0;0;0;0;0;0;0;0;0;0;0;0;0;0;0;0;0;0;0;0;0;0;0;0;0;0;0;0;0;0;0;0;0;0;0;0;25;0;0;0;0;0;0;0;0;0;0;0;0;87;0;0;0;0;14;0;0;0;0;0;0;1
M68YD:04312:06417_SUB_SUB;163;0;0;0;0;0;0;0;0;0;0;0;0;0;0;0;0;0;0;0;0;163;0;0;0;0;0;0;0;0;0;0;0;0;0;0;0;0;0;0;0;0;0;0;0;0;0;0;0;0;0;0;0;0;0;0;0;0;0;0;0;0;0;0;0;0;0;0;0;0;0;0;0;0;0;0;0;0;0;0;0;0;0;0;0;0;0;0;0;0
M68YD:04299:06525_SUB_SUB;340;0;0;0;0;0;0;0;0;0;0;0;0;0;0;0;0;0;0;0;0;228;0;0;0;0;0;0;0;55;0;0;0;0;0;0;0;0;0;0;0;0;0;0;0;0;0;0;0;0;0;0;0;24;0;0;0;0;0;0;0;0;0;0;0;0;0;0;0;0;0;0;0;0;0;0;0;0;0;0;0;0;0;0;33;0;0;0;0;0
M68YD:04326:06976_SUB_SUB;125;0;0;0;0;0;0;0;0;0;0;0;0;0;0;0;0;0;0;0;0;122;0;0;0;0;0;0;0;0;0;0;0;0;0;0;0;0;0;0;0;0;0;0;0;0;0;0;0;0;0;0;0;3;0;0;0;0;0;0;0;0;0;0;0;0;0;0;0;0;0;0;0;0;0;0;0;0;0;0;0;0;0;0;0;0;0;0;0;0
M68YD:04353:06540_SUB_SUB;196;0;0;0;0;0;0;0;0;0;0;0;0;0;0;0;0;0;0;0;0;196;0;0;0;0;0;0;0;0;0;0;0;0;0;0;0;0;0;0;0;0;0;0;0;0;0;0;0;0;0;0;0;0;0;0;0;0;0;0;0;0;0;0;0;0;0;0;0;0;0;0;0;0;0;0;0;0;0;0;0;0;0;0;0;0;0;0;0;0
M68YD:04447:06630_SUB_SUB;254;0;0;0;0;0;0;0;0;0;0;0;0;0;0;0;0;0;0;0;0;247;0;7;0;0;0;0;0;0;0;0;0;0;0;0;0;0;0;0;0;0;0;0;0;0;0;0;0;0;0;0;0;0;0;0;0;0;0;0;0;0;0;0;0;0;0;0;0;0;0;0;0;0;0;0;0;0;0;0;0;0;0;0;0;0;0;0;0;0
M68YD:04452:06743_SUB_SUB;278;0;0;0;0;0;0;0;0;0;0;0;0;0;0;0;0;0;0;0;0;177;0;20;0;0;0;0;0;15;0;0;0;0;0;0;0;0;0;0;0;0;0;0;0;0;0;0;0;0;0;0;0;32;0;0;0;0;0;0;0;0;0;0;0;0;0;0;0;0;0;0;0;0;0;0;0;0;0;0;0;0;17;0;17;0;0;0;0;0
M68YD:04448:06902_SUB_SUB;141;0;0;0;0;0;0;0;0;0;0;0;0;0;0;0;0;0;0;0;0;141;0;0;0;0;0;0;0;0;0;0;0;0;0;0;0;0;0;0;0;0;0;0;0;0;0;0;0;0;0;0;0;0;0;0;0;0;0;0;0;0;0;0;0;0;0;0;0;0;0;0;0;0;0;0;0;0;0;0;0;0;0;0;0;0;0;0;0;0
M68YD:04501:06957_SUB_SUB;476;0;0;0;0;0;0;0;0;0;0;0;0;0;0;0;0;0;0;0;0;47;0;45;1;0;0;0;0;44;2;0;0;0;0;0;0;0;5;0;0;0;0;0;0;0;0;0;0;0;0;0;0;36;0;0;0;0;0;0;0;0;296;0;0;0;0;0;0;0;0;0;0;0;0;0;0;0;0;0;0;0;0;0;0;0;0;0;0;0
M68YD:00966:06047_SUB_SUB;587;0;0;0;0;0;0;0;0;0;0;0;0;0;0;0;0;0;0;0;0;501;0;14;0;0;0;0;0;4;0;0;0;0;0;0;0;0;0;0;0;0;0;0;0;0;0;0;0;0;0;0;0;65;0;0;0;0;0;0;0;0;0;0;0;0;0;0;0;0;0;0;0;0;0;0;0;0;0;0;0;0;0;0;3;0;0;0;0;0
M68YD:01278:02265_SUB_SUB;1171;0;0;0;0;0;0;0;0;0;0;0;0;0;0;0;0;0;0;0;0;1;0;0;0;0;0;0;0;0;0;0;0;0;0;1165;0;5;0;0;0;0;0;0;0;0;0;0;0;0;0;0;0;0;0;0;0;0;0;0;0;0;0;0;0;0;0;0;0;0;0;0;0;0;0;0;0;0;0;0;0;0;0;0;0;0;0;0;0;0
M68YD:01348:00464_SUB_SUB;16689;0;0;0;0;0;0;0;0;0;0;0;0;0;0;0;0;0;0;0;0;1;0;0;0;0;0;0;0;0;0;0;0;0;0;0;0;1026;0;0;0;0;0;0;0;0;0;0;0;0;0;0;15491;0;0;0;154;0;0;0;0;0;0;0;0;0;0;0;0;0;0;0;0;0;0;0;0;17;0;0;0;0;0;0;0;0;0;0;0;0
M68YD:04576:06460_SUB_SUB;307;0;0;0;0;0;0;0;0;0;0;0;0;0;0;0;0;0;0;0;0;0;13;0;1;0;0;0;0;0;27;0;0;0;0;0;0;0;0;0;0;0;0;0;0;0;0;0;0;0;0;0;0;8;0;0;0;0;0;0;0;0;0;1;32;0;0;0;0;0;0;0;0;0;0;0;0;0;0;0;0;0;0;0;0;0;225;0;0;0
M68YD:00687:06319_SUB_SUB;955;0;0;0;0;0;0;0;0;0;0;0;0;0;0;0;0;0;0;0;0;0;57;0;0;0;0;0;0;0;0;0;0;0;0;0;0;892;0;0;0;0;0;0;0;0;0;0;0;0;5;0;0;0;0;0;0;0;0;0;0;0;0;0;0;0;0;0;0;0;0;0;0;0;0;0;0;0;0;0;0;0;0;0;0;0;0;0;1;0
M68YD:00055:02057_SUB_SUB;395;0;0;0;0;0;0;0;0;0;0;0;0;0;0;0;0;0;0;0;0;0;2;0;0;0;0;0;0;0;0;0;0;0;0;0;0;392;0;0;0;0;0;0;0;1;0;0;0;0;0;0;0;0;0;0;0;0;0;0;0;0;0;0;0;0;0;0;0;0;0;0;0;0;0;0;0;0;0;0;0;0;0;0;0;0;0;0;0;0
M68YD:00221:02537_SUB_SUB;834;0;0;0;0;0;0;0;0;0;0;0;0;0;0;0;0;0;0;0;0;0;1;0;0;0;0;0;0;0;0;0;0;0;0;0;0;0;0;0;0;0;0;0;0;0;0;0;0;0;0;0;0;0;0;0;0;0;0;0;0;0;0;0;833;0;0;0;0;0;0;0;0;0;0;0;0;0;0;0;0;0;0;0;0;0;0;0;0;0
M68YD:00511:01922_SUB_SUB;631;0;0;0;0;0;0;0;0;0;0;0;0;0;0;0;0;0;0;0;0;0;11;0;0;0;0;0;0;0;38;0;0;0;0;51;0;0;3;0;0;0;0;0;0;0;0;0;0;0;15;0;0;0;209;127;27;0;0;0;0;0;0;0;0;0;0;0;0;0;0;0;0;0;0;0;0;145;0;0;0;0;0;0;0;0;5;0;0;0
M68YD:00184:01028_SUB_SUB;116;0;0;0;0;0;0;0;0;0;0;0;0;0;0;0;0;0;0;0;0;0;9;0;0;0;0;0;0;0;0;0;0;0;0;0;0;107;0;0;0;0;0;0;0;0;0;0;0;0;0;0;0;0;0;0;0;0;0;0;0;0;0;0;0;0;0;0;0;0;0;0;0;0;0;0;0;0;0;0;0;0;0;0;0;0;0;0;0;0
M68YD:00252:01175_SUB_SUB;452;0;0;0;0;0;0;0;0;0;0;0;0;0;0;0;0;0;0;0;0;0;4;0;0;0;0;0;0;0;0;0;0;0;0;0;0;448;0;0;0;0;0;0;0;0;0;0;0;0;0;0;0;0;0;0;0;0;0;0;0;0;0;0;0;0;0;0;0;0;0;0;0;0;0;0;0;0;0;0;0;0;0;0;0;0;0;0;0;0
M68YD:00425:00664_SUB_SUB;2130;0;0;0;0;0;0;0;0;0;0;0;0;0;0;0;0;0;0;0;0;0;4;0;1;0;0;0;0;0;0;0;0;0;0;1630;0;405;0;0;0;0;0;0;0;0;0;0;0;0;0;0;0;0;0;0;0;0;0;0;0;0;0;0;13;0;0;0;0;0;0;0;0;0;0;0;0;0;0;0;0;0;0;0;0;0;76;0;1;0
M68YD:00637:00599_SUB_SUB;983;0;0;0;0;0;0;0;0;0;0;0;0;0;0;0;0;0;0;0;0;0;6;0;0;0;0;0;0;11;253;0;0;3;0;14;0;72;28;0;0;1;5;0;0;0;0;0;0;0;47;0;0;6;0;0;0;0;0;0;0;0;0;0;0;0;0;0;0;0;0;0;0;0;0;0;0;0;537;0;0;0;0;0;0;0;0;0;0;0
M68YD:00436:04883_SUB_SUB;496;0;0;0;0;0;0;0;0;0;0;0;0;0;0;0;0;0;0;0;0;0;15;0;0;0;0;0;0;0;0;0;0;0;0;373;0;3;0;0;0;0;0;0;0;0;0;0;0;0;0;0;0;0;0;0;0;0;0;0;0;0;0;0;0;0;0;0;0;0;0;0;0;0;0;0;0;0;0;0;0;0;0;0;0;0;105;0;0;0
M68YD:00443:06061_SUB_SUB;4642;0;0;0;0;0;0;0;0;0;0;0;0;0;0;0;0;0;0;0;0;0;9;0;4;0;0;0;0;0;0;0;0;8;0;3210;0;1057;0;0;0;0;0;1;0;0;0;0;0;0;0;0;0;0;0;0;0;0;0;0;0;0;0;0;44;0;1;0;0;0;0;0;0;0;0;0;0;0;0;0;0;0;0;0;0;0;306;0;2;0
M68YD:00882:04092_SUB_SUB;671;0;0;0;0;0;0;0;0;0;0;0;0;0;0;0;0;0;0;0;0;0;12;0;0;0;0;0;0;0;408;0;0;0;0;45;0;2;0;0;0;0;0;0;0;0;0;0;0;0;0;0;9;0;3;45;3;0;0;0;0;0;0;0;0;0;0;0;0;0;0;0;0;0;0;0;0;5;0;0;0;0;0;0;0;0;139;0;0;0
M68YD:00756:01986_SUB_SUB;437;0;0;0;0;0;0;0;0;0;0;0;0;0;0;0;0;0;0;0;0;0;10;0;0;0;0;0;0;0;0;0;0;40;1;338;0;29;0;0;0;0;0;0;0;0;0;0;0;0;0;0;0;0;0;0;0;0;0;0;0;0;0;0;0;0;19;0;0;0;0;0;0;0;0;0;0;0;0;0;0;0;0;0;0;0;0;0;0;0
M68YD:00716:02206_SUB_SUB;140;0;0;0;0;0;0;0;0;0;0;0;0;0;0;0;0;0;0;0;0;0;1;0;0;0;0;0;0;139;0;0;0;0;0;0;0;0;0;0;0;0;0;0;0;0;0;0;0;0;0;0;0;0;0;0;0;0;0;0;0;0;0;0;0;0;0;0;0;0;0;0;0;0;0;0;0;0;0;0;0;0;0;0;0;0;0;0;0;0
M68YD:00831:02504_SUB_SUB;294;0;0;0;0;0;0;0;0;0;0;0;0;0;0;0;0;0;0;0;0;0;1;0;3;0;0;0;0;12;2;0;0;0;0;0;0;0;0;2;0;17;25;0;38;113;0;0;0;0;0;0;0;3;0;0;0;0;0;0;0;3;0;0;0;0;0;0;0;0;0;0;0;0;0;0;0;0;0;0;0;0;0;0;0;0;75;0;0;0
M68YD:00948:02077_SUB_SUB;375;0;0;0;0;0;0;0;0;0;0;0;0;0;0;0;0;0;0;0;0;0;8;0;0;0;0;0;0;0;274;0;0;0;0;26;0;0;0;0;0;0;0;0;0;0;0;0;0;0;0;0;4;0;0;17;5;0;0;0;0;0;0;0;0;0;0;0;0;0;0;0;0;0;0;0;0;0;0;0;0;0;0;0;0;0;41;0;0;0
M68YD:01289:03126_SUB_SUB;231;0;0;0;0;0;0;0;0;0;0;0;0;0;0;0;0;0;0;0;0;0;1;0;0;0;0;0;0;0;0;0;0;0;0;0;0;32;183;0;0;0;0;0;0;10;0;0;0;0;0;0;0;0;0;0;0;0;5;0;0;0;0;0;0;0;0;0;0;0;0;0;0;0;0;0;0;0;0;0;0;0;0;0;0;0;0;0;0;0
M68YD:00835:01223_SUB_SUB;280;0;0;0;0;0;0;0;0;0;0;0;0;0;0;0;0;0;0;0;0;0;2;0;0;0;0;0;0;0;0;0;0;0;0;0;0;0;0;0;0;0;0;0;0;0;0;0;0;0;0;0;0;0;0;278;0;0;0;0;0;0;0;0;0;0;0;0;0;0;0;0;0;0;0;0;0;0;0;0;0;0;0;0;0;0;0;0;0;0
M68YD:00998:04919_SUB_SUB;100;0;0;0;0;0;0;0;0;0;0;0;0;0;0;0;0;0;0;0;0;0;5;0;0;0;0;0;0;0;15;0;0;0;0;54;0;2;0;0;0;0;0;0;0;0;0;0;0;0;0;0;0;0;0;2;0;0;0;0;0;0;0;0;0;0;0;0;0;0;0;0;0;0;0;0;0;0;0;0;0;0;0;0;0;0;22;0;0;0
M68YD:05006:03841_SUB_SUB;502;0;0;0;0;0;0;0;0;0;0;0;0;0;0;0;0;0;0;0;0;0;3;0;0;0;0;0;0;0;0;0;0;0;0;6;0;0;0;0;0;0;0;0;0;0;0;0;0;0;0;0;3;0;0;0;0;0;0;0;0;0;0;0;0;0;0;0;0;0;0;0;0;0;0;0;0;0;0;0;0;0;0;0;0;0;490;0;0;0
M68YD:04928:01096_SUB_SUB;722;0;0;0;0;0;0;0;0;0;0;0;0;0;0;0;0;0;0;0;0;0;3;0;0;0;0;0;0;0;0;0;0;0;0;0;0;0;0;0;0;0;0;0;0;0;0;0;0;0;0;0;685;0;0;0;34;0;0;0;0;0;0;0;0;0;0;0;0;0;0;0;0;0;0;0;0;0;0;0;0;0;0;0;0;0;0;0;0;0
M68YD:02379:06502_SUB_SUB;126;0;0;0;0;0;0;0;0;0;0;0;0;0;0;0;0;0;0;0;0;0;1;0;0;0;0;0;0;0;0;0;0;0;0;0;0;0;0;0;0;0;0;0;0;0;0;0;0;0;0;0;0;0;0;0;2;0;0;0;0;0;0;0;0;0;0;0;0;0;0;0;0;0;0;0;0;22;0;0;0;0;0;0;0;0;101;0;0;0
M68YD:03091:00973_SUB_SUB;121;0;0;0;0;0;0;0;0;0;0;0;0;0;0;0;0;0;0;0;0;0;2;0;0;0;0;0;0;119;0;0;0;0;0;0;0;0;0;0;0;0;0;0;0;0;0;0;0;0;0;0;0;0;0;0;0;0;0;0;0;0;0;0;0;0;0;0;0;0;0;0;0;0;0;0;0;0;0;0;0;0;0;0;0;0;0;0;0;0
M68YD:00042:02682_SUB_SUB;237;0;0;0;0;0;0;0;0;0;0;0;0;0;0;0;0;0;0;0;0;0;1;0;0;0;0;0;0;0;25;0;0;0;0;187;0;23;0;0;0;0;0;0;0;0;0;0;0;0;0;0;0;0;0;0;0;0;0;0;0;0;0;0;0;0;0;0;0;0;0;0;0;0;0;0;0;0;0;0;0;0;0;0;0;0;0;0;1;0
M68YD:04830:04586_SUB_SUB;772;0;0;0;0;0;0;0;0;0;0;0;0;0;0;0;0;0;0;0;0;0;3;0;0;0;0;0;0;0;48;0;0;0;0;0;0;0;0;0;0;0;7;0;28;0;0;0;0;0;5;0;371;0;107;135;9;0;0;0;0;0;0;0;59;0;0;0;0;0;0;0;0;0;0;0;0;0;0;0;0;0;0;0;0;0;0;0;0;0
M68YD:04010:00607_SUB_SUB;155;0;0;0;0;0;0;0;0;0;0;0;0;0;0;0;0;0;0;0;0;0;3;0;0;0;0;0;0;0;125;0;0;0;0;6;0;0;1;0;0;0;0;0;0;0;0;0;0;0;0;0;1;0;0;2;1;0;0;0;0;0;0;0;0;0;0;0;0;0;0;0;0;0;0;0;0;0;0;0;0;0;0;0;0;0;16;0;0;0
M68YD:04559:01367_SUB_SUB;187;0;0;0;0;0;0;0;0;0;0;0;0;0;0;0;0;0;0;0;0;0;1;0;1;0;0;0;0;15;0;0;0;0;0;0;0;0;15;0;0;0;0;0;0;2;4;0;0;0;0;0;0;37;0;0;27;0;0;0;0;1;82;0;0;0;0;0;0;0;0;0;0;0;0;0;0;0;0;0;0;0;0;0;2;0;0;0;0;0
M68YD:02214:07562_SUB_SUB;521;0;0;0;0;0;0;0;0;0;0;0;0;0;0;0;0;0;0;0;0;0;1;0;0;0;0;0;0;0;0;0;0;0;0;380;0;109;0;0;0;0;0;0;0;0;0;0;0;0;0;0;0;0;0;0;0;0;0;0;0;0;0;0;0;0;0;0;0;0;0;0;0;0;0;0;0;0;0;0;0;0;0;0;0;0;30;0;1;0
M68YD:02271:07185_SUB_SUB;155;0;0;0;0;0;0;0;0;0;0;0;0;0;0;0;0;0;0;0;0;0;1;0;0;0;0;0;0;0;11;0;0;10;0;0;0;31;17;0;0;0;0;0;0;0;0;0;0;0;85;0;0;0;0;0;0;0;0;0;0;0;0;0;0;0;0;0;0;0;0;0;0;0;0;0;0;0;0;0;0;0;0;0;0;0;0;0;0;0
M68YD:02416:04725_SUB_SUB;112;0;0;0;0;0;0;0;0;0;0;0;0;0;0;0;0;0;0;0;0;0;1;0;0;0;0;0;0;23;10;0;0;2;0;61;0;13;0;0;0;0;0;0;0;0;0;0;0;0;0;0;0;2;0;0;0;0;0;0;0;0;0;0;0;0;0;0;0;0;0;0;0;0;0;0;0;0;0;0;0;0;0;0;0;0;0;0;0;0
M68YD:02211:02879_SUB_SUB;105;0;0;0;0;0;0;0;0;0;0;0;0;0;0;0;0;0;0;0;0;0;1;0;1;0;0;0;0;0;4;0;0;0;0;1;0;72;0;0;0;0;0;0;0;0;0;0;0;0;0;0;0;0;0;0;0;0;0;0;0;0;0;0;0;0;0;0;0;0;0;0;0;0;0;0;0;0;0;0;0;0;0;0;0;0;26;0;0;0
M68YD:04506:05661_SUB_SUB;128;0;0;0;0;0;0;0;0;0;0;0;0;0;0;0;0;0;0;0;0;0;1;0;0;0;0;0;0;0;0;0;0;0;0;0;0;0;0;0;0;0;0;0;0;0;0;0;0;0;0;0;0;0;0;114;1;0;12;0;0;0;0;0;0;0;0;0;0;0;0;0;0;0;0;0;0;0;0;0;0;0;0;0;0;0;0;0;0;0
M68YD:01137:05680_SUB_SUB;592;0;0;0;0;0;0;0;0;0;0;0;0;0;0;0;0;0;0;0;0;0;1;0;0;0;0;0;0;0;512;0;0;0;0;0;0;0;0;0;0;0;0;0;0;0;0;0;0;0;75;0;0;0;0;0;4;0;0;0;0;0;0;0;0;0;0;0;0;0;0;0;0;0;0;0;0;0;0;0;0;0;0;0;0;0;0;0;0;0
M68YD:04112:06491_SUB_SUB;458;0;0;0;0;0;0;0;0;0;0;0;0;0;0;0;0;0;0;0;0;0;0;372;0;0;0;0;0;0;0;0;0;0;0;0;0;0;0;0;0;0;0;0;0;0;0;0;0;1;0;0;0;84;0;0;0;0;0;0;0;0;0;0;0;0;0;0;0;0;0;1;0;0;0;0;0;0;0;0;0;0;0;0;0;0;0;0;0;0
M68YD:04310:06579_SUB_SUB;115;0;0;0;0;0;0;0;0;0;0;0;0;0;0;0;0;0;0;0;0;0;0;19;0;0;0;0;0;0;0;0;0;0;0;0;0;0;0;0;0;0;0;0;0;1;0;0;0;0;0;0;0;40;0;0;0;0;0;0;0;0;0;0;0;0;0;0;0;0;0;0;0;0;0;0;36;5;0;0;0;0;1;0;3;0;10;0;0;0
M68YD:00396:02448_SUB_SUB;144;0;0;0;0;0;0;0;0;0;0;0;0;0;0;0;0;0;0;0;0;0;0;54;0;0;0;0;0;11;0;0;0;0;0;0;0;0;0;0;0;0;0;0;0;0;0;0;0;0;0;0;0;23;0;0;0;0;0;0;0;0;0;0;0;0;0;0;0;0;0;0;0;0;0;0;0;0;0;0;0;0;0;0;0;0;0;56;0;0
M68YD:00036:02470_SUB_SUB;109;0;0;0;0;0;0;0;0;0;0;0;0;0;0;0;0;0;0;0;0;0;0;0;1;0;0;0;0;0;0;0;0;0;0;0;0;0;0;2;1;3;25;0;32;44;0;0;0;0;0;0;0;0;0;0;0;0;0;0;0;0;0;0;0;0;0;0;0;0;0;0;0;0;0;0;0;0;0;0;0;0;0;0;0;0;0;0;0;1
M68YD:01070:03900_SUB_SUB;113;0;0;0;0;0;0;0;0;0;0;0;0;0;0;0;0;0;0;0;0;0;0;0;1;0;0;0;0;0;0;0;0;0;0;0;0;112;0;0;0;0;0;0;0;0;0;0;0;0;0;0;0;0;0;0;0;0;0;0;0;0;0;0;0;0;0;0;0;0;0;0;0;0;0;0;0;0;0;0;0;0;0;0;0;0;0;0;0;0
M68YD:00685:02639_SUB_SUB;109;0;0;0;0;0;0;0;0;0;0;0;0;0;0;0;0;0;0;0;0;0;0;0;1;0;0;0;0;0;0;0;0;0;0;0;0;0;0;0;0;5;28;0;0;72;0;0;0;0;0;0;0;0;0;0;0;0;0;0;0;0;0;0;0;0;0;0;0;0;0;0;0;0;0;0;0;0;0;0;0;0;0;0;0;0;0;0;0;3
M68YD:01196:04894_SUB_SUB;148;0;0;0;0;0;0;0;0;0;0;0;0;0;0;0;0;0;0;0;0;0;0;0;3;0;0;0;0;1;1;0;0;0;0;0;0;0;0;0;0;0;0;0;3;1;0;0;0;0;0;0;0;15;0;7;0;0;0;0;2;2;91;0;18;0;0;0;0;0;0;0;0;0;0;0;0;0;0;0;0;0;4;0;0;0;0;0;0;0
M68YD:03014:05263_SUB_SUB;146;0;0;0;0;0;0;0;0;0;0;0;0;0;0;0;0;0;0;0;0;0;0;0;3;0;0;0;0;0;0;0;0;0;0;0;0;0;0;0;0;1;5;0;0;6;0;0;0;0;0;0;0;27;0;0;0;0;0;0;0;0;98;0;0;0;0;0;1;0;0;0;0;0;0;0;0;0;0;0;0;0;2;0;1;0;0;0;0;2
M68YD:04165:02096_SUB_SUB;302;0;0;0;0;0;0;0;0;0;0;0;0;0;0;0;0;0;0;0;0;0;0;0;1;0;0;0;0;0;0;0;0;0;0;0;0;0;0;0;0;0;0;0;0;0;0;0;0;0;0;0;0;0;0;0;0;0;0;0;0;0;301;0;0;0;0;0;0;0;0;0;0;0;0;0;0;0;0;0;0;0;0;0;0;0;0;0;0;0
M68YD:04376:02287_SUB_SUB;536;0;0;0;0;0;0;0;0;0;0;0;0;0;0;0;0;0;0;0;0;0;0;0;1;0;0;0;0;0;0;0;0;0;0;0;0;535;0;0;0;0;0;0;0;0;0;0;0;0;0;0;0;0;0;0;0;0;0;0;0;0;0;0;0;0;0;0;0;0;0;0;0;0;0;0;0;0;0;0;0;0;0;0;0;0;0;0;0;0
M68YD:04513:06990_SUB_SUB;1358;0;0;0;0;0;0;0;0;0;0;0;0;0;0;0;0;0;0;0;0;0;0;0;0;0;0;2;0;0;0;0;0;0;0;412;0;944;0;0;0;0;0;0;0;0;0;0;0;0;0;0;0;0;0;0;0;0;0;0;0;0;0;0;0;0;0;0;0;0;0;0;0;0;0;0;0;0;0;0;0;0;0;0;0;0;0;0;0;0
M68YD:00701:03085_SUB_SUB;8270;0;0;0;0;0;0;0;0;0;0;0;0;0;0;0;0;0;0;0;0;0;0;0;0;0;0;2;0;0;0;0;0;0;2;7647;0;619;0;0;0;0;0;0;0;0;0;0;0;0;0;0;0;0;0;0;0;0;0;0;0;0;0;0;0;0;0;0;0;0;0;0;0;0;0;0;0;0;0;0;0;0;0;0;0;0;0;0;0;0
M68YD:01242:00717_SUB_SUB;393;0;0;0;0;0;0;0;0;0;0;0;0;0;0;0;0;0;0;0;0;0;0;0;0;0;0;1;0;0;0;0;0;0;0;31;0;2;2;0;0;0;0;0;0;0;0;0;0;0;0;0;0;6;92;0;13;0;0;6;0;0;0;0;4;0;3;0;0;0;0;0;0;0;0;0;0;0;0;0;0;0;0;0;0;0;233;0;0;0
M68YD:03535:06792_SUB_SUB;322;0;0;0;0;0;0;0;0;0;0;0;0;0;0;0;0;0;0;0;0;0;0;0;0;0;0;1;0;0;0;0;0;0;0;321;0;0;0;0;0;0;0;0;0;0;0;0;0;0;0;0;0;0;0;0;0;0;0;0;0;0;0;0;0;0;0;0;0;0;0;0;0;0;0;0;0;0;0;0;0;0;0;0;0;0;0;0;0;0
M68YD:03508:05275_SUB_SUB;272;0;0;0;0;0;0;0;0;0;0;0;0;0;0;0;0;0;0;0;0;0;0;0;0;0;0;1;0;0;0;0;0;0;0;271;0;0;0;0;0;0;0;0;0;0;0;0;0;0;0;0;0;0;0;0;0;0;0;0;0;0;0;0;0;0;0;0;0;0;0;0;0;0;0;0;0;0;0;0;0;0;0;0;0;0;0;0;0;0
M68YD:02611:05892_SUB_SUB;1421;0;0;0;0;0;0;0;0;0;0;0;0;0;0;0;0;0;0;0;0;0;0;0;0;0;0;2;0;0;0;0;0;0;0;1419;0;0;0;0;0;0;0;0;0;0;0;0;0;0;0;0;0;0;0;0;0;0;0;0;0;0;0;0;0;0;0;0;0;0;0;0;0;0;0;0;0;0;0;0;0;0;0;0;0;0;0;0;0;0
M68YD:02041:05141_SUB_SUB;896;0;0;0;0;0;0;0;0;0;0;0;0;0;0;0;0;0;0;0;0;0;0;0;0;0;0;1;0;0;0;0;0;2;0;599;0;219;0;0;0;0;0;0;0;0;0;0;0;0;0;0;0;0;0;0;0;0;0;0;0;0;0;0;6;0;0;0;0;0;0;0;0;0;0;0;0;0;0;0;0;0;0;0;0;0;69;0;0;0
M68YD:03196:01564_SUB_SUB;926;0;0;0;0;0;0;0;0;0;0;0;0;0;0;0;0;0;0;0;0;0;0;0;0;0;0;1;0;0;0;0;0;0;0;922;0;3;0;0;0;0;0;0;0;0;0;0;0;0;0;0;0;0;0;0;0;0;0;0;0;0;0;0;0;0;0;0;0;0;0;0;0;0;0;0;0;0;0;0;0;0;0;0;0;0;0;0;0;0
M68YD:00154:06145_SUB_SUB;165;0;0;0;0;0;0;0;0;0;0;0;0;0;0;0;0;0;0;0;0;0;0;0;0;0;0;0;24;129;0;0;0;0;0;0;0;0;0;0;0;0;10;0;0;0;0;0;0;0;0;0;0;0;0;0;0;0;0;0;0;0;0;0;0;0;0;0;0;0;0;0;0;0;0;0;0;0;0;0;0;0;0;0;2;0;0;0;0;0
M68YD:05251:06113_SUB_SUB;157;0;0;0;0;0;0;0;0;0;0;0;0;0;0;0;0;0;0;0;0;0;0;0;0;0;0;0;15;136;0;0;0;0;0;0;0;0;0;0;0;0;5;0;0;0;0;0;0;0;0;0;0;0;0;0;0;0;0;0;0;0;0;0;0;0;0;0;0;0;0;0;0;0;0;0;0;0;0;0;0;0;0;0;1;0;0;0;0;0
M68YD:04293:05213_SUB_SUB;588;0;0;0;0;0;0;0;0;0;0;0;0;0;0;0;0;0;0;0;0;0;0;0;0;0;0;0;1;323;0;0;0;0;0;0;0;0;0;0;0;0;0;0;0;0;0;0;0;0;0;0;0;0;0;0;0;0;0;0;0;0;0;0;0;0;0;0;0;0;0;0;0;0;0;0;0;0;0;0;0;0;0;0;0;0;264;0;0;0
M68YD:05226:03114_SUB_SUB;152;0;0;0;0;0;0;0;0;0;0;0;0;0;0;0;0;0;0;0;0;0;0;0;0;0;0;0;1;151;0;0;0;0;0;0;0;0;0;0;0;0;0;0;0;0;0;0;0;0;0;0;0;0;0;0;0;0;0;0;0;0;0;0;0;0;0;0;0;0;0;0;0;0;0;0;0;0;0;0;0;0;0;0;0;0;0;0;0;0
M68YD:04033:06411_SUB_SUB;197;0;0;0;0;0;0;0;0;0;0;0;0;0;0;0;0;0;0;0;0;0;0;0;0;0;0;0;0;197;0;0;0;0;0;0;0;0;0;0;0;0;0;0;0;0;0;0;0;0;0;0;0;0;0;0;0;0;0;0;0;0;0;0;0;0;0;0;0;0;0;0;0;0;0;0;0;0;0;0;0;0;0;0;0;0;0;0;0;0
M68YD:04005:06460_SUB_SUB;254;0;0;0;0;0;0;0;0;0;0;0;0;0;0;0;0;0;0;0;0;0;0;0;0;0;0;0;0;254;0;0;0;0;0;0;0;0;0;0;0;0;0;0;0;0;0;0;0;0;0;0;0;0;0;0;0;0;0;0;0;0;0;0;0;0;0;0;0;0;0;0;0;0;0;0;0;0;0;0;0;0;0;0;0;0;0;0;0;0
M68YD:04012:06580_SUB_SUB;2554;0;0;0;0;0;0;0;0;0;0;0;0;0;0;0;0;0;0;0;0;0;0;0;0;0;0;0;0;1705;0;0;0;0;0;0;0;0;17;0;0;0;0;0;0;0;0;0;0;0;0;0;0;0;0;0;0;0;0;0;0;0;0;0;0;0;0;0;0;0;0;0;0;0;0;0;0;832;0;0;0;0;0;0;0;0;0;0;0;0
M68YD:03988:06638_SUB_SUB;128;0;0;0;0;0;0;0;0;0;0;0;0;0;0;0;0;0;0;0;0;0;0;0;0;0;0;0;0;128;0;0;0;0;0;0;0;0;0;0;0;0;0;0;0;0;0;0;0;0;0;0;0;0;0;0;0;0;0;0;0;0;0;0;0;0;0;0;0;0;0;0;0;0;0;0;0;0;0;0;0;0;0;0;0;0;0;0;0;0
M68YD:03992:06714_SUB_SUB;259;0;0;0;0;0;0;0;0;0;0;0;0;0;0;0;0;0;0;0;0;0;0;0;0;0;0;0;0;259;0;0;0;0;0;0;0;0;0;0;0;0;0;0;0;0;0;0;0;0;0;0;0;0;0;0;0;0;0;0;0;0;0;0;0;0;0;0;0;0;0;0;0;0;0;0;0;0;0;0;0;0;0;0;0;0;0;0;0;0
M68YD:04031:06889_SUB_SUB;287;0;0;0;0;0;0;0;0;0;0;0;0;0;0;0;0;0;0;0;0;0;0;0;0;0;0;0;0;202;0;0;0;0;0;0;0;0;2;0;0;0;0;0;0;0;0;0;0;0;0;0;0;0;0;0;0;0;0;0;0;0;0;0;0;0;0;0;0;0;0;0;0;0;0;0;0;83;0;0;0;0;0;0;0;0;0;0;0;0
M68YD:04074:06699_SUB_SUB;601;0;0;0;0;0;0;0;0;0;0;0;0;0;0;0;0;0;0;0;0;0;0;0;0;0;0;0;0;601;0;0;0;0;0;0;0;0;0;0;0;0;0;0;0;0;0;0;0;0;0;0;0;0;0;0;0;0;0;0;0;0;0;0;0;0;0;0;0;0;0;0;0;0;0;0;0;0;0;0;0;0;0;0;0;0;0;0;0;0
M68YD:04074:06844_SUB_SUB;158;0;0;0;0;0;0;0;0;0;0;0;0;0;0;0;0;0;0;0;0;0;0;0;0;0;0;0;0;158;0;0;0;0;0;0;0;0;0;0;0;0;0;0;0;0;0;0;0;0;0;0;0;0;0;0;0;0;0;0;0;0;0;0;0;0;0;0;0;0;0;0;0;0;0;0;0;0;0;0;0;0;0;0;0;0;0;0;0;0
M68YD:04096:06658_SUB_SUB;239;0;0;0;0;0;0;0;0;0;0;0;0;0;0;0;0;0;0;0;0;0;0;0;0;0;0;0;0;230;0;0;0;0;0;0;0;0;0;0;0;0;0;0;0;0;0;0;0;0;0;0;0;0;0;9;0;0;0;0;0;0;0;0;0;0;0;0;0;0;0;0;0;0;0;0;0;0;0;0;0;0;0;0;0;0;0;0;0;0
M68YD:04200:06487_SUB_SUB;200;0;0;0;0;0;0;0;0;0;0;0;0;0;0;0;0;0;0;0;0;0;0;0;0;0;0;0;0;130;18;0;0;0;0;0;0;0;2;0;0;0;0;0;0;0;0;0;0;0;0;0;0;0;0;0;0;0;0;0;0;0;0;0;0;0;0;0;0;0;0;0;0;0;0;0;0;49;0;0;0;0;0;0;0;0;1;0;0;0
M68YD:04210:06861_SUB_SUB;119;0;0;0;0;0;0;0;0;0;0;0;0;0;0;0;0;0;0;0;0;0;0;0;0;0;0;0;0;10;0;0;0;0;0;0;0;0;0;0;0;0;0;0;0;0;0;0;0;0;0;0;0;0;0;0;0;0;0;0;0;0;109;0;0;0;0;0;0;0;0;0;0;0;0;0;0;0;0;0;0;0;0;0;0;0;0;0;0;0
M68YD:04244:06530_SUB_SUB;146;0;0;0;0;0;0;0;0;0;0;0;0;0;0;0;0;0;0;0;0;0;0;0;0;0;0;0;0;146;0;0;0;0;0;0;0;0;0;0;0;0;0;0;0;0;0;0;0;0;0;0;0;0;0;0;0;0;0;0;0;0;0;0;0;0;0;0;0;0;0;0;0;0;0;0;0;0;0;0;0;0;0;0;0;0;0;0;0;0
M68YD:04279:06840_SUB_SUB;490;0;0;0;0;0;0;0;0;0;0;0;0;0;0;0;0;0;0;0;0;0;0;0;0;0;0;0;0;17;35;0;0;0;0;0;0;0;0;0;0;0;0;0;0;0;0;0;0;0;0;0;0;0;90;222;0;0;0;0;0;0;0;0;0;0;0;0;0;0;0;0;0;0;0;0;0;126;0;0;0;0;0;0;0;0;0;0;0;0
M68YD:04247:06896_SUB_SUB;134;0;0;0;0;0;0;0;0;0;0;0;0;0;0;0;0;0;0;0;0;0;0;0;0;0;0;0;0;134;0;0;0;0;0;0;0;0;0;0;0;0;0;0;0;0;0;0;0;0;0;0;0;0;0;0;0;0;0;0;0;0;0;0;0;0;0;0;0;0;0;0;0;0;0;0;0;0;0;0;0;0;0;0;0;0;0;0;0;0
M68YD:04310:06599_SUB_SUB;743;0;0;0;0;0;0;0;0;0;0;0;0;0;0;0;0;0;0;0;0;0;0;0;0;0;0;0;0;12;0;0;0;0;0;0;0;391;0;0;0;0;0;0;0;0;0;0;0;0;0;0;0;0;0;0;0;0;0;0;0;0;0;0;340;0;0;0;0;0;0;0;0;0;0;0;0;0;0;0;0;0;0;0;0;0;0;0;0;0
M68YD:04303:06637_SUB_SUB;3741;0;0;0;0;0;0;0;0;0;0;0;0;0;0;0;0;0;0;0;0;0;0;0;0;0;0;0;0;22;573;0;0;0;0;0;0;2135;0;0;0;0;0;0;0;0;0;0;0;0;0;0;0;0;0;1009;0;0;0;0;0;0;0;0;0;0;0;0;0;0;0;0;0;0;0;0;0;0;0;0;0;0;0;0;0;0;0;0;2;0
M68YD:04346:06923_SUB_SUB;165;0;0;0;0;0;0;0;0;0;0;0;0;0;0;0;0;0;0;0;0;0;0;0;0;0;0;0;0;55;0;0;0;0;0;0;0;0;0;0;0;2;22;0;0;5;0;0;0;0;0;0;0;5;0;0;0;0;0;0;0;0;0;0;0;0;0;0;0;0;0;0;0;0;0;0;0;0;0;0;0;0;0;0;0;0;76;0;0;0
M68YD:04417:06689_SUB_SUB;123;0;0;0;0;0;0;0;0;0;0;0;0;0;0;0;0;0;0;0;0;0;0;0;0;0;0;0;0;123;0;0;0;0;0;0;0;0;0;0;0;0;0;0;0;0;0;0;0;0;0;0;0;0;0;0;0;0;0;0;0;0;0;0;0;0;0;0;0;0;0;0;0;0;0;0;0;0;0;0;0;0;0;0;0;0;0;0;0;0
M68YD:04501:06772_SUB_SUB;392;0;0;0;0;0;0;0;0;0;0;0;0;0;0;0;0;0;0;0;0;0;0;0;0;0;0;0;0;72;0;0;0;0;0;0;0;12;0;0;0;0;0;0;2;2;0;0;0;0;0;0;12;14;175;20;0;0;0;0;0;2;9;0;0;0;0;0;0;0;0;0;0;0;0;0;15;26;0;0;0;0;0;0;2;0;29;0;0;0
M68YD:04545:07035_SUB_SUB;117;0;0;0;0;0;0;0;0;0;0;0;0;0;0;0;0;0;0;0;0;0;0;0;0;0;0;0;0;26;0;0;0;0;0;20;0;0;0;0;0;0;0;0;0;0;0;0;0;0;0;0;71;0;0;0;0;0;0;0;0;0;0;0;0;0;0;0;0;0;0;0;0;0;0;0;0;0;0;0;0;0;0;0;0;0;0;0;0;0
M68YD:04607:06743_SUB_SUB;149;0;0;0;0;0;0;0;0;0;0;0;0;0;0;0;0;0;0;0;0;0;0;0;0;0;0;0;0;69;0;0;0;0;0;0;0;0;0;0;0;0;0;0;0;0;0;0;0;0;0;0;0;15;65;0;0;0;0;0;0;0;0;0;0;0;0;0;0;0;0;0;0;0;0;0;0;0;0;0;0;0;0;0;0;0;0;0;0;0
M68YD:00705:06039_SUB_SUB;196;0;0;0;0;0;0;0;0;0;0;0;0;0;0;0;0;0;0;0;0;0;0;0;0;0;0;0;0;13;0;0;0;0;0;114;0;7;0;0;0;0;0;0;0;0;0;0;0;0;0;0;0;0;0;0;0;0;0;0;0;0;0;0;0;0;0;0;0;0;0;0;0;0;0;0;0;0;0;0;0;0;0;0;0;0;62;0;0;0
M68YD:00701:06390_SUB_SUB;158;0;0;0;0;0;0;0;0;0;0;0;0;0;0;0;0;0;0;0;0;0;0;0;0;0;0;0;0;129;0;0;0;0;0;0;0;0;0;0;0;0;0;0;0;0;0;0;0;0;0;0;0;0;0;0;0;0;0;0;0;0;0;0;0;0;0;0;0;0;0;0;0;0;0;0;0;29;0;0;0;0;0;0;0;0;0;0;0;0
M68YD:00757:06034_SUB_SUB;100;0;0;0;0;0;0;0;0;0;0;0;0;0;0;0;0;0;0;0;0;0;0;0;0;0;0;0;0;1;0;0;0;0;0;0;0;0;0;0;0;0;0;0;0;0;0;0;0;0;0;0;0;0;65;12;0;0;0;0;0;0;12;1;0;0;0;0;0;0;0;0;0;0;0;0;0;9;0;0;0;0;0;0;0;0;0;0;0;0
M68YD:00772:05780_SUB_SUB;193;0;0;0;0;0;0;0;0;0;0;0;0;0;0;0;0;0;0;0;0;0;0;0;0;0;0;0;0;165;0;0;0;0;0;0;0;0;0;0;0;0;0;0;0;0;0;0;0;0;0;0;0;0;0;0;0;0;0;0;0;0;0;0;0;0;0;0;0;0;0;0;0;0;0;0;0;28;0;0;0;0;0;0;0;0;0;0;0;0
M68YD:00849:05810_SUB_SUB;432;0;0;0;0;0;0;0;0;0;0;0;0;0;0;0;0;0;0;0;0;0;0;0;0;0;0;0;0;108;11;0;0;3;0;0;0;0;5;0;0;0;0;0;0;0;0;0;0;0;4;0;120;0;9;16;1;0;0;0;0;0;0;0;4;0;1;0;0;0;0;0;0;0;0;0;0;150;0;0;0;0;0;0;0;0;0;0;0;0
M68YD:00816:06210_SUB_SUB;290;0;0;0;0;0;0;0;0;0;0;0;0;0;0;0;0;0;0;0;0;0;0;0;0;0;0;0;0;7;38;0;0;0;0;0;0;0;18;0;0;0;0;0;0;0;0;0;0;0;0;0;0;3;44;30;0;0;0;0;0;0;0;0;17;0;0;0;0;0;0;0;0;0;0;0;0;133;0;0;0;0;0;0;0;0;0;0;0;0
M68YD:00865:05991_SUB_SUB;156;0;0;0;0;0;0;0;0;0;0;0;0;0;0;0;0;0;0;0;0;0;0;0;0;0;0;0;0;8;0;0;0;0;0;0;0;0;0;0;0;0;0;0;0;0;0;0;0;0;0;0;0;0;0;0;0;0;0;0;0;0;0;0;0;0;0;0;0;0;0;0;0;0;0;0;0;148;0;0;0;0;0;0;0;0;0;0;0;0
M68YD:00942:05850_SUB_SUB;330;0;0;0;0;0;0;0;0;0;0;0;0;0;0;0;0;0;0;0;0;0;0;0;0;0;0;0;0;29;7;0;0;0;0;0;0;0;0;0;0;0;0;0;0;0;0;0;0;0;0;0;0;18;0;276;0;0;0;0;0;0;0;0;0;0;0;0;0;0;0;0;0;0;0;0;0;0;0;0;0;0;0;0;0;0;0;0;0;0
M68YD:00975:06007_SUB_SUB;689;0;0;0;0;0;0;0;0;0;0;0;0;0;0;0;0;0;0;0;0;0;0;0;0;0;0;0;0;99;12;0;0;0;0;0;0;0;4;0;0;0;0;0;0;0;0;0;0;0;0;0;111;8;356;23;7;0;0;0;0;0;22;0;0;0;0;0;0;0;0;0;0;0;0;0;0;0;0;0;0;0;0;0;0;0;46;0;0;1
M68YD:00994:06250_SUB_SUB;209;0;0;0;0;0;0;0;0;0;0;0;0;0;0;0;0;0;0;0;0;0;0;0;0;0;0;0;0;28;93;0;0;0;0;0;0;0;0;0;0;0;0;0;0;0;0;0;0;0;0;0;0;0;0;60;0;0;0;0;0;0;0;0;1;0;0;0;0;0;0;0;0;0;0;0;0;4;0;0;0;0;0;0;0;0;23;0;0;0
M68YD:00514:02408_SUB_SUB;147;0;0;0;0;0;0;0;0;0;0;0;0;0;0;0;0;0;0;0;0;0;0;0;0;0;0;0;0;30;0;0;0;0;0;0;0;2;0;0;0;0;0;0;2;0;0;0;0;0;0;0;4;5;62;10;0;0;0;0;0;0;1;0;0;0;0;0;0;0;0;0;0;0;0;0;5;10;0;0;0;0;0;0;0;0;16;0;0;0
M68YD:00556:01095_SUB_SUB;281;0;0;0;0;0;0;0;0;0;0;0;0;0;0;0;0;0;0;0;0;0;0;0;0;0;0;0;0;52;0;0;0;0;0;0;0;0;0;0;0;0;0;0;0;0;0;0;0;0;0;0;0;0;0;216;0;0;0;0;0;0;0;0;0;0;0;0;0;0;0;0;0;0;0;0;0;0;0;0;0;0;0;0;0;0;13;0;0;0
M68YD:00090:05019_SUB_SUB;117;0;0;0;0;0;0;0;0;0;0;0;0;0;0;0;0;0;0;0;0;0;0;0;0;0;0;0;0;7;19;0;0;0;0;0;0;0;0;0;0;0;0;0;0;0;0;0;0;0;0;0;0;0;0;0;0;0;0;0;0;0;0;0;0;0;0;0;0;0;0;0;0;0;0;0;0;91;0;0;0;0;0;0;0;0;0;0;0;0
M68YD:00182:04618_SUB_SUB;110;0;0;0;0;0;0;0;0;0;0;0;0;0;0;0;0;0;0;0;0;0;0;0;0;0;0;0;0;4;0;0;0;0;0;0;0;0;0;0;0;0;0;0;0;0;0;0;0;0;0;0;0;1;0;0;0;0;0;0;0;0;105;0;0;0;0;0;0;0;0;0;0;0;0;0;0;0;0;0;0;0;0;0;0;0;0;0;0;0
M68YD:00063:03209_SUB_SUB;184;0;0;0;0;0;0;0;0;0;0;0;0;0;0;0;0;0;0;0;0;0;0;0;0;0;0;0;0;37;0;0;0;0;0;0;0;0;0;0;0;0;0;0;0;0;0;0;0;0;0;0;0;34;0;0;4;0;0;0;0;0;0;0;0;0;0;0;0;0;0;0;0;0;0;0;0;39;0;0;0;0;0;0;12;0;55;0;0;3
M68YD:00050:03708_SUB_SUB;176;0;0;0;0;0;0;0;0;0;0;0;0;0;0;0;0;0;0;0;0;0;0;0;0;0;0;0;0;27;0;0;0;0;0;0;0;0;0;0;0;0;0;0;0;0;0;0;0;0;0;0;0;0;0;0;0;0;0;0;0;0;0;0;0;0;0;0;0;0;0;0;0;0;0;0;0;0;0;0;0;0;0;0;0;0;149;0;0;0
M68YD:00288:05964_SUB_SUB;178;0;0;0;0;0;0;0;0;0;0;0;0;0;0;0;0;0;0;0;0;0;0;0;0;0;0;0;0;8;0;0;0;4;0;3;0;0;0;0;0;0;0;0;0;0;0;0;0;0;2;0;0;0;0;161;0;0;0;0;0;0;0;0;0;0;0;0;0;0;0;0;0;0;0;0;0;0;0;0;0;0;0;0;0;0;0;0;0;0
M68YD:03521:01918_SUB_SUB;263;0;0;0;0;0;0;0;0;0;0;0;0;0;0;0;0;0;0;0;0;0;0;0;0;0;0;0;0;4;11;0;0;0;0;0;0;0;0;0;0;0;0;0;0;0;0;0;0;0;0;0;0;0;3;244;1;0;0;0;0;0;0;0;0;0;0;0;0;0;0;0;0;0;0;0;0;0;0;0;0;0;0;0;0;0;0;0;0;0
M68YD:05107:01626_SUB_SUB;136;0;0;0;0;0;0;0;0;0;0;0;0;0;0;0;0;0;0;0;0;0;0;0;0;0;0;0;0;13;77;0;0;0;0;0;0;0;0;0;0;0;0;0;0;0;0;0;0;0;2;0;0;0;12;7;2;0;0;10;0;0;0;0;0;0;0;0;0;0;0;0;0;0;0;0;0;0;0;0;0;0;0;0;0;0;13;0;0;0
M68YD:01202:02232_SUB_SUB;576;0;0;0;0;0;0;0;0;0;0;0;0;0;0;0;0;0;0;0;0;0;0;0;0;0;0;0;0;13;0;0;0;0;0;0;0;0;1;0;0;0;0;0;0;0;0;0;0;0;0;0;0;0;0;435;0;0;0;0;0;0;0;1;0;0;0;0;0;0;0;0;0;0;0;0;0;126;0;0;0;0;0;0;0;0;0;0;0;0
M68YD:03162:02278_SUB_SUB;164;0;0;0;0;0;0;0;0;0;0;0;0;0;0;0;0;0;0;0;0;0;0;0;0;0;0;0;0;1;25;0;0;0;0;0;0;8;0;0;0;0;0;0;0;0;0;0;0;0;0;0;2;0;0;32;0;0;0;0;0;0;0;0;0;0;0;0;0;0;0;0;0;0;0;0;0;94;0;0;0;0;0;0;0;0;2;0;0;0
M68YD:05277:05374_SUB_SUB;176;0;0;0;0;0;0;0;0;0;0;0;0;0;0;0;0;0;0;0;0;0;0;0;0;0;0;0;0;1;21;0;0;0;0;0;0;0;0;0;0;0;0;0;0;0;0;0;0;0;0;0;45;0;0;93;4;0;0;0;0;0;12;0;0;0;0;0;0;0;0;0;0;0;0;0;0;0;0;0;0;0;0;0;0;0;0;0;0;0
M68YD:05041:00914_SUB_SUB;108;0;0;0;0;0;0;0;0;0;0;0;0;0;0;0;0;0;0;0;0;0;0;0;0;0;0;0;0;1;1;0;0;0;0;0;0;0;23;0;0;0;0;0;0;0;0;0;0;0;0;0;19;0;24;3;3;0;0;0;0;0;0;0;1;0;0;0;0;0;0;0;0;0;0;0;0;18;0;0;0;0;0;0;0;0;15;0;0;0
M68YD:03524:02952_SUB_SUB;237;0;0;0;0;0;0;0;0;0;0;0;0;0;0;0;0;0;0;0;0;0;0;0;0;0;0;0;0;2;15;0;0;0;0;0;0;0;0;0;0;0;0;0;0;0;0;0;0;0;0;0;0;99;0;0;0;0;0;0;0;0;0;0;0;0;0;0;0;0;0;0;10;0;0;0;0;65;0;0;0;0;0;0;0;0;0;40;0;6
M68YD:03437:00185_SUB_SUB;246;0;0;0;0;0;0;0;0;0;0;0;0;0;0;0;0;0;0;0;0;0;0;0;0;0;0;0;0;6;0;0;0;0;0;0;0;0;0;0;0;0;0;0;0;0;0;0;0;0;0;0;0;0;0;0;1;0;0;0;0;0;0;0;0;0;0;0;0;0;0;0;0;0;0;0;0;0;0;0;0;0;0;0;0;0;239;0;0;0
M68YD:02303:03041_SUB_SUB;612;0;0;0;0;0;0;0;0;0;0;0;0;0;0;0;0;0;0;0;0;0;0;0;0;0;0;0;0;1;103;0;0;0;0;0;0;291;0;0;0;0;0;0;0;0;0;0;0;0;0;0;0;0;0;217;0;0;0;0;0;0;0;0;0;0;0;0;0;0;0;0;0;0;0;0;0;0;0;0;0;0;0;0;0;0;0;0;0;0
M68YD:02361:01478_SUB_SUB;128;0;0;0;0;0;0;0;0;0;0;0;0;0;0;0;0;0;0;0;0;0;0;0;0;0;0;0;0;2;0;0;0;0;0;0;0;0;0;0;0;0;0;0;0;0;0;0;0;0;0;0;0;0;0;94;0;0;0;0;0;0;0;0;0;0;0;0;0;0;0;0;0;0;0;0;0;32;0;0;0;0;0;0;0;0;0;0;0;0
M68YD:02612:00454_SUB_SUB;175;0;0;0;0;0;0;0;0;0;0;0;0;0;0;0;0;0;0;0;0;0;0;0;0;0;0;0;0;1;0;0;0;0;0;0;0;0;2;0;0;0;0;0;0;0;1;0;0;0;0;0;0;3;54;0;1;0;0;0;0;0;0;0;12;0;0;0;0;0;0;0;0;0;0;0;0;18;0;0;0;0;0;0;2;0;81;0;0;0
M68YD:03994:06519_SUB_SUB;153;0;0;0;0;0;0;0;0;0;0;0;0;0;0;0;0;0;0;0;0;0;0;0;0;0;0;0;0;0;153;0;0;0;0;0;0;0;0;0;0;0;0;0;0;0;0;0;0;0;0;0;0;0;0;0;0;0;0;0;0;0;0;0;0;0;0;0;0;0;0;0;0;0;0;0;0;0;0;0;0;0;0;0;0;0;0;0;0;0
M68YD:04003:06606_SUB_SUB;1136;0;0;0;0;0;0;0;0;0;0;0;0;0;0;0;0;0;0;0;0;0;0;0;0;0;0;0;0;0;1133;0;0;0;0;0;0;0;0;0;0;0;0;0;0;0;0;0;0;0;0;0;0;0;0;0;0;0;0;0;0;0;0;0;0;0;0;0;0;0;0;0;0;0;0;0;0;0;0;0;0;0;0;0;0;0;3;0;0;0
M68YD:03991:06787_SUB_SUB;154;0;0;0;0;0;0;0;0;0;0;0;0;0;0;0;0;0;0;0;0;0;0;0;0;0;0;0;0;0;20;0;0;0;0;0;0;0;0;0;0;0;0;0;0;0;0;0;0;0;0;0;0;2;127;0;0;0;0;0;0;0;0;0;0;0;0;0;0;0;0;0;0;0;0;0;0;5;0;0;0;0;0;0;0;0;0;0;0;0
M68YD:04001:06958_SUB_SUB;231;0;0;0;0;0;0;0;0;0;0;0;0;0;0;0;0;0;0;0;0;0;0;0;0;0;0;0;0;0;231;0;0;0;0;0;0;0;0;0;0;0;0;0;0;0;0;0;0;0;0;0;0;0;0;0;0;0;0;0;0;0;0;0;0;0;0;0;0;0;0;0;0;0;0;0;0;0;0;0;0;0;0;0;0;0;0;0;0;0
M68YD:04050:06660_SUB_SUB;171;0;0;0;0;0;0;0;0;0;0;0;0;0;0;0;0;0;0;0;0;0;0;0;0;0;0;0;0;0;111;0;0;0;0;0;0;0;0;0;0;0;0;0;0;0;0;0;0;0;0;0;0;52;0;0;8;0;0;0;0;0;0;0;0;0;0;0;0;0;0;0;0;0;0;0;0;0;0;0;0;0;0;0;0;0;0;0;0;0
M68YD:04057:06782_SUB_SUB;387;0;0;0;0;0;0;0;0;0;0;0;0;0;0;0;0;0;0;0;0;0;0;0;0;0;0;0;0;0;386;0;0;1;0;0;0;0;0;0;0;0;0;0;0;0;0;0;0;0;0;0;0;0;0;0;0;0;0;0;0;0;0;0;0;0;0;0;0;0;0;0;0;0;0;0;0;0;0;0;0;0;0;0;0;0;0;0;0;0
M68YD:04104:06524_SUB_SUB;120;0;0;0;0;0;0;0;0;0;0;0;0;0;0;0;0;0;0;0;0;0;0;0;0;0;0;0;0;0;120;0;0;0;0;0;0;0;0;0;0;0;0;0;0;0;0;0;0;0;0;0;0;0;0;0;0;0;0;0;0;0;0;0;0;0;0;0;0;0;0;0;0;0;0;0;0;0;0;0;0;0;0;0;0;0;0;0;0;0
M68YD:04122:06771_SUB_SUB;109;0;0;0;0;0;0;0;0;0;0;0;0;0;0;0;0;0;0;0;0;0;0;0;0;0;0;0;0;0;89;0;0;0;0;0;0;0;0;0;0;0;0;0;0;0;0;0;0;0;0;0;20;0;0;0;0;0;0;0;0;0;0;0;0;0;0;0;0;0;0;0;0;0;0;0;0;0;0;0;0;0;0;0;0;0;0;0;0;0
M68YD:04114:06811_SUB_SUB;189;0;0;0;0;0;0;0;0;0;0;0;0;0;0;0;0;0;0;0;0;0;0;0;0;0;0;0;0;0;188;0;0;0;0;0;0;0;0;0;0;0;0;0;0;0;0;0;0;0;0;0;0;1;0;0;0;0;0;0;0;0;0;0;0;0;0;0;0;0;0;0;0;0;0;0;0;0;0;0;0;0;0;0;0;0;0;0;0;0
M68YD:04143:06607_SUB_SUB;102;0;0;0;0;0;0;0;0;0;0;0;0;0;0;0;0;0;0;0;0;0;0;0;0;0;0;0;0;0;102;0;0;0;0;0;0;0;0;0;0;0;0;0;0;0;0;0;0;0;0;0;0;0;0;0;0;0;0;0;0;0;0;0;0;0;0;0;0;0;0;0;0;0;0;0;0;0;0;0;0;0;0;0;0;0;0;0;0;0
M68YD:04149:06890_SUB_SUB;196;0;0;0;0;0;0;0;0;0;0;0;0;0;0;0;0;0;0;0;0;0;0;0;0;0;0;0;0;0;196;0;0;0;0;0;0;0;0;0;0;0;0;0;0;0;0;0;0;0;0;0;0;0;0;0;0;0;0;0;0;0;0;0;0;0;0;0;0;0;0;0;0;0;0;0;0;0;0;0;0;0;0;0;0;0;0;0;0;0
M68YD:04213:06743_SUB_SUB;115;0;0;0;0;0;0;0;0;0;0;0;0;0;0;0;0;0;0;0;0;0;0;0;0;0;0;0;0;0;115;0;0;0;0;0;0;0;0;0;0;0;0;0;0;0;0;0;0;0;0;0;0;0;0;0;0;0;0;0;0;0;0;0;0;0;0;0;0;0;0;0;0;0;0;0;0;0;0;0;0;0;0;0;0;0;0;0;0;0
M68YD:04250:06442_SUB_SUB;373;0;0;0;0;0;0;0;0;0;0;0;0;0;0;0;0;0;0;0;0;0;0;0;0;0;0;0;0;0;112;0;0;15;0;0;0;8;0;0;0;0;0;0;0;0;0;0;0;0;41;0;0;0;0;0;0;0;0;0;0;0;0;0;0;0;0;0;0;0;0;0;0;0;0;0;0;0;0;0;0;0;0;0;0;0;197;0;0;0
M68YD:04266:06423_SUB_SUB;166;0;0;0;0;0;0;0;0;0;0;0;0;0;0;0;0;0;0;0;0;0;0;0;0;0;0;0;0;0;166;0;0;0;0;0;0;0;0;0;0;0;0;0;0;0;0;0;0;0;0;0;0;0;0;0;0;0;0;0;0;0;0;0;0;0;0;0;0;0;0;0;0;0;0;0;0;0;0;0;0;0;0;0;0;0;0;0;0;0
M68YD:04238:06490_SUB_SUB;119;0;0;0;0;0;0;0;0;0;0;0;0;0;0;0;0;0;0;0;0;0;0;0;0;0;0;0;0;0;119;0;0;0;0;0;0;0;0;0;0;0;0;0;0;0;0;0;0;0;0;0;0;0;0;0;0;0;0;0;0;0;0;0;0;0;0;0;0;0;0;0;0;0;0;0;0;0;0;0;0;0;0;0;0;0;0;0;0;0
M68YD:04385:06489_SUB_SUB;113;0;0;0;0;0;0;0;0;0;0;0;0;0;0;0;0;0;0;0;0;0;0;0;0;0;0;0;0;0;4;0;0;0;0;0;0;0;5;0;0;0;0;0;0;0;0;0;0;0;0;0;28;0;63;1;1;0;0;0;0;0;0;0;0;0;0;0;0;0;0;0;0;0;0;0;0;9;0;0;0;0;0;0;0;0;2;0;0;0
M68YD:04505:06486_SUB_SUB;602;0;0;0;0;0;0;0;0;0;0;0;0;0;0;0;0;0;0;0;0;0;0;0;0;0;0;0;0;0;7;0;0;0;0;0;0;0;0;0;0;0;0;0;0;0;0;0;0;0;0;0;0;0;0;297;1;0;0;0;0;0;0;0;0;0;0;0;0;0;0;0;0;0;0;0;0;297;0;0;0;0;0;0;0;0;0;0;0;0
M68YD:04500:06715_SUB_SUB;140;0;0;0;0;0;0;0;0;0;0;0;0;0;0;0;0;0;0;0;0;0;0;0;0;0;0;0;0;0;130;0;0;0;0;0;0;0;0;0;0;0;0;0;0;0;0;0;0;0;0;0;0;0;0;0;0;0;0;0;0;0;0;0;0;0;0;0;0;0;0;0;0;0;0;0;0;8;0;0;0;0;0;0;0;0;2;0;0;0
M68YD:04571:06725_SUB_SUB;103;0;0;0;0;0;0;0;0;0;0;0;0;0;0;0;0;0;0;0;0;0;0;0;0;0;0;0;0;0;30;0;0;1;0;0;0;1;0;0;0;0;0;0;0;0;0;0;0;0;4;0;0;0;0;0;0;0;0;0;0;0;0;0;0;0;0;0;0;0;0;0;0;0;0;0;0;0;0;0;0;0;0;0;0;0;67;0;0;0
M68YD:00796:05816_SUB_SUB;248;0;0;0;0;0;0;0;0;0;0;0;0;0;0;0;0;0;0;0;0;0;0;0;0;0;0;0;0;0;123;0;0;0;0;14;0;2;0;0;0;0;0;0;0;0;0;0;0;0;0;0;0;1;3;26;1;0;0;0;0;0;0;0;0;0;0;0;0;0;0;0;0;0;0;0;0;0;0;0;0;0;0;0;0;0;78;0;0;0
M68YD:00804:05852_SUB_SUB;166;0;0;0;0;0;0;0;0;0;0;0;0;0;0;0;0;0;0;0;0;0;0;0;0;0;0;0;0;0;166;0;0;0;0;0;0;0;0;0;0;0;0;0;0;0;0;0;0;0;0;0;0;0;0;0;0;0;0;0;0;0;0;0;0;0;0;0;0;0;0;0;0;0;0;0;0;0;0;0;0;0;0;0;0;0;0;0;0;0
M68YD:00843:06220_SUB_SUB;104;0;0;0;0;0;0;0;0;0;0;0;0;0;0;0;0;0;0;0;0;0;0;0;0;0;0;0;0;0;101;0;0;0;0;0;0;0;0;0;0;0;0;0;0;0;0;0;0;0;1;0;0;0;0;0;0;0;0;0;0;0;0;0;0;0;2;0;0;0;0;0;0;0;0;0;0;0;0;0;0;0;0;0;0;0;0;0;0;0
M68YD:01059:06008_SUB_SUB;125;0;0;0;0;0;0;0;0;0;0;0;0;0;0;0;0;0;0;0;0;0;0;0;0;0;0;0;0;0;81;0;0;0;0;3;0;0;0;0;0;0;0;0;0;0;0;0;0;0;0;0;2;0;0;11;1;0;0;0;0;0;0;0;0;0;0;0;0;0;0;0;0;0;0;0;0;1;0;0;0;0;0;0;0;0;26;0;0;0
M68YD:01196:06357_SUB_SUB;248;0;0;0;0;0;0;0;0;0;0;0;0;0;0;0;0;0;0;0;0;0;0;0;0;0;0;0;0;0;122;0;0;0;0;0;0;0;0;0;0;0;0;0;0;0;0;0;0;0;0;0;4;0;21;66;1;0;0;0;0;0;0;1;0;0;0;0;0;0;0;0;0;0;0;0;0;8;0;0;0;0;0;0;0;0;24;1;0;0
M68YD:00100:02049_SUB_SUB;237;0;0;0;0;0;0;0;0;0;0;0;0;0;0;0;0;0;0;0;0;0;0;0;0;0;0;0;0;0;235;0;0;0;0;0;0;0;0;0;0;0;0;0;0;0;0;0;0;0;0;0;0;0;0;0;0;0;0;0;0;0;0;0;0;0;0;0;0;0;0;0;0;0;0;0;0;0;0;0;0;0;0;0;0;0;2;0;0;0
M68YD:00154:02190_SUB_SUB;199;0;0;0;0;0;0;0;0;0;0;0;0;0;0;0;0;0;0;0;0;0;0;0;0;0;0;0;0;0;95;0;0;5;0;0;0;16;0;0;0;0;0;0;0;0;0;0;0;0;0;0;0;14;65;0;0;0;0;0;0;0;0;0;0;0;2;0;0;0;0;0;0;0;0;0;0;0;0;0;0;0;0;0;0;0;2;0;0;0
M68YD:00206:02551_SUB_SUB;146;0;0;0;0;0;0;0;0;0;0;0;0;0;0;0;0;0;0;0;0;0;0;0;0;0;0;0;0;0;28;0;0;0;0;0;0;0;3;0;0;0;0;0;0;0;0;0;0;0;0;0;0;0;10;0;0;0;0;0;0;0;59;0;0;0;0;0;0;0;0;0;0;0;0;0;0;32;0;0;1;0;0;0;0;0;13;0;0;0
M68YD:00306:00975_SUB_SUB;421;0;0;0;0;0;0;0;0;0;0;0;0;0;0;0;0;0;0;0;0;0;0;0;0;0;0;0;0;0;8;0;0;0;0;0;0;0;4;0;0;0;0;0;0;0;0;0;0;0;0;0;0;0;0;0;0;0;0;0;0;0;0;0;0;0;0;0;0;0;0;0;0;0;0;0;0;409;0;0;0;0;0;0;0;0;0;0;0;0
M68YD:00301:01234_SUB_SUB;160;0;0;0;0;0;0;0;0;0;0;0;0;0;0;0;0;0;0;0;0;0;0;0;0;0;0;0;0;0;88;0;0;0;0;0;0;0;0;0;0;0;0;0;0;0;0;0;0;0;0;0;21;0;14;1;0;0;0;0;0;0;0;0;0;0;0;0;0;0;0;0;0;0;0;0;0;36;0;0;0;0;0;0;0;0;0;0;0;0
M68YD:00354:01002_SUB_SUB;118;0;0;0;0;0;0;0;0;0;0;0;0;0;0;0;0;0;0;0;0;0;0;0;0;0;0;0;0;0;6;0;0;0;0;0;0;0;0;0;1;1;5;0;59;45;0;0;0;0;0;0;0;0;0;0;0;0;0;0;0;0;0;0;0;0;0;0;0;0;0;0;0;0;0;0;0;0;0;0;0;0;0;0;0;0;0;0;0;1
M68YD:00477:01072_SUB_SUB;407;0;0;0;0;0;0;0;0;0;0;0;0;0;0;0;0;0;0;0;0;0;0;0;0;0;0;0;0;0;29;0;0;0;0;0;0;0;5;0;0;0;0;0;0;0;0;0;0;0;23;0;46;0;177;108;1;0;0;0;0;0;0;1;0;0;0;0;0;0;0;0;0;0;0;0;0;17;0;0;0;0;0;0;0;0;0;0;0;0
M68YD:00584:01119_SUB_SUB;318;0;0;0;0;0;0;0;0;0;0;0;0;0;0;0;0;0;0;0;0;0;0;0;0;0;0;0;0;0;9;0;0;0;0;0;0;0;0;0;0;0;0;0;0;0;0;0;0;0;0;0;0;0;0;293;0;0;0;0;0;0;0;1;0;0;0;0;0;0;0;0;0;0;0;0;0;0;0;0;0;0;1;0;0;0;14;0;0;0
M68YD:00650:00916_SUB_SUB;125;0;0;0;0;0;0;0;0;0;0;0;0;0;0;0;0;0;0;0;0;0;0;0;0;0;0;0;0;0;27;0;0;0;0;0;0;0;0;0;0;0;0;0;0;0;0;0;0;0;0;0;0;0;0;0;0;0;0;0;0;0;0;0;0;0;0;0;0;0;0;0;0;0;0;0;0;98;0;0;0;0;0;0;0;0;0;0;0;0
M68YD:00133:05034_SUB_SUB;107;0;0;0;0;0;0;0;0;0;0;0;0;0;0;0;0;0;0;0;0;0;0;0;0;0;0;0;0;0;16;0;0;23;0;48;0;0;0;0;0;0;0;0;0;0;0;0;0;0;0;0;0;0;0;20;0;0;0;0;0;0;0;0;0;0;0;0;0;0;0;0;0;0;0;0;0;0;0;0;0;0;0;0;0;0;0;0;0;0
M68YD:00358:03640_SUB_SUB;122;0;0;0;0;0;0;0;0;0;0;0;0;0;0;0;0;0;0;0;0;0;0;0;0;0;0;0;0;0;7;0;0;0;0;100;0;0;0;0;0;0;0;0;0;0;0;0;0;0;0;0;0;0;2;6;0;0;0;0;0;0;0;0;0;0;0;0;0;0;0;0;0;0;0;0;0;2;0;0;0;0;0;0;0;0;5;0;0;0
M68YD:04962:01386_SUB_SUB;712;0;0;0;0;0;0;0;0;0;0;0;0;0;0;0;0;0;0;0;0;0;0;0;0;0;0;0;0;0;71;0;0;6;0;0;0;0;0;0;0;0;0;0;0;0;0;0;0;0;6;0;482;0;0;58;20;0;0;0;0;0;0;0;0;0;0;0;0;0;0;0;1;0;0;0;0;57;0;0;0;0;0;0;0;0;11;0;0;0
M68YD:00891:04259_SUB_SUB;123;0;0;0;0;0;0;0;0;0;0;0;0;0;0;0;0;0;0;0;0;0;0;0;0;0;0;0;0;0;8;0;0;5;0;12;0;0;0;0;0;0;0;0;0;0;0;0;0;0;29;0;69;0;0;0;0;0;0;0;0;0;0;0;0;0;0;0;0;0;0;0;0;0;0;0;0;0;0;0;0;0;0;0;0;0;0;0;0;0
M68YD:00795:00712_SUB_SUB;223;0;0;0;0;0;0;0;0;0;0;0;0;0;0;0;0;0;0;0;0;0;0;0;0;0;0;0;0;0;5;0;0;21;0;0;0;0;6;0;0;0;0;0;0;0;0;0;0;0;0;0;51;0;0;35;3;0;0;0;0;0;0;1;12;0;0;0;0;0;0;0;0;0;0;0;0;86;1;0;0;0;0;0;0;0;2;0;0;0
M68YD:02956:03757_SUB_SUB;130;0;0;0;0;0;0;0;0;0;0;0;0;0;0;0;0;0;0;0;0;0;0;0;0;0;0;0;0;0;3;0;0;0;0;0;0;0;0;0;0;0;0;0;0;0;0;0;0;0;0;0;0;0;0;0;0;0;0;0;0;0;0;0;0;0;0;0;0;0;0;0;0;0;0;0;0;127;0;0;0;0;0;0;0;0;0;0;0;0
M68YD:03483:03021_SUB_SUB;200;0;0;0;0;0;0;0;0;0;0;0;0;0;0;0;0;0;0;0;0;0;0;0;0;0;0;0;0;0;2;0;0;0;0;0;0;0;0;0;0;0;0;0;0;0;0;0;0;0;0;0;0;0;0;0;0;0;0;0;0;0;0;0;0;0;0;0;0;0;0;0;0;0;0;0;0;198;0;0;0;0;0;0;0;0;0;0;0;0
M68YD:04093:06629_SUB_SUB;239;0;0;0;0;0;0;0;0;0;0;0;0;0;0;0;0;0;0;0;0;0;0;0;0;0;0;0;0;0;0;0;0;239;0;0;0;0;0;0;0;0;0;0;0;0;0;0;0;0;0;0;0;0;0;0;0;0;0;0;0;0;0;0;0;0;0;0;0;0;0;0;0;0;0;0;0;0;0;0;0;0;0;0;0;0;0;0;0;0
M68YD:04130:06603_SUB_SUB;169;0;0;0;0;0;0;0;0;0;0;0;0;0;0;0;0;0;0;0;0;0;0;0;0;0;0;0;0;0;0;0;0;169;0;0;0;0;0;0;0;0;0;0;0;0;0;0;0;0;0;0;0;0;0;0;0;0;0;0;0;0;0;0;0;0;0;0;0;0;0;0;0;0;0;0;0;0;0;0;0;0;0;0;0;0;0;0;0;0
M68YD:04027:02721_SUB_SUB;147;0;0;0;0;0;0;0;0;0;0;0;0;0;0;0;0;0;0;0;0;0;0;0;0;0;0;0;0;0;0;0;0;4;0;136;0;6;0;0;0;0;0;0;0;0;0;0;0;0;0;0;0;0;0;0;0;0;0;0;0;0;0;0;0;0;0;0;0;0;0;0;0;0;0;0;0;0;0;0;0;0;0;0;0;0;1;0;0;0
M68YD:03030:05203_SUB_SUB;126;0;0;0;0;0;0;0;0;0;0;0;0;0;0;0;0;0;0;0;0;0;0;0;0;0;0;0;0;0;0;0;0;2;0;122;0;1;0;0;0;0;0;0;0;0;0;0;0;0;0;0;0;0;0;0;0;0;0;0;0;0;0;0;0;0;1;0;0;0;0;0;0;0;0;0;0;0;0;0;0;0;0;0;0;0;0;0;0;0
M68YD:00536:03052_SUB_SUB;502;0;0;0;0;0;0;0;0;0;0;0;0;0;0;0;0;0;0;0;0;0;0;0;0;0;0;0;0;0;0;0;0;1;0;373;0;103;0;0;0;0;0;0;0;0;0;0;0;0;0;0;0;0;0;0;0;0;0;0;0;0;0;0;2;0;0;0;0;0;0;0;0;0;0;0;0;0;0;0;0;0;0;0;0;0;22;0;1;0
M68YD:02926:05948_SUB_SUB;144;0;0;0;0;0;0;0;0;0;0;0;0;0;0;0;0;0;0;0;0;0;0;0;0;0;0;0;0;0;0;0;0;1;0;87;0;0;1;0;0;0;0;0;0;0;0;0;0;0;0;0;0;0;0;0;0;0;0;0;0;0;0;0;23;0;0;0;0;0;0;0;0;0;0;0;0;0;0;0;0;0;0;0;0;0;32;0;0;0
M68YD:03798:06219_SUB_SUB;1860;0;0;0;0;0;0;0;0;0;0;0;0;0;0;0;0;0;0;0;0;0;0;0;0;0;0;0;0;0;0;0;0;0;2;1857;0;1;0;0;0;0;0;0;0;0;0;0;0;0;0;0;0;0;0;0;0;0;0;0;0;0;0;0;0;0;0;0;0;0;0;0;0;0;0;0;0;0;0;0;0;0;0;0;0;0;0;0;0;0
M68YD:03991:06629_SUB_SUB;234;0;0;0;0;0;0;0;0;0;0;0;0;0;0;0;0;0;0;0;0;0;0;0;0;0;0;0;0;0;0;0;0;0;0;222;0;12;0;0;0;0;0;0;0;0;0;0;0;0;0;0;0;0;0;0;0;0;0;0;0;0;0;0;0;0;0;0;0;0;0;0;0;0;0;0;0;0;0;0;0;0;0;0;0;0;0;0;0;0
M68YD:04003:06851_SUB_SUB;477;0;0;0;0;0;0;0;0;0;0;0;0;0;0;0;0;0;0;0;0;0;0;0;0;0;0;0;0;0;0;0;0;0;0;440;0;2;0;0;0;0;0;0;0;0;0;0;0;0;0;0;0;0;0;0;0;0;0;0;0;0;0;0;0;0;0;0;0;0;0;0;0;0;0;0;0;0;0;0;0;0;0;0;0;0;35;0;0;0
M68YD:04011:06881_SUB_SUB;185;0;0;0;0;0;0;0;0;0;0;0;0;0;0;0;0;0;0;0;0;0;0;0;0;0;0;0;0;0;0;0;0;0;0;182;0;3;0;0;0;0;0;0;0;0;0;0;0;0;0;0;0;0;0;0;0;0;0;0;0;0;0;0;0;0;0;0;0;0;0;0;0;0;0;0;0;0;0;0;0;0;0;0;0;0;0;0;0;0
M68YD:04022:06863_SUB_SUB;977;0;0;0;0;0;0;0;0;0;0;0;0;0;0;0;0;0;0;0;0;0;0;0;0;0;0;0;0;0;0;0;0;0;0;340;0;0;0;0;0;0;0;0;0;0;0;0;0;0;0;0;0;0;0;0;0;0;0;0;0;0;0;0;637;0;0;0;0;0;0;0;0;0;0;0;0;0;0;0;0;0;0;0;0;0;0;0;0;0
M68YD:04057:06535_SUB_SUB;123;0;0;0;0;0;0;0;0;0;0;0;0;0;0;0;0;0;0;0;0;0;0;0;0;0;0;0;0;0;0;0;0;0;0;123;0;0;0;0;0;0;0;0;0;0;0;0;0;0;0;0;0;0;0;0;0;0;0;0;0;0;0;0;0;0;0;0;0;0;0;0;0;0;0;0;0;0;0;0;0;0;0;0;0;0;0;0;0;0
M68YD:04074:06705_SUB_SUB;108;0;0;0;0;0;0;0;0;0;0;0;0;0;0;0;0;0;0;0;0;0;0;0;0;0;0;0;0;0;0;0;0;0;0;108;0;0;0;0;0;0;0;0;0;0;0;0;0;0;0;0;0;0;0;0;0;0;0;0;0;0;0;0;0;0;0;0;0;0;0;0;0;0;0;0;0;0;0;0;0;0;0;0;0;0;0;0;0;0
M68YD:04034:06912_SUB_SUB;1281;0;0;0;0;0;0;0;0;0;0;0;0;0;0;0;0;0;0;0;0;0;0;0;0;0;0;0;0;0;0;0;0;0;0;1267;0;10;0;0;0;0;0;0;0;0;0;0;0;0;0;0;0;0;0;0;0;0;0;0;0;0;0;0;0;0;0;0;0;0;0;0;0;0;0;0;0;0;0;0;0;0;0;0;0;0;4;0;0;0
M68YD:04075:06991_SUB_SUB;219;0;0;0;0;0;0;0;0;0;0;0;0;0;0;0;0;0;0;0;0;0;0;0;0;0;0;0;0;0;0;0;0;0;0;219;0;0;0;0;0;0;0;0;0;0;0;0;0;0;0;0;0;0;0;0;0;0;0;0;0;0;0;0;0;0;0;0;0;0;0;0;0;0;0;0;0;0;0;0;0;0;0;0;0;0;0;0;0;0
M68YD:04109:06544_SUB_SUB;239;0;0;0;0;0;0;0;0;0;0;0;0;0;0;0;0;0;0;0;0;0;0;0;0;0;0;0;0;0;0;0;0;0;0;239;0;0;0;0;0;0;0;0;0;0;0;0;0;0;0;0;0;0;0;0;0;0;0;0;0;0;0;0;0;0;0;0;0;0;0;0;0;0;0;0;0;0;0;0;0;0;0;0;0;0;0;0;0;0
M68YD:04120:06533_SUB_SUB;815;0;0;0;0;0;0;0;0;0;0;0;0;0;0;0;0;0;0;0;0;0;0;0;0;0;0;0;0;0;0;0;0;0;0;750;0;65;0;0;0;0;0;0;0;0;0;0;0;0;0;0;0;0;0;0;0;0;0;0;0;0;0;0;0;0;0;0;0;0;0;0;0;0;0;0;0;0;0;0;0;0;0;0;0;0;0;0;0;0
M68YD:04143:06432_SUB_SUB;250;0;0;0;0;0;0;0;0;0;0;0;0;0;0;0;0;0;0;0;0;0;0;0;0;0;0;0;0;0;0;0;0;0;0;243;0;7;0;0;0;0;0;0;0;0;0;0;0;0;0;0;0;0;0;0;0;0;0;0;0;0;0;0;0;0;0;0;0;0;0;0;0;0;0;0;0;0;0;0;0;0;0;0;0;0;0;0;0;0
M68YD:04172:06557_SUB_SUB;691;0;0;0;0;0;0;0;0;0;0;0;0;0;0;0;0;0;0;0;0;0;0;0;0;0;0;0;0;0;0;0;0;0;0;599;0;92;0;0;0;0;0;0;0;0;0;0;0;0;0;0;0;0;0;0;0;0;0;0;0;0;0;0;0;0;0;0;0;0;0;0;0;0;0;0;0;0;0;0;0;0;0;0;0;0;0;0;0;0
M68YD:04216:06574_SUB_SUB;192;0;0;0;0;0;0;0;0;0;0;0;0;0;0;0;0;0;0;0;0;0;0;0;0;0;0;0;0;0;0;0;0;0;0;86;0;101;0;0;0;0;0;0;0;0;0;0;0;0;0;0;0;0;0;0;0;0;0;0;0;0;0;0;5;0;0;0;0;0;0;0;0;0;0;0;0;0;0;0;0;0;0;0;0;0;0;0;0;0
M68YD:04202:06682_SUB_SUB;111;0;0;0;0;0;0;0;0;0;0;0;0;0;0;0;0;0;0;0;0;0;0;0;0;0;0;0;0;0;0;0;0;0;0;111;0;0;0;0;0;0;0;0;0;0;0;0;0;0;0;0;0;0;0;0;0;0;0;0;0;0;0;0;0;0;0;0;0;0;0;0;0;0;0;0;0;0;0;0;0;0;0;0;0;0;0;0;0;0
M68YD:04222:06666_SUB_SUB;145;0;0;0;0;0;0;0;0;0;0;0;0;0;0;0;0;0;0;0;0;0;0;0;0;0;0;0;0;0;0;0;0;0;0;145;0;0;0;0;0;0;0;0;0;0;0;0;0;0;0;0;0;0;0;0;0;0;0;0;0;0;0;0;0;0;0;0;0;0;0;0;0;0;0;0;0;0;0;0;0;0;0;0;0;0;0;0;0;0
M68YD:04222:06851_SUB_SUB;134;0;0;0;0;0;0;0;0;0;0;0;0;0;0;0;0;0;0;0;0;0;0;0;0;0;0;0;0;0;0;0;0;0;0;43;0;91;0;0;0;0;0;0;0;0;0;0;0;0;0;0;0;0;0;0;0;0;0;0;0;0;0;0;0;0;0;0;0;0;0;0;0;0;0;0;0;0;0;0;0;0;0;0;0;0;0;0;0;0
M68YD:04256:06533_SUB_SUB;181;0;0;0;0;0;0;0;0;0;0;0;0;0;0;0;0;0;0;0;0;0;0;0;0;0;0;0;0;0;0;0;0;0;0;181;0;0;0;0;0;0;0;0;0;0;0;0;0;0;0;0;0;0;0;0;0;0;0;0;0;0;0;0;0;0;0;0;0;0;0;0;0;0;0;0;0;0;0;0;0;0;0;0;0;0;0;0;0;0
M68YD:04321:06437_SUB_SUB;154;0;0;0;0;0;0;0;0;0;0;0;0;0;0;0;0;0;0;0;0;0;0;0;0;0;0;0;0;0;0;0;0;0;0;153;0;1;0;0;0;0;0;0;0;0;0;0;0;0;0;0;0;0;0;0;0;0;0;0;0;0;0;0;0;0;0;0;0;0;0;0;0;0;0;0;0;0;0;0;0;0;0;0;0;0;0;0;0;0
M68YD:04289:06651_SUB_SUB;420;0;0;0;0;0;0;0;0;0;0;0;0;0;0;0;0;0;0;0;0;0;0;0;0;0;0;0;0;0;0;0;0;0;0;14;0;1;0;0;0;0;0;0;0;0;0;0;0;0;0;0;0;0;0;0;0;0;0;0;0;0;0;0;0;0;0;0;0;0;0;0;0;0;0;0;0;0;0;0;0;0;0;0;0;0;405;0;0;0
M68YD:04372:06468_SUB_SUB;105;0;0;0;0;0;0;0;0;0;0;0;0;0;0;0;0;0;0;0;0;0;0;0;0;0;0;0;0;0;0;0;0;0;0;100;0;5;0;0;0;0;0;0;0;0;0;0;0;0;0;0;0;0;0;0;0;0;0;0;0;0;0;0;0;0;0;0;0;0;0;0;0;0;0;0;0;0;0;0;0;0;0;0;0;0;0;0;0;0
M68YD:04344:06549_SUB_SUB;290;0;0;0;0;0;0;0;0;0;0;0;0;0;0;0;0;0;0;0;0;0;0;0;0;0;0;0;0;0;0;0;0;0;0;281;0;0;0;0;0;0;0;0;0;0;0;0;0;0;0;0;0;0;0;0;0;0;0;0;0;0;0;0;0;0;0;0;0;0;0;0;0;0;0;0;0;0;0;0;0;0;0;0;0;0;9;0;0;0
M68YD:04351:06776_SUB_SUB;143;0;0;0;0;0;0;0;0;0;0;0;0;0;0;0;0;0;0;0;0;0;0;0;0;0;0;0;0;0;0;0;0;0;0;143;0;0;0;0;0;0;0;0;0;0;0;0;0;0;0;0;0;0;0;0;0;0;0;0;0;0;0;0;0;0;0;0;0;0;0;0;0;0;0;0;0;0;0;0;0;0;0;0;0;0;0;0;0;0
M68YD:04423:06428_SUB_SUB;118;0;0;0;0;0;0;0;0;0;0;0;0;0;0;0;0;0;0;0;0;0;0;0;0;0;0;0;0;0;0;0;0;0;0;77;0;34;0;0;0;0;0;0;0;0;0;0;0;0;0;0;0;0;0;0;0;0;0;0;0;0;0;0;1;0;0;0;0;0;0;0;0;0;0;0;0;0;0;0;0;0;0;0;0;0;6;0;0;0
M68YD:04421:07033_SUB_SUB;791;0;0;0;0;0;0;0;0;0;0;0;0;0;0;0;0;0;0;0;0;0;0;0;0;0;0;0;0;0;0;0;0;0;0;324;0;2;0;0;0;0;0;0;0;0;0;0;0;0;0;0;0;0;0;0;0;0;0;0;0;0;0;0;465;0;0;0;0;0;0;0;0;0;0;0;0;0;0;0;0;0;0;0;0;0;0;0;0;0
M68YD:04466:06781_SUB_SUB;151;0;0;0;0;0;0;0;0;0;0;0;0;0;0;0;0;0;0;0;0;0;0;0;0;0;0;0;0;0;0;0;0;0;0;104;0;42;0;0;0;0;0;0;0;0;0;0;0;0;0;0;0;0;0;0;0;0;0;0;0;0;0;0;5;0;0;0;0;0;0;0;0;0;0;0;0;0;0;0;0;0;0;0;0;0;0;0;0;0
M68YD:04503:06620_SUB_SUB;123;0;0;0;0;0;0;0;0;0;0;0;0;0;0;0;0;0;0;0;0;0;0;0;0;0;0;0;0;0;0;0;0;0;0;123;0;0;0;0;0;0;0;0;0;0;0;0;0;0;0;0;0;0;0;0;0;0;0;0;0;0;0;0;0;0;0;0;0;0;0;0;0;0;0;0;0;0;0;0;0;0;0;0;0;0;0;0;0;0
M68YD:00706:06042_SUB_SUB;143;0;0;0;0;0;0;0;0;0;0;0;0;0;0;0;0;0;0;0;0;0;0;0;0;0;0;0;0;0;0;0;0;0;0;143;0;0;0;0;0;0;0;0;0;0;0;0;0;0;0;0;0;0;0;0;0;0;0;0;0;0;0;0;0;0;0;0;0;0;0;0;0;0;0;0;0;0;0;0;0;0;0;0;0;0;0;0;0;0
M68YD:00755:06035_SUB_SUB;144;0;0;0;0;0;0;0;0;0;0;0;0;0;0;0;0;0;0;0;0;0;0;0;0;0;0;0;0;0;0;0;0;0;0;45;0;0;0;0;0;0;0;0;0;0;0;0;0;0;49;0;0;0;50;0;0;0;0;0;0;0;0;0;0;0;0;0;0;0;0;0;0;0;0;0;0;0;0;0;0;0;0;0;0;0;0;0;0;0
M68YD:01012:05779_SUB_SUB;125;0;0;0;0;0;0;0;0;0;0;0;0;0;0;0;0;0;0;0;0;0;0;0;0;0;0;0;0;0;0;0;0;0;0;125;0;0;0;0;0;0;0;0;0;0;0;0;0;0;0;0;0;0;0;0;0;0;0;0;0;0;0;0;0;0;0;0;0;0;0;0;0;0;0;0;0;0;0;0;0;0;0;0;0;0;0;0;0;0
M68YD:00996:05895_SUB_SUB;116;0;0;0;0;0;0;0;0;0;0;0;0;0;0;0;0;0;0;0;0;0;0;0;0;0;0;0;0;0;0;0;0;0;0;6;0;3;0;0;0;0;0;0;0;0;0;0;0;0;0;0;28;0;20;15;0;0;0;0;0;0;0;1;1;0;0;0;0;0;0;0;0;0;0;0;0;1;0;0;0;0;0;0;0;0;41;0;0;0
M68YD:00133:01193_SUB_SUB;115;0;0;0;0;0;0;0;0;0;0;0;0;0;0;0;0;0;0;0;0;0;0;0;0;0;0;0;0;0;0;0;0;0;0;34;0;0;0;0;0;0;0;0;0;0;0;0;0;0;0;0;0;0;0;0;0;0;0;0;0;0;0;0;81;0;0;0;0;0;0;0;0;0;0;0;0;0;0;0;0;0;0;0;0;0;0;0;0;0
M68YD:00532:00931_SUB_SUB;119;0;0;0;0;0;0;0;0;0;0;0;0;0;0;0;0;0;0;0;0;0;0;0;0;0;0;0;0;0;0;0;0;0;0;87;0;29;0;0;0;0;0;0;0;0;0;0;0;0;0;0;0;0;0;0;0;0;0;0;0;0;0;0;0;0;0;0;0;0;0;0;0;0;0;0;0;0;0;0;0;0;0;0;0;0;3;0;0;0
M68YD:00075:04991_SUB_SUB;156;0;0;0;0;0;0;0;0;0;0;0;0;0;0;0;0;0;0;0;0;0;0;0;0;0;0;0;0;0;0;0;0;0;0;71;0;1;0;0;0;0;0;0;0;0;0;0;0;0;0;0;0;0;0;0;0;0;0;0;0;0;0;0;84;0;0;0;0;0;0;0;0;0;0;0;0;0;0;0;0;0;0;0;0;0;0;0;0;0
M68YD:00230:03730_SUB_SUB;107;0;0;0;0;0;0;0;0;0;0;0;0;0;0;0;0;0;0;0;0;0;0;0;0;0;0;0;0;0;0;0;0;0;0;1;0;0;0;0;0;0;0;0;0;0;0;0;0;0;0;0;0;0;0;0;0;0;0;0;0;0;0;0;1;0;0;0;0;0;0;0;0;0;0;0;0;0;0;0;0;0;0;0;0;0;105;0;0;0
M68YD:03989:06426_SUB_SUB;247;0;0;0;0;0;0;0;0;0;0;0;0;0;0;0;0;0;0;0;0;0;0;0;0;0;0;0;0;0;0;0;0;0;0;0;0;247;0;0;0;0;0;0;0;0;0;0;0;0;0;0;0;0;0;0;0;0;0;0;0;0;0;0;0;0;0;0;0;0;0;0;0;0;0;0;0;0;0;0;0;0;0;0;0;0;0;0;0;0
M68YD:03994:06711_SUB_SUB;278;0;0;0;0;0;0;0;0;0;0;0;0;0;0;0;0;0;0;0;0;0;0;0;0;0;0;0;0;0;0;0;0;0;0;0;0;277;0;0;0;0;0;0;0;0;0;0;0;0;0;0;0;0;0;0;0;0;0;0;0;0;0;0;0;0;0;0;0;0;0;0;0;0;0;0;0;0;0;0;0;0;0;0;0;0;0;0;1;0
M68YD:03994:06734_SUB_SUB;178;0;0;0;0;0;0;0;0;0;0;0;0;0;0;0;0;0;0;0;0;0;0;0;0;0;0;0;0;0;0;0;0;0;0;0;0;178;0;0;0;0;0;0;0;0;0;0;0;0;0;0;0;0;0;0;0;0;0;0;0;0;0;0;0;0;0;0;0;0;0;0;0;0;0;0;0;0;0;0;0;0;0;0;0;0;0;0;0;0
M68YD:03995:06802_SUB_SUB;318;0;0;0;0;0;0;0;0;0;0;0;0;0;0;0;0;0;0;0;0;0;0;0;0;0;0;0;0;0;0;0;0;0;0;0;0;318;0;0;0;0;0;0;0;0;0;0;0;0;0;0;0;0;0;0;0;0;0;0;0;0;0;0;0;0;0;0;0;0;0;0;0;0;0;0;0;0;0;0;0;0;0;0;0;0;0;0;0;0
M68YD:04051:06465_SUB_SUB;253;0;0;0;0;0;0;0;0;0;0;0;0;0;0;0;0;0;0;0;0;0;0;0;0;0;0;0;0;0;0;0;0;0;0;0;0;251;0;0;0;0;0;0;0;0;0;0;0;0;0;0;0;0;0;0;0;0;0;0;0;0;0;0;0;0;0;0;0;0;0;0;0;0;0;0;0;0;0;0;0;0;0;0;0;0;0;0;2;0
M68YD:04058:06465_SUB_SUB;325;0;0;0;0;0;0;0;0;0;0;0;0;0;0;0;0;0;0;0;0;0;0;0;0;0;0;0;0;0;0;0;0;0;0;0;0;324;0;0;0;0;0;0;0;0;0;0;0;0;0;0;0;0;0;0;0;0;0;0;0;0;0;0;0;0;0;0;0;0;0;0;0;0;0;0;0;0;0;0;0;0;0;0;0;0;0;0;1;0
M68YD:04051:06727_SUB_SUB;211;0;0;0;0;0;0;0;0;0;0;0;0;0;0;0;0;0;0;0;0;0;0;0;0;0;0;0;0;0;0;0;0;0;0;0;0;211;0;0;0;0;0;0;0;0;0;0;0;0;0;0;0;0;0;0;0;0;0;0;0;0;0;0;0;0;0;0;0;0;0;0;0;0;0;0;0;0;0;0;0;0;0;0;0;0;0;0;0;0
M68YD:04113:06480_SUB_SUB;138;0;0;0;0;0;0;0;0;0;0;0;0;0;0;0;0;0;0;0;0;0;0;0;0;0;0;0;0;0;0;0;0;0;0;0;0;138;0;0;0;0;0;0;0;0;0;0;0;0;0;0;0;0;0;0;0;0;0;0;0;0;0;0;0;0;0;0;0;0;0;0;0;0;0;0;0;0;0;0;0;0;0;0;0;0;0;0;0;0
M68YD:04117:06804_SUB_SUB;436;0;0;0;0;0;0;0;0;0;0;0;0;0;0;0;0;0;0;0;0;0;0;0;0;0;0;0;0;0;0;0;0;0;0;0;0;436;0;0;0;0;0;0;0;0;0;0;0;0;0;0;0;0;0;0;0;0;0;0;0;0;0;0;0;0;0;0;0;0;0;0;0;0;0;0;0;0;0;0;0;0;0;0;0;0;0;0;0;0
M68YD:04144:06826_SUB_SUB;290;0;0;0;0;0;0;0;0;0;0;0;0;0;0;0;0;0;0;0;0;0;0;0;0;0;0;0;0;0;0;0;0;0;0;0;0;289;0;0;0;0;0;0;0;0;0;0;0;0;0;0;0;0;0;0;0;0;0;0;0;0;0;0;0;0;0;0;0;0;0;0;0;0;0;0;0;0;0;0;0;0;0;0;0;0;0;0;1;0
M68YD:04151:06956_SUB_SUB;1417;0;0;0;0;0;0;0;0;0;0;0;0;0;0;0;0;0;0;0;0;0;0;0;0;0;0;0;0;0;0;0;0;0;0;0;0;1417;0;0;0;0;0;0;0;0;0;0;0;0;0;0;0;0;0;0;0;0;0;0;0;0;0;0;0;0;0;0;0;0;0;0;0;0;0;0;0;0;0;0;0;0;0;0;0;0;0;0;0;0
M68YD:04191:06898_SUB_SUB;3684;0;0;0;0;0;0;0;0;0;0;0;0;0;0;0;0;0;0;0;0;0;0;0;0;0;0;0;0;0;0;0;0;0;0;0;0;164;0;0;0;0;0;0;0;0;0;0;0;0;0;0;3493;0;0;0;26;0;0;0;0;0;0;0;0;0;0;0;0;0;0;0;0;0;0;0;0;1;0;0;0;0;0;0;0;0;0;0;0;0
M68YD:04270:06530_SUB_SUB;116;0;0;0;0;0;0;0;0;0;0;0;0;0;0;0;0;0;0;0;0;0;0;0;0;0;0;0;0;0;0;0;0;0;0;0;0;116;0;0;0;0;0;0;0;0;0;0;0;0;0;0;0;0;0;0;0;0;0;0;0;0;0;0;0;0;0;0;0;0;0;0;0;0;0;0;0;0;0;0;0;0;0;0;0;0;0;0;0;0
M68YD:04235:06789_SUB_SUB;367;0;0;0;0;0;0;0;0;0;0;0;0;0;0;0;0;0;0;0;0;0;0;0;0;0;0;0;0;0;0;0;0;0;0;0;0;367;0;0;0;0;0;0;0;0;0;0;0;0;0;0;0;0;0;0;0;0;0;0;0;0;0;0;0;0;0;0;0;0;0;0;0;0;0;0;0;0;0;0;0;0;0;0;0;0;0;0;0;0
M68YD:04325:06892_SUB_SUB;410;0;0;0;0;0;0;0;0;0;0;0;0;0;0;0;0;0;0;0;0;0;0;0;0;0;0;0;0;0;0;0;0;0;0;0;0;409;0;0;0;0;0;0;0;0;0;0;0;0;0;0;0;0;0;0;0;0;0;0;0;0;0;0;0;0;0;0;0;0;0;0;0;0;0;0;0;0;0;0;0;0;0;0;0;0;0;0;1;0
M68YD:04389:06461_SUB_SUB;223;0;0;0;0;0;0;0;0;0;0;0;0;0;0;0;0;0;0;0;0;0;0;0;0;0;0;0;0;0;0;0;0;0;0;0;0;19;0;0;0;0;0;0;0;0;0;0;0;0;0;0;202;0;0;0;1;0;0;0;0;0;0;0;0;0;0;0;0;0;0;0;0;0;0;0;0;1;0;0;0;0;0;0;0;0;0;0;0;0
M68YD:04465:06701_SUB_SUB;124;0;0;0;0;0;0;0;0;0;0;0;0;0;0;0;0;0;0;0;0;0;0;0;0;0;0;0;0;0;0;0;0;0;0;0;0;124;0;0;0;0;0;0;0;0;0;0;0;0;0;0;0;0;0;0;0;0;0;0;0;0;0;0;0;0;0;0;0;0;0;0;0;0;0;0;0;0;0;0;0;0;0;0;0;0;0;0;0;0
M68YD:04477:06712_SUB_SUB;102;0;0;0;0;0;0;0;0;0;0;0;0;0;0;0;0;0;0;0;0;0;0;0;0;0;0;0;0;0;0;0;0;0;0;0;0;102;0;0;0;0;0;0;0;0;0;0;0;0;0;0;0;0;0;0;0;0;0;0;0;0;0;0;0;0;0;0;0;0;0;0;0;0;0;0;0;0;0;0;0;0;0;0;0;0;0;0;0;0
M68YD:00664:06361_SUB_SUB;108;0;0;0;0;0;0;0;0;0;0;0;0;0;0;0;0;0;0;0;0;0;0;0;0;0;0;0;0;0;0;0;0;0;0;0;0;108;0;0;0;0;0;0;0;0;0;0;0;0;0;0;0;0;0;0;0;0;0;0;0;0;0;0;0;0;0;0;0;0;0;0;0;0;0;0;0;0;0;0;0;0;0;0;0;0;0;0;0;0
M68YD:00767:06242_SUB_SUB;298;0;0;0;0;0;0;0;0;0;0;0;0;0;0;0;0;0;0;0;0;0;0;0;0;0;0;0;0;0;0;0;0;0;0;0;0;23;0;0;0;0;0;0;0;0;0;0;0;0;0;0;269;0;0;0;4;0;0;0;0;0;0;0;0;0;0;0;0;0;0;0;0;0;0;0;0;2;0;0;0;0;0;0;0;0;0;0;0;0
M68YD:00820:06127_SUB_SUB;377;0;0;0;0;0;0;0;0;0;0;0;0;0;0;0;0;0;0;0;0;0;0;0;0;0;0;0;0;0;0;0;0;0;0;0;0;32;0;0;0;0;0;0;0;0;0;0;0;0;0;0;337;0;0;0;5;0;0;0;0;0;0;0;0;0;0;0;1;0;0;0;0;0;0;0;0;2;0;0;0;0;0;0;0;0;0;0;0;0
M68YD:00926:06280_SUB_SUB;112;0;0;0;0;0;0;0;0;0;0;0;0;0;0;0;0;0;0;0;0;0;0;0;0;0;0;0;0;0;0;0;0;0;0;0;0;105;1;0;0;0;0;0;0;2;0;0;0;0;0;0;0;0;0;0;3;0;0;0;0;0;0;0;0;0;0;0;0;0;0;0;0;0;0;0;0;0;0;0;0;0;0;0;0;0;0;0;1;0
M68YD:00945:06371_SUB_SUB;116;0;0;0;0;0;0;0;0;0;0;0;0;0;0;0;0;0;0;0;0;0;0;0;0;0;0;0;0;0;0;0;0;0;0;0;0;116;0;0;0;0;0;0;0;0;0;0;0;0;0;0;0;0;0;0;0;0;0;0;0;0;0;0;0;0;0;0;0;0;0;0;0;0;0;0;0;0;0;0;0;0;0;0;0;0;0;0;0;0
M68YD:00986:05825_SUB_SUB;108;0;0;0;0;0;0;0;0;0;0;0;0;0;0;0;0;0;0;0;0;0;0;0;0;0;0;0;0;0;0;0;0;0;0;0;0;10;0;0;0;0;0;0;0;0;0;0;0;0;0;0;0;0;0;0;0;0;0;0;0;0;0;0;98;0;0;0;0;0;0;0;0;0;0;0;0;0;0;0;0;0;0;0;0;0;0;0;0;0
M68YD:01014:05979_SUB_SUB;120;0;0;0;0;0;0;0;0;0;0;0;0;0;0;0;0;0;0;0;0;0;0;0;0;0;0;0;0;0;0;0;0;0;0;0;0;120;0;0;0;0;0;0;0;0;0;0;0;0;0;0;0;0;0;0;0;0;0;0;0;0;0;0;0;0;0;0;0;0;0;0;0;0;0;0;0;0;0;0;0;0;0;0;0;0;0;0;0;0
M68YD:01095:06309_SUB_SUB;151;0;0;0;0;0;0;0;0;0;0;0;0;0;0;0;0;0;0;0;0;0;0;0;0;0;0;0;0;0;0;0;0;0;0;0;0;151;0;0;0;0;0;0;0;0;0;0;0;0;0;0;0;0;0;0;0;0;0;0;0;0;0;0;0;0;0;0;0;0;0;0;0;0;0;0;0;0;0;0;0;0;0;0;0;0;0;0;0;0
M68YD:01249:06128_SUB_SUB;178;0;0;0;0;0;0;0;0;0;0;0;0;0;0;0;0;0;0;0;0;0;0;0;0;0;0;0;0;0;0;0;0;0;0;0;0;69;0;0;0;0;0;0;0;0;0;0;0;0;0;0;0;0;0;0;0;0;0;0;0;0;0;0;109;0;0;0;0;0;0;0;0;0;0;0;0;0;0;0;0;0;0;0;0;0;0;0;0;0
M68YD:01327:06072_SUB_SUB;164;0;0;0;0;0;0;0;0;0;0;0;0;0;0;0;0;0;0;0;0;0;0;0;0;0;0;0;0;0;0;0;0;0;0;0;0;164;0;0;0;0;0;0;0;0;0;0;0;0;0;0;0;0;0;0;0;0;0;0;0;0;0;0;0;0;0;0;0;0;0;0;0;0;0;0;0;0;0;0;0;0;0;0;0;0;0;0;0;0
M68YD:00586:02451_SUB_SUB;240;0;0;0;0;0;0;0;0;0;0;0;0;0;0;0;0;0;0;0;0;0;0;0;0;0;0;0;0;0;0;0;0;0;0;0;0;90;0;0;0;0;0;0;0;0;0;0;0;0;0;0;0;0;0;0;0;0;0;0;0;7;0;0;143;0;0;0;0;0;0;0;0;0;0;0;0;0;0;0;0;0;0;0;0;0;0;0;0;0
M68YD:00413:01072_SUB_SUB;106;0;0;0;0;0;0;0;0;0;0;0;0;0;0;0;0;0;0;0;0;0;0;0;0;0;0;0;0;0;0;0;0;0;0;0;0;44;0;0;0;0;0;0;0;0;0;0;0;0;0;0;0;0;0;0;0;0;0;0;0;0;0;0;1;0;0;0;0;0;0;0;0;0;0;0;0;0;0;0;0;0;0;0;0;0;61;0;0;0
M68YD:00474:00855_SUB_SUB;581;0;0;0;0;0;0;0;0;0;0;0;0;0;0;0;0;0;0;0;0;0;0;0;0;0;0;0;0;0;0;0;0;0;0;0;0;16;0;0;0;0;0;0;0;0;0;0;0;0;0;0;562;0;0;0;3;0;0;0;0;0;0;0;0;0;0;0;0;0;0;0;0;0;0;0;0;0;0;0;0;0;0;0;0;0;0;0;0;0
M68YD:04076:02859_SUB_SUB;196;0;0;0;0;0;0;0;0;0;0;0;0;0;0;0;0;0;0;0;0;0;0;0;0;0;0;0;0;0;0;0;0;0;0;0;0;9;0;0;0;0;0;0;0;0;0;0;0;0;0;0;186;0;0;0;0;0;0;0;0;0;0;0;0;0;0;0;0;0;0;0;0;0;0;0;0;1;0;0;0;0;0;0;0;0;0;0;0;0
M68YD:04097:06708_SUB_SUB;606;0;0;0;0;0;0;0;0;0;0;0;0;0;0;0;0;0;0;0;0;0;0;0;0;0;0;0;0;0;0;0;0;0;0;0;0;0;606;0;0;0;0;0;0;0;0;0;0;0;0;0;0;0;0;0;0;0;0;0;0;0;0;0;0;0;0;0;0;0;0;0;0;0;0;0;0;0;0;0;0;0;0;0;0;0;0;0;0;0
M68YD:04146:07001_SUB_SUB;172;0;0;0;0;0;0;0;0;0;0;0;0;0;0;0;0;0;0;0;0;0;0;0;0;0;0;0;0;0;0;0;0;0;0;0;0;0;171;0;0;0;0;0;0;0;0;0;0;0;0;0;0;0;0;0;0;0;0;0;0;0;0;0;0;0;0;0;0;0;0;0;0;0;0;0;0;0;0;0;0;1;0;0;0;0;0;0;0;0
M68YD:03349:03496_SUB_SUB;291;0;0;0;0;0;0;0;0;0;0;0;0;0;0;0;0;0;0;0;0;0;0;0;0;0;0;0;0;0;0;0;0;0;0;0;0;0;3;0;0;0;0;0;0;0;0;0;0;0;0;0;0;0;0;0;0;0;0;0;0;0;0;0;0;0;0;0;0;0;0;0;0;0;0;0;288;0;0;0;0;0;0;0;0;0;0;0;0;0
M68YD:03631:03758_SUB_SUB;126;0;0;0;0;0;0;0;0;0;0;0;0;0;0;0;0;0;0;0;0;0;0;0;0;0;0;0;0;0;0;0;0;0;0;0;0;0;3;0;0;0;0;0;0;0;0;0;0;0;0;0;0;0;0;0;0;0;0;0;0;0;0;0;46;0;0;0;0;0;0;0;0;0;0;0;77;0;0;0;0;0;0;0;0;0;0;0;0;0
M68YD:03702:02271_SUB_SUB;147;0;0;0;0;0;0;0;0;0;0;0;0;0;0;0;0;0;0;0;0;0;0;0;0;0;0;0;0;0;0;0;0;0;0;0;0;0;0;2;3;4;13;0;88;37;0;0;0;0;0;0;0;0;0;0;0;0;0;0;0;0;0;0;0;0;0;0;0;0;0;0;0;0;0;0;0;0;0;0;0;0;0;0;0;0;0;0;0;0
M68YD:00152:04837_SUB_SUB;280;0;0;0;0;0;0;0;0;0;0;0;0;0;0;0;0;0;0;0;0;0;0;0;0;0;0;0;0;0;0;0;0;0;0;0;0;0;0;0;7;8;49;0;123;88;0;0;0;0;4;0;0;0;0;0;0;0;0;0;0;0;0;0;0;0;0;0;0;0;0;0;0;0;0;0;0;0;0;0;0;0;0;0;0;0;0;0;0;1
M68YD:00870:06277_SUB_SUB;174;0;0;0;0;0;0;0;0;0;0;0;0;0;0;0;0;0;0;0;0;0;0;0;0;0;0;0;0;0;0;0;0;0;0;0;0;0;0;0;0;4;0;0;0;170;0;0;0;0;0;0;0;0;0;0;0;0;0;0;0;0;0;0;0;0;0;0;0;0;0;0;0;0;0;0;0;0;0;0;0;0;0;0;0;0;0;0;0;0
M68YD:00373:06036_SUB_SUB;209;0;0;0;0;0;0;0;0;0;0;0;0;0;0;0;0;0;0;0;0;0;0;0;0;0;0;0;0;0;0;0;0;0;0;0;0;0;0;0;0;3;0;0;0;0;0;0;0;0;0;0;0;0;0;0;0;0;0;0;0;0;0;0;206;0;0;0;0;0;0;0;0;0;0;0;0;0;0;0;0;0;0;0;0;0;0;0;0;0
M68YD:04524:04214_SUB_SUB;111;0;0;0;0;0;0;0;0;0;0;0;0;0;0;0;0;0;0;0;0;0;0;0;0;0;0;0;0;0;0;0;0;0;0;0;0;0;0;0;0;5;19;0;71;16;0;0;0;0;0;0;0;0;0;0;0;0;0;0;0;0;0;0;0;0;0;0;0;0;0;0;0;0;0;0;0;0;0;0;0;0;0;0;0;0;0;0;0;0
M68YD:02409:01740_SUB_SUB;111;0;0;0;0;0;0;0;0;0;0;0;0;0;0;0;0;0;0;0;0;0;0;0;0;0;0;0;0;0;0;0;0;0;0;0;0;0;0;0;0;2;0;0;0;0;0;0;0;0;4;0;105;0;0;0;0;0;0;0;0;0;0;0;0;0;0;0;0;0;0;0;0;0;0;0;0;0;0;0;0;0;0;0;0;0;0;0;0;0
M68YD:04108:06540_SUB_SUB;135;0;0;0;0;0;0;0;0;0;0;0;0;0;0;0;0;0;0;0;0;0;0;0;0;0;0;0;0;0;0;0;0;0;0;0;0;0;0;0;0;0;135;0;0;0;0;0;0;0;0;0;0;0;0;0;0;0;0;0;0;0;0;0;0;0;0;0;0;0;0;0;0;0;0;0;0;0;0;0;0;0;0;0;0;0;0;0;0;0
M68YD:03994:06449_SUB_SUB;1269;0;0;0;0;0;0;0;0;0;0;0;0;0;0;0;0;0;0;0;0;0;0;0;0;0;0;0;0;0;0;0;0;0;0;0;0;0;0;0;0;0;0;0;1269;0;0;0;0;0;0;0;0;0;0;0;0;0;0;0;0;0;0;0;0;0;0;0;0;0;0;0;0;0;0;0;0;0;0;0;0;0;0;0;0;0;0;0;0;0
M68YD:03997:06579_SUB_SUB;374;0;0;0;0;0;0;0;0;0;0;0;0;0;0;0;0;0;0;0;0;0;0;0;0;0;0;0;0;0;0;0;0;0;0;0;0;0;0;0;0;0;0;0;374;0;0;0;0;0;0;0;0;0;0;0;0;0;0;0;0;0;0;0;0;0;0;0;0;0;0;0;0;0;0;0;0;0;0;0;0;0;0;0;0;0;0;0;0;0
M68YD:04267:06917_SUB_SUB;125;0;0;0;0;0;0;0;0;0;0;0;0;0;0;0;0;0;0;0;0;0;0;0;0;0;0;0;0;0;0;0;0;0;0;0;0;0;0;0;0;0;0;0;125;0;0;0;0;0;0;0;0;0;0;0;0;0;0;0;0;0;0;0;0;0;0;0;0;0;0;0;0;0;0;0;0;0;0;0;0;0;0;0;0;0;0;0;0;0
M68YD:00890:06220_SUB_SUB;120;0;0;0;0;0;0;0;0;0;0;0;0;0;0;0;0;0;0;0;0;0;0;0;0;0;0;0;0;0;0;0;0;0;0;0;0;0;0;0;0;0;0;0;120;0;0;0;0;0;0;0;0;0;0;0;0;0;0;0;0;0;0;0;0;0;0;0;0;0;0;0;0;0;0;0;0;0;0;0;0;0;0;0;0;0;0;0;0;0
M68YD:03336:05683_SUB_SUB;174;0;0;0;0;0;0;0;0;0;0;0;0;0;0;0;0;0;0;0;0;0;0;0;0;0;0;0;0;0;0;0;0;0;0;0;0;0;0;0;0;0;0;0;1;0;0;0;0;0;0;0;4;0;0;0;0;0;0;0;0;0;122;0;0;0;0;0;0;0;0;0;0;0;0;0;0;14;0;0;0;0;0;0;0;0;33;0;0;0
M68YD:04065:06505_SUB_SUB;249;0;0;0;0;0;0;0;0;0;0;0;0;0;0;0;0;0;0;0;0;0;0;0;0;0;0;0;0;0;0;0;0;0;0;0;0;0;0;0;0;0;0;0;0;249;0;0;0;0;0;0;0;0;0;0;0;0;0;0;0;0;0;0;0;0;0;0;0;0;0;0;0;0;0;0;0;0;0;0;0;0;0;0;0;0;0;0;0;0
M68YD:04344:06465_SUB_SUB;169;0;0;0;0;0;0;0;0;0;0;0;0;0;0;0;0;0;0;0;0;0;0;0;0;0;0;0;0;0;0;0;0;0;0;0;0;0;0;0;0;0;0;0;0;169;0;0;0;0;0;0;0;0;0;0;0;0;0;0;0;0;0;0;0;0;0;0;0;0;0;0;0;0;0;0;0;0;0;0;0;0;0;0;0;0;0;0;0;0
M68YD:04029:06448_SUB_SUB;516;0;0;0;0;0;0;0;0;0;0;0;0;0;0;0;0;0;0;0;0;0;0;0;0;0;0;0;0;0;0;0;0;0;0;0;0;0;0;0;0;0;0;0;0;0;0;451;0;0;0;0;0;0;0;0;0;0;0;0;0;0;0;0;0;0;0;2;0;0;0;42;3;3;15;0;0;0;0;0;0;0;0;0;0;0;0;0;0;0
M68YD:03984:06401_SUB_SUB;907;0;0;0;0;0;0;0;0;0;0;0;0;0;0;0;0;0;0;0;0;0;0;0;0;0;0;0;0;0;0;0;0;0;0;0;0;0;0;0;0;0;0;0;0;0;0;0;0;0;906;0;0;0;0;0;0;0;1;0;0;0;0;0;0;0;0;0;0;0;0;0;0;0;0;0;0;0;0;0;0;0;0;0;0;0;0;0;0;0
M68YD:04006:06548_SUB_SUB;593;0;0;0;0;0;0;0;0;0;0;0;0;0;0;0;0;0;0;0;0;0;0;0;0;0;0;0;0;0;0;0;0;0;0;0;0;0;0;0;0;0;0;0;0;0;0;0;0;0;593;0;0;0;0;0;0;0;0;0;0;0;0;0;0;0;0;0;0;0;0;0;0;0;0;0;0;0;0;0;0;0;0;0;0;0;0;0;0;0
M68YD:04000:06742_SUB_SUB;5078;0;0;0;0;0;0;0;0;0;0;0;0;0;0;0;0;0;0;0;0;0;0;0;0;0;0;0;0;0;0;0;0;0;0;0;0;0;0;0;0;0;0;0;0;0;0;0;0;0;5072;0;0;0;5;0;0;0;1;0;0;0;0;0;0;0;0;0;0;0;0;0;0;0;0;0;0;0;0;0;0;0;0;0;0;0;0;0;0;0
M68YD:04012:06828_SUB_SUB;914;0;0;0;0;0;0;0;0;0;0;0;0;0;0;0;0;0;0;0;0;0;0;0;0;0;0;0;0;0;0;0;0;0;0;0;0;0;0;0;0;0;0;0;0;0;0;0;0;0;914;0;0;0;0;0;0;0;0;0;0;0;0;0;0;0;0;0;0;0;0;0;0;0;0;0;0;0;0;0;0;0;0;0;0;0;0;0;0;0
M68YD:03996:06968_SUB_SUB;4740;0;0;0;0;0;0;0;0;0;0;0;0;0;0;0;0;0;0;0;0;0;0;0;0;0;0;0;0;0;0;0;0;0;0;0;0;0;0;0;0;0;0;0;0;0;0;0;0;0;4737;0;0;0;2;0;0;0;0;0;0;0;0;0;1;0;0;0;0;0;0;0;0;0;0;0;0;0;0;0;0;0;0;0;0;0;0;0;0;0
M68YD:04060:06597_SUB_SUB;3117;0;0;0;0;0;0;0;0;0;0;0;0;0;0;0;0;0;0;0;0;0;0;0;0;0;0;0;0;0;0;0;0;0;0;0;0;0;0;0;0;0;0;0;0;0;0;0;0;0;3113;0;0;0;3;0;0;0;1;0;0;0;0;0;0;0;0;0;0;0;0;0;0;0;0;0;0;0;0;0;0;0;0;0;0;0;0;0;0;0
M68YD:04075:06683_SUB_SUB;276;0;0;0;0;0;0;0;0;0;0;0;0;0;0;0;0;0;0;0;0;0;0;0;0;0;0;0;0;0;0;0;0;0;0;0;0;0;0;0;0;0;0;0;0;0;0;0;0;0;276;0;0;0;0;0;0;0;0;0;0;0;0;0;0;0;0;0;0;0;0;0;0;0;0;0;0;0;0;0;0;0;0;0;0;0;0;0;0;0
M68YD:04085:06456_SUB_SUB;1002;0;0;0;0;0;0;0;0;0;0;0;0;0;0;0;0;0;0;0;0;0;0;0;0;0;0;0;0;0;0;0;0;0;0;0;0;0;0;0;0;0;0;0;0;0;0;0;0;0;1002;0;0;0;0;0;0;0;0;0;0;0;0;0;0;0;0;0;0;0;0;0;0;0;0;0;0;0;0;0;0;0;0;0;0;0;0;0;0;0
M68YD:04131:06453_SUB_SUB;101;0;0;0;0;0;0;0;0;0;0;0;0;0;0;0;0;0;0;0;0;0;0;0;0;0;0;0;0;0;0;0;0;0;0;0;0;0;0;0;0;0;0;0;0;0;0;0;0;0;101;0;0;0;0;0;0;0;0;0;0;0;0;0;0;0;0;0;0;0;0;0;0;0;0;0;0;0;0;0;0;0;0;0;0;0;0;0;0;0
M68YD:04127:06536_SUB_SUB;174;0;0;0;0;0;0;0;0;0;0;0;0;0;0;0;0;0;0;0;0;0;0;0;0;0;0;0;0;0;0;0;0;0;0;0;0;0;0;0;0;0;0;0;0;0;0;0;0;0;28;0;0;17;0;20;109;0;0;0;0;0;0;0;0;0;0;0;0;0;0;0;0;0;0;0;0;0;0;0;0;0;0;0;0;0;0;0;0;0
M68YD:04084:06568_SUB_SUB;168;0;0;0;0;0;0;0;0;0;0;0;0;0;0;0;0;0;0;0;0;0;0;0;0;0;0;0;0;0;0;0;0;0;0;0;0;0;0;0;0;0;0;0;0;0;0;0;0;0;168;0;0;0;0;0;0;0;0;0;0;0;0;0;0;0;0;0;0;0;0;0;0;0;0;0;0;0;0;0;0;0;0;0;0;0;0;0;0;0
M68YD:04136:06627_SUB_SUB;175;0;0;0;0;0;0;0;0;0;0;0;0;0;0;0;0;0;0;0;0;0;0;0;0;0;0;0;0;0;0;0;0;0;0;0;0;0;0;0;0;0;0;0;0;0;0;0;0;0;174;0;0;0;1;0;0;0;0;0;0;0;0;0;0;0;0;0;0;0;0;0;0;0;0;0;0;0;0;0;0;0;0;0;0;0;0;0;0;0
M68YD:04174:06947_SUB_SUB;212;0;0;0;0;0;0;0;0;0;0;0;0;0;0;0;0;0;0;0;0;0;0;0;0;0;0;0;0;0;0;0;0;0;0;0;0;0;0;0;0;0;0;0;0;0;0;0;0;0;212;0;0;0;0;0;0;0;0;0;0;0;0;0;0;0;0;0;0;0;0;0;0;0;0;0;0;0;0;0;0;0;0;0;0;0;0;0;0;0
M68YD:04200:06449_SUB_SUB;242;0;0;0;0;0;0;0;0;0;0;0;0;0;0;0;0;0;0;0;0;0;0;0;0;0;0;0;0;0;0;0;0;0;0;0;0;0;0;0;0;0;0;0;0;0;0;0;0;0;23;0;219;0;0;0;0;0;0;0;0;0;0;0;0;0;0;0;0;0;0;0;0;0;0;0;0;0;0;0;0;0;0;0;0;0;0;0;0;0
M68YD:04223:06827_SUB_SUB;112;0;0;0;0;0;0;0;0;0;0;0;0;0;0;0;0;0;0;0;0;0;0;0;0;0;0;0;0;0;0;0;0;0;0;0;0;0;0;0;0;0;0;0;0;0;0;0;0;0;112;0;0;0;0;0;0;0;0;0;0;0;0;0;0;0;0;0;0;0;0;0;0;0;0;0;0;0;0;0;0;0;0;0;0;0;0;0;0;0
M68YD:04239:06947_SUB_SUB;237;0;0;0;0;0;0;0;0;0;0;0;0;0;0;0;0;0;0;0;0;0;0;0;0;0;0;0;0;0;0;0;0;0;0;0;0;0;0;0;0;0;0;0;0;0;0;0;0;0;237;0;0;0;0;0;0;0;0;0;0;0;0;0;0;0;0;0;0;0;0;0;0;0;0;0;0;0;0;0;0;0;0;0;0;0;0;0;0;0
M68YD:04437:06469_SUB_SUB;170;0;0;0;0;0;0;0;0;0;0;0;0;0;0;0;0;0;0;0;0;0;0;0;0;0;0;0;0;0;0;0;0;0;0;0;0;0;0;0;0;0;0;0;0;0;0;0;0;0;170;0;0;0;0;0;0;0;0;0;0;0;0;0;0;0;0;0;0;0;0;0;0;0;0;0;0;0;0;0;0;0;0;0;0;0;0;0;0;0
M68YD:04487:06818_SUB_SUB;118;0;0;0;0;0;0;0;0;0;0;0;0;0;0;0;0;0;0;0;0;0;0;0;0;0;0;0;0;0;0;0;0;0;0;0;0;0;0;0;0;0;0;0;0;0;0;0;0;0;118;0;0;0;0;0;0;0;0;0;0;0;0;0;0;0;0;0;0;0;0;0;0;0;0;0;0;0;0;0;0;0;0;0;0;0;0;0;0;0
M68YD:03639:02922_SUB_SUB;164;0;0;0;0;0;0;0;0;0;0;0;0;0;0;0;0;0;0;0;0;0;0;0;0;0;0;0;0;0;0;0;0;0;0;0;0;0;0;0;0;0;0;0;0;0;0;0;0;0;1;0;0;0;0;146;0;0;0;0;0;0;0;0;6;0;0;0;0;0;0;0;0;0;0;0;0;9;0;0;0;0;0;0;0;0;2;0;0;0
M68YD:02241:03535_SUB_SUB;121;0;0;0;0;0;0;0;0;0;0;0;0;0;0;0;0;0;0;0;0;0;0;0;0;0;0;0;0;0;0;0;0;0;0;0;0;0;0;0;0;0;0;0;0;0;0;0;0;0;1;0;62;0;0;9;6;0;0;0;0;0;0;0;0;0;0;0;0;0;0;0;0;0;0;0;0;42;0;0;0;0;0;0;0;0;1;0;0;0
M68YD:03996:06412_SUB_SUB;203;0;0;0;0;0;0;0;0;0;0;0;0;0;0;0;0;0;0;0;0;0;0;0;0;0;0;0;0;0;0;0;0;0;0;0;0;0;0;0;0;0;0;0;0;0;0;0;0;0;0;0;194;0;0;0;9;0;0;0;0;0;0;0;0;0;0;0;0;0;0;0;0;0;0;0;0;0;0;0;0;0;0;0;0;0;0;0;0;0
M68YD:03992:06721_SUB_SUB;910;0;0;0;0;0;0;0;0;0;0;0;0;0;0;0;0;0;0;0;0;0;0;0;0;0;0;0;0;0;0;0;0;0;0;0;0;0;0;0;0;0;0;0;0;0;0;0;0;0;0;0;769;0;40;52;19;0;0;0;0;0;0;0;0;0;0;0;0;0;0;0;0;0;0;0;0;0;0;0;0;0;0;0;0;0;30;0;0;0
M68YD:04013:06973_SUB_SUB;157;0;0;0;0;0;0;0;0;0;0;0;0;0;0;0;0;0;0;0;0;0;0;0;0;0;0;0;0;0;0;0;0;0;0;0;0;0;0;0;0;0;0;0;0;0;0;0;0;0;0;0;153;0;0;0;3;0;0;0;0;0;0;0;0;0;0;0;0;0;0;0;0;0;0;0;0;1;0;0;0;0;0;0;0;0;0;0;0;0
M68YD:04073:06434_SUB_SUB;158;0;0;0;0;0;0;0;0;0;0;0;0;0;0;0;0;0;0;0;0;0;0;0;0;0;0;0;0;0;0;0;0;0;0;0;0;0;0;0;0;0;0;0;0;0;0;0;0;0;0;0;158;0;0;0;0;0;0;0;0;0;0;0;0;0;0;0;0;0;0;0;0;0;0;0;0;0;0;0;0;0;0;0;0;0;0;0;0;0
M68YD:04083:06436_SUB_SUB;232;0;0;0;0;0;0;0;0;0;0;0;0;0;0;0;0;0;0;0;0;0;0;0;0;0;0;0;0;0;0;0;0;0;0;0;0;0;0;0;0;0;0;0;0;0;0;0;0;0;0;0;213;0;0;0;10;0;0;0;0;0;0;0;0;0;0;0;0;0;0;0;0;0;0;0;0;9;0;0;0;0;0;0;0;0;0;0;0;0
M68YD:04035:06696_SUB_SUB;407;0;0;0;0;0;0;0;0;0;0;0;0;0;0;0;0;0;0;0;0;0;0;0;0;0;0;0;0;0;0;0;0;0;0;0;0;0;0;0;0;0;0;0;0;0;0;0;0;0;0;0;402;0;0;0;5;0;0;0;0;0;0;0;0;0;0;0;0;0;0;0;0;0;0;0;0;0;0;0;0;0;0;0;0;0;0;0;0;0
M68YD:04049:07003_SUB_SUB;175;0;0;0;0;0;0;0;0;0;0;0;0;0;0;0;0;0;0;0;0;0;0;0;0;0;0;0;0;0;0;0;0;0;0;0;0;0;0;0;0;0;0;0;0;0;0;0;0;0;0;0;174;0;0;0;1;0;0;0;0;0;0;0;0;0;0;0;0;0;0;0;0;0;0;0;0;0;0;0;0;0;0;0;0;0;0;0;0;0
M68YD:04192:06817_SUB_SUB;146;0;0;0;0;0;0;0;0;0;0;0;0;0;0;0;0;0;0;0;0;0;0;0;0;0;0;0;0;0;0;0;0;0;0;0;0;0;0;0;0;0;0;0;0;0;0;0;0;0;0;0;95;0;0;16;7;0;0;0;5;0;0;0;12;0;0;0;0;0;0;0;0;0;0;0;0;0;0;0;0;0;0;0;0;0;11;0;0;0
M68YD:04204:06997_SUB_SUB;421;0;0;0;0;0;0;0;0;0;0;0;0;0;0;0;0;0;0;0;0;0;0;0;0;0;0;0;0;0;0;0;0;0;0;0;0;0;0;0;0;0;0;0;0;0;0;0;0;0;0;0;403;0;0;0;13;0;0;0;0;0;1;0;0;0;0;0;0;0;0;0;0;0;0;0;0;4;0;0;0;0;0;0;0;0;0;0;0;0
M68YD:04253:06930_SUB_SUB;282;0;0;0;0;0;0;0;0;0;0;0;0;0;0;0;0;0;0;0;0;0;0;0;0;0;0;0;0;0;0;0;0;0;0;0;0;0;0;0;0;0;0;0;0;0;0;0;0;0;0;0;230;0;14;22;6;0;0;1;0;0;0;0;0;0;0;0;0;0;0;0;0;0;0;0;0;0;0;0;0;0;0;0;0;0;9;0;0;0
M68YD:04273:07029_SUB_SUB;130;0;0;0;0;0;0;0;0;0;0;0;0;0;0;0;0;0;0;0;0;0;0;0;0;0;0;0;0;0;0;0;0;0;0;0;0;0;0;0;0;0;0;0;0;0;0;0;0;0;0;0;129;0;0;0;1;0;0;0;0;0;0;0;0;0;0;0;0;0;0;0;0;0;0;0;0;0;0;0;0;0;0;0;0;0;0;0;0;0
M68YD:04560:06774_SUB_SUB;111;0;0;0;0;0;0;0;0;0;0;0;0;0;0;0;0;0;0;0;0;0;0;0;0;0;0;0;0;0;0;0;0;0;0;0;0;0;0;0;0;0;0;0;0;0;0;0;0;0;0;0;110;0;0;0;1;0;0;0;0;0;0;0;0;0;0;0;0;0;0;0;0;0;0;0;0;0;0;0;0;0;0;0;0;0;0;0;0;0
M68YD:04645:06942_SUB_SUB;105;0;0;0;0;0;0;0;0;0;0;0;0;0;0;0;0;0;0;0;0;0;0;0;0;0;0;0;0;0;0;0;0;0;0;0;0;0;0;0;0;0;0;0;0;0;0;0;0;0;0;0;105;0;0;0;0;0;0;0;0;0;0;0;0;0;0;0;0;0;0;0;0;0;0;0;0;0;0;0;0;0;0;0;0;0;0;0;0;0
M68YD:01149:05954_SUB_SUB;148;0;0;0;0;0;0;0;0;0;0;0;0;0;0;0;0;0;0;0;0;0;0;0;0;0;0;0;0;0;0;0;0;0;0;0;0;0;0;0;0;0;0;0;0;0;0;0;0;0;0;0;96;0;46;5;1;0;0;0;0;0;0;0;0;0;0;0;0;0;0;0;0;0;0;0;0;0;0;0;0;0;0;0;0;0;0;0;0;0
M68YD:00981:01405_SUB_SUB;161;0;0;0;0;0;0;0;0;0;0;0;0;0;0;0;0;0;0;0;0;0;0;0;0;0;0;0;0;0;0;0;0;0;0;0;0;0;0;0;0;0;0;0;0;0;0;0;0;0;0;0;5;0;118;36;0;0;0;0;2;0;0;0;0;0;0;0;0;0;0;0;0;0;0;0;0;0;0;0;0;0;0;0;0;0;0;0;0;0
M68YD:03989:04806_SUB_SUB;135;0;0;0;0;0;0;0;0;0;0;0;0;0;0;0;0;0;0;0;0;0;0;0;0;0;0;0;0;0;0;0;0;0;0;0;0;0;0;0;0;0;0;0;0;0;0;0;0;0;0;0;1;54;0;0;0;0;0;0;0;0;0;0;0;0;0;0;0;0;0;0;0;0;0;0;0;0;0;0;0;0;0;0;0;0;0;80;0;0
M68YD:04292:06707_SUB_SUB;125;0;0;0;0;0;0;0;0;0;0;0;0;0;0;0;0;0;0;0;0;0;0;0;0;0;0;0;0;0;0;0;0;0;0;0;0;0;0;0;0;0;0;0;0;0;0;0;0;0;0;0;0;9;0;27;0;0;0;0;0;0;89;0;0;0;0;0;0;0;0;0;0;0;0;0;0;0;0;0;0;0;0;0;0;0;0;0;0;0
M68YD:04479:06960_SUB_SUB;164;0;0;0;0;0;0;0;0;0;0;0;0;0;0;0;0;0;0;0;0;0;0;0;0;0;0;0;0;0;0;0;0;0;0;0;0;0;0;0;0;0;0;0;0;0;0;0;0;0;0;0;0;10;154;0;0;0;0;0;0;0;0;0;0;0;0;0;0;0;0;0;0;0;0;0;0;0;0;0;0;0;0;0;0;0;0;0;0;0
M68YD:00687:06225_SUB_SUB;151;0;0;0;0;0;0;0;0;0;0;0;0;0;0;0;0;0;0;0;0;0;0;0;0;0;0;0;0;0;0;0;0;0;0;0;0;0;0;0;0;0;0;0;0;0;0;0;0;0;0;0;0;1;0;0;0;0;0;0;0;0;0;0;0;0;0;0;0;0;0;0;0;0;0;0;0;0;0;0;0;0;0;0;0;0;0;150;0;0
M68YD:00910:05903_SUB_SUB;384;0;0;0;0;0;0;0;0;0;0;0;0;0;0;0;0;0;0;0;0;0;0;0;0;0;0;0;0;0;0;0;0;0;0;0;0;0;0;0;0;0;0;0;0;0;0;0;0;0;0;0;0;2;0;148;8;0;0;0;0;0;0;0;0;0;0;0;0;0;0;0;0;0;0;0;0;21;0;0;0;0;0;0;0;0;205;0;0;0
M68YD:00568:02350_SUB_SUB;175;0;0;0;0;0;0;0;0;0;0;0;0;0;0;0;0;0;0;0;0;0;0;0;0;0;0;0;0;0;0;0;0;0;0;0;0;0;0;0;0;0;0;0;0;0;0;0;0;0;0;0;0;3;100;72;0;0;0;0;0;0;0;0;0;0;0;0;0;0;0;0;0;0;0;0;0;0;0;0;0;0;0;0;0;0;0;0;0;0
M68YD:03815:01688_SUB_SUB;405;0;0;0;0;0;0;0;0;0;0;0;0;0;0;0;0;0;0;0;0;0;0;0;0;0;0;0;0;0;0;0;0;0;0;0;0;0;0;0;0;0;0;0;0;0;0;0;0;0;0;0;0;4;0;0;2;0;0;0;0;0;0;0;0;0;0;0;0;0;0;0;0;0;0;0;0;0;0;0;0;0;0;0;0;0;399;0;0;0
M68YD:00832:03418_SUB_SUB;249;0;0;0;0;0;0;0;0;0;0;0;0;0;0;0;0;0;0;0;0;0;0;0;0;0;0;0;0;0;0;0;0;0;0;0;0;0;0;0;0;0;0;0;0;0;0;0;0;0;0;0;0;2;129;0;0;0;0;0;0;5;0;0;113;0;0;0;0;0;0;0;0;0;0;0;0;0;0;0;0;0;0;0;0;0;0;0;0;0
M68YD:04684:06975_SUB_SUB;199;0;0;0;0;0;0;0;0;0;0;0;0;0;0;0;0;0;0;0;0;0;0;0;0;0;0;0;0;0;0;0;0;0;0;0;0;0;0;0;0;0;0;0;0;0;0;0;0;0;0;0;0;6;176;16;1;0;0;0;0;0;0;0;0;0;0;0;0;0;0;0;0;0;0;0;0;0;0;0;0;0;0;0;0;0;0;0;0;0
M68YD:03992:06776_SUB_SUB;232;0;0;0;0;0;0;0;0;0;0;0;0;0;0;0;0;0;0;0;0;0;0;0;0;0;0;0;0;0;0;0;0;0;0;0;0;0;0;0;0;0;0;0;0;0;0;0;0;0;0;0;0;0;28;100;0;0;0;0;0;0;0;1;0;0;0;0;0;0;0;0;0;0;0;0;0;103;0;0;0;0;0;0;0;0;0;0;0;0
M68YD:03999:06751_SUB_SUB;360;0;0;0;0;0;0;0;0;0;0;0;0;0;0;0;0;0;0;0;0;0;0;0;0;0;0;0;0;0;0;0;0;0;0;0;0;0;0;0;0;0;0;0;0;0;0;0;0;0;0;0;0;0;360;0;0;0;0;0;0;0;0;0;0;0;0;0;0;0;0;0;0;0;0;0;0;0;0;0;0;0;0;0;0;0;0;0;0;0
M68YD:03988:06874_SUB_SUB;113;0;0;0;0;0;0;0;0;0;0;0;0;0;0;0;0;0;0;0;0;0;0;0;0;0;0;0;0;0;0;0;0;0;0;0;0;0;0;0;0;0;0;0;0;0;0;0;0;0;0;0;0;0;113;0;0;0;0;0;0;0;0;0;0;0;0;0;0;0;0;0;0;0;0;0;0;0;0;0;0;0;0;0;0;0;0;0;0;0
M68YD:04170:06457_SUB_SUB;205;0;0;0;0;0;0;0;0;0;0;0;0;0;0;0;0;0;0;0;0;0;0;0;0;0;0;0;0;0;0;0;0;0;0;0;0;0;0;0;0;0;0;0;0;0;0;0;0;0;0;0;0;0;205;0;0;0;0;0;0;0;0;0;0;0;0;0;0;0;0;0;0;0;0;0;0;0;0;0;0;0;0;0;0;0;0;0;0;0
M68YD:04270:06666_SUB_SUB;130;0;0;0;0;0;0;0;0;0;0;0;0;0;0;0;0;0;0;0;0;0;0;0;0;0;0;0;0;0;0;0;0;0;0;0;0;0;0;0;0;0;0;0;0;0;0;0;0;0;0;0;0;0;130;0;0;0;0;0;0;0;0;0;0;0;0;0;0;0;0;0;0;0;0;0;0;0;0;0;0;0;0;0;0;0;0;0;0;0
M68YD:04243:06772_SUB_SUB;195;0;0;0;0;0;0;0;0;0;0;0;0;0;0;0;0;0;0;0;0;0;0;0;0;0;0;0;0;0;0;0;0;0;0;0;0;0;0;0;0;0;0;0;0;0;0;0;0;0;0;0;0;0;195;0;0;0;0;0;0;0;0;0;0;0;0;0;0;0;0;0;0;0;0;0;0;0;0;0;0;0;0;0;0;0;0;0;0;0
M68YD:04247:07036_SUB_SUB;126;0;0;0;0;0;0;0;0;0;0;0;0;0;0;0;0;0;0;0;0;0;0;0;0;0;0;0;0;0;0;0;0;0;0;0;0;0;0;0;0;0;0;0;0;0;0;0;0;0;0;0;0;0;126;0;0;0;0;0;0;0;0;0;0;0;0;0;0;0;0;0;0;0;0;0;0;0;0;0;0;0;0;0;0;0;0;0;0;0
M68YD:04431:06736_SUB_SUB;111;0;0;0;0;0;0;0;0;0;0;0;0;0;0;0;0;0;0;0;0;0;0;0;0;0;0;0;0;0;0;0;0;0;0;0;0;0;0;0;0;0;0;0;0;0;0;0;0;0;0;0;0;0;111;0;0;0;0;0;0;0;0;0;0;0;0;0;0;0;0;0;0;0;0;0;0;0;0;0;0;0;0;0;0;0;0;0;0;0
M68YD:00067:02466_SUB_SUB;150;0;0;0;0;0;0;0;0;0;0;0;0;0;0;0;0;0;0;0;0;0;0;0;0;0;0;0;0;0;0;0;0;0;0;0;0;0;0;0;0;0;0;0;0;0;0;0;0;0;0;0;0;0;4;68;0;0;0;0;0;0;0;0;0;0;0;0;0;0;0;0;0;0;0;0;0;52;6;0;0;0;0;0;0;0;20;0;0;0
M68YD:00313:00921_SUB_SUB;132;0;0;0;0;0;0;0;0;0;0;0;0;0;0;0;0;0;0;0;0;0;0;0;0;0;0;0;0;0;0;0;0;0;0;0;0;0;0;0;0;0;0;0;0;0;0;0;0;0;0;0;0;0;132;0;0;0;0;0;0;0;0;0;0;0;0;0;0;0;0;0;0;0;0;0;0;0;0;0;0;0;0;0;0;0;0;0;0;0
M68YD:00470:00608_SUB_SUB;534;0;0;0;0;0;0;0;0;0;0;0;0;0;0;0;0;0;0;0;0;0;0;0;0;0;0;0;0;0;0;0;0;0;0;0;0;0;0;0;0;0;0;0;0;0;0;0;0;0;0;0;0;0;17;189;0;0;0;0;0;0;0;0;0;0;0;0;0;0;0;0;0;0;0;0;0;274;6;0;0;0;0;0;0;0;48;0;0;0
M68YD:04010:06568_SUB_SUB;111;0;0;0;0;0;0;0;0;0;0;0;0;0;0;0;0;0;0;0;0;0;0;0;0;0;0;0;0;0;0;0;0;0;0;0;0;0;0;0;0;0;0;0;0;0;0;0;0;0;0;0;0;0;0;111;0;0;0;0;0;0;0;0;0;0;0;0;0;0;0;0;0;0;0;0;0;0;0;0;0;0;0;0;0;0;0;0;0;0
M68YD:04103:06509_SUB_SUB;539;0;0;0;0;0;0;0;0;0;0;0;0;0;0;0;0;0;0;0;0;0;0;0;0;0;0;0;0;0;0;0;0;0;0;0;0;0;0;0;0;0;0;0;0;0;0;0;0;0;0;0;0;0;0;539;0;0;0;0;0;0;0;0;0;0;0;0;0;0;0;0;0;0;0;0;0;0;0;0;0;0;0;0;0;0;0;0;0;0
M68YD:04133:06965_SUB_SUB;163;0;0;0;0;0;0;0;0;0;0;0;0;0;0;0;0;0;0;0;0;0;0;0;0;0;0;0;0;0;0;0;0;0;0;0;0;0;0;0;0;0;0;0;0;0;0;0;0;0;0;0;0;0;0;163;0;0;0;0;0;0;0;0;0;0;0;0;0;0;0;0;0;0;0;0;0;0;0;0;0;0;0;0;0;0;0;0;0;0
M68YD:04183:06858_SUB_SUB;102;0;0;0;0;0;0;0;0;0;0;0;0;0;0;0;0;0;0;0;0;0;0;0;0;0;0;0;0;0;0;0;0;0;0;0;0;0;0;0;0;0;0;0;0;0;0;0;0;0;0;0;0;0;0;102;0;0;0;0;0;0;0;0;0;0;0;0;0;0;0;0;0;0;0;0;0;0;0;0;0;0;0;0;0;0;0;0;0;0
M68YD:04215:06598_SUB_SUB;186;0;0;0;0;0;0;0;0;0;0;0;0;0;0;0;0;0;0;0;0;0;0;0;0;0;0;0;0;0;0;0;0;0;0;0;0;0;0;0;0;0;0;0;0;0;0;0;0;0;0;0;0;0;0;164;0;0;0;0;0;0;0;1;0;0;0;0;0;0;0;0;0;0;0;0;0;21;0;0;0;0;0;0;0;0;0;0;0;0
M68YD:00856:05816_SUB_SUB;121;0;0;0;0;0;0;0;0;0;0;0;0;0;0;0;0;0;0;0;0;0;0;0;0;0;0;0;0;0;0;0;0;0;0;0;0;0;0;0;0;0;0;0;0;0;0;0;0;0;0;0;0;0;0;121;0;0;0;0;0;0;0;0;0;0;0;0;0;0;0;0;0;0;0;0;0;0;0;0;0;0;0;0;0;0;0;0;0;0
M68YD:00852:05927_SUB_SUB;283;0;0;0;0;0;0;0;0;0;0;0;0;0;0;0;0;0;0;0;0;0;0;0;0;0;0;0;0;0;0;0;0;0;0;0;0;0;0;0;0;0;0;0;0;0;0;0;0;0;0;0;0;0;0;113;0;0;0;0;0;0;0;0;0;0;0;0;0;0;0;0;0;0;0;0;0;0;0;0;0;0;0;0;0;0;170;0;0;0
M68YD:00431:02348_SUB_SUB;135;0;0;0;0;0;0;0;0;0;0;0;0;0;0;0;0;0;0;0;0;0;0;0;0;0;0;0;0;0;0;0;0;0;0;0;0;0;0;0;0;0;0;0;0;0;0;0;0;0;0;0;0;0;0;135;0;0;0;0;0;0;0;0;0;0;0;0;0;0;0;0;0;0;0;0;0;0;0;0;0;0;0;0;0;0;0;0;0;0
M68YD:00092:04612_SUB_SUB;135;0;0;0;0;0;0;0;0;0;0;0;0;0;0;0;0;0;0;0;0;0;0;0;0;0;0;0;0;0;0;0;0;0;0;0;0;0;0;0;0;0;0;0;0;0;0;0;0;0;0;0;0;0;0;135;0;0;0;0;0;0;0;0;0;0;0;0;0;0;0;0;0;0;0;0;0;0;0;0;0;0;0;0;0;0;0;0;0;0
M68YD:00091:04989_SUB_SUB;282;0;0;0;0;0;0;0;0;0;0;0;0;0;0;0;0;0;0;0;0;0;0;0;0;0;0;0;0;0;0;0;0;0;0;0;0;0;0;0;0;0;0;0;0;0;0;0;0;0;0;0;0;0;0;16;0;0;0;0;0;0;0;0;0;0;0;0;0;0;0;0;0;0;0;0;0;0;0;0;0;0;0;0;0;0;266;0;0;0
M68YD:00838:01691_SUB_SUB;164;0;0;0;0;0;0;0;0;0;0;0;0;0;0;0;0;0;0;0;0;0;0;0;0;0;0;0;0;0;0;0;0;0;0;0;0;0;0;0;0;0;0;0;0;0;0;0;0;0;0;0;0;0;0;14;0;0;0;0;0;0;0;0;0;0;0;0;0;0;0;0;0;0;0;0;0;150;0;0;0;0;0;0;0;0;0;0;0;0
M68YD:05039:02052_SUB_SUB;183;0;0;0;0;0;0;0;0;0;0;0;0;0;0;0;0;0;0;0;0;0;0;0;0;0;0;0;0;0;0;0;0;0;0;0;0;0;0;0;0;0;0;0;0;0;0;0;0;0;0;0;0;0;0;0;0;0;0;0;2;0;181;0;0;0;0;0;0;0;0;0;0;0;0;0;0;0;0;0;0;0;0;0;0;0;0;0;0;0
M68YD:04013:06921_SUB_SUB;124;0;0;0;0;0;0;0;0;0;0;0;0;0;0;0;0;0;0;0;0;0;0;0;0;0;0;0;0;0;0;0;0;0;0;0;0;0;0;0;0;0;0;0;0;0;0;0;0;0;0;0;0;0;0;0;0;0;0;0;0;0;124;0;0;0;0;0;0;0;0;0;0;0;0;0;0;0;0;0;0;0;0;0;0;0;0;0;0;0
M68YD:04057:06871_SUB_SUB;381;0;0;0;0;0;0;0;0;0;0;0;0;0;0;0;0;0;0;0;0;0;0;0;0;0;0;0;0;0;0;0;0;0;0;0;0;0;0;0;0;0;0;0;0;0;0;0;0;0;0;0;0;0;0;0;0;0;0;0;0;0;381;0;0;0;0;0;0;0;0;0;0;0;0;0;0;0;0;0;0;0;0;0;0;0;0;0;0;0
M68YD:04132:06821_SUB_SUB;142;0;0;0;0;0;0;0;0;0;0;0;0;0;0;0;0;0;0;0;0;0;0;0;0;0;0;0;0;0;0;0;0;0;0;0;0;0;0;0;0;0;0;0;0;0;0;0;0;0;0;0;0;0;0;0;0;0;0;0;0;0;142;0;0;0;0;0;0;0;0;0;0;0;0;0;0;0;0;0;0;0;0;0;0;0;0;0;0;0
M68YD:00706:06090_SUB_SUB;230;0;0;0;0;0;0;0;0;0;0;0;0;0;0;0;0;0;0;0;0;0;0;0;0;0;0;0;0;0;0;0;0;0;0;0;0;0;0;0;0;0;0;0;0;0;0;0;0;0;0;0;0;0;0;0;0;0;0;0;0;0;230;0;0;0;0;0;0;0;0;0;0;0;0;0;0;0;0;0;0;0;0;0;0;0;0;0;0;0
M68YD:00989:05938_SUB_SUB;149;0;0;0;0;0;0;0;0;0;0;0;0;0;0;0;0;0;0;0;0;0;0;0;0;0;0;0;0;0;0;0;0;0;0;0;0;0;0;0;0;0;0;0;0;0;0;0;0;0;0;0;0;0;0;0;0;0;0;0;0;0;149;0;0;0;0;0;0;0;0;0;0;0;0;0;0;0;0;0;0;0;0;0;0;0;0;0;0;0
M68YD:00589:06078_SUB_SUB;3516;0;0;0;0;0;0;0;0;0;0;0;0;0;0;0;0;0;0;0;0;0;0;0;0;0;0;0;0;0;0;0;0;0;0;0;0;0;0;0;0;0;0;0;0;0;0;0;0;0;0;0;0;0;0;0;0;0;0;0;0;0;0;1;0;0;0;0;0;0;0;0;0;0;0;0;0;0;0;0;0;0;0;0;0;0;3515;0;0;0
M68YD:01953:06912_SUB_SUB;453;0;0;0;0;0;0;0;0;0;0;0;0;0;0;0;0;0;0;0;0;0;0;0;0;0;0;0;0;0;0;0;0;0;0;0;0;0;0;0;0;0;0;0;0;0;0;0;0;0;0;0;0;0;0;0;0;0;0;0;0;0;0;1;0;0;0;0;0;0;0;0;0;0;0;0;0;0;0;0;0;0;0;0;0;0;452;0;0;0
M68YD:04080:06575_SUB_SUB;106;0;0;0;0;0;0;0;0;0;0;0;0;0;0;0;0;0;0;0;0;0;0;0;0;0;0;0;0;0;0;0;0;0;0;0;0;0;0;0;0;0;0;0;0;0;0;0;0;0;0;0;0;0;0;0;0;0;0;0;0;0;0;0;106;0;0;0;0;0;0;0;0;0;0;0;0;0;0;0;0;0;0;0;0;0;0;0;0;0
M68YD:04052:06797_SUB_SUB;130;0;0;0;0;0;0;0;0;0;0;0;0;0;0;0;0;0;0;0;0;0;0;0;0;0;0;0;0;0;0;0;0;0;0;0;0;0;0;0;0;0;0;0;0;0;0;0;0;0;0;0;0;0;0;0;0;0;0;0;0;0;0;0;130;0;0;0;0;0;0;0;0;0;0;0;0;0;0;0;0;0;0;0;0;0;0;0;0;0
M68YD:04135:06781_SUB_SUB;121;0;0;0;0;0;0;0;0;0;0;0;0;0;0;0;0;0;0;0;0;0;0;0;0;0;0;0;0;0;0;0;0;0;0;0;0;0;0;0;0;0;0;0;0;0;0;0;0;0;0;0;0;0;0;0;0;0;0;0;0;0;0;0;121;0;0;0;0;0;0;0;0;0;0;0;0;0;0;0;0;0;0;0;0;0;0;0;0;0
M68YD:04457:06673_SUB_SUB;103;0;0;0;0;0;0;0;0;0;0;0;0;0;0;0;0;0;0;0;0;0;0;0;0;0;0;0;0;0;0;0;0;0;0;0;0;0;0;0;0;0;0;0;0;0;0;0;0;0;0;0;0;0;0;0;0;0;0;0;0;0;0;0;103;0;0;0;0;0;0;0;0;0;0;0;0;0;0;0;0;0;0;0;0;0;0;0;0;0
M68YD:00672:05870_SUB_SUB;111;0;0;0;0;0;0;0;0;0;0;0;0;0;0;0;0;0;0;0;0;0;0;0;0;0;0;0;0;0;0;0;0;0;0;0;0;0;0;0;0;0;0;0;0;0;0;0;0;0;0;0;0;0;0;0;0;0;0;0;0;0;0;0;111;0;0;0;0;0;0;0;0;0;0;0;0;0;0;0;0;0;0;0;0;0;0;0;0;0
M68YD:02108:00551_SUB_SUB;2130;0;0;0;0;0;0;0;0;0;0;0;0;0;0;0;0;0;0;0;0;0;0;0;0;0;0;0;0;0;0;0;0;0;0;0;0;0;0;0;0;0;0;0;0;0;0;0;0;0;0;0;0;0;0;0;0;0;0;0;0;0;0;0;0;0;0;0;0;0;0;1;0;0;0;0;2123;6;0;0;0;0;0;0;0;0;0;0;0;0
M68YD:04019:06448_SUB_SUB;103;0;0;0;0;0;0;0;0;0;0;0;0;0;0;0;0;0;0;0;0;0;0;0;0;0;0;0;0;0;0;0;0;0;0;0;0;0;0;0;0;0;0;0;0;0;0;0;0;0;0;0;0;0;0;0;0;0;0;0;0;0;0;0;0;0;0;0;0;0;0;0;0;0;0;0;103;0;0;0;0;0;0;0;0;0;0;0;0;0
M68YD:04001:06866_SUB_SUB;285;0;0;0;0;0;0;0;0;0;0;0;0;0;0;0;0;0;0;0;0;0;0;0;0;0;0;0;0;0;0;0;0;0;0;0;0;0;0;0;0;0;0;0;0;0;0;0;0;0;0;0;0;0;0;0;0;0;0;0;0;0;0;0;0;0;0;0;0;0;0;0;0;0;0;0;285;0;0;0;0;0;0;0;0;0;0;0;0;0
M68YD:04029:06927_SUB_SUB;183;0;0;0;0;0;0;0;0;0;0;0;0;0;0;0;0;0;0;0;0;0;0;0;0;0;0;0;0;0;0;0;0;0;0;0;0;0;0;0;0;0;0;0;0;0;0;0;0;0;0;0;0;0;0;0;0;0;0;0;0;0;0;0;0;0;0;0;0;0;0;0;0;0;0;0;183;0;0;0;0;0;0;0;0;0;0;0;0;0
M68YD:04040:06639_SUB_SUB;132;0;0;0;0;0;0;0;0;0;0;0;0;0;0;0;0;0;0;0;0;0;0;0;0;0;0;0;0;0;0;0;0;0;0;0;0;0;0;0;0;0;0;0;0;0;0;0;0;0;0;0;0;0;0;0;0;0;0;0;0;0;0;0;0;0;0;0;0;0;0;0;0;0;0;0;132;0;0;0;0;0;0;0;0;0;0;0;0;0
M68YD:04034:06807_SUB_SUB;339;0;0;0;0;0;0;0;0;0;0;0;0;0;0;0;0;0;0;0;0;0;0;0;0;0;0;0;0;0;0;0;0;0;0;0;0;0;0;0;0;0;0;0;0;0;0;0;0;0;0;0;0;0;0;0;0;0;0;0;0;0;0;0;0;0;0;0;0;0;0;0;0;0;0;0;339;0;0;0;0;0;0;0;0;0;0;0;0;0
M68YD:04462:06627_SUB_SUB;383;0;0;0;0;0;0;0;0;0;0;0;0;0;0;0;0;0;0;0;0;0;0;0;0;0;0;0;0;0;0;0;0;0;0;0;0;0;0;0;0;0;0;0;0;0;0;0;0;0;0;0;0;0;0;0;0;0;0;0;0;0;0;0;0;0;0;0;0;0;0;0;0;0;0;0;381;2;0;0;0;0;0;0;0;0;0;0;0;0
M68YD:00810:05980_SUB_SUB;279;0;0;0;0;0;0;0;0;0;0;0;0;0;0;0;0;0;0;0;0;0;0;0;0;0;0;0;0;0;0;0;0;0;0;0;0;0;0;0;0;0;0;0;0;0;0;0;0;0;0;0;0;0;0;0;0;0;0;0;0;0;0;0;0;0;0;0;0;0;0;0;0;0;0;0;279;0;0;0;0;0;0;0;0;0;0;0;0;0
M68YD:03994:06433_SUB_SUB;442;0;0;0;0;0;0;0;0;0;0;0;0;0;0;0;0;0;0;0;0;0;0;0;0;0;0;0;0;0;0;0;0;0;0;0;0;0;0;0;0;0;0;0;0;0;0;0;0;0;0;0;0;0;0;0;0;0;0;0;0;0;0;0;0;0;0;0;0;0;0;0;0;0;0;0;0;442;0;0;0;0;0;0;0;0;0;0;0;0
M68YD:04083:07014_SUB_SUB;311;0;0;0;0;0;0;0;0;0;0;0;0;0;0;0;0;0;0;0;0;0;0;0;0;0;0;0;0;0;0;0;0;0;0;0;0;0;0;0;0;0;0;0;0;0;0;0;0;0;0;0;0;0;0;0;0;0;0;0;0;0;0;0;0;0;0;0;0;0;0;0;0;0;0;0;0;311;0;0;0;0;0;0;0;0;0;0;0;0
M68YD:04112:06532_SUB_SUB;104;0;0;0;0;0;0;0;0;0;0;0;0;0;0;0;0;0;0;0;0;0;0;0;0;0;0;0;0;0;0;0;0;0;0;0;0;0;0;0;0;0;0;0;0;0;0;0;0;0;0;0;0;0;0;0;0;0;0;0;0;0;0;0;0;0;0;0;0;0;0;0;0;0;0;0;0;104;0;0;0;0;0;0;0;0;0;0;0;0
M68YD:04103:06686_SUB_SUB;163;0;0;0;0;0;0;0;0;0;0;0;0;0;0;0;0;0;0;0;0;0;0;0;0;0;0;0;0;0;0;0;0;0;0;0;0;0;0;0;0;0;0;0;0;0;0;0;0;0;0;0;0;0;0;0;0;0;0;0;0;0;0;0;0;0;0;0;0;0;0;0;0;0;0;0;0;163;0;0;0;0;0;0;0;0;0;0;0;0
M68YD:04282:06813_SUB_SUB;146;0;0;0;0;0;0;0;0;0;0;0;0;0;0;0;0;0;0;0;0;0;0;0;0;0;0;0;0;0;0;0;0;0;0;0;0;0;0;0;0;0;0;0;0;0;0;0;0;0;0;0;0;0;0;0;0;0;0;0;0;0;0;0;0;0;0;0;0;0;0;0;0;0;0;0;0;146;0;0;0;0;0;0;0;0;0;0;0;0
M68YD:04595:06848_SUB_SUB;120;0;0;0;0;0;0;0;0;0;0;0;0;0;0;0;0;0;0;0;0;0;0;0;0;0;0;0;0;0;0;0;0;0;0;0;0;0;0;0;0;0;0;0;0;0;0;0;0;0;0;0;0;0;0;0;0;0;0;0;0;0;0;0;0;0;0;0;0;0;0;0;0;0;0;0;0;120;0;0;0;0;0;0;0;0;0;0;0;0
M68YD:04014:06490_SUB_SUB;499;0;0;0;0;0;0;0;0;0;0;0;0;0;0;0;0;0;0;0;0;0;0;0;0;0;0;0;0;0;0;0;0;0;0;0;0;0;0;0;0;0;0;0;0;0;0;0;0;0;0;0;0;0;0;0;0;0;0;0;0;0;0;0;0;0;0;0;0;0;0;0;0;0;0;0;0;0;499;0;0;0;0;0;0;0;0;0;0;0
M68YD:04135:06539_SUB_SUB;512;0;0;0;0;0;0;0;0;0;0;0;0;0;0;0;0;0;0;0;0;0;0;0;0;0;0;0;0;0;0;0;0;0;0;0;0;0;0;0;0;0;0;0;0;0;0;0;0;0;0;0;0;0;0;0;0;0;0;0;0;0;0;0;0;0;0;0;0;0;0;0;0;0;0;0;0;0;512;0;0;0;0;0;0;0;0;0;0;0
M68YD:04013:06530_SUB_SUB;130;0;0;0;0;0;0;0;0;0;0;0;0;0;0;0;0;0;0;0;0;0;0;0;0;0;0;0;0;0;0;0;0;0;0;0;0;0;0;0;0;0;0;0;0;0;0;0;0;0;0;0;0;0;0;0;0;0;0;0;0;0;0;0;0;0;0;0;0;0;0;0;0;0;0;0;0;0;0;0;0;0;0;0;0;0;130;0;0;0
M68YD:04009:06605_SUB_SUB;1069;0;0;0;0;0;0;0;0;0;0;0;0;0;0;0;0;0;0;0;0;0;0;0;0;0;0;0;0;0;0;0;0;0;0;0;0;0;0;0;0;0;0;0;0;0;0;0;0;0;0;0;0;0;0;0;0;0;0;0;0;0;0;0;0;0;0;0;0;0;0;0;0;0;0;0;0;0;0;0;0;0;0;0;0;0;1069;0;0;0
M68YD:03991:06915_SUB_SUB;175;0;0;0;0;0;0;0;0;0;0;0;0;0;0;0;0;0;0;0;0;0;0;0;0;0;0;0;0;0;0;0;0;0;0;0;0;0;0;0;0;0;0;0;0;0;0;0;0;0;0;0;0;0;0;0;0;0;0;0;0;0;0;0;0;0;0;0;0;0;0;0;0;0;0;0;0;0;0;0;0;0;0;0;0;0;175;0;0;0
M68YD:04110:06543_SUB_SUB;163;0;0;0;0;0;0;0;0;0;0;0;0;0;0;0;0;0;0;0;0;0;0;0;0;0;0;0;0;0;0;0;0;0;0;0;0;0;0;0;0;0;0;0;0;0;0;0;0;0;0;0;0;0;0;0;0;0;0;0;0;0;0;0;0;0;0;0;0;0;0;0;0;0;0;0;0;0;0;0;0;0;0;0;0;0;163;0;0;0
M68YD:04123:06508_SUB_SUB;402;0;0;0;0;0;0;0;0;0;0;0;0;0;0;0;0;0;0;0;0;0;0;0;0;0;0;0;0;0;0;0;0;0;0;0;0;0;0;0;0;0;0;0;0;0;0;0;0;0;0;0;0;0;0;0;0;0;0;0;0;0;0;0;0;0;0;0;0;0;0;0;0;0;0;0;0;0;0;0;0;0;0;0;0;0;402;0;0;0
M68YD:04102:06610_SUB_SUB;176;0;0;0;0;0;0;0;0;0;0;0;0;0;0;0;0;0;0;0;0;0;0;0;0;0;0;0;0;0;0;0;0;0;0;0;0;0;0;0;0;0;0;0;0;0;0;0;0;0;0;0;0;0;0;0;0;0;0;0;0;0;0;0;0;0;0;0;0;0;0;0;0;0;0;0;0;0;0;0;0;0;0;0;0;0;176;0;0;0
M68YD:04179:06448_SUB_SUB;121;0;0;0;0;0;0;0;0;0;0;0;0;0;0;0;0;0;0;0;0;0;0;0;0;0;0;0;0;0;0;0;0;0;0;0;0;0;0;0;0;0;0;0;0;0;0;0;0;0;0;0;0;0;0;0;0;0;0;0;0;0;0;0;0;0;0;0;0;0;0;0;0;0;0;0;0;0;0;0;0;0;0;0;0;0;121;0;0;0
M68YD:04157:06956_SUB_SUB;103;0;0;0;0;0;0;0;0;0;0;0;0;0;0;0;0;0;0;0;0;0;0;0;0;0;0;0;0;0;0;0;0;0;0;0;0;0;0;0;0;0;0;0;0;0;0;0;0;0;0;0;0;0;0;0;0;0;0;0;0;0;0;0;0;0;0;0;0;0;0;0;0;0;0;0;0;0;0;0;0;0;0;0;0;0;103;0;0;0
M68YD:04233:06749_SUB_SUB;174;0;0;0;0;0;0;0;0;0;0;0;0;0;0;0;0;0;0;0;0;0;0;0;0;0;0;0;0;0;0;0;0;0;0;0;0;0;0;0;0;0;0;0;0;0;0;0;0;0;0;0;0;0;0;0;0;0;0;0;0;0;0;0;0;0;0;0;0;0;0;0;0;0;0;0;0;0;0;0;0;0;0;0;0;0;174;0;0;0
M68YD:04187:07033_SUB_SUB;697;0;0;0;0;0;0;0;0;0;0;0;0;0;0;0;0;0;0;0;0;0;0;0;0;0;0;0;0;0;0;0;0;0;0;0;0;0;0;0;0;0;0;0;0;0;0;0;0;0;0;0;0;0;0;0;0;0;0;0;0;0;0;0;0;0;0;0;0;0;0;0;0;0;0;0;0;0;0;0;0;0;0;0;0;0;697;0;0;0
M68YD:04253:06449_SUB_SUB;112;0;0;0;0;0;0;0;0;0;0;0;0;0;0;0;0;0;0;0;0;0;0;0;0;0;0;0;0;0;0;0;0;0;0;0;0;0;0;0;0;0;0;0;0;0;0;0;0;0;0;0;0;0;0;0;0;0;0;0;0;0;0;0;0;0;0;0;0;0;0;0;0;0;0;0;0;0;0;0;0;0;0;0;0;0;112;0;0;0
M68YD:04254:06599_SUB_SUB;180;0;0;0;0;0;0;0;0;0;0;0;0;0;0;0;0;0;0;0;0;0;0;0;0;0;0;0;0;0;0;0;0;0;0;0;0;0;0;0;0;0;0;0;0;0;0;0;0;0;0;0;0;0;0;0;0;0;0;0;0;0;0;0;0;0;0;0;0;0;0;0;0;0;0;0;0;0;0;0;0;0;0;0;0;0;180;0;0;0
M68YD:04239:06639_SUB_SUB;114;0;0;0;0;0;0;0;0;0;0;0;0;0;0;0;0;0;0;0;0;0;0;0;0;0;0;0;0;0;0;0;0;0;0;0;0;0;0;0;0;0;0;0;0;0;0;0;0;0;0;0;0;0;0;0;0;0;0;0;0;0;0;0;0;0;0;0;0;0;0;0;0;0;0;0;0;0;0;0;0;0;0;0;0;0;114;0;0;0
M68YD:04249:06699_SUB_SUB;403;0;0;0;0;0;0;0;0;0;0;0;0;0;0;0;0;0;0;0;0;0;0;0;0;0;0;0;0;0;0;0;0;0;0;0;0;0;0;0;0;0;0;0;0;0;0;0;0;0;0;0;0;0;0;0;0;0;0;0;0;0;0;0;0;0;0;0;0;0;0;0;0;0;0;0;0;0;0;0;0;0;0;0;0;0;403;0;0;0
M68YD:04236:06760_SUB_SUB;138;0;0;0;0;0;0;0;0;0;0;0;0;0;0;0;0;0;0;0;0;0;0;0;0;0;0;0;0;0;0;0;0;0;0;0;0;0;0;0;0;0;0;0;0;0;0;0;0;0;0;0;0;0;0;0;0;0;0;0;0;0;0;0;0;0;0;0;0;0;0;0;0;0;0;0;0;0;0;0;0;0;0;0;0;0;138;0;0;0
M68YD:04272:06970_SUB_SUB;102;0;0;0;0;0;0;0;0;0;0;0;0;0;0;0;0;0;0;0;0;0;0;0;0;0;0;0;0;0;0;0;0;0;0;0;0;0;0;0;0;0;0;0;0;0;0;0;0;0;0;0;0;0;0;0;0;0;0;0;0;0;0;0;0;0;0;0;0;0;0;0;0;0;0;0;0;0;0;0;0;0;0;0;0;0;102;0;0;0
M68YD:04315:06760_SUB_SUB;176;0;0;0;0;0;0;0;0;0;0;0;0;0;0;0;0;0;0;0;0;0;0;0;0;0;0;0;0;0;0;0;0;0;0;0;0;0;0;0;0;0;0;0;0;0;0;0;0;0;0;0;0;0;0;0;0;0;0;0;0;0;0;0;0;0;0;0;0;0;0;0;0;0;0;0;0;0;0;0;0;0;0;0;0;0;176;0;0;0
M68YD:04329:06927_SUB_SUB;201;0;0;0;0;0;0;0;0;0;0;0;0;0;0;0;0;0;0;0;0;0;0;0;0;0;0;0;0;0;0;0;0;0;0;0;0;0;0;0;0;0;0;0;0;0;0;0;0;0;0;0;0;0;0;0;0;0;0;0;0;0;0;0;0;0;0;0;0;0;0;0;0;0;0;0;0;0;0;0;0;0;0;0;0;0;201;0;0;0
M68YD:04423:06528_SUB_SUB;188;0;0;0;0;0;0;0;0;0;0;0;0;0;0;0;0;0;0;0;0;0;0;0;0;0;0;0;0;0;0;0;0;0;0;0;0;0;0;0;0;0;0;0;0;0;0;0;0;0;0;0;0;0;0;0;0;0;0;0;0;0;0;0;0;0;0;0;0;0;0;0;0;0;0;0;0;0;0;0;0;0;0;0;0;0;188;0;0;0
M68YD:04428:06886_SUB_SUB;106;0;0;0;0;0;0;0;0;0;0;0;0;0;0;0;0;0;0;0;0;0;0;0;0;0;0;0;0;0;0;0;0;0;0;0;0;0;0;0;0;0;0;0;0;0;0;0;0;0;0;0;0;0;0;0;0;0;0;0;0;0;0;0;0;0;0;0;0;0;0;0;0;0;0;0;0;0;0;0;0;0;0;0;0;0;106;0;0;0
M68YD:04442:06544_SUB_SUB;560;0;0;0;0;0;0;0;0;0;0;0;0;0;0;0;0;0;0;0;0;0;0;0;0;0;0;0;0;0;0;0;0;0;0;0;0;0;0;0;0;0;0;0;0;0;0;0;0;0;0;0;0;0;0;0;0;0;0;0;0;0;0;0;0;0;0;0;0;0;0;0;0;0;0;0;0;0;0;0;0;0;0;0;0;0;560;0;0;0
M68YD:04453:06700_SUB_SUB;195;0;0;0;0;0;0;0;0;0;0;0;0;0;0;0;0;0;0;0;0;0;0;0;0;0;0;0;0;0;0;0;0;0;0;0;0;0;0;0;0;0;0;0;0;0;0;0;0;0;0;0;0;0;0;0;0;0;0;0;0;0;0;0;0;0;0;0;0;0;0;0;0;0;0;0;0;0;0;0;0;0;0;0;0;0;195;0;0;0
M68YD:00839:06075_SUB_SUB;104;0;0;0;0;0;0;0;0;0;0;0;0;0;0;0;0;0;0;0;0;0;0;0;0;0;0;0;0;0;0;0;0;0;0;0;0;0;0;0;0;0;0;0;0;0;0;0;0;0;0;0;0;0;0;0;0;0;0;0;0;0;0;0;0;0;0;0;0;0;0;0;0;0;0;0;0;0;0;0;0;0;0;0;0;0;104;0;0;0
M68YD:00967:06328_SUB_SUB;176;0;0;0;0;0;0;0;0;0;0;0;0;0;0;0;0;0;0;0;0;0;0;0;0;0;0;0;0;0;0;0;0;0;0;0;0;0;0;0;0;0;0;0;0;0;0;0;0;0;0;0;0;0;0;0;0;0;0;0;0;0;0;0;0;0;0;0;0;0;0;0;0;0;0;0;0;0;0;0;0;0;0;0;0;0;0;176;0;0